family,config,TF,n,zk,tp_ATR,sl_ATR,trial_set,comm_usd_lot_side,risk_pct,signals,trades,win_pct,mean_R,pf,total_pct,monthly_geo_pct,max_dd_pct,worst_month_pct,pos_months_pct,n_months,tp_share,sl_share,mean_R_h1,mean_R_h2,N,pq,rmult
MR,MR TF5 EMA20 z2.0 TP1.0ATR,5,20.0,2.0,1.0,1.5,existing48,0.0,0.25,76643,33397,61.855855316345774,-0.04334376949551435,0.8176793727806164,-97.48266599846424,-4.2886192580161575,97.56929551436195,-16.46348048999031,15.476190476190476,84,60.29882923615894,35.6798514836662,-0.06001586177229267,-0.033344187803737116,,,
MR,MR TF5 EMA20 z2.0 TP1.0ATR,5,20.0,2.0,1.0,1.5,existing48,0.0,0.5,76643,14685,60.89887640449439,-0.07519183967917438,0.7813304365337491,-99.65933875336947,-11.163782872723527,99.65933875336947,-39.8097115697283,8.333333333333332,48,59.08750425604358,36.36363636363637,-0.06127966582614134,-0.15568829476874307,,,
MR,MR TF5 EMA20 z2.0 TP1.0ATR,5,20.0,2.0,1.0,1.5,existing48,0.0,1.0,76643,8593,60.572559059699756,-0.06301515450561311,0.7088417251275938,-99.66593564065298,-13.601049866507308,99.66593564065298,-53.648574206506396,12.82051282051282,39,58.69894099848714,35.91295240311882,-0.06142675383778856,-0.16178798132761488,,,
MR,MR TF5 EMA20 z2.0 TP1.0ATR,5,20.0,2.0,1.0,1.5,existing48,0.0,2.0,76643,3998,60.15507753876938,-0.06495526108576079,0.6359926603034891,-99.66587947241156,-23.776194620257087,99.66587947241156,-70.15033808508183,9.523809523809524,21,58.229114557278635,35.91795897948975,-0.06330991175337851,-0.5331746711008337,,,
MR,MR TF5 EMA20 z2.0 TP1.0ATR,5,20.0,2.0,1.0,1.5,existing48,1.5,0.25,76643,20683,61.0404680172122,-0.10646754870869311,0.7430736782819948,-99.66309096600516,-8.511315023305654,99.66309096600516,-37.302017593783965,7.8125,64,59.541652564908375,36.135957066189626,-0.0763956058398773,-0.15259972178642442,,,
MR,MR TF5 EMA20 z2.0 TP1.0ATR,5,20.0,2.0,1.0,1.5,existing48,1.5,0.5,76643,10979,60.3424719919847,-0.10078289945810423,0.694811106010367,-99.66428693825469,-12.143882857702815,99.66428693825469,-52.356185284755675,4.545454545454546,44,58.65743692503871,36.387649148374166,-0.09562512696639089,-0.6401172826060133,,,
MR,MR TF5 EMA20 z2.0 TP1.0ATR,5,20.0,2.0,1.0,1.5,existing48,1.5,1.0,76643,6389,60.385036781969006,-0.0836618888540586,0.599267813019291,-99.66205743475346,-17.815922228627755,99.66205743475346,-59.12186284466967,10.344827586206897,29,58.741587102832995,35.78024730004696,-0.08152186426600157,-4.6390608952981465,,,
MR,MR TF5 EMA20 z2.0 TP1.0ATR,5,20.0,2.0,1.0,1.5,existing48,1.5,2.0,76643,3218,60.0994406463642,-0.08230377418040333,0.5273918602903441,-99.66441508969255,-23.76031946391818,99.66441508969255,-76.65040174185734,4.761904761904762,21,58.04847731510255,35.208203853325045,-0.07986656042735703,-0.6400775502347129,,,
MR,MR TF5 EMA20 z2.0 TP1.0ATR,5,20.0,2.0,1.0,1.5,existing48,3.5,0.25,76643,14666,60.582299195417974,-0.15329265005206608,0.6596288917400506,-99.66392049918281,-11.188840091217301,99.66392049918281,-56.19104156321995,4.166666666666666,48,59.10950497749897,36.335742533751535,-0.10733334773765377,-0.42157070332887575,,,
MR,MR TF5 EMA20 z2.0 TP1.0ATR,5,20.0,2.0,1.0,1.5,existing48,3.5,0.5,76643,8567,60.03268355316914,-0.1303197186704053,0.5845834380027654,-99.66381766214593,-14.26647651266667,99.66381766214593,-62.75701991599058,2.7027027027027026,37,58.515232870316325,36.05696276409478,-0.1270352096843814,-0.4112613559800086,,,
MR,MR TF5 EMA20 z2.0 TP1.0ATR,5,20.0,2.0,1.0,1.5,existing48,3.5,1.0,76643,4171,59.91368976264685,-0.12993204397721414,0.45934247457681454,-99.6561729133396,-22.7291911196734,99.6561729133396,-66.80950046891637,4.545454545454546,22,58.4991608726924,35.698873171901226,-0.1313287594784289,-0.08581547545056417,,,
MR,MR TF5 EMA20 z2.0 TP1.0ATR,5,20.0,2.0,1.0,1.5,existing48,3.5,2.0,76643,1932,59.26501035196687,-0.14248609219148542,0.40117165298176305,-99.66686526225479,-27.160362898722788,99.66686526225479,-83.17149535553115,0.0,18,57.86749482401656,34.679089026915115,-0.1394076524330121,-0.6350364535472122,,,
MR,MR TF5 EMA20 z2.0 TP2.0ATR,5,20.0,2.0,2.0,1.5,existing48,0.0,0.25,76643,28705,46.3055216861174,-0.04924721876301456,0.8137227273297604,-97.3438519039429,-4.22743947579669,97.60121002116541,-17.83855290007579,19.047619047619047,84,34.29367705974569,46.946524995645355,-0.08080764268767131,-0.029914885609008762,,,
MR,MR TF5 EMA20 z2.0 TP2.0ATR,5,20.0,2.0,2.0,1.5,existing48,0.0,0.5,76643,10163,44.55377349207911,-0.10642476844964542,0.7633245531115062,-99.667905557563,-11.668748682829888,99.66905169021479,-45.36354601393132,6.521739130434782,46,30.807832332972545,47.24982780674998,-0.10227144787385872,-1.184584191764115,,,
MR,MR TF5 EMA20 z2.0 TP2.0ATR,5,20.0,2.0,2.0,1.5,existing48,0.0,1.0,76643,5825,44.48068669527897,-0.08976408580842934,0.7013773322818738,-99.65594228291663,-17.227187887632734,99.65823737344247,-55.17382252421046,10.0,30,31.313304721030043,46.93562231759657,-0.09766505104838213,0.0010970144510277372,,,
MR,MR TF5 EMA20 z2.0 TP2.0ATR,5,20.0,2.0,2.0,1.5,existing48,0.0,2.0,76643,3089,44.512787309809,-0.08312501246609529,0.6597934194194633,-99.66227584223147,-24.76358274135999,99.6658221423053,-72.4754219953846,5.0,20,30.46293298802201,45.613467141469734,-0.08160537838482886,-2.428680216900851,,,
MR,MR TF5 EMA20 z2.0 TP2.0ATR,5,20.0,2.0,2.0,1.5,existing48,1.5,0.25,76643,16270,44.93546404425322,-0.1363303749070574,0.7467467536375032,-99.66222101100455,-9.345322389976774,99.66254752484653,-42.280964718575994,5.172413793103448,58,32.13275968039336,47.26490473263675,-0.09938141293564733,-0.21141264873043708,,,
MR,MR TF5 EMA20 z2.0 TP2.0ATR,5,20.0,2.0,2.0,1.5,existing48,1.5,0.5,76643,7775,44.02572347266881,-0.14230584542078817,0.6997037652890477,-99.66093769311122,-13.899166514610384,99.6615594472717,-50.452772111872356,7.894736842105263,38,29.813504823151128,46.765273311897104,-0.13722545647040438,-8.037230274317205,,,
MR,MR TF5 EMA20 z2.0 TP2.0ATR,5,20.0,2.0,2.0,1.5,existing48,1.5,1.0,76643,4206,43.9847836424156,-0.12167311393931975,0.6260011161947918,-99.54305921904611,-20.885738383164664,99.65370314903603,-60.94346736181511,13.043478260869565,23,31.336186400380413,47.028055159296244,-0.13063945833134874,0.13873514533203693,,,
MR,MR TF5 EMA20 z2.0 TP2.0ATR,5,20.0,2.0,2.0,1.5,existing48,1.5,2.0,76643,2052,43.95711500974659,-0.13120755500744213,0.5805351398756581,-99.65970645088889,-29.896313383312133,99.66166851044471,-77.79585903467957,6.25,16,27.87524366471735,43.71345029239766,-0.1286311314746346,-0.8838912870919274,,,
MR,MR TF5 EMA20 z2.0 TP2.0ATR,5,20.0,2.0,2.0,1.5,existing48,3.5,0.25,76643,12447,44.38017192897887,-0.17899679710953256,0.6884155402234033,-99.6639340519178,-11.188914705127884,99.6639340519178,-48.89212631192383,2.083333333333333,48,31.48549851369808,47.200128545030935,-0.13521768272374493,-0.4883729884657403,,,
MR,MR TF5 EMA20 z2.0 TP2.0ATR,5,20.0,2.0,2.0,1.5,existing48,3.5,0.5,76643,6424,43.7733499377335,-0.17240471150265876,0.6220837473205955,-99.66075908028098,-15.400481904072883,99.66075908028098,-64.44523663573668,2.941176470588235,34,30.074719800747197,46.4508094645081,-0.16970283642486692,-0.3260708138999545,,,
MR,MR TF5 EMA20 z2.0 TP2.0ATR,5,20.0,2.0,2.0,1.5,existing48,3.5,1.0,76643,3352,43.4964200477327,-0.15681887083643578,0.54117926949304,-99.66140466992334,-24.75389085131824,99.66140466992334,-75.09804840533879,5.0,20,30.608591885441527,46.211217183770884,-0.15272246544903506,-2.898952637162476,,,
MR,MR TF5 EMA20 z2.0 TP2.0ATR,5,20.0,2.0,2.0,1.5,existing48,3.5,2.0,76643,1696,43.3372641509434,-0.15520876405453757,0.5024877827756496,-99.66034744796687,-29.90457389542822,99.66034744796687,-83.30254024586021,0.0,16,30.18867924528302,44.45754716981132,-0.15265187507223604,-1.0199486178689021,,,
MR,MR TF5 EMA20 z2.5 TP1.0ATR,5,20.0,2.5,1.0,1.5,existing48,0.0,0.25,38246,18703,61.417954338876115,-0.047878048398978024,0.8169668096105811,-89.6155113566378,-2.660233751120622,90.11922949815072,-11.041572436262026,23.809523809523807,84,60.04918996952361,36.52889910709512,-0.06939011087857992,-0.03570738969348203,,,
MR,MR TF5 EMA20 z2.5 TP1.0ATR,5,20.0,2.5,1.0,1.5,existing48,0.0,0.5,38246,15905,60.987110971392646,-0.06861614143994486,0.7938856803379418,-99.65985297797776,-7.392929898116729,99.66275786791638,-49.649236202642165,17.56756756756757,74,59.547312165985545,36.90663313423452,-0.06846407615935317,-0.06872849053431886,,,
MR,MR TF5 EMA20 z2.5 TP1.0ATR,5,20.0,2.5,1.0,1.5,existing48,0.0,1.0,38246,6938,60.2334966849236,-0.07818489263875494,0.7624104429835287,-99.66789050418535,-11.668661642751898,99.67353838627966,-41.9786682626918,15.217391304347828,46,58.60478524070337,37.25857595848947,-0.07355502214990678,-0.2520108079922872,,,
MR,MR TF5 EMA20 z2.5 TP1.0ATR,5,20.0,2.5,1.0,1.5,existing48,0.0,2.0,38246,4334,60.175357637286574,-0.0612518451590491,0.718692316550995,-99.66185829242758,-14.253009786826777,99.66976002828522,-55.198151921154036,18.91891891891892,37,58.44485463774804,36.75588371019843,-0.05930351846718562,-0.2758175667373488,,,
MR,MR TF5 EMA20 z2.5 TP1.0ATR,5,20.0,2.5,1.0,1.5,existing48,1.5,0.25,38246,18703,61.2308185852537,-0.08659622210820676,0.7427837174437648,-98.33747114717877,-4.760154799430804,98.40119159858158,-16.809146467699886,11.904761904761903,84,60.04918996952361,36.52889910709512,-0.08951725476402077,-0.08494361945538205,,,
MR,MR TF5 EMA20 z2.5 TP1.0ATR,5,20.0,2.5,1.0,1.5,existing48,1.5,0.5,38246,10178,60.28689329927294,-0.107876834482643,0.7305460814101885,-99.65818395048954,-9.643254601758455,99.66031400674153,-40.17292046166416,10.714285714285714,56,58.852426802908234,37.28630379249361,-0.08606945795252426,-0.15096872062022842,,,
MR,MR TF5 EMA20 z2.5 TP1.0ATR,5,20.0,2.5,1.0,1.5,existing48,1.5,1.0,38246,5610,60.0891265597148,-0.09805331240729155,0.6815236603084716,-99.6553326800256,-12.916357152049063,99.65959296619452,-43.21890030113256,12.195121951219512,41,58.520499108734406,37.040998217468804,-0.09561834035558961,-0.33527085281256913,,,
MR,MR TF5 EMA20 z2.5 TP1.0ATR,5,20.0,2.5,1.0,1.5,existing48,1.5,2.0,38246,3633,60.58353977429122,-0.07263071947625403,0.6173824452173626,-99.66216817877901,-16.769852737905012,99.66782700663114,-61.22289217301113,22.58064516129032,31,59.04211395540875,36.19598128268648,-0.0711256175992011,-0.20782649558253335,,,
MR,MR TF5 EMA20 z2.5 TP1.0ATR,5,20.0,2.5,1.0,1.5,existing48,3.5,0.25,38246,13595,60.13975726369989,-0.16570569004053856,0.6646515807596287,-99.66277629243226,-8.144904040199108,99.6632911890497,-44.92322254417118,2.9850746268656714,67,59.374770136079434,36.947407134976096,-0.11300259141765015,-0.21779981619140587,,,
MR,MR TF5 EMA20 z2.5 TP1.0ATR,5,20.0,2.5,1.0,1.5,existing48,3.5,0.5,38246,7630,59.94757536041939,-0.14674603561038016,0.6472710162499893,-99.66241660424761,-11.180578720918366,99.66346171289648,-40.47501061656038,4.166666666666666,48,58.61074705111402,37.3394495412844,-0.11494975001188729,-0.3931672489986998,,,
MR,MR TF5 EMA20 z2.5 TP1.0ATR,5,20.0,2.5,1.0,1.5,existing48,3.5,1.0,38246,4653,60.11175585643671,-0.11889596246131119,0.5664550249513527,-99.66353405138308,-13.916581899184234,99.66558746828717,-49.33027353424071,5.263157894736842,38,58.65033311841823,36.64302600472813,-0.116263921159641,-0.28635959028007624,,,
MR,MR TF5 EMA20 z2.5 TP1.0ATR,5,20.0,2.5,1.0,1.5,existing48,3.5,2.0,38246,2339,60.15391192817443,-0.11537103558493003,0.4862544190040185,-99.66311108544566,-24.77289724350118,99.66580172240289,-67.9785626933078,5.0,20,58.956819153484396,36.63958956819153,-0.112965389239036,-0.4091131157151499,,,
MR,MR TF5 EMA20 z2.5 TP2.0ATR,5,20.0,2.5,2.0,1.5,existing48,0.0,0.25,38246,16719,45.7922124528979,-0.05508547732558654,0.8251185638213282,-90.39917034115763,-2.751115561470474,90.83495856413523,-11.41389814176621,21.428571428571427,84,34.56546444165321,48.28039954542736,-0.09575270331881203,-0.03169435101235479,,,
MR,MR TF5 EMA20 z2.5 TP2.0ATR,5,20.0,2.5,2.0,1.5,existing48,0.0,0.5,38246,10164,44.578905942542306,-0.10786170704194967,0.7887945245836316,-99.65495877123458,-8.875065454907993,99.66120995701037,-30.361237920357663,6.557377049180328,61,32.25108225108225,48.93742621015348,-0.09219823800122956,-0.13142058324140668,,,
MR,MR TF5 EMA20 z2.5 TP2.0ATR,5,20.0,2.5,2.0,1.5,existing48,0.0,1.0,38246,5191,44.249662878058174,-0.10338982621196213,0.760358604834197,-99.6563428562257,-12.09717157744854,99.66875598579409,-40.814710113999666,4.545454545454546,44,30.95742631477557,48.275862068965516,-0.10202411962180787,-0.1743647615553872,,,
MR,MR TF5 EMA20 z2.5 TP2.0ATR,5,20.0,2.5,2.0,1.5,existing48,0.0,2.0,38246,3334,44.72105578884223,-0.07662366541322761,0.7166994999872974,-99.6628367843341,-16.77517142732884,99.68007047184946,-57.151714198873236,9.67741935483871,31,31.46370725854829,47.36052789442112,-0.07440349078752509,-0.35909819086799516,,,
MR,MR TF5 EMA20 z2.5 TP2.0ATR,5,20.0,2.5,2.0,1.5,existing48,1.5,0.25,38246,16719,45.38548956277289,-0.09256063051066969,0.7635094010054234,-98.03723488980658,-4.571740270026748,98.18126122468554,-17.368111152786227,8.333333333333332,84,34.56546444165321,48.28039954542736,-0.11619652310136253,-0.07896564989392016,,,
MR,MR TF5 EMA20 z2.5 TP2.0ATR,5,20.0,2.5,2.0,1.5,existing48,1.5,0.5,38246,7884,44.19076610857432,-0.14042937542511552,0.7442419781181849,-99.6625311197461,-10.367391958966731,99.66795948537123,-44.91789270395113,3.8461538461538463,52,31.633688483003553,48.756976154236426,-0.11238070645752257,-0.2366840825904641,,,
MR,MR TF5 EMA20 z2.5 TP2.0ATR,5,20.0,2.5,2.0,1.5,existing48,1.5,1.0,38246,4539,43.97444371006829,-0.11980089199758139,0.702456812406328,-99.662636923323,-12.961841020064224,99.67345712353087,-49.67098453734198,4.878048780487805,41,30.821766909010794,47.98413747521481,-0.11867140311606643,-0.1603522976948989,,,
MR,MR TF5 EMA20 z2.5 TP2.0ATR,5,20.0,2.5,2.0,1.5,existing48,1.5,2.0,38246,2576,44.21583850931677,-0.10174165259876126,0.6430811681524529,-99.65567925363268,-21.85315607501841,99.67129896398367,-62.418356459886695,8.695652173913043,23,33.035714285714285,48.17546583850932,-0.10080132699580101,-0.22191526465708492,,,
MR,MR TF5 EMA20 z2.5 TP2.0ATR,5,20.0,2.5,2.0,1.5,existing48,3.5,0.25,38246,13151,44.71142878868527,-0.16491101210321557,0.7077547446383068,-99.65606937083629,-7.8921427863024025,99.65837555834267,-47.715612163412445,5.797101449275362,69,33.951790738346894,48.29290548247281,-0.13661040962582632,-0.18943204220887291,,,
MR,MR TF5 EMA20 z2.5 TP2.0ATR,5,20.0,2.5,2.0,1.5,existing48,3.5,0.5,38246,6241,43.90322063771831,-0.1755601425472956,0.6839533555849907,-99.66246948700098,-11.880175588580178,99.66698007662855,-51.31487313748862,4.444444444444445,45,31.212946643166163,48.66207338567538,-0.16672311621961453,-0.5722516552715097,,,
MR,MR TF5 EMA20 z2.5 TP2.0ATR,5,20.0,2.5,2.0,1.5,existing48,3.5,1.0,38246,3578,43.87926215762996,-0.15347956184027475,0.623191662123176,-99.66260486128168,-15.008519415929545,99.67158596443988,-49.278272121183775,5.714285714285714,35,30.184460592509783,47.51257685858021,-0.1488420889834226,-1.425217310661651,,,
MR,MR TF5 EMA20 z2.5 TP2.0ATR,5,20.0,2.5,2.0,1.5,existing48,3.5,2.0,38246,1767,42.840973401245044,-0.15255833110565784,0.5561361585508628,-99.66306186383403,-25.890981495440524,99.67577361835957,-70.08283231246082,10.526315789473683,19,31.861912846632713,48.38709677419355,-0.15122034331516473,-0.22075635583873285,,,
MR,MR TF5 EMA60 z2.0 TP1.0ATR,5,60.0,2.0,1.0,1.5,existing48,0.0,0.25,254622,29842,60.62596340727833,-0.07444311301291925,0.8079411467380568,-99.66238548684746,-10.965235474315527,99.66238548684746,-54.74941525861783,12.244897959183673,49,58.327189866630924,34.665907110783465,-0.05462074223583645,-0.2869613505350138,,,
MR,MR TF5 EMA60 z2.0 TP1.0ATR,5,60.0,2.0,1.0,1.5,existing48,0.0,0.5,254622,18486,60.61343719571568,-0.058783268698300396,0.7647885914860975,-99.66412225185763,-14.634416733328404,99.66412225185763,-65.66187643031809,19.444444444444446,36,57.89245915828194,33.77691225792492,-0.05706527236513624,-0.524107628466205,,,
MR,MR TF5 EMA60 z2.0 TP1.0ATR,5,60.0,2.0,1.0,1.5,existing48,0.0,1.0,254622,7859,60.41481104466217,-0.06742183498170623,0.6574212578629389,-99.66037613599578,-24.742478743712148,99.66037613599578,-72.41299322932645,15.0,20,57.80633668405649,33.29940195953684,-0.06583339667584723,-2.562540725825028,,,
MR,MR TF5 EMA60 z2.0 TP1.0ATR,5,60.0,2.0,1.0,1.5,existing48,0.0,2.0,254622,4398,61.11869031377899,-0.061047406106889364,0.613291715048075,-99.66232527216464,-28.4486944815867,99.66232527216464,-86.46874486784353,17.647058823529413,17,58.52660300136425,31.855388813096862,-0.05972509256029104,-1.9982367518734225,,,
MR,MR TF5 EMA60 z2.0 TP1.0ATR,5,60.0,2.0,1.0,1.5,existing48,1.5,0.25,254622,21582,60.42535446205171,-0.10293163506268488,0.7215388504451602,-99.65775059173272,-12.368724566998967,99.65775059173272,-67.61381681816472,9.30232558139535,43,58.01130571772774,34.12102678157724,-0.09936431455825434,-1.5520041471359958,,,
MR,MR TF5 EMA60 z2.0 TP1.0ATR,5,60.0,2.0,1.0,1.5,existing48,1.5,0.5,254622,10490,59.9904671115348,-0.10584274671362348,0.6349091198458444,-99.66324914621619,-23.747726749580323,99.66324914621619,-80.91379622658417,9.523809523809524,21,57.8932316491897,34.44232602478551,-0.10382583260335361,-1.2792385557550778,,,
MR,MR TF5 EMA60 z2.0 TP1.0ATR,5,60.0,2.0,1.0,1.5,existing48,1.5,1.0,254622,5080,60.70866141732284,-0.10484569055769273,0.5283651152460963,-99.66319931390032,-28.45960214735632,99.66319931390032,-80.21964435770396,17.647058823529413,17,58.32677165354331,31.73228346456693,-0.10222784186721147,-2.0020380343878967,,,
MR,MR TF5 EMA60 z2.0 TP1.0ATR,5,60.0,2.0,1.0,1.5,existing48,1.5,2.0,254622,2262,61.40583554376657,-0.12105994357841293,0.5064139826327142,-99.66312095092047,-46.87794230659449,99.66312095092047,-91.81766621253745,0.0,9,60.96374889478338,34.261715296198055,-0.12864168568850387,-0.027759917141293337,,,
MR,MR TF5 EMA60 z2.0 TP1.0ATR,5,60.0,2.0,1.0,1.5,existing48,3.5,0.25,254622,16225,60.024653312788914,-0.1362857498311775,0.6204205999435491,-99.66387364586782,-16.304288599573635,99.66387364586782,-60.90782109628944,0.0,32,58.00924499229584,33.84899845916795,-0.1319163596192091,-6.576766922272603,,,
MR,MR TF5 EMA60 z2.0 TP1.0ATR,5,60.0,2.0,1.0,1.5,existing48,3.5,0.5,254622,7681,59.888035412055714,-0.14228300243809583,0.4864189494923076,-99.66292105871902,-24.770776168753162,99.66292105871902,-71.0799817232743,5.0,20,58.19554745475849,32.97747689102981,-0.1473610857098599,-0.03717815460697958,,,
MR,MR TF5 EMA60 z2.0 TP1.0ATR,5,60.0,2.0,1.0,1.5,existing48,3.5,1.0,254622,2815,60.0,-0.19698395183807657,0.3903277436835951,-99.66310853880127,-37.77606096493277,99.66310853880127,-87.25770087588856,0.0,12,59.96447602131438,32.184724689165186,-0.19219574543633985,-4.685129419066005,,,
MR,MR TF5 EMA60 z2.0 TP1.0ATR,5,60.0,2.0,1.0,1.5,existing48,3.5,2.0,254622,1553,59.81970379909852,-0.1800597974833267,0.39471683586294193,-99.65939704070914,-50.84914781243943,99.65939704070914,-95.74523168854871,0.0,8,60.65679330328396,34.44945267224727,-0.17710620825983983,-0.6867644376015142,,,
MR,MR TF5 EMA60 z2.0 TP2.0ATR,5,60.0,2.0,2.0,1.5,existing48,0.0,0.25,254622,24622,46.044188124441554,-0.08673865239993997,0.8184966297346917,-99.65595029220017,-11.145463003292832,99.65595029220017,-58.68602507813666,6.25,48,29.96101047843392,43.85915035334254,-0.06638649134533181,-0.18612625466350669,,,
MR,MR TF5 EMA60 z2.0 TP2.0ATR,5,60.0,2.0,2.0,1.5,existing48,0.0,0.5,254622,12475,45.93987975951904,-0.08686502727053814,0.7820918922392945,-99.65504608557427,-15.358917672475236,99.65504608557427,-50.79376630500292,2.941176470588235,34,28.016032064128254,42.1563126252505,-0.08469736598106632,-0.4269957784641229,,,
MR,MR TF5 EMA60 z2.0 TP2.0ATR,5,60.0,2.0,2.0,1.5,existing48,0.0,1.0,254622,7298,46.012606193477666,-0.06839618911389271,0.7347865881013896,-99.66790249212865,-23.79823522951685,99.66790249212865,-62.46947347653404,4.761904761904762,21,28.99424499862976,42.107426692244445,-0.08038547391794974,0.0020041687374253206,,,
MR,MR TF5 EMA60 z2.0 TP2.0ATR,5,60.0,2.0,2.0,1.5,existing48,0.0,2.0,254622,3537,46.62143059089624,-0.0733548441431221,0.7121586430956531,-99.6599438832264,-29.899371465179147,99.6599438832264,-75.75730462421805,6.25,16,27.085100367543113,39.35538592027142,-0.07134821201621318,-2.437167489641839,,,
MR,MR TF5 EMA60 z2.0 TP2.0ATR,5,60.0,2.0,2.0,1.5,existing48,1.5,0.25,254622,18746,45.609730075749496,-0.1134710870626769,0.7610688519575675,-99.66062508472223,-12.12221840507246,99.66062508472223,-70.1055441874877,6.8181818181818175,44,29.147551477648566,43.05451829723674,-0.11957646073261675,0.003887762370611006,,,
MR,MR TF5 EMA60 z2.0 TP2.0ATR,5,60.0,2.0,2.0,1.5,existing48,1.5,0.5,254622,10061,45.29370837888878,-0.10396984152370073,0.7087809230785949,-99.65661212388358,-21.05504650587795,99.65661212388358,-56.35231340691007,4.166666666666666,24,29.9175032302952,43.3058344100984,-0.11475126936695852,0.014844842378581028,,,
MR,MR TF5 EMA60 z2.0 TP2.0ATR,5,60.0,2.0,2.0,1.5,existing48,1.5,1.0,254622,4379,46.06074446220598,-0.12175149290869329,0.6424663772619063,-99.66314270592449,-29.94076799578238,99.66314270592449,-69.31086795959936,0.0,16,25.782142041562,38.730303722311035,-0.11917093301455203,-3.885928191829412,,,
MR,MR TF5 EMA60 z2.0 TP2.0ATR,5,60.0,2.0,2.0,1.5,existing48,1.5,2.0,254622,2377,45.225073622212875,-0.11327358561008531,0.6386028265812171,-99.65992880341076,-40.35181146524638,99.65992880341076,-83.36394648416662,0.0,11,29.02818679007152,40.09255363904081,-0.1112525953603166,-0.5916419777303327,,,
MR,MR TF5 EMA60 z2.0 TP2.0ATR,5,60.0,2.0,2.0,1.5,existing48,3.5,0.25,254622,13238,44.96902855416226,-0.16814759173153015,0.6801835090071369,-99.66488842426351,-14.273868153886793,99.66488842426351,-61.455074652559546,2.7027027027027026,37,27.564586795588458,41.992748149267264,-0.16134172256168744,-13.032212589758483,,,
MR,MR TF5 EMA60 z2.0 TP2.0ATR,5,60.0,2.0,2.0,1.5,existing48,3.5,0.5,254622,6878,44.693224774643795,-0.15522129823262412,0.6130213245376789,-99.66034025110072,-24.742081175548126,99.66034025110072,-60.356253777581756,0.0,20,28.56935155568479,42.221576039546385,-0.15248052015150487,-4.8652484306360755,,,
MR,MR TF5 EMA60 z2.0 TP2.0ATR,5,60.0,2.0,2.0,1.5,existing48,3.5,1.0,254622,3073,45.23267165636186,-0.171065778604179,0.5547991369968013,-99.66342949800965,-31.58703652420626,99.66342949800965,-78.01259622025333,0.0,15,28.44126260982753,39.765701269118125,-0.1679479980250632,-4.9584178578364595,,,
MR,MR TF5 EMA60 z2.0 TP2.0ATR,5,60.0,2.0,2.0,1.5,existing48,3.5,2.0,254622,1586,43.63177805800756,-0.1744236554464934,0.5560838161627839,-99.66133135026301,-55.6278253464737,99.66133135026301,-89.90039263134614,0.0,7,33.417402269861284,43.5687263556116,-0.1708435378223339,-3.0098768137808056,,,
MR,MR TF5 EMA60 z2.5 TP1.0ATR,5,60.0,2.5,1.0,1.5,existing48,0.0,0.25,181807,26185,60.42390681687989,-0.08524945972313273,0.7965051933406946,-99.66047537608104,-9.82072270932327,99.66082214714741,-42.338432254413874,10.909090909090908,55,58.25472598816116,35.329387053656674,-0.05908685665960297,-0.16546383821527486,,,
MR,MR TF5 EMA60 z2.5 TP1.0ATR,5,60.0,2.5,1.0,1.5,existing48,0.0,0.5,181807,15857,60.1753168947468,-0.06915372016198953,0.7608898810764707,-99.65681245500147,-12.63807822769385,99.65751276407543,-44.95224589011675,11.904761904761903,42,57.72214164091568,34.88049441886864,-0.06680307131340642,-1.196325458949242,,,
MR,MR TF5 EMA60 z2.5 TP1.0ATR,5,60.0,2.5,1.0,1.5,existing48,0.0,1.0,181807,7240,59.94475138121547,-0.073535930209823,0.6790226723468248,-99.66592853807454,-22.830223145886887,99.66728917511574,-63.57715917775009,4.545454545454546,22,57.790055248618785,34.82044198895027,-0.07267426611679616,-0.12423168788137749,,,
MR,MR TF5 EMA60 z2.5 TP1.0ATR,5,60.0,2.5,1.0,1.5,existing48,0.0,2.0,181807,4422,60.063319764812306,-0.05811139590316864,0.6387411064214067,-99.66392798300276,-29.950986736575803,99.66611270027013,-73.70565636591243,6.25,16,57.23654454997739,33.10719131614654,-0.05668878272941946,-0.37122855544536376,,,
MR,MR TF5 EMA60 z2.5 TP1.0ATR,5,60.0,2.5,1.0,1.5,existing48,1.5,0.25,181807,19713,59.884340283061945,-0.11174710263990162,0.7286427470576853,-99.65545343325124,-11.839879290088906,99.65576922612769,-70.14327190385413,4.444444444444445,45,57.82478567442805,35.37259676355705,-0.10820407333244202,-1.9461971453837936,,,
MR,MR TF5 EMA60 z2.5 TP1.0ATR,5,60.0,2.5,1.0,1.5,existing48,1.5,0.5,181807,12023,59.99334608666722,-0.09065160141788521,0.6699921066064716,-99.65818437270038,-14.97690465143162,99.65881037862505,-41.029767693676455,5.714285714285714,35,57.62288946186476,34.55044498045413,-0.08888733800090046,-0.2656518301876316,,,
MR,MR TF5 EMA60 z2.5 TP1.0ATR,5,60.0,2.5,1.0,1.5,existing48,1.5,1.0,181807,5093,59.473787551541335,-0.1072347554071809,0.5616657062663658,-99.65840930117884,-24.720746839699327,99.65965820189962,-65.52595971899144,5.0,20,57.15688199489496,33.92892204987238,-0.10475761289190333,-4.310119889661471,,,
MR,MR TF5 EMA60 z2.5 TP1.0ATR,5,60.0,2.5,1.0,1.5,existing48,1.5,2.0,181807,2989,60.62228169956507,-0.088503937914021,0.5355152954916134,-99.66311332511208,-29.940386099457662,99.66507973494016,-81.71826259339491,12.5,16,58.24690531950485,32.485781197725,-0.08795424009506272,-0.1079913959592857,,,
MR,MR TF5 EMA60 z2.5 TP1.0ATR,5,60.0,2.5,1.0,1.5,existing48,3.5,0.25,181807,15314,59.67741935483871,-0.14660497418895255,0.6290366813275962,-99.66390333163291,-12.969824615818549,99.66416440589644,-66.85483910058151,2.4390243902439024,41,57.64659788428889,34.850463628052765,-0.1413303933654582,-3.6532839034085987,,,
MR,MR TF5 EMA60 z2.5 TP1.0ATR,5,60.0,2.5,1.0,1.5,existing48,3.5,0.5,181807,7590,59.23583662714097,-0.14667280183195688,0.533018843449986,-99.6601827425668,-23.71480537168573,99.66071026150856,-76.36980528224842,0.0,21,57.66798418972332,35.13833992094862,-0.144044731901087,-0.941926762913177,,,
MR,MR TF5 EMA60 z2.5 TP1.0ATR,5,60.0,2.5,1.0,1.5,existing48,3.5,1.0,181807,3130,59.07348242811502,-0.1768121215175412,0.4218055085944649,-99.66123068617415,-28.435071933039747,99.66228084026689,-74.7086776184892,0.0,17,57.31629392971246,32.77955271565495,-0.1758666918102696,-0.27450652460227537,,,
MR,MR TF5 EMA60 z2.5 TP1.0ATR,5,60.0,2.5,1.0,1.5,existing48,3.5,2.0,181807,2044,60.665362035225044,-0.13038877995999676,0.4244690187214233,-99.65559380486549,-46.74735087556624,99.65729883825655,-88.6887464274348,22.22222222222222,9,60.61643835616438,33.6105675146771,-0.14847536749358642,-0.004065270155081499,,,
MR,MR TF5 EMA60 z2.5 TP2.0ATR,5,60.0,2.5,2.0,1.5,existing48,0.0,0.25,181807,32575,46.60322333077514,-0.06291757822703489,0.8313209108758667,-99.65701457007806,-7.382529757895062,99.65747013479879,-62.898201499450536,12.162162162162163,74,32.13200306983883,44.78894858019954,-0.0683062049499592,-0.05824288353166765,,,
MR,MR TF5 EMA60 z2.5 TP2.0ATR,5,60.0,2.5,2.0,1.5,existing48,0.0,0.5,181807,12178,45.66431269502381,-0.09002311688063346,0.7997637834232869,-99.66295533028965,-12.399948878999712,99.66384949064452,-47.19927809930523,2.3255813953488373,43,28.764986040400725,43.792084086056825,-0.08701453668484357,-1.6136182710318938,,,
MR,MR TF5 EMA60 z2.5 TP2.0ATR,5,60.0,2.5,2.0,1.5,existing48,0.0,1.0,181807,6642,45.55856669677808,-0.07928965923991722,0.7653214381478783,-99.65622418938878,-20.30134127147679,99.65804339850871,-55.37746419857573,8.0,25,30.141523637458594,44.47455585666968,-0.07748252087078235,-4.078486870135431,,,
MR,MR TF5 EMA60 z2.5 TP2.0ATR,5,60.0,2.5,2.0,1.5,existing48,0.0,2.0,181807,3221,46.22787954051537,-0.08082565280387767,0.7412843413272908,-99.66282672107741,-29.93666241310099,99.66567251661598,-63.06612071302165,0.0,16,26.420366345855324,40.360136603539274,-0.08313083349604096,-0.028130929722278444,,,
MR,MR TF5 EMA60 z2.5 TP2.0ATR,5,60.0,2.5,2.0,1.5,existing48,1.5,0.25,181807,17466,45.20783236001374,-0.12667154449604234,0.7726857511762357,-99.66344381595331,-10.970940148449682,99.66385559285207,-60.348854374507034,0.0,49,29.829382800870263,44.82422993244017,-0.0899703981421972,-0.3646157375664728,,,
MR,MR TF5 EMA60 z2.5 TP2.0ATR,5,60.0,2.5,2.0,1.5,existing48,1.5,0.5,181807,9280,45.258620689655174,-0.11735430845156694,0.7359263687415916,-99.66042995373013,-16.277624380602397,99.66125986705585,-61.12216807008479,0.0,32,28.351293103448278,43.22198275862069,-0.11771064635175085,-0.10225823647461803,,,
MR,MR TF5 EMA60 z2.5 TP2.0ATR,5,60.0,2.5,2.0,1.5,existing48,1.5,1.0,181807,5004,45.2238209432454,-0.10298701361603779,0.6904076768963889,-99.66061665679888,-23.71944671442725,99.66227152631991,-54.394704255756984,0.0,21,29.076738609112713,43.32533972821743,-0.100468152389733,-0.8007115733024727,,,
MR,MR TF5 EMA60 z2.5 TP2.0ATR,5,60.0,2.5,2.0,1.5,existing48,1.5,2.0,181807,2481,45.304312777106006,-0.10898928922877252,0.6667495388613244,-99.66738747094361,-28.512241064171572,99.66997486797867,-67.67765569576648,0.0,17,27.166465135026197,40.34663442160419,-0.10623644446506852,-1.2445377542566776,,,
MR,MR TF5 EMA60 z2.5 TP2.0ATR,5,60.0,2.5,2.0,1.5,existing48,3.5,0.25,181807,13292,44.703581101414386,-0.1661495007381878,0.7015226158037833,-99.66385806377728,-12.405412451408038,99.66422238249228,-63.60782402036714,0.0,43,29.077640686126994,44.07162202828769,-0.16106628972757528,-0.8234784539732812,,,
MR,MR TF5 EMA60 z2.5 TP2.0ATR,5,60.0,2.5,2.0,1.5,existing48,3.5,0.5,181807,7540,44.88063660477454,-0.144864867120329,0.6531102642062929,-99.65517615766369,-18.33103609102387,99.65592280517646,-37.79259238655888,0.0,28,29.323607427055702,43.55437665782493,-0.14278551161022723,-1.0650408378553666,,,
MR,MR TF5 EMA60 z2.5 TP2.0ATR,5,60.0,2.5,2.0,1.5,existing48,3.5,1.0,181807,3579,44.789047219893824,-0.1486478752336342,0.5949364165403412,-99.67018152906813,-27.200836773803594,99.6716067557482,-61.64049208826427,0.0,18,27.242246437552385,41.07292539815591,-0.14520262283286653,-2.6113142913023433,,,
MR,MR TF5 EMA60 z2.5 TP2.0ATR,5,60.0,2.5,2.0,1.5,existing48,3.5,2.0,181807,1984,45.16129032258064,-0.13243502300603627,0.5829688636226639,-99.66034929693346,-33.37377918244997,99.66269156669433,-77.72157604412064,0.0,14,29.63709677419355,40.725806451612904,-0.130245313585644,-1.2163411861002058,,,
MR,MR TF15 EMA20 z2.0 TP1.0ATR,15,20.0,2.0,1.0,1.5,existing48,0.0,0.25,26643,11424,60.39915966386554,-0.021690872601846177,0.9234454449300475,-47.14021238406809,-0.7560882281024806,52.453151054583834,-5.743086983221168,35.714285714285715,84,57.834383753501406,35.819327731092436,-0.039768813281143955,-0.009397872939923684,,,
MR,MR TF15 EMA20 z2.0 TP1.0ATR,15,20.0,2.0,1.0,1.5,existing48,0.0,0.5,26643,11424,60.39915966386554,-0.021608304150225275,0.9093319350139237,-72.95875120994675,-1.5448555682552878,77.9504103234413,-11.317298410351261,35.714285714285715,84,57.834383753501406,35.819327731092436,-0.04012672661799015,-0.00901577687214517,,,
MR,MR TF15 EMA20 z2.0 TP1.0ATR,15,20.0,2.0,1.0,1.5,existing48,0.0,1.0,26643,11424,60.39915966386554,-0.02059451666505751,0.8817173800097744,-92.7590756773439,-3.07716268953403,95.25331893458298,-20.849924626961112,33.33333333333333,84,57.834383753501406,35.819327731092436,-0.04064172919023796,-0.006962412147934801,,,
MR,MR TF15 EMA20 z2.0 TP1.0ATR,15,20.0,2.0,1.0,1.5,existing48,0.0,2.0,26643,5633,59.02716137049529,-0.04505981356806733,0.8375410218973018,-99.65761145532048,-10.733114107101649,99.65761145532048,-33.37193025517706,14.000000000000002,50,56.204509142552816,36.60571631457483,-0.0371860632236988,-0.08114328392719528,,,
MR,MR TF15 EMA20 z2.0 TP1.0ATR,15,20.0,2.0,1.0,1.5,existing48,1.5,0.25,26643,11424,60.30287114845938,-0.039034727358590746,0.8705478168831018,-67.77231015261289,-1.338983555387463,68.50502133981368,-6.284277353334189,19.047619047619047,84,57.834383753501406,35.819327731092436,-0.05051643477166548,-0.031227166317699933,,,
MR,MR TF15 EMA20 z2.0 TP1.0ATR,15,20.0,2.0,1.0,1.5,existing48,1.5,0.5,26643,11424,60.30287114845938,-0.03875618730796477,0.8528968039277987,-89.79685549842851,-2.6806466088787118,90.34585518867736,-12.010113424751012,21.428571428571427,84,57.834383753501406,35.819327731092436,-0.05213967131505554,-0.02965541818314305,,,
MR,MR TF15 EMA20 z2.0 TP1.0ATR,15,20.0,2.0,1.0,1.5,existing48,1.5,1.0,26643,11424,60.30287114845938,-0.039231032646520066,0.8288437535033595,-99.42235341598652,-5.951229683845593,99.61236177572279,-29.24655701522361,20.238095238095237,84,57.834383753501406,35.819327731092436,-0.05239635949269875,-0.03027861039111855,,,
MR,MR TF15 EMA20 z2.0 TP1.0ATR,15,20.0,2.0,1.0,1.5,existing48,1.5,2.0,26643,4701,59.13635396724102,-0.05277413714090452,0.7862656627485144,-99.6585614884717,-11.857630295687072,99.6585614884717,-50.00778747083589,15.555555555555555,45,56.328440757285684,36.22633482237822,-0.048852365769752326,-0.11010235651987346,,,
MR,MR TF15 EMA20 z2.0 TP1.0ATR,15,20.0,2.0,1.0,1.5,existing48,3.5,0.25,26643,11424,60.154061624649856,-0.0624953188834688,0.8043146354657826,-83.4953410519557,-2.1218409443420905,83.53700286386504,-7.358973663209111,13.095238095238097,84,57.834383753501406,35.819327731092436,-0.06753391431499468,-0.059069073990031216,,,
MR,MR TF15 EMA20 z2.0 TP1.0ATR,15,20.0,2.0,1.0,1.5,existing48,3.5,0.5,26643,11424,60.154061624649856,-0.06115459255975467,0.7954507835065496,-97.17159737878116,-4.155771243197847,97.24954758799358,-13.288206345909547,13.095238095238097,84,57.834383753501406,35.819327731092436,-0.0677356748589727,-0.05667945659628641,,,
MR,MR TF15 EMA20 z2.0 TP1.0ATR,15,20.0,2.0,1.0,1.5,existing48,3.5,1.0,26643,6432,58.95522388059702,-0.08401552611174835,0.7686402239022602,-99.65706649887458,-9.804341254813142,99.65706649887458,-33.64849936417181,10.909090909090908,55,56.4521144278607,36.61380597014926,-0.066407704765143,-0.12904791875926117,,,
MR,MR TF15 EMA20 z2.0 TP1.0ATR,15,20.0,2.0,1.0,1.5,existing48,3.5,2.0,26643,3739,58.866006953730945,-0.06983843950446268,0.7118120529021378,-99.65160987019857,-12.893535587214577,99.65448246895942,-41.4749490491916,14.634146341463413,41,56.05776945707408,36.159400909334046,-0.06969149184420793,-0.07814437340870803,,,
MR,MR TF15 EMA20 z2.0 TP2.0ATR,15,20.0,2.0,2.0,1.5,existing48,0.0,0.25,26643,9922,45.877847208224146,-0.0354709978765704,0.8966019802505542,-59.59892326915293,-1.0731452064935088,65.76061879166039,-6.6320126888778645,38.095238095238095,84,31.58637371497682,46.46240677282806,-0.07051855098402893,-0.010769097043787777,,,
MR,MR TF15 EMA20 z2.0 TP2.0ATR,15,20.0,2.0,2.0,1.5,existing48,0.0,0.5,26643,9922,45.877847208224146,-0.03666588343329985,0.867833443116895,-85.37303273139212,-2.2624697417184314,88.9950119305244,-13.08295601819739,39.285714285714285,84,31.58637371497682,46.46240677282806,-0.07187563651904515,-0.011849662272178346,,,
MR,MR TF15 EMA20 z2.0 TP2.0ATR,15,20.0,2.0,2.0,1.5,existing48,0.0,1.0,26643,9922,45.877847208224146,-0.036113695916263636,0.8338171630531643,-98.15606803185433,-4.642664832926058,98.57652539623454,-21.157859731382477,32.142857142857146,84,31.58637371497682,46.46240677282806,-0.06926155713022461,-0.012750718820100761,,,
MR,MR TF15 EMA20 z2.0 TP2.0ATR,15,20.0,2.0,2.0,1.5,existing48,0.0,2.0,26643,3503,44.47616328860977,-0.06725073565785357,0.8034168002237405,-99.66168004755639,-12.667786677832549,99.67960298251501,-33.10845243943068,19.047619047619047,42,28.48986582928918,46.27462175278333,-0.07417780523776529,0.020609400771729902,,,
MR,MR TF15 EMA20 z2.0 TP2.0ATR,15,20.0,2.0,2.0,1.5,existing48,1.5,0.25,26643,9922,45.64603910501915,-0.05436216369832256,0.850861406226918,-74.69013345580402,-1.622380879786245,75.52212010434232,-6.994229652052642,25.0,84,31.58637371497682,46.46240677282806,-0.0817061043665852,-0.03508985362594912,,,
MR,MR TF15 EMA20 z2.0 TP2.0ATR,15,20.0,2.0,2.0,1.5,existing48,1.5,0.5,26643,9922,45.64603910501915,-0.054190816307700757,0.8247592648249747,-93.82301003692936,-3.2603555560796083,94.02988748082694,-13.794956573318352,23.809523809523807,84,31.58637371497682,46.46240677282806,-0.08174274948943179,-0.0347719108246319,,,
MR,MR TF15 EMA20 z2.0 TP2.0ATR,15,20.0,2.0,2.0,1.5,existing48,1.5,1.0,26643,5528,44.175108538350216,-0.09467394647461617,0.7941342211615726,-99.66644320481826,-10.022737907552148,99.67332092680802,-45.558422300765,12.962962962962962,54,29.232995658465992,47.214182344428366,-0.07933918938106366,-0.13878556891343274,,,
MR,MR TF15 EMA20 z2.0 TP2.0ATR,15,20.0,2.0,2.0,1.5,existing48,1.5,2.0,26643,2551,43.82595060760487,-0.10317457762874091,0.7674684952879519,-99.67013580418485,-16.353461337349618,99.6813693865132,-63.77703290230892,15.625,32,27.361818894551153,46.33477067816543,-0.10028471133729291,-0.5610377681800339,,,
MR,MR TF15 EMA20 z2.0 TP2.0ATR,15,20.0,2.0,2.0,1.5,existing48,3.5,0.25,26643,9922,45.2428945777061,-0.07711125118648336,0.8005164265000742,-85.58690714030422,-2.2796070715757843,85.7169611854967,-7.412554523258452,15.476190476190476,84,31.58637371497682,46.46240677282806,-0.09616291883016775,-0.06368342632834016,,,
MR,MR TF15 EMA20 z2.0 TP2.0ATR,15,20.0,2.0,2.0,1.5,existing48,3.5,0.5,26643,9922,45.2428945777061,-0.0771503944663103,0.7819145579221946,-98.07653271435976,-4.594713918776194,98.20168459313115,-17.135235045348917,15.476190476190476,84,31.58637371497682,46.46240677282806,-0.09773190576076476,-0.06264431898008135,,,
MR,MR TF15 EMA20 z2.0 TP2.0ATR,15,20.0,2.0,2.0,1.5,existing48,3.5,1.0,26643,4622,44.09346603202077,-0.1051381739134645,0.7561140247471677,-99.51239162586482,-10.29476697649695,99.65798019508121,-54.91417239166025,16.3265306122449,49,29.013414106447428,46.7979229770662,-0.09354521793240819,-0.19658876128710479,,,
MR,MR TF15 EMA20 z2.0 TP2.0ATR,15,20.0,2.0,2.0,1.5,existing48,3.5,2.0,26643,2412,44.02985074626866,-0.10787133405170915,0.7191384261154407,-99.66221958291395,-17.277976581615672,99.67086796330065,-50.810531007107116,10.0,30,28.067993366500833,45.8955223880597,-0.1068871516377765,-0.265143683798144,,,
MR,MR TF15 EMA20 z2.5 TP1.0ATR,15,20.0,2.5,1.0,1.5,existing48,0.0,0.25,13233,6366,58.89098334904178,-0.04195822719322687,0.8733406451565232,-49.241389520237824,-0.8039992090267845,50.30276266942467,-5.883422663394732,28.57142857142857,84,56.40904806786051,37.40182218033301,-0.05200756902068606,-0.035578675832805946,,,
MR,MR TF15 EMA20 z2.5 TP1.0ATR,15,20.0,2.5,1.0,1.5,existing48,0.0,0.5,13233,6366,58.89098334904178,-0.043620840982596464,0.8596881743307636,-76.08857448399125,-1.6889247624841563,77.08132219283587,-11.523234594340204,28.57142857142857,84,56.40904806786051,37.40182218033301,-0.05487346288964106,-0.03647741998767755,,,
MR,MR TF15 EMA20 z2.5 TP1.0ATR,15,20.0,2.5,1.0,1.5,existing48,0.0,1.0,13233,6366,58.89098334904178,-0.04356898348457635,0.8440968755270958,-94.68831448175578,-3.434010571050916,95.10496398932648,-21.70679024987503,28.57142857142857,84,56.40904806786051,37.40182218033301,-0.05579597209372617,-0.035807012287396495,,,
MR,MR TF15 EMA20 z2.5 TP1.0ATR,15,20.0,2.5,1.0,1.5,existing48,0.0,2.0,13233,3666,57.47408619749045,-0.07117782285018211,0.8277724615534665,-99.66758022235366,-9.526618633332063,99.69385998902631,-31.370703354678252,21.052631578947366,57,54.69176213857065,38.32515002727769,-0.05589319199653202,-0.1028223852205531,,,
MR,MR TF15 EMA20 z2.5 TP1.0ATR,15,20.0,2.5,1.0,1.5,existing48,1.5,0.25,13233,6366,58.8124410933082,-0.06045111747468113,0.8240467196344761,-62.17820755862604,-1.150808771704781,62.825220334494816,-6.314192955494713,26.190476190476193,84,56.40904806786051,37.40182218033301,-0.06529390555706006,-0.057376805163525314,,,
MR,MR TF15 EMA20 z2.5 TP1.0ATR,15,20.0,2.5,1.0,1.5,existing48,1.5,0.5,13233,6366,58.8124410933082,-0.06052181921479746,0.8156085711171333,-86.01989883318619,-2.3150848200025664,86.45931771720471,-12.446991603094027,25.0,84,56.40904806786051,37.40182218033301,-0.06699845614882848,-0.05641030239381014,,,
MR,MR TF15 EMA20 z2.5 TP1.0ATR,15,20.0,2.5,1.0,1.5,existing48,1.5,1.0,13233,6366,58.8124410933082,-0.06023801610812897,0.8054768326151285,-98.16122734916136,-4.64584553658497,98.29551889877672,-23.10561339932261,25.0,84,56.40904806786051,37.40182218033301,-0.0675402466626345,-0.05560239362976798,,,
MR,MR TF15 EMA20 z2.5 TP1.0ATR,15,20.0,2.5,1.0,1.5,existing48,1.5,2.0,13233,3348,57.52688172043011,-0.07636950156828874,0.7942989161884438,-99.59667683596972,-9.375879140722832,99.67490340003987,-37.92317538574112,23.214285714285715,56,54.74910394265233,38.05256869772999,-0.06664693271862199,-0.10380579174680044,,,
MR,MR TF15 EMA20 z2.5 TP1.0ATR,15,20.0,2.5,1.0,1.5,existing48,3.5,0.25,13233,6366,58.63964813069431,-0.08279107621859425,0.7674051644219161,-73.48898925897701,-1.5680639688894438,73.79244298560548,-6.998567303326242,21.428571428571427,84,56.40904806786051,37.40182218033301,-0.0825988095479839,-0.08291313148560726,,,
MR,MR TF15 EMA20 z2.5 TP1.0ATR,15,20.0,2.5,1.0,1.5,existing48,3.5,0.5,13233,6366,58.63964813069431,-0.08211051865104203,0.7653121347109418,-92.95581574551309,-3.1089418451370587,93.11413221548992,-13.60624789732613,21.428571428571427,84,56.40904806786051,37.40182218033301,-0.0819884751266969,-0.08218799466341524,,,
MR,MR TF15 EMA20 z2.5 TP1.0ATR,15,20.0,2.5,1.0,1.5,existing48,3.5,1.0,13233,6112,58.63874345549738,-0.0861610766125084,0.763600052687586,-99.66110298216208,-6.622599394096884,99.6679467521921,-36.61120367561732,20.481927710843372,83,56.33180628272252,37.33638743455497,-0.08213492412250123,-0.08889532083099674,,,
MR,MR TF15 EMA20 z2.5 TP1.0ATR,15,20.0,2.5,1.0,1.5,existing48,3.5,2.0,13233,2873,57.396449704142015,-0.09408361177755359,0.7440406549934365,-99.67485481950779,-11.033589664337985,99.68754648416582,-50.18267198850117,22.448979591836736,49,54.785938043856596,37.76540201879568,-0.07719221159038242,-0.19821214360470343,,,
MR,MR TF15 EMA20 z2.5 TP2.0ATR,15,20.0,2.5,2.0,1.5,existing48,0.0,0.25,13233,5770,44.90467937608319,-0.059118951557986764,0.8487628657464864,-58.04047658261802,-1.028560383538235,60.69286583974902,-5.399843201370214,23.809523809523807,84,30.883882149046794,48.05892547660312,-0.09771900034251968,-0.033865135237372036,,,
MR,MR TF15 EMA20 z2.5 TP2.0ATR,15,20.0,2.5,2.0,1.5,existing48,0.0,0.5,13233,5770,44.90467937608319,-0.05880571128389984,0.825297085365432,-82.78354839273726,-2.0726299879965326,84.80998290819109,-10.359028695754146,21.428571428571427,84,30.883882149046794,48.05892547660312,-0.10014452766637182,-0.031760075107064654,,,
MR,MR TF15 EMA20 z2.5 TP2.0ATR,15,20.0,2.5,2.0,1.5,existing48,0.0,1.0,13233,5770,44.90467937608319,-0.0571081921915229,0.7911920641399289,-97.04173056883947,-4.1045352731573725,97.6678891996339,-19.712295826781546,21.428571428571427,84,30.883882149046794,48.05892547660312,-0.0999873096955268,-0.029054824604327678,,,
MR,MR TF15 EMA20 z2.5 TP2.0ATR,15,20.0,2.5,2.0,1.5,existing48,0.0,2.0,13233,2361,43.66793731469716,-0.11036349745415519,0.7722143492027496,-99.67334730022215,-11.466380830000922,99.70419561709556,-33.234292763201424,8.51063829787234,47,27.19186785260483,48.24227022448115,-0.0975975558392441,-0.4791214565076631,,,
MR,MR TF15 EMA20 z2.5 TP2.0ATR,15,20.0,2.5,2.0,1.5,existing48,1.5,0.25,13233,5770,44.7313691507799,-0.07717044541479869,0.8099500087456201,-67.6517000944596,-1.3345960373785548,68.49550815396543,-5.854292393992688,17.857142857142858,84,30.883882149046794,48.05892547660312,-0.1088702292947766,-0.05643107992910213,,,
MR,MR TF15 EMA20 z2.5 TP2.0ATR,15,20.0,2.5,2.0,1.5,existing48,1.5,0.5,13233,5770,44.7313691507799,-0.07600433853242686,0.7866273304406892,-89.49469372094732,-2.646828593961148,89.99312554716602,-11.104580051574231,19.047619047619047,84,30.883882149046794,48.05892547660312,-0.11178076801018866,-0.05259785571469397,,,
MR,MR TF15 EMA20 z2.5 TP2.0ATR,15,20.0,2.5,2.0,1.5,existing48,1.5,1.0,13233,5770,44.7313691507799,-0.07420745822946755,0.7624362956884415,-99.01631201305841,-5.353306838231386,99.17995297597741,-19.63641610644712,17.857142857142858,84,30.883882149046794,48.05892547660312,-0.11017967803320196,-0.05067288093814819,,,
MR,MR TF15 EMA20 z2.5 TP2.0ATR,15,20.0,2.5,2.0,1.5,existing48,1.5,2.0,13233,2199,43.79263301500682,-0.11837348663906908,0.7457629168709964,-99.68204223601916,-12.25231471161976,99.70829491689244,-35.3977793522103,11.363636363636363,44,27.512505684402,48.158253751705324,-0.12567317534833192,-0.02779503222839922,,,
MR,MR TF15 EMA20 z2.5 TP2.0ATR,15,20.0,2.5,2.0,1.5,existing48,3.5,0.25,13233,5770,44.280762564991335,-0.10058527223152484,0.762825051606697,-76.9153736453823,-1.730100904800358,77.40332447412358,-6.4503832693159735,16.666666666666664,84,30.883882149046794,48.05892547660312,-0.12520721857259434,-0.08447653325494212,,,
MR,MR TF15 EMA20 z2.5 TP2.0ATR,15,20.0,2.5,2.0,1.5,existing48,3.5,0.5,13233,5770,44.280762564991335,-0.09821512226308624,0.7423496443544714,-94.44852127832296,-3.3832367169183697,94.62276816482445,-12.272644118561649,16.666666666666664,84,30.883882149046794,48.05892547660312,-0.12799989294897826,-0.07872864098292409,,,
MR,MR TF15 EMA20 z2.5 TP2.0ATR,15,20.0,2.5,2.0,1.5,existing48,3.5,1.0,13233,4148,43.80424300867888,-0.12903245442188796,0.7243567657029444,-99.68155033370348,-8.107511687448621,99.69289435814996,-38.18289844281424,8.823529411764707,68,29.26711668273867,48.48119575699132,-0.12354997444110748,-0.13573718074350702,,,
MR,MR TF15 EMA20 z2.5 TP2.0ATR,15,20.0,2.5,2.0,1.5,existing48,3.5,2.0,13233,2019,43.486874690440814,-0.1284964409478429,0.7111622942469867,-99.67686178241284,-12.485745358019374,99.69874681748033,-38.3110237218686,11.627906976744185,43,27.241208519068845,47.94452699356117,-0.1329887024472952,-0.04900836941586811,,,
MR,MR TF15 EMA60 z2.0 TP1.0ATR,15,60.0,2.0,1.0,1.5,existing48,0.0,0.25,96100,24513,59.69485579080488,-0.024845259210952562,0.9006490759558881,-78.91843686504296,-1.8362311952526023,80.28951114704367,-10.066305440447342,26.190476190476193,84,56.190592746705825,34.393995023048994,-0.03668541898425097,-0.015909625389199877,,,
MR,MR TF15 EMA60 z2.0 TP1.0ATR,15,60.0,2.0,1.0,1.5,existing48,0.0,0.5,96100,24513,59.69485579080488,-0.025033074073427725,0.8784645409931168,-95.93157641305196,-3.740068217529535,96.34499948667786,-16.1253583330339,26.190476190476193,84,56.190592746705825,34.393995023048994,-0.03727854141438451,-0.015791559243384247,,,
MR,MR TF15 EMA60 z2.0 TP1.0ATR,15,60.0,2.0,1.0,1.5,existing48,0.0,1.0,96100,11903,58.80870368814585,-0.044082681232012325,0.8438765742237743,-99.65639073483689,-11.147834261627665,99.65997714754509,-48.080053285864736,8.333333333333332,48,55.25497773670504,34.74754263631017,-0.034458627429730555,-0.1186903277301423,,,
MR,MR TF15 EMA60 z2.0 TP1.0ATR,15,60.0,2.0,1.0,1.5,existing48,0.0,2.0,96100,5818,58.57683052595394,-0.04158179798762804,0.7838875357656897,-99.6654574966605,-18.419277633350706,99.67122504291733,-46.251705420530286,3.571428571428571,28,55.207975249226536,34.341698178068064,-0.04045565235250322,-3.316413304930583,,,
MR,MR TF15 EMA60 z2.0 TP1.0ATR,15,60.0,2.0,1.0,1.5,existing48,1.5,0.25,96100,24513,59.49904132501121,-0.042558881024418356,0.8451990770685399,-92.87291768020481,-3.0954458369025772,93.06122297527052,-10.987633545560072,14.285714285714285,84,56.190592746705825,34.393995023048994,-0.0488096608411904,-0.037841488640150106,,,
MR,MR TF15 EMA60 z2.0 TP1.0ATR,15,60.0,2.0,1.0,1.5,existing48,1.5,0.5,96100,18222,59.03303698825595,-0.06039091182135628,0.824592972673078,-99.6572426322864,-8.240441533954879,99.65820100934407,-40.24693739719404,7.575757575757576,66,55.685435188234,34.50225002743936,-0.04759447565263482,-0.07795997374697555,,,
MR,MR TF15 EMA60 z2.0 TP1.0ATR,15,60.0,2.0,1.0,1.5,existing48,1.5,1.0,96100,8924,58.59480053787539,-0.05980992437138615,0.7817295915422214,-99.65492295894693,-12.9138337339191,99.65671660672703,-56.61841678985786,4.878048780487805,41,55.188256387270286,34.67055132227701,-0.057927768018638054,-2.45740823829349,,,
MR,MR TF15 EMA60 z2.0 TP1.0ATR,15,60.0,2.0,1.0,1.5,existing48,1.5,2.0,96100,4407,58.36169729975039,-0.056309602801974695,0.7166740363187212,-99.65666972172434,-21.862943289381896,99.65972760786026,-53.81071654287951,0.0,23,55.253006580440214,34.309053778080326,-0.05727251825697586,-0.015256989443212552,,,
MR,MR TF15 EMA60 z2.0 TP1.0ATR,15,60.0,2.0,1.0,1.5,existing48,3.5,0.25,96100,23107,59.19851127364002,-0.0947053916852347,0.7906868299263123,-99.67518726061193,-6.995987847835739,99.67533121018053,-57.96174679045467,3.79746835443038,79,56.086900073570774,34.413813995758865,-0.06202307461142844,-0.12213054839560873,,,
MR,MR TF15 EMA60 z2.0 TP1.0ATR,15,60.0,2.0,1.0,1.5,existing48,3.5,0.5,96100,12102,58.56056850107421,-0.0910849085401387,0.7615795911826967,-99.66473384349153,-11.193323143456347,99.66496566048289,-52.08668072385287,6.25,48,55.33796066765824,34.663691951743516,-0.0642313387124331,-0.27268669602795154,,,
MR,MR TF15 EMA60 z2.0 TP1.0ATR,15,60.0,2.0,1.0,1.5,existing48,3.5,1.0,96100,7122,58.67733782645325,-0.07335491701692336,0.7027626036560783,-99.67004304366601,-13.9608236117013,99.6704053588169,-40.85641750898233,5.263157894736842,38,55.20921089581579,34.18983431620332,-0.07062793846399781,-0.6971292692361146,,,
MR,MR TF15 EMA60 z2.0 TP1.0ATR,15,60.0,2.0,1.0,1.5,existing48,3.5,2.0,96100,2969,57.999326372516,-0.07883678896834907,0.6213823488504221,-99.49526563690412,-23.23678710760735,99.65404941663468,-57.01694152596086,10.0,20,54.36173795890872,32.83933984506568,-0.08679606360574511,0.14951480037854362,,,
MR,MR TF15 EMA60 z2.0 TP2.0ATR,15,60.0,2.0,2.0,1.5,existing48,0.0,0.25,96100,18258,46.03461496330375,-0.03646908591810702,0.8824462170052929,-81.8660999664602,-2.0120855186241404,82.27351799092231,-8.25456549483552,26.190476190476193,84,30.13473545842918,44.29838974696024,-0.05929894032625479,-0.018928239911343223,,,
MR,MR TF15 EMA60 z2.0 TP2.0ATR,15,60.0,2.0,2.0,1.5,existing48,0.0,0.5,96100,18258,46.03461496330375,-0.03789894284226932,0.8508351998598623,-97.40371462254845,-4.25342596217485,97.57208676249088,-15.473339986990876,22.61904761904762,84,30.13473545842918,44.29838974696024,-0.058966913021066866,-0.02171180410828376,,,
MR,MR TF15 EMA60 z2.0 TP2.0ATR,15,60.0,2.0,2.0,1.5,existing48,0.0,1.0,96100,7618,45.28747702809136,-0.06393339265440265,0.8180885499223539,-99.67066299390757,-12.182162313847034,99.67724746237265,-63.380484192868124,9.090909090909092,44,27.986348122866893,44.27671304804411,-0.07304366550205792,0.03539705098768862,,,
MR,MR TF15 EMA60 z2.0 TP2.0ATR,15,60.0,2.0,2.0,1.5,existing48,0.0,2.0,96100,3747,45.28956498532159,-0.06473366629978755,0.7760209270007966,-99.66917938035775,-20.423707215990316,99.68064458986771,-59.91385277180778,4.0,25,27.99572991726715,43.71497197758207,-0.07369557380732168,0.023638534687549024,,,
MR,MR TF15 EMA60 z2.0 TP2.0ATR,15,60.0,2.0,2.0,1.5,existing48,1.5,0.25,96100,18258,45.62383612662943,-0.053273801615056106,0.836307900198471,-91.55763326604281,-2.899869839613034,91.69671265318178,-9.30281263985484,16.666666666666664,84,30.13473545842918,44.29838974696024,-0.07151108036058013,-0.03926156604234501,,,
MR,MR TF15 EMA60 z2.0 TP2.0ATR,15,60.0,2.0,2.0,1.5,existing48,1.5,0.5,96100,13898,45.359044466829765,-0.0765610997673156,0.8122756174175678,-99.6573036042728,-8.122830965998117,99.66033700570777,-36.163341528707804,13.432835820895523,67,29.385523096848466,44.229385523096845,-0.06785790630473434,-0.08813569050305026,,,
MR,MR TF15 EMA60 z2.0 TP2.0ATR,15,60.0,2.0,2.0,1.5,existing48,1.5,1.0,96100,6113,45.11696384753803,-0.08346094637911175,0.7755286372031696,-99.65757194577274,-14.223812568980321,99.6635352088317,-52.62271711461592,5.405405405405405,37,27.367904465892362,43.66105022084083,-0.0890449500035014,0.015985862783864907,,,
MR,MR TF15 EMA60 z2.0 TP2.0ATR,15,60.0,2.0,2.0,1.5,existing48,1.5,2.0,96100,3022,45.069490403706155,-0.08277638809857867,0.7296759618441098,-99.67331855702041,-24.88853663106808,99.68323304768725,-44.93273774740181,0.0,20,27.29980145598941,42.91859695565851,-0.08136896156617916,-4.334611942477481,,,
MR,MR TF15 EMA60 z2.0 TP2.0ATR,15,60.0,2.0,2.0,1.5,existing48,3.5,0.25,96100,18258,45.03779165297404,-0.08405335034746711,0.7948733781462416,-98.01033429780875,-4.5562746558877265,98.1172137771921,-12.386008152940065,10.714285714285714,84,30.13473545842918,44.29838974696024,-0.08326426956955899,-0.08465962422748115,,,
MR,MR TF15 EMA60 z2.0 TP2.0ATR,15,60.0,2.0,2.0,1.5,existing48,3.5,0.5,96100,9248,44.44204152249135,-0.11781430743374625,0.7636854050283207,-99.6742707703216,-10.822121875697565,99.6766527469531,-51.9009509371981,8.0,50,28.384515570934255,44.38797577854671,-0.0845825738102797,-0.3182913742283928,,,
MR,MR TF15 EMA60 z2.0 TP2.0ATR,15,60.0,2.0,2.0,1.5,existing48,3.5,1.0,96100,5004,44.724220623501196,-0.10584149927662882,0.7201151617577619,-99.67477969899046,-15.935730411446746,99.67939015163014,-49.12670328198071,3.0303030303030303,33,27.258193445243805,43.38529176658673,-0.10127137795037788,-3.3682552517446247,,,
MR,MR TF15 EMA60 z2.0 TP2.0ATR,15,60.0,2.0,2.0,1.5,existing48,3.5,2.0,96100,2044,44.52054794520548,-0.12858020181187987,0.6605157903716526,-99.66562307104542,-31.61685240457609,99.6737869217135,-64.9556027028939,0.0,15,24.70645792563601,40.94911937377691,-0.12729993583143215,-0.3889863022349417,,,
MR,MR TF15 EMA60 z2.5 TP1.0ATR,15,60.0,2.5,1.0,1.5,existing48,0.0,0.25,70205,18436,60.20828813191582,-0.01782002283094613,0.9348655440053981,-57.21584745258812,-1.0056265850759027,60.26992979808826,-8.387499063416648,35.714285714285715,84,56.62833586461271,33.96615317856368,-0.027708774405102988,-0.010506564174761809,,,
MR,MR TF15 EMA60 z2.5 TP1.0ATR,15,60.0,2.5,1.0,1.5,existing48,0.0,0.5,70205,18436,60.20828813191582,-0.018432681076908063,0.9192639053934932,-83.63394431714262,-2.1316670536412285,85.64275612098346,-16.34467014488591,35.714285714285715,84,56.62833586461271,33.96615317856368,-0.028692631063383035,-0.010844693910085,,,
MR,MR TF15 EMA60 z2.5 TP1.0ATR,15,60.0,2.5,1.0,1.5,existing48,0.0,1.0,70205,18436,60.20828813191582,-0.017779412266273078,0.8930350823626582,-97.4758991424375,-4.285560435573399,97.80121973998337,-28.2033798075765,33.33333333333333,84,56.62833586461271,33.96615317856368,-0.028076302236619173,-0.010164105266124678,,,
MR,MR TF15 EMA60 z2.5 TP1.0ATR,15,60.0,2.5,1.0,1.5,existing48,0.0,2.0,70205,8251,59.45945945945946,-0.028514249859564467,0.8431268034241989,-99.6584275286868,-11.614695551161047,99.66424170059447,-48.13582874476838,23.91304347826087,46,55.956853714701246,34.21403466246515,-0.02380331238277076,-0.11791940226418691,,,
MR,MR TF15 EMA60 z2.5 TP1.0ATR,15,60.0,2.5,1.0,1.5,existing48,1.5,0.25,70205,18436,60.00759383814276,-0.036629412301310116,0.8764250398960113,-81.99128618012165,-2.0201661258858694,82.45949054596761,-9.957541297552563,21.428571428571427,84,56.62833586461271,33.96615317856368,-0.04030756215237681,-0.03390915012612038,,,
MR,MR TF15 EMA60 z2.5 TP1.0ATR,15,60.0,2.5,1.0,1.5,existing48,1.5,0.5,70205,18436,60.00759383814276,-0.03454926383010849,0.8655035787756525,-96.26650169923082,-3.838466502187321,96.47621874504667,-18.29598222980294,22.61904761904762,84,56.62833586461271,33.96615317856368,-0.04006206576218547,-0.030472141585947386,,,
MR,MR TF15 EMA60 z2.5 TP1.0ATR,15,60.0,2.5,1.0,1.5,existing48,1.5,1.0,70205,11793,59.66251165945901,-0.044992381652608715,0.8355305773649485,-99.67383375231947,-9.101374341707402,99.676422974348,-37.59635418457927,20.0,60,56.20283218858645,34.011701857033835,-0.03835661780824415,-0.058143106560858915,,,
MR,MR TF15 EMA60 z2.5 TP1.0ATR,15,60.0,2.5,1.0,1.5,existing48,1.5,2.0,70205,5212,58.92171910974674,-0.04921591882352389,0.7700419182538255,-99.67388076122612,-14.33686635341953,99.67854019791477,-39.98223204182369,18.91891891891892,37,55.39140445126631,34.036838066001536,-0.048026243168552446,-0.16726834920145967,,,
MR,MR TF15 EMA60 z2.5 TP1.0ATR,15,60.0,2.5,1.0,1.5,existing48,3.5,0.25,70205,18436,59.785202863961814,-0.05763394557960722,0.817072498305102,-93.1554204619723,-3.14209288928039,93.31708311338808,-11.445938586461835,11.904761904761903,84,56.62833586461271,33.96615317856368,-0.054491899205059216,-0.059957719827928344,,,
MR,MR TF15 EMA60 z2.5 TP1.0ATR,15,60.0,2.5,1.0,1.5,existing48,3.5,0.5,70205,14654,59.478640644192716,-0.07383728671340482,0.8017917854520213,-99.65595389425626,-8.002976937078776,99.65699305553593,-53.802369264337216,10.294117647058822,68,56.264501160092806,33.92930257950047,-0.054404447036979026,-0.09618391191643089,,,
MR,MR TF15 EMA60 z2.5 TP1.0ATR,15,60.0,2.5,1.0,1.5,existing48,3.5,1.0,70205,8086,59.238189463269855,-0.06564500064439488,0.7621535227391536,-99.65670224956344,-11.846992752202102,99.65875852709215,-48.9443815831621,8.88888888888889,45,56.01038832550087,34.19490477368291,-0.055426236626448605,-0.3886073892438422,,,
MR,MR TF15 EMA60 z2.5 TP1.0ATR,15,60.0,2.5,1.0,1.5,existing48,3.5,2.0,70205,4230,59.21985815602837,-0.061790334441568374,0.6809775032193627,-99.65776267482234,-18.352994083538597,99.66140215946515,-52.228690398006194,10.714285714285714,28,55.95744680851064,33.829787234042556,-0.060431033464482295,-5.810274166538616,,,
MR,MR TF15 EMA60 z2.5 TP2.0ATR,15,60.0,2.5,2.0,1.5,existing48,0.0,0.25,70205,14037,46.62677210230106,-0.02736508916597549,0.9135921051961554,-63.05633644374839,-1.1784489189352376,67.68769370493442,-9.127969560858329,32.142857142857146,84,30.270000712402933,43.8626487141127,-0.05624816502410943,-0.005745955778889426,,,
MR,MR TF15 EMA60 z2.5 TP2.0ATR,15,60.0,2.5,2.0,1.5,existing48,0.0,0.5,70205,14037,46.62677210230106,-0.028094819973635072,0.8873743761160926,-87.86257615916684,-2.4793147554612927,89.95407620352968,-17.621599966172287,32.142857142857146,84,30.270000712402933,43.8626487141127,-0.0555802427102745,-0.007521837260074242,,,
MR,MR TF15 EMA60 z2.5 TP2.0ATR,15,60.0,2.5,2.0,1.5,existing48,0.0,1.0,70205,14037,46.62677210230106,-0.025081452475774115,0.8521528178355766,-98.68164005446046,-5.022780257459347,99.22302477053674,-27.286100800190194,28.57142857142857,84,30.270000712402933,43.8626487141127,-0.05311492908906221,-0.004098248568294275,,,
MR,MR TF15 EMA60 z2.5 TP2.0ATR,15,60.0,2.5,2.0,1.5,existing48,0.0,2.0,70205,5009,45.797564384108604,-0.04415541051276889,0.8119221953557992,-99.67173962259032,-13.639868698646163,99.68313156531327,-49.574802827305106,17.94871794871795,39,28.30904372130166,43.60151726891595,-0.06318839374054146,0.01573231237528041,,,
MR,MR TF15 EMA60 z2.5 TP2.0ATR,15,60.0,2.5,2.0,1.5,existing48,1.5,0.25,70205,14037,46.20645437059201,-0.04640810296433711,0.8646285009966669,-81.02984011945166,-1.9594797778805906,81.65109958104154,-9.849678388719262,22.61904761904762,84,30.270000712402933,43.8626487141127,-0.06706623210902803,-0.030945385222627127,,,
MR,MR TF15 EMA60 z2.5 TP2.0ATR,15,60.0,2.5,2.0,1.5,existing48,1.5,0.5,70205,14037,46.20645437059201,-0.04619809784639607,0.8391907201988997,-96.57511387433289,-3.937184512972469,96.7625310954814,-17.93381138115815,20.238095238095237,84,30.270000712402933,43.8626487141127,-0.06799775693798653,-0.029880938967302033,,,
MR,MR TF15 EMA60 z2.5 TP2.0ATR,15,60.0,2.5,2.0,1.5,existing48,1.5,1.0,70205,8087,45.505131692840365,-0.056929245810380676,0.8133983502096743,-99.67111248347264,-9.87289792727607,99.67714869699475,-54.30247004348103,16.363636363636363,55,28.947693829603065,44.05836527760603,-0.06282387946620295,-0.039883599208919616,,,
MR,MR TF15 EMA60 z2.5 TP2.0ATR,15,60.0,2.5,2.0,1.5,existing48,1.5,2.0,70205,3264,45.15931372549019,-0.07964463637225677,0.7637705047250535,-99.67620846321277,-17.93705736330855,99.68673595320412,-58.04849845531223,6.896551724137931,29,27.083333333333332,43.16789215686275,-0.07736124260303257,-0.9054720495750167,,,
MR,MR TF15 EMA60 z2.5 TP2.0ATR,15,60.0,2.5,2.0,1.5,existing48,3.5,0.25,70205,14037,45.60803590510793,-0.06683385327124892,0.8152738869952971,-90.71995131697479,-2.7904502480864735,90.87173140512348,-10.182898071987056,16.666666666666664,84,30.270000712402933,43.8626487141127,-0.0827828280055398,-0.05489596224255512,,,
MR,MR TF15 EMA60 z2.5 TP2.0ATR,15,60.0,2.5,2.0,1.5,existing48,3.5,0.5,70205,12177,45.4463332512113,-0.08056229192541325,0.7919149314329967,-99.50287018369457,-6.741077739426348,99.65704295581742,-42.77354340677514,17.105263157894736,76,29.761024882976102,43.836741397717006,-0.08186776390011082,-0.07929047268158096,,,
MR,MR TF15 EMA60 z2.5 TP2.0ATR,15,60.0,2.5,2.0,1.5,existing48,3.5,1.0,70205,5251,44.867644258236524,-0.10172903117945412,0.7563209587156323,-99.65759673003672,-12.930354122678311,99.663341661423,-53.49625499080527,4.878048780487805,41,27.232908017520472,43.61074081127405,-0.09810499471647703,-2.2125289355045528,,,
MR,MR TF15 EMA60 z2.5 TP2.0ATR,15,60.0,2.5,2.0,1.5,existing48,3.5,2.0,70205,2768,45.122832369942195,-0.09201198812754756,0.7094134399418449,-99.66095313539711,-21.0968838099475,99.670974935511,-54.27275928431084,8.333333333333332,24,27.74566473988439,43.171965317919074,-0.09005350560389956,-5.511133131061545,,,
VB,VB TF15 N20 pq0.25 SL1.0ATR R1.5,15,,,,1.0,existing48,0.0,0.25,6827,4925,36.690355329949234,-0.172522139162448,0.721805719704264,-88.25034444705821,-2.517003433898657,88.36600082832811,-7.561011146235752,10.714285714285714,84,36.629441624365484,63.28934010152284,-0.14599168225389186,-0.19239171786278353,20.0,0.25,1.5
VB,VB TF15 N20 pq0.25 SL1.0ATR R1.5,15,,,,1.0,existing48,0.0,0.5,6827,4925,36.690355329949234,-0.16405316494516328,0.7170897008167895,-98.34784968152603,-4.76725464903438,98.37913039157637,-12.042427275872969,10.714285714285714,84,36.629441624365484,63.28934010152284,-0.14776032980874973,-0.17625543387367754,20.0,0.25,1.5
VB,VB TF15 N20 pq0.25 SL1.0ATR R1.5,15,,,,1.0,existing48,0.0,1.0,6827,3451,37.06172124022022,-0.15938847062049852,0.6848429981535912,-99.6573068897558,-7.896954499604991,99.66657960985796,-20.027601073394187,14.492753623188406,69,37.003767024051,62.90930165169516,-0.14578681031150523,-0.18076395615825328,20.0,0.25,1.5
VB,VB TF15 N20 pq0.25 SL1.0ATR R1.5,15,,,,1.0,existing48,0.0,2.0,6827,2018,38.255698711595635,-0.13113592521515113,0.646120416972905,-99.6602606976279,-10.953834997112722,99.67349633040048,-30.254892472534046,18.367346938775512,49,38.156590683845394,61.694747274529234,-0.1300170346802102,-0.1658570521327626,20.0,0.25,1.5
VB,VB TF15 N20 pq0.25 SL1.0ATR R1.5,15,,,,1.0,existing48,1.5,0.25,6827,4925,36.690355329949234,-0.20994313435496056,0.6804424130536266,-92.58648398221382,-3.049978996170677,92.65318000885443,-8.167598670466447,7.142857142857142,84,36.629441624365484,63.28934010152284,-0.16999285018209112,-0.23986328681255345,20.0,0.25,1.5
VB,VB TF15 N20 pq0.25 SL1.0ATR R1.5,15,,,,1.0,existing48,1.5,0.5,6827,4805,36.62851196670135,-0.2325228751669959,0.6772906215550969,-99.65641470845547,-6.607141226205693,99.66076245745442,-32.49751730104552,7.228915662650602,83,36.56607700312175,63.35067637877211,-0.17083121963125786,-0.2807824083735506,20.0,0.25,1.5
VB,VB TF15 N20 pq0.25 SL1.0ATR R1.5,15,,,,1.0,existing48,1.5,1.0,6827,3019,37.66147731036767,-0.1826075288515661,0.6395028527543607,-99.65775139818055,-8.488834043900928,99.66638140993807,-19.422432500744712,9.375,64,37.59523020867837,62.30539913878768,-0.16550523624094715,-0.22224350150628625,20.0,0.25,1.5
VB,VB TF15 N20 pq0.25 SL1.0ATR R1.5,15,,,,1.0,existing48,1.5,2.0,6827,1725,37.85507246376811,-0.15546796959859613,0.5984461629490606,-99.66248793637132,-11.880282627378447,99.67499962848473,-31.105763154484876,15.555555555555555,45,37.79710144927536,62.08695652173913,-0.15330377837048656,-0.2310794006306753,20.0,0.25,1.5
VB,VB TF15 N20 pq0.25 SL1.0ATR R1.5,15,,,,1.0,existing48,3.5,0.25,6827,4925,36.690355329949234,-0.2559128427379136,0.6308483857626667,-95.78888568327955,-3.7005572160430322,95.81979217121703,-9.771045103335197,3.571428571428571,84,36.629441624365484,63.28934010152284,-0.2030024049122311,-0.29553930345324186,20.0,0.25,1.5
VB,VB TF15 N20 pq0.25 SL1.0ATR R1.5,15,,,,1.0,existing48,3.5,0.5,6827,4039,36.989353800445656,-0.2768897049424021,0.630012759471792,-99.65803119648291,-7.483542941507504,99.66205551970057,-27.89030737388498,4.10958904109589,73,36.915077989601386,62.985887595939595,-0.20120654398403617,-0.35959218497410883,20.0,0.25,1.5
VB,VB TF15 N20 pq0.25 SL1.0ATR R1.5,15,,,,1.0,existing48,3.5,1.0,6827,2714,38.09874723655122,-0.20392449815439168,0.5798745964285625,-99.65689395100532,-9.4763824104956,99.66494724494964,-26.899134252842593,7.017543859649122,57,38.025055268975684,61.86440677966102,-0.19070379446701663,-0.25001121563649753,20.0,0.25,1.5
VB,VB TF15 N20 pq0.25 SL1.0ATR R1.5,15,,,,1.0,existing48,3.5,2.0,6827,1468,37.87465940054496,-0.18343520366991012,0.5324545863205166,-99.65707486611103,-13.87349496904584,99.66892006849037,-33.46219697007915,10.526315789473683,38,37.80653950953678,62.05722070844687,-0.19060737516396667,-0.08317117359993514,20.0,0.25,1.5
VB,VB TF15 N20 pq0.25 SL1.0ATR R2.5,15,,,,1.0,existing48,0.0,0.25,6827,4291,25.89140060591937,-0.1848457195447642,0.7567179237076438,-86.56169183701262,-2.3610388615544986,86.73335404594596,-7.337471125886674,16.666666666666664,84,25.821486832906082,74.08529480307621,-0.13977844907588183,-0.2186461723964261,20.0,0.25,2.5
VB,VB TF15 N20 pq0.25 SL1.0ATR R2.5,15,,,,1.0,existing48,0.0,0.5,6827,4291,25.89140060591937,-0.1767902170753356,0.7600738304313552,-97.94298909528885,-4.518444998460758,97.98530067633206,-14.091453315238322,16.666666666666664,84,25.821486832906082,74.08529480307621,-0.14246763908823384,-0.20253215056566187,20.0,0.25,2.5
VB,VB TF15 N20 pq0.25 SL1.0ATR R2.5,15,,,,1.0,existing48,0.0,1.0,6827,3374,26.348547717842326,-0.15982147581312445,0.7455812342287788,-99.65561158390422,-7.782152894699069,99.66566231660741,-26.782175339624835,20.0,70,26.259632483698876,73.62181387077653,-0.14004371635402466,-0.1835161335624954,20.0,0.25,2.5
VB,VB TF15 N20 pq0.25 SL1.0ATR R2.5,15,,,,1.0,existing48,0.0,2.0,6827,1992,27.40963855421687,-0.12744287636499924,0.7421777641202164,-99.65989329260073,-10.353969997841583,99.67465825538362,-28.622664866001013,25.0,52,27.309236947791167,72.54016064257029,-0.1241446246602334,-0.16708656842424313,20.0,0.25,2.5
VB,VB TF15 N20 pq0.25 SL1.0ATR R2.5,15,,,,1.0,existing48,1.5,0.25,6827,4291,25.89140060591937,-0.22250474710893736,0.7219521126451575,-91.02533267359033,-2.829165411972856,91.13394878687507,-8.087687254523457,16.666666666666664,84,25.821486832906082,74.08529480307621,-0.1649302057029096,-0.2656856531634582,20.0,0.25,2.5
VB,VB TF15 N20 pq0.25 SL1.0ATR R2.5,15,,,,1.0,existing48,1.5,0.5,6827,4291,25.89140060591937,-0.21800534716187692,0.7280136909685156,-99.15096142560321,-5.519023319514393,99.1741883497977,-14.930530332415003,15.476190476190476,84,25.821486832906082,74.08529480307621,-0.16724458173426346,-0.25607592123258704,20.0,0.25,2.5
VB,VB TF15 N20 pq0.25 SL1.0ATR R2.5,15,,,,1.0,existing48,1.5,1.0,6827,2827,26.529890343119916,-0.19256134331935418,0.7081923170458033,-99.65808984713915,-8.125980680671397,99.66735812170204,-23.115160874322726,19.402985074626866,67,26.459143968871597,73.43473646975592,-0.16222398566196433,-0.24902936025451608,20.0,0.25,2.5
VB,VB TF15 N20 pq0.25 SL1.0ATR R2.5,15,,,,1.0,existing48,1.5,2.0,6827,1449,26.36300897170462,-0.17977368089222312,0.6999234263517066,-99.65491275850668,-12.351894640911853,99.66877263367455,-31.441395574098884,23.25581395348837,43,26.293995859213247,73.56797791580401,-0.17860872329479707,-0.21530488761371794,20.0,0.25,2.5
VB,VB TF15 N20 pq0.25 SL1.0ATR R2.5,15,,,,1.0,existing48,3.5,0.25,6827,4291,25.89140060591937,-0.27053251226226815,0.6826719992360885,-94.63619386550613,-3.422784565456749,94.69197636346514,-9.225876276538825,11.904761904761903,84,25.821486832906082,74.08529480307621,-0.19581253617962802,-0.32657249432424823,20.0,0.25,2.5
VB,VB TF15 N20 pq0.25 SL1.0ATR R2.5,15,,,,1.0,existing48,3.5,0.5,6827,3733,26.145191534958478,-0.2988267104826546,0.6900120726980119,-99.66268371975124,-7.308374697700792,99.66684305045374,-29.14324205564881,13.333333333333334,75,26.06482721671578,73.82802035896063,-0.19665209431951153,-0.3980342707382091,20.0,0.25,2.5
VB,VB TF15 N20 pq0.25 SL1.0ATR R2.5,15,,,,1.0,existing48,3.5,1.0,6827,2483,26.94321385420862,-0.22032062259674837,0.6599099131376082,-99.65816185046063,-9.176057907916224,99.66643870971939,-27.419863948270674,18.64406779661017,59,26.862666129681838,73.01651228352799,-0.19047676926831253,-0.3055424335765521,20.0,0.25,2.5
VB,VB TF15 N20 pq0.25 SL1.0ATR R2.5,15,,,,1.0,existing48,3.5,2.0,6827,1366,26.57393850658858,-0.19149240784111077,0.6487168349608331,-99.6556403669207,-13.218868997525423,99.6680669932696,-34.9252638405835,22.5,40,26.500732064421666,73.35285505124452,-0.19002355530259232,-0.23562475002114225,20.0,0.25,2.5
VB,VB TF15 N20 pq0.25 SL1.5ATR R1.5,15,,,,1.5,existing48,0.0,0.25,6827,4098,37.896534895070765,-0.11810131120965867,0.8202726714870782,-70.63339156951177,-1.4481171186575215,71.07399961337204,-5.598105036365819,20.238095238095237,84,37.79892630551488,62.0546608101513,-0.05763511194974126,-0.16289869927647938,20.0,0.25,1.5
VB,VB TF15 N20 pq0.25 SL1.5ATR R1.5,15,,,,1.5,existing48,0.0,0.5,6827,4098,37.896534895070765,-0.11778656943113605,0.8357761742032573,-91.58550895655765,-2.903692901948929,91.8336662701595,-11.059240268752058,19.047619047619047,84,37.79892630551488,62.0546608101513,-0.05864039810353975,-0.16160599287859906,20.0,0.25,1.5
VB,VB TF15 N20 pq0.25 SL1.5ATR R1.5,15,,,,1.5,existing48,0.0,1.0,6827,4098,37.896534895070765,-0.11064304658128317,0.8510876795800965,-99.14368144227532,-5.509419702421692,99.1914974224151,-20.840410613055138,17.857142857142858,84,37.79892630551488,62.0546608101513,-0.05835304887873169,-0.14938295991741304,20.0,0.25,1.5
VB,VB TF15 N20 pq0.25 SL1.5ATR R1.5,15,,,,1.5,existing48,0.0,2.0,6827,2741,38.74498358263408,-0.09236316862661158,0.8443487179149038,-99.6590230244099,-8.247681716100796,99.68202525011725,-35.837157590662784,22.727272727272727,66,38.63553447646844,61.18205034658884,-0.05720079341210968,-0.15387087411717454,20.0,0.25,1.5
VB,VB TF15 N20 pq0.25 SL1.5ATR R1.5,15,,,,1.5,existing48,1.5,0.25,6827,4098,37.896534895070765,-0.14511739572020313,0.7893520065795234,-77.73288257248039,-1.7722728443034796,78.04176655398575,-6.037252318825903,15.476190476190476,84,37.79892630551488,62.0546608101513,-0.073152710215252,-0.19843362831180666,20.0,0.25,1.5
VB,VB TF15 N20 pq0.25 SL1.5ATR R1.5,15,,,,1.5,existing48,1.5,0.5,6827,4098,37.896534895070765,-0.14427230004850258,0.809394023998923,-95.1028007550938,-3.5273651332141553,95.23674657965486,-11.82009483784423,13.095238095238097,84,37.79892630551488,62.0546608101513,-0.07475094312134682,-0.19577835207949654,20.0,0.25,1.5
VB,VB TF15 N20 pq0.25 SL1.5ATR R1.5,15,,,,1.5,existing48,1.5,1.0,6827,3687,38.05261730404123,-0.1474972129946623,0.8249524629413607,-99.66061086142916,-7.030117671280511,99.67157874380183,-31.23699399858707,14.102564102564102,78,37.94412801735829,61.8931380526173,-0.07581252432572944,-0.21184003185138844,20.0,0.25,1.5
VB,VB TF15 N20 pq0.25 SL1.5ATR R1.5,15,,,,1.5,existing48,1.5,2.0,6827,2527,39.414325286901466,-0.10098714389928516,0.8103146414516144,-99.65677948959085,-8.882968759362008,99.67900180527086,-36.06436986492654,14.754098360655737,61,39.29560743965176,60.50652948159873,-0.07339812977944149,-0.16243700421219365,20.0,0.25,1.5
VB,VB TF15 N20 pq0.25 SL1.5ATR R1.5,15,,,,1.5,existing48,3.5,0.25,6827,4098,37.896534895070765,-0.17999569604691532,0.751528611447638,-84.42164757288364,-2.189121181075304,84.61950462747497,-6.50323935224052,10.714285714285714,84,37.79892630551488,62.0546608101513,-0.09614526798467211,-0.24211767843457552,20.0,0.25,1.5
VB,VB TF15 N20 pq0.25 SL1.5ATR R1.5,15,,,,1.5,existing48,3.5,0.5,6827,4098,37.896534895070765,-0.17303664537368885,0.7768562074371087,-97.27761368367057,-4.199351389806482,97.34229834174671,-12.8493520234358,10.714285714285714,84,37.79892630551488,62.0546608101513,-0.09733309597294319,-0.22912287738511633,20.0,0.25,1.5
VB,VB TF15 N20 pq0.25 SL1.5ATR R1.5,15,,,,1.5,existing48,3.5,1.0,6827,3203,38.24539494224165,-0.171002366498924,0.7891666149079158,-99.66031779094223,-7.800278027230467,99.67059402657601,-33.46724849620743,12.857142857142856,70,38.12051201998127,61.692163596628156,-0.09783732876422885,-0.2584594095484841,20.0,0.25,1.5
VB,VB TF15 N20 pq0.25 SL1.5ATR R1.5,15,,,,1.5,existing48,3.5,2.0,6827,2240,39.91071428571429,-0.11612758211182594,0.7626557268675839,-99.66331830186842,-9.667671434551494,99.68386020457099,-31.017747590072197,12.5,56,39.77678571428571,60.0,-0.0931711462206255,-0.1968453728260468,20.0,0.25,1.5
VB,VB TF15 N20 pq0.25 SL1.5ATR R2.5,15,,,,1.5,existing48,0.0,0.25,6827,3545,26.939351198871652,-0.12496079854474784,0.8349916687698482,-67.66530526223833,-1.3350901526883674,68.48994548414464,-6.451509221671914,26.190476190476193,84,26.713681241184766,72.94781382228491,-0.06425568046287483,-0.170474655586389,20.0,0.25,2.5
VB,VB TF15 N20 pq0.25 SL1.5ATR R2.5,15,,,,1.5,existing48,0.0,0.5,6827,3545,26.939351198871652,-0.12479230472548948,0.8463989562256959,-89.9620361432207,-2.699554462889675,90.46395153583036,-12.504097297013029,25.0,84,26.713681241184766,72.94781382228491,-0.06572134404017536,-0.1690809470162062,20.0,0.25,2.5
VB,VB TF15 N20 pq0.25 SL1.5ATR R2.5,15,,,,1.5,existing48,0.0,1.0,6827,3545,26.939351198871652,-0.11308058015291651,0.8584312160651013,-98.67701959120645,-5.018824398461453,98.77689814697337,-23.607588409190306,25.0,84,26.713681241184766,72.94781382228491,-0.06736224777235336,-0.14735804653301293,20.0,0.25,2.5
VB,VB TF15 N20 pq0.25 SL1.5ATR R2.5,15,,,,1.5,existing48,0.0,2.0,6827,2368,27.407094594594593,-0.09924454710868384,0.852734776470077,-99.61636813517292,-7.9679650477239905,99.65475392311241,-39.719534610805475,28.35820895522388,67,27.153716216216218,72.42398648648648,-0.0650687063690597,-0.16039072152975456,20.0,0.25,2.5
VB,VB TF15 N20 pq0.25 SL1.5ATR R2.5,15,,,,1.5,existing48,1.5,0.25,6827,3545,26.939351198871652,-0.15253467837052884,0.8067878864251837,-74.67286517490489,-1.621582094746754,75.11786995705252,-6.912337027678306,25.0,84,26.713681241184766,72.94781382228491,-0.08205696114869059,-0.20537557297071266,20.0,0.25,2.5
VB,VB TF15 N20 pq0.25 SL1.5ATR R2.5,15,,,,1.5,existing48,1.5,0.5,6827,3545,26.939351198871652,-0.1510591836344974,0.8237608510971117,-93.68860109083109,-3.2355613973684805,93.8848037305104,-13.30840125569911,22.61904761904762,84,26.713681241184766,72.94781382228491,-0.08312072171018914,-0.2019962634286851,20.0,0.25,2.5
VB,VB TF15 N20 pq0.25 SL1.5ATR R2.5,15,,,,1.5,existing48,1.5,1.0,6827,3232,26.825495049504948,-0.1652636003822093,0.8367217120855013,-99.65606735240398,-6.928627364290807,99.65811664150613,-30.321583364420114,20.253164556962027,79,26.5779702970297,73.05074257425743,-0.08401889274679758,-0.23730721445003797,20.0,0.25,2.5
VB,VB TF15 N20 pq0.25 SL1.5ATR R2.5,15,,,,1.5,existing48,1.5,2.0,6827,2150,27.906976744186046,-0.11363026076662412,0.8256313327360313,-99.65864132263111,-9.328843683656718,99.66315017971013,-39.81373707881105,25.862068965517242,58,27.62790697674419,71.90697674418604,-0.08144508279104502,-0.1911093183655221,20.0,0.25,2.5
VB,VB TF15 N20 pq0.25 SL1.5ATR R2.5,15,,,,1.5,existing48,3.5,0.25,6827,3545,26.939351198871652,-0.18768827937801688,0.7738811479819524,-81.4496433752162,-1.9855949916992688,81.5617588828604,-7.519924420893509,20.238095238095237,84,26.713681241184766,72.94781382228491,-0.10580100424293286,-0.24908352662885236,20.0,0.25,2.5
VB,VB TF15 N20 pq0.25 SL1.5ATR R2.5,15,,,,1.5,existing48,3.5,0.5,6827,3545,26.939351198871652,-0.1833355496207535,0.7959737964319139,-96.42633585012341,-3.8885424386910006,96.47076055174912,-14.282734312474188,20.238095238095237,84,26.713681241184766,72.94781382228491,-0.10523672607560239,-0.24189039313757704,20.0,0.25,2.5
VB,VB TF15 N20 pq0.25 SL1.5ATR R2.5,15,,,,1.5,existing48,3.5,1.0,6827,2991,27.415580073553997,-0.17361617252484218,0.808978832718654,-99.62811818160388,-7.187729035382262,99.65130223103174,-29.248010827380533,24.0,75,27.148110999665665,72.45068538950183,-0.10623097467595968,-0.2431529357941713,20.0,0.25,2.5
VB,VB TF15 N20 pq0.25 SL1.5ATR R2.5,15,,,,1.5,existing48,3.5,2.0,6827,1972,28.448275862068968,-0.12585467064917435,0.7877553722692557,-99.65468770287208,-9.62683320570501,99.65866000031225,-33.46691151162635,23.214285714285715,56,28.14401622718053,71.34888438133873,-0.10334024423527452,-0.20135006518055157,20.0,0.25,2.5
VB,VB TF15 N20 pq0.5 SL1.0ATR R1.5,15,,,,1.0,existing48,0.0,0.25,12608,8879,37.05372226602095,-0.1414908532942526,0.7410545906706038,-95.79257832294537,-3.701562925655899,95.82448776189113,-8.838290581143804,3.571428571428571,84,36.929834440815405,62.85617749746593,-0.14061654712257204,-0.14216727914381685,20.0,0.5,1.5
VB,VB TF15 N20 pq0.5 SL1.0ATR R1.5,15,,,,1.0,existing48,0.0,0.5,12608,7098,37.30628346012961,-0.15571247682008235,0.7168487801555281,-99.65483116941112,-7.779170884386389,99.65770950367472,-42.39414087741656,4.285714285714286,70,37.16539870386024,62.60918568610876,-0.13889475182788089,-0.17590939120606564,20.0,0.5,1.5
VB,VB TF15 N20 pq0.5 SL1.0ATR R1.5,15,,,,1.0,existing48,0.0,1.0,12608,3640,37.857142857142854,-0.14973956955686427,0.6509340255741437,-99.66118573739813,-11.630272687487508,99.66683189551459,-41.626794845933205,6.521739130434782,46,37.66483516483517,62.06043956043956,-0.14562351711329652,-0.5110486608836994,20.0,0.5,1.5
VB,VB TF15 N20 pq0.5 SL1.0ATR R1.5,15,,,,1.0,existing48,0.0,2.0,12608,1779,37.268128161888704,-0.15056042575158674,0.5867396558391161,-99.66199532572382,-18.389274338634344,99.66969910766433,-45.161742197362656,10.714285714285714,28,37.04328274311411,62.563237774030355,-0.14863383761046056,-0.3390449655584333,20.0,0.5,1.5
VB,VB TF15 N20 pq0.5 SL1.0ATR R1.5,15,,,,1.0,existing48,1.5,0.25,12608,8879,37.05372226602095,-0.1867971595597282,0.7005871838398811,-98.46850283832185,-4.853188200316472,98.48809076501234,-13.279974063924838,3.571428571428571,84,36.929834440815405,62.85617749746593,-0.16248214358407456,-0.2056089967298653,20.0,0.5,1.5
VB,VB TF15 N20 pq0.5 SL1.0ATR R1.5,15,,,,1.0,existing48,1.5,0.5,12608,6232,37.596277278562255,-0.1786658225836362,0.6744997577780999,-99.657975507011,-8.010949656042943,99.66052868414653,-22.08601958171833,4.411764705882353,68,37.46790757381258,62.323491655969185,-0.15721456667018005,-0.21388443816346486,20.0,0.5,1.5
VB,VB TF15 N20 pq0.5 SL1.0ATR R1.5,15,,,,1.0,existing48,1.5,1.0,12608,3169,37.83527926790786,-0.17152401774840864,0.6014375335083095,-99.65835665646098,-12.108912109026015,99.66343847333472,-34.25180993007791,9.090909090909092,44,37.677500788892395,62.070053644682865,-0.17027187498673463,-0.21436121289501134,20.0,0.5,1.5
VB,VB TF15 N20 pq0.5 SL1.0ATR R1.5,15,,,,1.0,existing48,1.5,2.0,12608,1740,37.81609195402299,-0.1543927968982937,0.5314849633107158,-99.66050951359362,-18.376489018147534,99.66737050501408,-44.726931465483,3.571428571428571,28,37.58620689655172,62.01149425287357,-0.15353754063519,-0.21077392131981937,20.0,0.5,1.5
VB,VB TF15 N20 pq0.5 SL1.0ATR R1.5,15,,,,1.0,existing48,3.5,0.25,12608,7971,37.247522268222305,-0.2806309479824848,0.656223301469434,-99.65522693189442,-7.0113560336343745,99.65630270653159,-33.6005903500482,1.282051282051282,78,37.109522017312756,62.6646593902898,-0.1879198183012602,-0.3682517886987813,20.0,0.5,1.5
VB,VB TF15 N20 pq0.5 SL1.0ATR R1.5,15,,,,1.0,existing48,3.5,0.5,12608,5343,38.012352610892755,-0.20846008508040972,0.6220709938250022,-99.6582505369466,-9.32705503651614,99.6604025791763,-32.88363835277857,3.4482758620689653,58,37.86262399401086,61.89406700355605,-0.1789549697765193,-0.28619703172800665,20.0,0.5,1.5
VB,VB TF15 N20 pq0.5 SL1.0ATR R1.5,15,,,,1.0,existing48,3.5,1.0,12608,2515,37.335984095427435,-0.21824650600528514,0.5329438292713593,-99.65811347136356,-14.976400817252555,99.66241005322607,-41.00969569005215,5.714285714285714,35,37.137176938369784,62.54473161033797,-0.21473029793014006,-0.4252841862394262,20.0,0.5,1.5
VB,VB TF15 N20 pq0.5 SL1.0ATR R1.5,15,,,,1.0,existing48,3.5,2.0,12608,1476,38.00813008130081,-0.18071979719429904,0.47177239530631593,-99.65802672321865,-21.8763963075005,99.66371858895936,-49.82670642428,8.695652173913043,23,37.80487804878049,61.78861788617886,-0.180701056676566,-0.18144865138397126,20.0,0.5,1.5
VB,VB TF15 N20 pq0.5 SL1.0ATR R2.5,15,,,,1.0,existing48,0.0,0.25,12608,7604,25.8022093634929,-0.16542164145572855,0.7491880426486563,-95.85097783303303,-3.717585363344933,95.88711854187648,-10.328959082303879,7.142857142857142,84,25.631246712256704,74.09258285113098,-0.16475135406532576,-0.16593971156512125,20.0,0.5,2.5
VB,VB TF15 N20 pq0.5 SL1.0ATR R2.5,15,,,,1.0,existing48,0.0,0.5,12608,6281,26.062728864830444,-0.17348475581746328,0.7335311790451718,-99.66047048431406,-7.492614981359214,99.66230921627803,-34.84030047596474,8.21917808219178,73,25.887597516319055,73.84174494507243,-0.16112573594799207,-0.18729802313617433,20.0,0.5,2.5
VB,VB TF15 N20 pq0.5 SL1.0ATR R2.5,15,,,,1.0,existing48,0.0,1.0,12608,3093,26.22049789848044,-0.17264309191668217,0.6908921338082086,-99.65640167244213,-11.603332598799875,99.66009252582974,-36.970534264772446,10.869565217391305,46,26.02651147752991,73.6825088910443,-0.1675568102545394,-0.772628701831758,20.0,0.5,2.5
VB,VB TF15 N20 pq0.5 SL1.0ATR R2.5,15,,,,1.0,existing48,0.0,2.0,12608,1547,25.921137685843572,-0.1666666074058201,0.6429742373815149,-99.65653955382527,-17.77001101939556,99.66303377190212,-44.22980079680621,13.793103448275861,29,25.66257272139625,73.88493859082095,-0.1648811344517834,-0.2904323462651829,20.0,0.5,2.5
VB,VB TF15 N20 pq0.5 SL1.0ATR R2.5,15,,,,1.0,existing48,1.5,0.25,12608,7604,25.8022093634929,-0.19843415526499672,0.7194252602817847,-97.78848749302472,-4.436087620353479,97.82037850504037,-11.01096201202476,5.952380952380952,84,25.631246712256704,74.09258285113098,-0.18346502303127624,-0.21000390890332346,20.0,0.5,2.5
VB,VB TF15 N20 pq0.5 SL1.0ATR R2.5,15,,,,1.0,existing48,1.5,0.5,12608,5429,26.100571007552038,-0.20344142857718767,0.7011191238539453,-99.65718328880602,-7.788178741954665,99.65874148091045,-23.525011689231302,7.142857142857142,70,25.916375023024496,73.78891140173144,-0.1769427754774035,-0.24499442527812637,20.0,0.5,2.5
VB,VB TF15 N20 pq0.5 SL1.0ATR R2.5,15,,,,1.0,existing48,1.5,1.0,12608,2553,25.812769291030165,-0.21095369536856143,0.6488916618697396,-99.65785563586635,-12.93196049823483,99.66094020055077,-49.58146729814658,9.75609756097561,41,25.616921269095183,74.06972189580885,-0.2096312983205655,-0.25587896494431256,20.0,0.5,2.5
VB,VB TF15 N20 pq0.5 SL1.0ATR R2.5,15,,,,1.0,existing48,1.5,2.0,12608,1534,26.27118644067797,-0.16868779995062486,0.5957170063871002,-99.65614010900889,-18.949654376309976,99.66172120798232,-47.64688676696134,11.11111111111111,27,26.010430247718386,73.53324641460235,-0.17190571268517282,-0.08215520114341658,20.0,0.5,2.5
VB,VB TF15 N20 pq0.5 SL1.0ATR R2.5,15,,,,1.0,existing48,3.5,0.25,12608,7201,25.87140674906263,-0.3106903194158594,0.6830346975495429,-99.65907300567174,-6.693799549797507,99.65966186634843,-31.80657793074584,3.6585365853658534,82,25.704763227329536,74.0313845299264,-0.20906299463660347,-0.39738475627721637,20.0,0.5,2.5
VB,VB TF15 N20 pq0.5 SL1.0ATR R2.5,15,,,,1.0,existing48,3.5,0.5,12608,4757,26.466260248055494,-0.2332363911824156,0.6575647149908027,-99.66144630435224,-8.504353408914511,99.66259147452956,-37.14670767863845,6.25,64,26.29808702964053,73.42863149043515,-0.20522141286051393,-0.2976397567421272,20.0,0.5,2.5
VB,VB TF15 N20 pq0.5 SL1.0ATR R2.5,15,,,,1.0,existing48,3.5,1.0,12608,2110,25.59241706161137,-0.2553435859848225,0.5897371075710283,-99.65555503873098,-16.717787783166806,99.65785155912607,-51.126103644828255,9.67741935483871,31,25.355450236966824,74.26540284360189,-0.25244860121826657,-0.4967853155155859,20.0,0.5,2.5
VB,VB TF15 N20 pq0.5 SL1.0ATR R2.5,15,,,,1.0,existing48,3.5,2.0,12608,1436,26.67130919220056,-0.18226285629501565,0.5325692166428108,-99.65909857252342,-18.975589081195977,99.66346229496654,-51.90591216891707,11.11111111111111,27,26.46239554317549,73.11977715877437,-0.1857776778950997,-0.07838866049678812,20.0,0.5,2.5
VB,VB TF15 N20 pq0.5 SL1.5ATR R1.5,15,,,,1.5,existing48,0.0,0.25,12608,7222,37.815009692605926,-0.1078591947839621,0.8225147711784735,-86.09601033960269,-2.3214331429038615,86.25726694425101,-8.061220909612654,14.285714285714285,84,37.60731099418443,62.03267792855165,-0.08729748353815642,-0.12362250276937183,20.0,0.5,1.5
VB,VB TF15 N20 pq0.5 SL1.5ATR R1.5,15,,,,1.5,existing48,0.0,0.5,12608,7222,37.815009692605926,-0.10316792039696783,0.8249873197177867,-97.81103022744213,-4.447743049336128,97.85169227848009,-15.340370408441839,14.285714285714285,84,37.60731099418443,62.03267792855165,-0.08846261855544567,-0.1144415055171563,20.0,0.5,1.5
VB,VB TF15 N20 pq0.5 SL1.5ATR R1.5,15,,,,1.5,existing48,0.0,1.0,12608,5166,38.153310104529616,-0.10401011409892451,0.8096297953715006,-99.65945980559309,-7.9053664078038715,99.66106660550996,-23.538266000387363,15.942028985507244,69,37.92102206736353,61.71118854045683,-0.08697046425970219,-0.1302907551403235,20.0,0.5,1.5
VB,VB TF15 N20 pq0.5 SL1.5ATR R1.5,15,,,,1.5,existing48,0.0,2.0,12608,2484,38.405797101449274,-0.10221237223538329,0.7632575326937873,-99.65870569406695,-13.23826541489378,99.66213533589361,-37.935779214026425,17.5,40,38.12399355877617,61.39291465378422,-0.09992984973059056,-0.29543970841697476,20.0,0.5,1.5
VB,VB TF15 N20 pq0.5 SL1.5ATR R1.5,15,,,,1.5,existing48,1.5,0.25,12608,7222,37.815009692605926,-0.12850699975803273,0.7951479373076125,-90.41629424202166,-2.753182284394118,90.50110972160445,-8.536129118675461,9.523809523809524,84,37.60731099418443,62.03267792855165,-0.10145308029400099,-0.14924745562894157,20.0,0.5,1.5
VB,VB TF15 N20 pq0.5 SL1.5ATR R1.5,15,,,,1.5,existing48,1.5,0.5,12608,6941,37.84757239590837,-0.15851088223444304,0.7977313381885707,-99.65681159295585,-6.608441734365,99.65713188020786,-32.389001060371406,9.63855421686747,83,37.64587235268693,62.00835614464775,-0.10289558700680528,-0.20429452690043115,20.0,0.5,1.5
VB,VB TF15 N20 pq0.5 SL1.5ATR R1.5,15,,,,1.5,existing48,1.5,1.0,12608,4655,38.66809881847476,-0.11671600448933084,0.7788337695357667,-99.66636795850926,-8.525286353696826,99.66694871808427,-38.652795668583636,10.9375,64,38.431793770139635,61.203007518796994,-0.09905065567182748,-0.15311521763466648,20.0,0.5,1.5
VB,VB TF15 N20 pq0.5 SL1.5ATR R1.5,15,,,,1.5,existing48,1.5,2.0,12608,2296,38.67595818815331,-0.10844170350584356,0.7251013997921568,-99.66097025075618,-13.252704213678413,99.66232991102841,-37.20316336968218,17.5,40,38.37108013937282,61.14982578397212,-0.11193895659548918,-0.05332805810040632,20.0,0.5,1.5
VB,VB TF15 N20 pq0.5 SL1.5ATR R1.5,15,,,,1.5,existing48,3.5,0.25,12608,7222,37.815009692605926,-0.15420399954347142,0.7613946332553964,-93.96721689076662,-3.2875570424620304,94.00001996415035,-9.382279854135644,8.333333333333332,84,37.60731099418443,62.03267792855165,-0.12014321397135819,-0.1803161575627969,20.0,0.5,1.5
VB,VB TF15 N20 pq0.5 SL1.5ATR R1.5,15,,,,1.5,existing48,3.5,0.5,12608,6098,38.110856018366675,-0.1803593446869846,0.7636035864383846,-99.65854805649448,-7.4854598725317185,99.65854805649448,-39.95414341315495,8.21917808219178,73,37.89767136766153,61.75795342735323,-0.12190905996043716,-0.242162041155608,20.0,0.5,1.5
VB,VB TF15 N20 pq0.5 SL1.5ATR R1.5,15,,,,1.5,existing48,3.5,1.0,12608,4213,39.1644908616188,-0.12913686236590977,0.7387203784436226,-99.66784541792897,-9.371563642037684,99.66784541792897,-30.27532305132127,12.068965517241379,58,38.92713031094232,60.69309280797531,-0.11716617828571083,-0.16390620797049124,20.0,0.5,1.5
VB,VB TF15 N20 pq0.5 SL1.5ATR R1.5,15,,,,1.5,existing48,3.5,2.0,12608,1881,38.38383838383838,-0.13802101301322045,0.6715566861947054,-99.65739933517081,-17.238896374852462,99.65739933517081,-51.949121819038766,13.333333333333334,30,38.01169590643275,61.40350877192983,-0.1368472635105504,-0.23720284598883834,20.0,0.5,1.5
VB,VB TF15 N20 pq0.5 SL1.5ATR R2.5,15,,,,1.5,existing48,0.0,0.25,12608,6022,27.05081368316174,-0.11488817404349175,0.8421024242462274,-82.87772078657316,-2.079024112396244,83.41511593987269,-10.526038487287392,20.238095238095237,84,26.502822982397873,72.70009963467287,-0.0903841781721712,-0.13372134796280039,20.0,0.5,2.5
VB,VB TF15 N20 pq0.5 SL1.5ATR R2.5,15,,,,1.5,existing48,0.0,0.5,12608,6022,27.05081368316174,-0.11103936308889818,0.8498154003214476,-96.90374683328974,-4.052476990978637,97.07785145768506,-19.344638691821046,20.238095238095237,84,26.502822982397873,72.70009963467287,-0.09186169584957381,-0.1257788506558033,20.0,0.5,2.5
VB,VB TF15 N20 pq0.5 SL1.5ATR R2.5,15,,,,1.5,existing48,0.0,1.0,12608,4698,27.2669220945083,-0.11055012186780787,0.8487630944529891,-99.65676061408945,-8.00615288314086,99.66218002494503,-41.6081521259126,20.588235294117645,68,26.62835249042146,72.49893571732652,-0.09080546302801401,-0.13538038240780811,20.0,0.5,2.5
VB,VB TF15 N20 pq0.5 SL1.5ATR R2.5,15,,,,1.5,existing48,0.0,2.0,12608,2508,27.990430622009573,-0.09413579371395728,0.823547098303836,-99.65531880469955,-11.839113929738165,99.66633504559094,-52.24576074309872,24.444444444444443,45,27.073365231259967,71.69059011164273,-0.09102218843209627,-0.6917084997326606,20.0,0.5,2.5
VB,VB TF15 N20 pq0.5 SL1.5ATR R2.5,15,,,,1.5,existing48,1.5,0.25,12608,6022,27.05081368316174,-0.13609845263555334,0.8205011091546268,-87.54942649208643,-2.449736974711858,87.71480443542806,-10.963201469756411,19.047619047619047,84,26.502822982397873,72.70009963467287,-0.10300940133595841,-0.16152989088842848,20.0,0.5,2.5
VB,VB TF15 N20 pq0.5 SL1.5ATR R2.5,15,,,,1.5,existing48,1.5,0.5,12608,6022,27.05081368316174,-0.13745167113650988,0.8287403054541568,-98.6203956887254,-4.971424148103565,98.73431642290622,-20.632888014017503,20.238095238095237,84,26.502822982397873,72.70009963467287,-0.10623050075969293,-0.1614475016434497,20.0,0.5,2.5
VB,VB TF15 N20 pq0.5 SL1.5ATR R2.5,15,,,,1.5,existing48,1.5,1.0,12608,4051,27.326586028141197,-0.1304664692133044,0.8233262081478417,-99.6592455930071,-8.13062361287853,99.66414494498524,-33.255077369328745,20.8955223880597,67,26.66008392989385,72.45124660577635,-0.10549993060023767,-0.17602953166127905,20.0,0.5,2.5
VB,VB TF15 N20 pq0.5 SL1.5ATR R2.5,15,,,,1.5,existing48,1.5,2.0,12608,2349,28.182205193699446,-0.10131094267888094,0.7908848722989891,-99.66278861761691,-12.134990632015652,99.67274294069848,-47.13178135587989,22.727272727272727,44,27.24563644103874,71.47722435078757,-0.09728746790248063,-0.7723690571713612,20.0,0.5,2.5
VB,VB TF15 N20 pq0.5 SL1.5ATR R2.5,15,,,,1.5,existing48,3.5,0.25,12608,6022,27.05081368316174,-0.1619440095024577,0.791032180316622,-91.55345088498487,-2.8992973156904966,91.72942150369661,-11.469536626489008,16.666666666666664,84,26.502822982397873,72.70009963467287,-0.12518795593008047,-0.1901938163156475,20.0,0.5,2.5
VB,VB TF15 N20 pq0.5 SL1.5ATR R2.5,15,,,,1.5,existing48,3.5,0.5,12608,5465,27.08142726440988,-0.19921460868912508,0.8019115048320272,-99.65656567600412,-7.015994060545916,99.65880349056604,-41.875597641338224,15.384615384615385,78,26.495882891125344,72.68069533394328,-0.1255410124562666,-0.266912572643265,20.0,0.5,2.5
VB,VB TF15 N20 pq0.5 SL1.5ATR R2.5,15,,,,1.5,existing48,3.5,1.0,12608,3679,27.724925251427017,-0.146148582017278,0.7933820776456065,-99.66788218582398,-8.93207411521253,99.67211702319871,-37.86814595059509,18.0327868852459,61,26.991030171242187,72.03044305517804,-0.11986799840136872,-0.210909681191322,20.0,0.5,2.5
VB,VB TF15 N20 pq0.5 SL1.5ATR R2.5,15,,,,1.5,existing48,3.5,2.0,12608,1848,28.13852813852814,-0.13271560342187166,0.7448220789454364,-99.66563042309004,-13.9307393100922,99.67441085789041,-46.67300190981551,21.052631578947366,38,27.110389610389614,71.53679653679653,-0.12864568726388223,-0.44202923142906836,20.0,0.5,2.5
VB,VB TF15 N48 pq0.25 SL1.0ATR R1.5,15,,,,1.0,existing48,0.0,0.25,2983,2313,36.4461738002594,-0.17789416370816094,0.7175081228644975,-64.55290403042513,-1.2270863427962242,64.64234854229875,-4.847848392272103,20.238095238095237,84,36.40293990488543,63.51059230436662,-0.13967020794852822,-0.2083664081598961,48.0,0.25,1.5
VB,VB TF15 N48 pq0.25 SL1.0ATR R1.5,15,,,,1.0,existing48,0.0,0.5,2983,2313,36.4461738002594,-0.17887252857322478,0.717187646109785,-87.78720292207258,-2.472127234793109,87.8485181859658,-9.332961933052275,20.238095238095237,84,36.40293990488543,63.51059230436662,-0.14164758237320682,-0.2085483598096027,48.0,0.25,1.5
VB,VB TF15 N48 pq0.25 SL1.0ATR R1.5,15,,,,1.0,existing48,0.0,1.0,2983,2313,36.4461738002594,-0.16910116249413426,0.7075345298486947,-98.23650018577096,-4.693281445702802,98.25395626518166,-16.363262538724133,20.238095238095237,84,36.40293990488543,63.51059230436662,-0.14186915930028696,-0.1908105916137048,48.0,0.25,1.5
VB,VB TF15 N48 pq0.25 SL1.0ATR R1.5,15,,,,1.0,existing48,0.0,2.0,2983,1998,36.43643643643644,-0.134098397999049,0.6872243511546737,-99.6622692910665,-7.2142694612538865,99.66738439494914,-21.163143614422943,19.736842105263158,76,36.38638638638639,63.51351351351351,-0.13281928961107242,-0.13544856796413537,48.0,0.25,1.5
VB,VB TF15 N48 pq0.25 SL1.0ATR R1.5,15,,,,1.0,existing48,1.5,0.25,2983,2313,36.4461738002594,-0.21666730125784225,0.6731654203092686,-71.6741711319004,-1.4904433252030835,71.7372599298931,-5.20031055021729,17.857142857142858,84,36.40293990488543,63.51059230436662,-0.16412637843934547,-0.2585530718963642,48.0,0.25,1.5
VB,VB TF15 N48 pq0.25 SL1.0ATR R1.5,15,,,,1.0,existing48,1.5,0.5,2983,2313,36.4461738002594,-0.21737751069304348,0.677176138261664,-92.17689999643167,-2.987892560555816,92.21217963181311,-10.025089403040377,15.476190476190476,84,36.40293990488543,63.51059230436662,-0.1654033338455537,-0.25881146985817516,48.0,0.25,1.5
VB,VB TF15 N48 pq0.25 SL1.0ATR R1.5,15,,,,1.0,existing48,1.5,1.0,2983,2313,36.4461738002594,-0.19893150111561672,0.6664890353432742,-99.11085154019528,-5.467089958010208,99.11883507749002,-15.961899460779726,15.476190476190476,84,36.40293990488543,63.51059230436662,-0.16719887632759772,-0.22422883835921228,48.0,0.25,1.5
VB,VB TF15 N48 pq0.25 SL1.0ATR R1.5,15,,,,1.0,existing48,1.5,2.0,2983,1724,36.774941995359626,-0.15608536471910525,0.6445011780948039,-99.65855744569843,-7.793469553753917,99.6635060682128,-22.363865698241714,18.571428571428573,70,36.7169373549884,63.167053364269144,-0.15547528960492277,-0.1569821226949666,48.0,0.25,1.5
VB,VB TF15 N48 pq0.25 SL1.0ATR R1.5,15,,,,1.0,existing48,3.5,0.25,2983,2313,36.4461738002594,-0.26869312097014625,0.6209161387461641,-79.03703992579307,-1.842824072140381,79.08089108712386,-5.531709703784971,13.095238095238097,84,36.40293990488543,63.51059230436662,-0.19617295300260804,-0.3265064017274844,48.0,0.25,1.5
VB,VB TF15 N48 pq0.25 SL1.0ATR R1.5,15,,,,1.0,existing48,3.5,0.5,2983,2313,36.4461738002594,-0.2664688575543478,0.6282120716215218,-95.56566404262662,-3.6413256485766543,95.5844482584876,-10.704281591604136,13.095238095238097,84,36.40293990488543,63.51059230436662,-0.1990680291729827,-0.3202009864737577,48.0,0.25,1.5
VB,VB TF15 N48 pq0.25 SL1.0ATR R1.5,15,,,,1.0,existing48,3.5,1.0,2983,2114,36.23462630085147,-0.26321308504630114,0.6151649926768805,-99.66269563001144,-6.951550904555548,99.66554127434631,-31.30218316796036,13.924050632911392,79,36.18732261116367,63.71807000946074,-0.19983361068583674,-0.3229808614193125,48.0,0.25,1.5
VB,VB TF15 N48 pq0.25 SL1.0ATR R1.5,15,,,,1.0,existing48,3.5,2.0,2983,1434,37.58716875871688,-0.18849251320058666,0.5909467284951981,-99.65574793107125,-9.165224937470906,99.66043743416083,-23.928424224084043,18.64406779661017,59,37.58716875871688,62.34309623430963,-0.18071372430351348,-0.2080538793976384,48.0,0.25,1.5
VB,VB TF15 N48 pq0.25 SL1.0ATR R2.5,15,,,,1.0,existing48,0.0,0.25,2983,2087,24.72448490656445,-0.21914149459269894,0.7130773685558937,-68.50330335748393,-1.3659276573399048,68.70673193010536,-5.385455396337724,17.857142857142858,84,24.67656923814087,75.22759942501199,-0.16022818884734782,-0.2661300571423933,48.0,0.25,2.5
VB,VB TF15 N48 pq0.25 SL1.0ATR R2.5,15,,,,1.0,existing48,0.0,0.5,2983,2087,24.72448490656445,-0.21955466287635078,0.7197171102291264,-90.35607413916203,-2.745930257248408,90.48064638964779,-10.536203655586185,17.857142857142858,84,24.67656923814087,75.22759942501199,-0.1605151283461641,-0.266643904026181,48.0,0.25,2.5
VB,VB TF15 N48 pq0.25 SL1.0ATR R2.5,15,,,,1.0,existing48,0.0,1.0,2983,2087,24.72448490656445,-0.2063644932491154,0.7150864779814287,-98.86746535881194,-5.194409766694264,98.89626216356477,-20.06694691491643,16.666666666666664,84,24.67656923814087,75.22759942501199,-0.16232278210021522,-0.24149164615512883,48.0,0.25,2.5
VB,VB TF15 N48 pq0.25 SL1.0ATR R2.5,15,,,,1.0,existing48,0.0,2.0,2983,1746,25.20045819014891,-0.14952754013386765,0.7157770094278112,-99.66085240641144,-7.494041218767933,99.67290903351686,-25.38083912563378,17.80821917808219,73,25.143184421534936,74.74226804123711,-0.14445534080927477,-0.15525541400529813,48.0,0.25,2.5
VB,VB TF15 N48 pq0.25 SL1.0ATR R2.5,15,,,,1.0,existing48,1.5,0.25,2983,2087,24.72448490656445,-0.25713049412393396,0.6804169092432125,-74.16908296129343,-1.5985122680796882,74.328112948567,-5.647619057041863,14.285714285714285,84,24.67656923814087,75.22759942501199,-0.18164249287813988,-0.31733883964814186,48.0,0.25,2.5
VB,VB TF15 N48 pq0.25 SL1.0ATR R2.5,15,,,,1.0,existing48,1.5,0.5,2983,2087,24.72448490656445,-0.2558332230929052,0.6887005784673668,-93.39531624581423,-3.183223366407373,93.47661206931747,-11.04564186440663,13.095238095238097,84,24.67656923814087,75.22759942501199,-0.18623549660463468,-0.31134355446942413,48.0,0.25,2.5
VB,VB TF15 N48 pq0.25 SL1.0ATR R2.5,15,,,,1.0,existing48,1.5,1.0,2983,2087,24.72448490656445,-0.23002688482194306,0.6840844069805351,-99.3048883389356,-5.7437464817337025,99.32173591542367,-20.971846054823818,13.095238095238097,84,24.67656923814087,75.22759942501199,-0.18709346293453982,-0.26427007919553075,48.0,0.25,2.5
VB,VB TF15 N48 pq0.25 SL1.0ATR R2.5,15,,,,1.0,existing48,1.5,2.0,2983,1428,25.560224089635852,-0.18422010968612387,0.6795911517424544,-99.65761078974708,-8.488246722266412,99.669162741942,-26.488067492325772,15.625,64,25.560224089635852,74.36974789915966,-0.1688140103579553,-0.21263853195282528,48.0,0.25,2.5
VB,VB TF15 N48 pq0.25 SL1.0ATR R2.5,15,,,,1.0,existing48,3.5,0.25,2983,2087,24.72448490656445,-0.31009690127910444,0.6385232847588614,-80.40834911807167,-1.9218480044329023,80.52106811766734,-6.002880483035733,13.095238095238097,84,24.67656923814087,75.22759942501199,-0.21486583776653853,-0.38605208199627583,48.0,0.25,2.5
VB,VB TF15 N48 pq0.25 SL1.0ATR R2.5,15,,,,1.0,existing48,3.5,0.5,2983,2087,24.72448490656445,-0.3060653031833939,0.6497187547361016,-96.08833910149819,-3.7850861736111296,96.13330951975753,-11.73035191717191,11.904761904761903,84,24.67656923814087,75.22759942501199,-0.2199844017664905,-0.3747224217984263,48.0,0.25,2.5
VB,VB TF15 N48 pq0.25 SL1.0ATR R2.5,15,,,,1.0,existing48,3.5,1.0,2983,1886,24.973488865323436,-0.2914928550832694,0.643599876312388,-99.65688424429196,-7.104915126423772,99.66465461859377,-22.178012204655573,11.688311688311687,77,24.920466595970307,74.97348886532343,-0.21858056853289412,-0.3618228314849855,48.0,0.25,2.5
VB,VB TF15 N48 pq0.25 SL1.0ATR R2.5,15,,,,1.0,existing48,3.5,2.0,2983,1312,26.067073170731707,-0.20138733661240338,0.635134587944343,-99.6574130423072,-9.323228538558093,99.66806815829996,-27.93641363804875,17.24137931034483,58,26.067073170731707,73.85670731707317,-0.19455932024716852,-0.2177675002243399,48.0,0.25,2.5
VB,VB TF15 N48 pq0.25 SL1.5ATR R1.5,15,,,,1.5,existing48,0.0,0.25,2983,2024,36.31422924901186,-0.15153775922687104,0.7607889456457018,-53.90223619063169,-0.9176750248161336,54.34187698179812,-4.5447837677714205,26.190476190476193,84,36.26482213438735,63.63636363636363,-0.10216398340320523,-0.19107192136325818,48.0,0.25,1.5
VB,VB TF15 N48 pq0.25 SL1.5ATR R1.5,15,,,,1.5,existing48,0.0,0.5,2983,2024,36.31422924901186,-0.15328631598175524,0.7666155027331123,-79.45110904003059,-1.86613375339435,79.84470179812087,-8.979522935624884,26.190476190476193,84,36.26482213438735,63.63636363636363,-0.1038483648942838,-0.1928718640055313,48.0,0.25,1.5
VB,VB TF15 N48 pq0.25 SL1.5ATR R1.5,15,,,,1.5,existing48,0.0,1.0,2983,2024,36.31422924901186,-0.15049063550264297,0.7749104616986653,-95.78985661803556,-3.70082157070869,95.94888643250408,-17.08227860322141,25.0,84,36.26482213438735,63.63636363636363,-0.10373101277893913,-0.18793161455187202,48.0,0.25,1.5
VB,VB TF15 N48 pq0.25 SL1.5ATR R1.5,15,,,,1.5,existing48,0.0,2.0,2983,1842,35.88490770901194,-0.14348779756126268,0.7649501964631659,-99.65683387947757,-7.016925386723916,99.68010935159283,-34.12848586452143,20.51282051282051,78,35.83061889250814,64.06080347448425,-0.10177340959859474,-0.18334230835362056,48.0,0.25,1.5
VB,VB TF15 N48 pq0.25 SL1.5ATR R1.5,15,,,,1.5,existing48,1.5,0.25,2983,2024,36.31422924901186,-0.1788163237170298,0.7283554506337225,-59.8473619566259,-1.0804093429872985,60.2129922048622,-4.783504302757935,20.238095238095237,84,36.26482213438735,63.63636363636363,-0.11891907809933934,-0.22677675170272502,48.0,0.25,1.5
VB,VB TF15 N48 pq0.25 SL1.5ATR R1.5,15,,,,1.5,existing48,1.5,0.5,2983,2024,36.31422924901186,-0.18023132072795026,0.7379854157446105,-84.35692512226876,-2.184293357287981,84.64246485378042,-9.368846133980846,20.238095238095237,84,36.26482213438735,63.63636363636363,-0.1208360336029009,-0.22778982465370154,48.0,0.25,1.5
VB,VB TF15 N48 pq0.25 SL1.5ATR R1.5,15,,,,1.5,existing48,1.5,1.0,2983,2024,36.31422924901186,-0.1755909020426939,0.7463336875730177,-97.46059136030806,-4.2786706490238195,97.5529353259865,-17.663883538646807,20.238095238095237,84,36.26482213438735,63.63636363636363,-0.1225932032443195,-0.21802678186345628,48.0,0.25,1.5
VB,VB TF15 N48 pq0.25 SL1.5ATR R1.5,15,,,,1.5,existing48,1.5,2.0,2983,1744,36.4105504587156,-0.15171062645510272,0.7349095212307464,-99.65810689184802,-7.291716971242068,99.68076036445814,-33.98868671024643,21.333333333333336,75,36.353211009174316,63.53211009174312,-0.11794118026109579,-0.1877206994107973,48.0,0.25,1.5
VB,VB TF15 N48 pq0.25 SL1.5ATR R1.5,15,,,,1.5,existing48,3.5,0.25,2983,2024,36.31422924901186,-0.21379077294664606,0.6893727392155196,-66.36201427410656,-1.2886654260564456,66.64781376860034,-5.1215128747916445,15.476190476190476,84,36.26482213438735,63.63636363636363,-0.14064555526302855,-0.2723590077466956,48.0,0.25,1.5
VB,VB TF15 N48 pq0.25 SL1.5ATR R1.5,15,,,,1.5,existing48,3.5,0.5,2983,2024,36.31422924901186,-0.2145846858846026,0.7033975657016274,-88.95133797749124,-2.5883657109498692,89.13289122540635,-9.981086370788915,17.857142857142858,84,36.26482213438735,63.63636363636363,-0.1422387488280605,-0.27251292729998333,48.0,0.25,1.5
VB,VB TF15 N48 pq0.25 SL1.5ATR R1.5,15,,,,1.5,existing48,3.5,1.0,2983,2024,36.31422924901186,-0.20246213127998489,0.7138826143290382,-98.5201106599008,-4.892007517363384,98.57020798901863,-18.467371775755993,17.857142857142858,84,36.26482213438735,63.63636363636363,-0.14453893491068134,-0.24884191484971196,48.0,0.25,1.5
VB,VB TF15 N48 pq0.25 SL1.5ATR R1.5,15,,,,1.5,existing48,3.5,2.0,2983,1526,36.69724770642202,-0.1747615177672417,0.6921353199976268,-99.6603115168693,-7.492021804844384,99.68210652090629,-26.773938995776735,16.43835616438356,73,36.63171690694627,63.23722149410222,-0.1406644068535125,-0.2237829232342644,48.0,0.25,1.5
VB,VB TF15 N48 pq0.25 SL1.5ATR R2.5,15,,,,1.5,existing48,0.0,0.25,2983,1832,26.091703056768562,-0.15116335776526682,0.7953552412748893,-50.51339754576123,-0.8339652097679173,51.216544607946005,-4.913885917603245,32.142857142857146,84,25.87336244541485,73.85371179039302,-0.08479220634565485,-0.20423419986307043,48.0,0.25,2.5
VB,VB TF15 N48 pq0.25 SL1.5ATR R2.5,15,,,,1.5,existing48,0.0,0.5,2983,1832,26.091703056768562,-0.15181908538702377,0.8018379706587849,-76.21579338163544,-1.6951680511308687,76.89124656128222,-9.67764282925624,33.33333333333333,84,25.87336244541485,73.85371179039302,-0.08593687394658216,-0.20449896761936112,48.0,0.25,2.5
VB,VB TF15 N48 pq0.25 SL1.5ATR R2.5,15,,,,1.5,existing48,0.0,1.0,2983,1832,26.091703056768562,-0.15062478793423079,0.8086672300672556,-94.70362641191063,-3.437329223339991,95.00657489034842,-18.377360065296322,32.142857142857146,84,25.87336244541485,73.85371179039302,-0.08766070993430324,-0.2009713100284754,48.0,0.25,2.5
VB,VB TF15 N48 pq0.25 SL1.5ATR R2.5,15,,,,1.5,existing48,0.0,2.0,2983,1832,26.091703056768562,-0.1283594326947594,0.8048048216077422,-99.50031550721947,-6.113419362218242,99.54113964178052,-26.997375927401546,29.761904761904763,84,25.87336244541485,73.85371179039302,-0.08585328488347387,-0.16234764911753585,48.0,0.25,2.5
VB,VB TF15 N48 pq0.25 SL1.5ATR R2.5,15,,,,1.5,existing48,1.5,0.25,2983,1832,26.091703056768562,-0.17797286001701235,0.767693206785906,-56.232601296280784,-0.9788456310536597,56.710931093408966,-5.1931683519298,28.57142857142857,84,25.87336244541485,73.85371179039302,-0.09983282406671871,-0.24045418542323932,48.0,0.25,2.5
VB,VB TF15 N48 pq0.25 SL1.5ATR R2.5,15,,,,1.5,existing48,1.5,0.5,2983,1832,26.091703056768562,-0.178627368077376,0.777347243367853,-81.39452562358413,-1.9821331028471945,81.73074286300435,-10.22642089876925,27.380952380952383,84,25.87336244541485,73.85371179039302,-0.10216303926520048,-0.239768786204204,48.0,0.25,2.5
VB,VB TF15 N48 pq0.25 SL1.5ATR R2.5,15,,,,1.5,existing48,1.5,1.0,2983,1832,26.091703056768562,-0.1752760655478148,0.7880384432726426,-96.61981198096629,-3.9522067487054113,96.71282532847057,-19.012343674153175,28.57142857142857,84,25.87336244541485,73.85371179039302,-0.10366409851153703,-0.23253750087937677,48.0,0.25,2.5
VB,VB TF15 N48 pq0.25 SL1.5ATR R2.5,15,,,,1.5,existing48,1.5,2.0,2983,1579,25.965801139962004,-0.1627496724992043,0.7799163011670667,-99.66154114755635,-7.211640086812132,99.67397620732874,-34.96486827930381,25.0,76,25.71247625079164,73.97086763774541,-0.10242696871706226,-0.2269361834517058,48.0,0.25,2.5
VB,VB TF15 N48 pq0.25 SL1.5ATR R2.5,15,,,,1.5,existing48,3.5,0.25,2983,1832,26.091703056768562,-0.21565795605429033,0.731098601794728,-63.17117022207689,-1.1821113534772776,63.337151033699016,-5.495580170965997,26.190476190476193,84,25.87336244541485,73.85371179039302,-0.12639352972193155,-0.28703442268939844,48.0,0.25,2.5
VB,VB TF15 N48 pq0.25 SL1.5ATR R2.5,15,,,,1.5,existing48,3.5,0.5,2983,1832,26.091703056768562,-0.21412510556896847,0.7461133387644862,-86.55809915836336,-2.360728147938651,86.68460981873523,-10.74248010819332,26.190476190476193,84,25.87336244541485,73.85371179039302,-0.1268887833502817,-0.2838798858106296,48.0,0.25,2.5
VB,VB TF15 N48 pq0.25 SL1.5ATR R2.5,15,,,,1.5,existing48,3.5,1.0,2983,1832,26.091703056768562,-0.2107382587728586,0.7586072744315466,-98.22329616058009,-4.684817485314474,98.25586746197644,-20.01311988492187,25.0,84,25.87336244541485,73.85371179039302,-0.128024888971754,-0.27687645427197366,48.0,0.25,2.5
VB,VB TF15 N48 pq0.25 SL1.5ATR R2.5,15,,,,1.5,existing48,3.5,2.0,2983,1476,26.287262872628723,-0.17474502365838585,0.7451311104184138,-99.66237314407603,-7.4997359673513735,99.67452933396193,-28.57508920807591,23.28767123287671,73,26.0840108401084,73.6449864498645,-0.1246619453221638,-0.23632753992074948,48.0,0.25,2.5
VB,VB TF15 N48 pq0.5 SL1.0ATR R1.5,15,,,,1.0,existing48,0.0,0.25,6427,4822,38.09622563251763,-0.12595741543976177,0.7836329841629159,-78.47649354242088,-1.811983166314035,78.6177503746234,-6.452024294851633,9.523809523809524,84,38.013272501036916,61.7793446702613,-0.12055712507190919,-0.13027361766660514,48.0,0.5,1.5
VB,VB TF15 N48 pq0.5 SL1.0ATR R1.5,15,,,,1.0,existing48,0.0,0.5,6427,4822,38.09622563251763,-0.12373114601780294,0.7737636338864692,-95.27321204813698,-3.5680330593245935,95.33272514064363,-12.427010999847067,10.714285714285714,84,38.013272501036916,61.7793446702613,-0.12193040654572392,-0.12517039376003927,48.0,0.5,1.5
VB,VB TF15 N48 pq0.5 SL1.0ATR R1.5,15,,,,1.0,existing48,0.0,1.0,6427,4408,38.11252268602541,-0.12244011307510594,0.7409140679837316,-99.65707094712687,-6.932070073714924,99.65707094712687,-24.429880413504222,10.126582278481013,79,38.02177858439201,61.77404718693285,-0.1206585745033262,-0.12412416233404336,48.0,0.5,1.5
VB,VB TF15 N48 pq0.5 SL1.0ATR R1.5,15,,,,1.0,existing48,0.0,2.0,6427,2074,38.138862102217935,-0.12652073789293178,0.6975479868345006,-99.65719153272491,-11.607755080923987,99.65719153272491,-49.79325067955003,6.521739130434782,46,38.04243008678881,61.716489874638384,-0.12338060242406125,-0.33346579476075405,48.0,0.5,1.5
VB,VB TF15 N48 pq0.5 SL1.0ATR R1.5,15,,,,1.0,existing48,1.5,0.25,6427,4822,38.09622563251763,-0.15659300396368997,0.7435267306433462,-85.12110995033461,-2.242598455778,85.21383196315713,-7.145862416427084,4.761904761904762,84,38.013272501036916,61.7793446702613,-0.1411762852622455,-0.16891487391088927,48.0,0.5,1.5
VB,VB TF15 N48 pq0.5 SL1.0ATR R1.5,15,,,,1.0,existing48,1.5,0.5,6427,4822,38.09622563251763,-0.15285325203931455,0.7329755737160445,-97.65005052046433,-4.366986828254483,97.68010997492077,-13.437453636184438,4.761904761904762,84,38.013272501036916,61.7793446702613,-0.1432823596566566,-0.16050282348843897,48.0,0.5,1.5
VB,VB TF15 N48 pq0.5 SL1.0ATR R1.5,15,,,,1.0,existing48,1.5,1.0,6427,3761,38.31427811752194,-0.14591670585698543,0.6944804723444044,-99.66044278713593,-7.909224571752405,99.66044278713593,-36.54775459987394,5.797101449275362,69,38.20792342462111,61.57936718957724,-0.14090881028751245,-0.1525423465671838,48.0,0.5,1.5
VB,VB TF15 N48 pq0.5 SL1.0ATR R1.5,15,,,,1.0,existing48,1.5,2.0,6427,2033,38.56369896704378,-0.12933972232445842,0.6478913171553987,-99.65679391096896,-11.373214098121299,99.65679391096896,-36.547540915549426,6.382978723404255,47,38.51451057550418,61.28873585833743,-0.1261377590131912,-0.3121260850647989,48.0,0.5,1.5
VB,VB TF15 N48 pq0.5 SL1.0ATR R1.5,15,,,,1.0,existing48,3.5,0.25,6427,4822,38.09622563251763,-0.20071309661936465,0.6924350753921138,-91.25564389896883,-2.8592344283576265,91.30273109241135,-8.769732572823685,3.571428571428571,84,38.013272501036916,61.7793446702613,-0.16953841953760343,-0.22562957360038427,48.0,0.5,1.5
VB,VB TF15 N48 pq0.5 SL1.0ATR R1.5,15,,,,1.0,existing48,3.5,0.5,6427,4822,38.09622563251763,-0.2103628782721833,0.6834996536081378,-99.42134710287537,-5.9492808660322805,99.43482537600204,-15.496047535325985,3.571428571428571,84,38.013272501036916,61.7793446702613,-0.17192598874237028,-0.24108370565011591,48.0,0.5,1.5
VB,VB TF15 N48 pq0.5 SL1.0ATR R1.5,15,,,,1.0,existing48,3.5,1.0,6427,3130,38.594249201277954,-0.17608757246335577,0.6374462109834724,-99.6610455375775,-8.631626357259437,99.6610455375775,-26.199019999422134,6.349206349206349,63,38.498402555910545,61.277955271565496,-0.16393470393628878,-0.2024351882376245,48.0,0.5,1.5
VB,VB TF15 N48 pq0.5 SL1.0ATR R1.5,15,,,,1.0,existing48,3.5,2.0,6427,1565,37.57188498402556,-0.17026616885501875,0.5790204613200816,-99.6590298951375,-13.886452294431528,99.6590298951375,-38.988415033555334,5.263157894736842,38,37.50798722044728,62.23642172523962,-0.16675584659578957,-0.3780502441224681,48.0,0.5,1.5
VB,VB TF15 N48 pq0.5 SL1.0ATR R2.5,15,,,,1.0,existing48,0.0,0.25,6427,4219,25.977719838824363,-0.16494032040244333,0.7686753337544147,-82.86425223935866,-2.0781074975150027,82.99304154066319,-7.5615285705339375,15.476190476190476,84,25.835506044086276,73.88006636643755,-0.15383803934641752,-0.17382972683057155,48.0,0.5,2.5
VB,VB TF15 N48 pq0.5 SL1.0ATR R2.5,15,,,,1.0,existing48,0.0,0.5,6427,4219,25.977719838824363,-0.16057281025152742,0.7617067758089504,-96.91799927427451,-4.057746823587161,96.9534114064766,-14.580713569069392,15.476190476190476,84,25.835506044086276,73.88006636643755,-0.15631109624515935,-0.1639850917180005,48.0,0.5,2.5
VB,VB TF15 N48 pq0.5 SL1.0ATR R2.5,15,,,,1.0,existing48,0.0,1.0,6427,3515,26.31578947368421,-0.15142818979137482,0.7376298567101787,-99.65663577263913,-7.578209979973305,99.65899197192385,-35.976349671495925,13.88888888888889,72,26.145092460881937,73.57041251778094,-0.15473098884751732,-0.14764780478263576,48.0,0.5,2.5
VB,VB TF15 N48 pq0.5 SL1.0ATR R2.5,15,,,,1.0,existing48,0.0,2.0,6427,1788,26.39821029082774,-0.14341648659337475,0.7273159852317166,-99.65811414570467,-11.380481549968625,99.66183446482357,-45.47727609427744,12.76595744680851,47,26.34228187919463,73.43400447427292,-0.13950901440051633,-0.3804248861533036,48.0,0.5,2.5
VB,VB TF15 N48 pq0.5 SL1.0ATR R2.5,15,,,,1.0,existing48,1.5,0.25,6427,4219,25.977719838824363,-0.19896022128608315,0.7340101906143963,-88.02669590735016,-2.495118845235522,88.10547150443911,-7.833691011090782,11.904761904761903,84,25.835506044086276,73.88006636643755,-0.17641352037309632,-0.21701297882460782,48.0,0.5,2.5
VB,VB TF15 N48 pq0.5 SL1.0ATR R2.5,15,,,,1.0,existing48,1.5,0.5,6427,4219,25.977719838824363,-0.18740821099268076,0.7304647886993058,-98.24202289448314,-4.696840165263472,98.25947730792754,-14.825569297976148,10.714285714285714,84,25.835506044086276,73.88006636643755,-0.17805832439211833,-0.19489450517221776,48.0,0.5,2.5
VB,VB TF15 N48 pq0.5 SL1.0ATR R2.5,15,,,,1.0,existing48,1.5,1.0,6427,3042,26.232741617357004,-0.1782288399276332,0.7070109744618167,-99.65853540378569,-7.901748167665657,99.66060250850201,-27.63503811131227,11.594202898550725,69,26.035502958579883,73.63576594345825,-0.16942122182707933,-0.1923995874033098,48.0,0.5,2.5
VB,VB TF15 N48 pq0.5 SL1.0ATR R2.5,15,,,,1.0,existing48,1.5,2.0,6427,1523,25.869993434011818,-0.17114901536888935,0.688435116814793,-99.66044466258062,-12.948089600347856,99.66369653992115,-36.32687808787309,7.317073170731707,41,25.804333552199605,73.93302692055155,-0.16591994713126168,-0.5850710484947821,48.0,0.5,2.5
VB,VB TF15 N48 pq0.5 SL1.0ATR R2.5,15,,,,1.0,existing48,3.5,0.25,6427,4219,25.977719838824363,-0.2378528937431912,0.6970761532066819,-92.05242852962343,-2.969660065818347,92.09752507058523,-8.502904264725665,8.333333333333332,84,25.835506044086276,73.88006636643755,-0.20377292442787986,-0.26514014190175883,48.0,0.5,2.5
VB,VB TF15 N48 pq0.5 SL1.0ATR R2.5,15,,,,1.0,existing48,3.5,0.5,6427,4158,25.998075998075997,-0.2668405133294623,0.6921333790756471,-99.65896897508497,-6.6155371221981,99.65983287281762,-26.03193222546205,7.228915662650602,83,25.85377585377585,73.88167388167388,-0.20735455315333087,-0.31574308181781574,48.0,0.5,2.5
VB,VB TF15 N48 pq0.5 SL1.0ATR R2.5,15,,,,1.0,existing48,3.5,1.0,6427,2589,26.535341830822713,-0.21060284297608764,0.6599970598486854,-99.65571882680429,-9.165094782070293,99.6574311614781,-30.056849628427717,8.47457627118644,59,26.38084202394747,73.31015836230205,-0.19655713211009185,-0.24755901911158282,48.0,0.5,2.5
VB,VB TF15 N48 pq0.5 SL1.0ATR R2.5,15,,,,1.0,existing48,3.5,2.0,6427,1401,26.05281941470378,-0.18445370386818627,0.6393434143788794,-99.65845323692093,-13.882622876772766,99.6611281131248,-39.32960741390361,7.894736842105263,38,25.981441827266238,73.7330478229836,-0.17801517904251665,-0.9297129524394423,48.0,0.5,2.5
VB,VB TF15 N48 pq0.5 SL1.5ATR R1.5,15,,,,1.5,existing48,0.0,0.25,6427,4084,37.24289911851126,-0.1201011243471322,0.8036099723869508,-71.10191525075503,-1.4669844077875749,71.52309738706477,-5.913053871188712,21.428571428571427,84,37.071498530852104,62.58570029382958,-0.09452453961078398,-0.14037825869034773,48.0,0.5,1.5
VB,VB TF15 N48 pq0.5 SL1.5ATR R1.5,15,,,,1.5,existing48,0.0,0.5,6427,4084,37.24289911851126,-0.11833565454134838,0.8077433485132903,-91.60277819456132,-2.9060676059037505,91.85180689183218,-11.412553044567463,21.428571428571427,84,37.071498530852104,62.58570029382958,-0.09367803595946572,-0.13788423187184884,48.0,0.5,1.5
VB,VB TF15 N48 pq0.5 SL1.5ATR R1.5,15,,,,1.5,existing48,0.0,1.0,6427,4084,37.24289911851126,-0.12357609785278302,0.7975854655306204,-99.50217775530386,-6.117592539002792,99.54542713022796,-24.36178835345163,19.047619047619047,84,37.071498530852104,62.58570029382958,-0.09393559631693693,-0.14707510828901568,48.0,0.5,1.5
VB,VB TF15 N48 pq0.5 SL1.5ATR R1.5,15,,,,1.5,existing48,0.0,2.0,6427,2531,38.16673251679178,-0.10170546109645744,0.7498880724650189,-99.66615359798581,-8.924323688388004,99.67660649865537,-29.875096809077426,19.672131147540984,61,37.96918214144607,61.67522718293165,-0.09052082411574063,-0.1295667774925603,48.0,0.5,1.5
VB,VB TF15 N48 pq0.5 SL1.5ATR R1.5,15,,,,1.5,existing48,1.5,0.25,6427,4084,37.24289911851126,-0.14205767267091202,0.7749447478303938,-76.9047366592149,-1.729561967650206,77.21910333610326,-6.245737141126295,19.047619047619047,84,37.071498530852104,62.58570029382958,-0.10965999373078508,-0.1677425752898186,48.0,0.5,1.5
VB,VB TF15 N48 pq0.5 SL1.5ATR R1.5,15,,,,1.5,existing48,1.5,0.5,6427,4084,37.24289911851126,-0.14071387014809417,0.7808285372126225,-94.67501373973406,-3.431135479306302,94.81750817940069,-12.139651864551393,17.857142857142858,84,37.071498530852104,62.58570029382958,-0.10914799021472629,-0.16573932193021115,48.0,0.5,1.5
VB,VB TF15 N48 pq0.5 SL1.5ATR R1.5,15,,,,1.5,existing48,1.5,1.0,6427,3504,37.300228310502284,-0.15475245933885687,0.7692045597852981,-99.65790708547401,-7.38579082148223,99.66277103690405,-36.64260403077043,17.56756756756757,74,37.10045662100457,62.55707762557078,-0.1087815300655178,-0.20364733464371576,48.0,0.5,1.5
VB,VB TF15 N48 pq0.5 SL1.5ATR R1.5,15,,,,1.5,existing48,1.5,2.0,6427,2421,38.5790995456423,-0.10728729969756284,0.7148025675491526,-99.664807066204,-9.357334143978068,99.6740481077988,-32.013733284691405,15.517241379310345,58,38.372573316811234,61.25567947129286,-0.10001558263287906,-0.12864131761434164,48.0,0.5,1.5
VB,VB TF15 N48 pq0.5 SL1.5ATR R1.5,15,,,,1.5,existing48,3.5,0.25,6427,4084,37.24289911851126,-0.17083889228369475,0.7416128590338735,-82.78243891734017,-2.0725548629060175,82.98790777825769,-6.7592638584842994,14.285714285714285,84,37.071498530852104,62.58570029382958,-0.12526505537925273,-0.2069698621912551,48.0,0.5,1.5
VB,VB TF15 N48 pq0.5 SL1.5ATR R1.5,15,,,,1.5,existing48,3.5,0.5,6427,4084,37.24289911851126,-0.1664900948693665,0.7460248653325855,-96.84573597085252,-4.03127198978318,96.90785828277568,-12.821706178080937,14.285714285714285,84,37.071498530852104,62.58570029382958,-0.12986616755400318,-0.1955255701685527,48.0,0.5,1.5
VB,VB TF15 N48 pq0.5 SL1.5ATR R1.5,15,,,,1.5,existing48,3.5,1.0,6427,3208,37.46882793017456,-0.17096968948832725,0.7317997974658252,-99.66441872321265,-7.81627502772394,99.6683190559156,-46.51556536181117,12.857142857142856,70,37.250623441396506,62.406483790523694,-0.12733296082947923,-0.22718076791762792,48.0,0.5,1.5
VB,VB TF15 N48 pq0.5 SL1.5ATR R1.5,15,,,,1.5,existing48,3.5,2.0,6427,2143,38.730751283247784,-0.12133536366170625,0.6655490795836364,-99.66493964522444,-10.379737345970053,99.67240258398559,-34.7627674150752,21.153846153846153,52,38.54409706019599,61.08259449370041,-0.12096605997440604,-0.12331448075151116,48.0,0.5,1.5
VB,VB TF15 N48 pq0.5 SL1.5ATR R2.5,15,,,,1.5,existing48,0.0,0.25,6427,3528,27.239229024943313,-0.10593269755119147,0.843719939413199,-61.555173327729285,-1.1315799291918838,62.11543756710096,-6.774317749023506,30.952380952380953,84,26.72902494331066,72.50566893424036,-0.09848848220712392,-0.1118065307537113,48.0,0.5,2.5
VB,VB TF15 N48 pq0.5 SL1.5ATR R2.5,15,,,,1.5,existing48,0.0,0.5,6427,3528,27.239229024943313,-0.10648285656284996,0.8396649318905787,-85.99621750030694,-2.313116567337681,86.46193190189352,-13.315125328805111,30.952380952380953,84,26.72902494331066,72.50566893424036,-0.10161652997569284,-0.11032261526955206,48.0,0.5,2.5
VB,VB TF15 N48 pq0.5 SL1.5ATR R2.5,15,,,,1.5,existing48,0.0,1.0,6427,3528,27.239229024943313,-0.10478827695821018,0.8283523467340714,-98.19521952855733,-4.667024690118926,98.27286406393367,-24.55834052622603,30.952380952380953,84,26.72902494331066,72.50566893424036,-0.1021330354071966,-0.10688338641732634,48.0,0.5,2.5
VB,VB TF15 N48 pq0.5 SL1.5ATR R2.5,15,,,,1.5,existing48,0.0,2.0,6427,2224,27.33812949640288,-0.11056626536686773,0.7983601155685242,-99.6642776591014,-8.64552100502346,99.67013692587071,-41.717827048191026,26.984126984126984,63,26.663669064748202,72.43705035971223,-0.09824183657008409,-0.1392740665761422,48.0,0.5,2.5
VB,VB TF15 N48 pq0.5 SL1.5ATR R2.5,15,,,,1.5,existing48,1.5,0.25,6427,3528,27.239229024943313,-0.1279783612975561,0.8174712099847274,-68.34499272410312,-1.360040352035119,68.67805278618779,-7.1509133346690845,29.761904761904763,84,26.72902494331066,72.50566893424036,-0.1152382626209535,-0.1380308935190539,48.0,0.5,2.5
VB,VB TF15 N48 pq0.5 SL1.5ATR R2.5,15,,,,1.5,existing48,1.5,0.5,6427,3528,27.239229024943313,-0.1304460774905653,0.8135940746634397,-90.80686901128882,-2.801339675966086,90.9825455898949,-13.977545004783687,28.57142857142857,84,26.72902494331066,72.50566893424036,-0.11797477235377343,-0.14028651906908868,48.0,0.5,2.5
VB,VB TF15 N48 pq0.5 SL1.5ATR R2.5,15,,,,1.5,existing48,1.5,1.0,6427,3528,27.239229024943313,-0.1335158116030449,0.8031616943788952,-99.36103029418109,-5.8381971386837765,99.39622939856791,-24.610153627075636,27.380952380952383,84,26.72902494331066,72.50566893424036,-0.11859570430554038,-0.14528847233069042,48.0,0.5,2.5
VB,VB TF15 N48 pq0.5 SL1.5ATR R2.5,15,,,,1.5,existing48,1.5,2.0,6427,2144,27.658582089552237,-0.11614286126190457,0.7711893739136975,-99.66413341691405,-9.056964375981336,99.66961832236659,-32.12714109564839,25.0,60,26.958955223880597,72.10820895522389,-0.11017514185871909,-0.1319349894784974,48.0,0.5,2.5
VB,VB TF15 N48 pq0.5 SL1.5ATR R2.5,15,,,,1.5,existing48,3.5,0.25,6427,3528,27.239229024943313,-0.15982288950241613,0.7841198405842451,-76.09255000656702,-1.6891193646151215,76.3243307951133,-7.574515054817743,27.380952380952383,84,26.72902494331066,72.50566893424036,-0.13308973925983694,-0.18091659222931944,48.0,0.5,2.5
VB,VB TF15 N48 pq0.5 SL1.5ATR R2.5,15,,,,1.5,existing48,3.5,0.5,6427,3528,27.239229024943313,-0.15854180414284313,0.783957693281124,-94.38585770171298,-3.3703254438523844,94.48686861646846,-14.462890013018326,27.380952380952383,84,26.72902494331066,72.50566893424036,-0.13787361911539156,-0.17484996636531505,48.0,0.5,2.5
VB,VB TF15 N48 pq0.5 SL1.5ATR R2.5,15,,,,1.5,existing48,3.5,1.0,6427,3154,27.203551046290425,-0.16726063207145736,0.7771054424358715,-99.66176372122048,-7.122193416098554,99.66437198810962,-34.446501220951596,23.376623376623375,77,26.63284717818643,72.5428027901078,-0.1362649690185228,-0.1974416406511608,48.0,0.5,2.5
VB,VB TF15 N48 pq0.5 SL1.5ATR R2.5,15,,,,1.5,existing48,3.5,2.0,6427,2020,27.871287128712872,-0.12458474543963292,0.7355175011249772,-99.66557079790167,-9.517052323833664,99.67053054024102,-32.26805274356494,24.561403508771928,57,27.17821782178218,71.88118811881188,-0.12688361813229318,-0.11687559477200511,48.0,0.5,2.5
VBI,VBI TF15 N20 pq0.25 SL1.0ATR R1.5,15,,,,1.0,existing48,0.0,0.25,6827,5334,42.35095613048369,-0.049235726311933764,0.8940816714750047,-49.1607024993897,-0.8021234891286477,54.28626752076339,-6.627504759339331,29.761904761904763,84,42.33220847394076,57.61154855643045,-0.09194591096805405,-0.01668455485449421,20.0,0.25,1.5
VBI,VBI TF15 N20 pq0.25 SL1.0ATR R1.5,15,,,,1.0,existing48,0.0,0.5,6827,5334,42.35095613048369,-0.049958518142886536,0.8723522954846663,-75.65184696966864,-1.6677392570187077,79.96601108622924,-12.843861451534977,29.761904761904763,84,42.33220847394076,57.61154855643045,-0.09305071389677558,-0.0171162004672268,20.0,0.25,1.5
VBI,VBI TF15 N20 pq0.25 SL1.0ATR R1.5,15,,,,1.0,existing48,0.0,1.0,6827,5334,42.35095613048369,-0.04964452418048195,0.8324078842380435,-94.74767372993625,-3.446929007062971,96.25180265388204,-23.853905933514095,28.57142857142857,84,42.33220847394076,57.61154855643045,-0.09311420408690102,-0.01651451045596635,20.0,0.25,1.5
VBI,VBI TF15 N20 pq0.25 SL1.0ATR R1.5,15,,,,1.0,existing48,0.0,2.0,6827,3100,40.41935483870967,-0.08249936712441004,0.7940691229346915,-99.66009604860986,-8.897471713104865,99.66009604860986,-38.76454877953178,21.311475409836063,61,40.38709677419355,59.51612903225807,-0.08639856383837032,-0.07115580240926969,20.0,0.25,1.5
VBI,VBI TF15 N20 pq0.25 SL1.0ATR R1.5,15,,,,1.0,existing48,1.5,0.25,6827,5334,42.35095613048369,-0.08970725610714403,0.8245732609771391,-70.35942362169058,-1.4372218580411045,70.45664839172095,-7.404477577278312,21.428571428571427,84,42.33220847394076,57.61154855643045,-0.11684202710019854,-0.06902674184187255,20.0,0.25,1.5
VBI,VBI TF15 N20 pq0.25 SL1.0ATR R1.5,15,,,,1.0,existing48,1.5,0.5,6827,5334,42.35095613048369,-0.09010643468406095,0.8030795310082487,-91.63697709588547,-2.9107845926104714,91.690639938633,-14.277455124614757,20.238095238095237,84,42.33220847394076,57.61154855643045,-0.11728433341710448,-0.06939305101140437,20.0,0.25,1.5
VBI,VBI TF15 N20 pq0.25 SL1.0ATR R1.5,15,,,,1.0,existing48,1.5,1.0,6827,5334,42.35095613048369,-0.08402042504626879,0.770281699725007,-99.12138838378304,-5.480505100035726,99.13109659089021,-25.865412431063362,20.238095238095237,84,42.33220847394076,57.61154855643045,-0.11808440179331241,-0.05805888082577668,20.0,0.25,1.5
VBI,VBI TF15 N20 pq0.25 SL1.0ATR R1.5,15,,,,1.0,existing48,1.5,2.0,6827,2747,40.735347651983986,-0.09385800072218245,0.7474230490134054,-99.66098670841983,-10.174360955163808,99.66098670841983,-39.939145545703525,18.867924528301888,53,40.698944302875866,59.19184564979978,-0.09889093173447605,-0.06746942834636119,20.0,0.25,1.5
VBI,VBI TF15 N20 pq0.25 SL1.0ATR R1.5,15,,,,1.0,existing48,3.5,0.25,6827,5334,42.35095613048369,-0.14213967573323566,0.7497076719005591,-85.26409749413546,-2.2538359189632096,85.30427880434836,-8.470786347265491,13.095238095238097,84,42.33220847394076,57.61154855643045,-0.14806407640932365,-0.13762444865701,20.0,0.25,1.5
VBI,VBI TF15 N20 pq0.25 SL1.0ATR R1.5,15,,,,1.0,existing48,3.5,0.5,6827,5334,42.35095613048369,-0.13749441548343005,0.7341986758945098,-97.62173037556983,-4.353347512348316,97.62869344063905,-15.819631947818124,13.095238095238097,84,42.33220847394076,57.61154855643045,-0.14986495853677376,-0.12806632072820576,20.0,0.25,1.5
VBI,VBI TF15 N20 pq0.25 SL1.0ATR R1.5,15,,,,1.0,existing48,3.5,1.0,6827,3926,41.74732552215996,-0.13897399381546835,0.7096651491437554,-99.65897382428149,-7.689621608815855,99.65897382428149,-25.751073465869222,12.676056338028168,71,41.72185430463576,58.20173204279164,-0.14608109740177522,-0.1288467004407865,20.0,0.25,1.5
VBI,VBI TF15 N20 pq0.25 SL1.0ATR R1.5,15,,,,1.0,existing48,3.5,2.0,6827,2019,40.51510648836057,-0.13079066900652184,0.6825762146800768,-99.65786658286885,-12.369415354808933,99.65786658286885,-41.93112713740913,13.953488372093023,43,40.4655770183259,59.43536404160476,-0.13764210166556726,-0.05674711605964465,20.0,0.25,1.5
VBI,VBI TF15 N20 pq0.25 SL1.0ATR R2.5,15,,,,1.0,existing48,0.0,0.25,6827,5114,30.1916308173641,-0.05409241681884636,0.9062176305108847,-51.506086591962486,-0.8578845746429198,54.83188724539794,-7.322770858450256,40.476190476190474,84,30.15252248728979,69.7692608525616,-0.0800301907886115,-0.0343217910362411,20.0,0.25,2.5
VBI,VBI TF15 N20 pq0.25 SL1.0ATR R2.5,15,,,,1.0,existing48,0.0,0.5,6827,5114,30.1916308173641,-0.05432008831735264,0.8909692529335852,-78.09505637121703,-1.7914472322633324,80.6925890803514,-14.171300933586583,40.476190476190474,84,30.15252248728979,69.7692608525616,-0.08061566980503956,-0.034276729857406575,20.0,0.25,2.5
VBI,VBI TF15 N20 pq0.25 SL1.0ATR R2.5,15,,,,1.0,existing48,0.0,1.0,6827,5114,30.1916308173641,-0.053772474074707866,0.8633668502741316,-96.02695466500771,-3.7672494579964244,96.83557487554282,-26.06150680197883,39.285714285714285,84,30.15252248728979,69.7692608525616,-0.08069846639735359,-0.03324859570885936,20.0,0.25,2.5
VBI,VBI TF15 N20 pq0.25 SL1.0ATR R2.5,15,,,,1.0,existing48,0.0,2.0,6827,4191,29.730374612264377,-0.04813028640998355,0.8392129896715284,-99.45398675454275,-6.888615732321679,99.63181633291451,-39.65399939856423,36.986301369863014,73,29.68265330470055,70.2219040801718,-0.0733219261116174,-0.01997267801179553,20.0,0.25,2.5
VBI,VBI TF15 N20 pq0.25 SL1.0ATR R2.5,15,,,,1.0,existing48,1.5,0.25,6827,5114,30.1916308173641,-0.09392827413982979,0.852367104369456,-70.85011771112721,-1.456807353221512,71.99533705429369,-8.143437774134455,27.380952380952383,84,30.15252248728979,69.7692608525616,-0.10458872378765273,-0.08580252823321906,20.0,0.25,2.5
VBI,VBI TF15 N20 pq0.25 SL1.0ATR R2.5,15,,,,1.0,existing48,1.5,0.5,6827,5114,30.1916308173641,-0.09413401971070227,0.8385380152907528,-92.05474558903026,-2.9699968824707934,92.66832805493317,-15.566670925603143,27.380952380952383,84,30.15252248728979,69.7692608525616,-0.10575703766598005,-0.08527457253045606,20.0,0.25,2.5
VBI,VBI TF15 N20 pq0.25 SL1.0ATR R2.5,15,,,,1.0,existing48,1.5,1.0,6827,5114,30.1916308173641,-0.0839179908588143,0.8192645235323606,-99.0900942201082,-5.441115906844041,99.19757341377661,-28.173980618052575,26.190476190476193,84,30.15252248728979,69.7692608525616,-0.10534126808062302,-0.06758846321765616,20.0,0.25,2.5
VBI,VBI TF15 N20 pq0.25 SL1.0ATR R2.5,15,,,,1.0,existing48,1.5,2.0,6827,3101,29.732344405030638,-0.07673991332304425,0.7995586985433536,-99.6569443112431,-9.476615529541943,99.66010754610035,-40.76764796318611,24.561403508771928,57,29.700096742986133,70.20316027088036,-0.09258824581325828,-0.037306267126921124,20.0,0.25,2.5
VBI,VBI TF15 N20 pq0.25 SL1.0ATR R2.5,15,,,,1.0,existing48,3.5,0.25,6827,5114,30.1916308173641,-0.14662493286602304,0.7923517246725147,-85.12997400522218,-2.2432919775853266,85.39451453928378,-9.078131596434957,15.476190476190476,84,30.15252248728979,69.7692608525616,-0.1367643452922466,-0.15414099755010074,20.0,0.25,2.5
VBI,VBI TF15 N20 pq0.25 SL1.0ATR R2.5,15,,,,1.0,existing48,3.5,0.5,6827,5114,30.1916308173641,-0.14453184217812282,0.7858366192105085,-97.78778892060961,-4.435728310687148,97.83663756944885,-17.03528884328904,14.285714285714285,84,30.15252248728979,69.7692608525616,-0.13780207178620404,-0.14966149486831037,20.0,0.25,2.5
VBI,VBI TF15 N20 pq0.25 SL1.0ATR R2.5,15,,,,1.0,existing48,3.5,1.0,6827,3682,29.494839760999458,-0.1440742932699689,0.7698500680769409,-99.65664593828633,-7.786115505700031,99.65796237444499,-27.848573485789696,15.714285714285714,70,29.440521455730583,70.45084193373167,-0.1349810227381442,-0.15775750035595276,20.0,0.25,2.5
VBI,VBI TF15 N20 pq0.25 SL1.0ATR R2.5,15,,,,1.0,existing48,3.5,2.0,6827,2307,29.86562635457304,-0.1064957256920176,0.7457896129524952,-99.66069731927143,-10.956171961695382,99.66319813673117,-42.9171414868775,20.408163265306122,49,29.82228001733854,70.04768097095796,-0.11727562024425574,-0.026842104855115984,20.0,0.25,2.5
VBI,VBI TF15 N20 pq0.25 SL1.5ATR R1.5,15,,,,1.5,existing48,0.0,0.25,6827,4484,41.770740410347905,-0.029291772458905616,0.9408146219692213,-29.239334738011912,-0.4108998145044729,34.26890268378122,-4.174985841977796,40.476190476190474,84,41.70383586083854,58.140053523639615,-0.053796492052125534,-0.010774110432705757,20.0,0.25,1.5
VBI,VBI TF15 N20 pq0.25 SL1.5ATR R1.5,15,,,,1.5,existing48,0.0,0.5,6827,4484,41.770740410347905,-0.030352372043222713,0.9310449250667239,-52.86509403118706,-0.8914272495182618,58.398805357206186,-8.235587167277858,40.476190476190474,84,41.70383586083854,58.140053523639615,-0.05501093035493705,-0.011718457579006305,20.0,0.25,1.5
VBI,VBI TF15 N20 pq0.25 SL1.5ATR R1.5,15,,,,1.5,existing48,0.0,1.0,6827,4484,41.770740410347905,-0.029967357684893586,0.9130746354208958,-80.38905101054922,-1.9206984609175137,84.16073999595251,-15.910809381983748,40.476190476190474,84,41.70383586083854,58.140053523639615,-0.05516157433795856,-0.010928658334691789,20.0,0.25,1.5
VBI,VBI TF15 N20 pq0.25 SL1.5ATR R1.5,15,,,,1.5,existing48,0.0,2.0,6827,4484,41.770740410347905,-0.029328426672877037,0.8758846551184233,-97.2780338012326,-4.199527402245106,98.0365369190511,-27.304639197378865,36.904761904761905,84,41.70383586083854,58.140053523639615,-0.05535779071343932,-0.009658625342303346,20.0,0.25,1.5
VBI,VBI TF15 N20 pq0.25 SL1.5ATR R1.5,15,,,,1.5,existing48,1.5,0.25,6827,4484,41.770740410347905,-0.05759308859485344,0.892410745711751,-48.47294619123287,-0.7862536795519182,48.96835896311451,-4.624846967316754,30.952380952380953,84,41.70383586083854,58.140053523639615,-0.07041921536993048,-0.0479006748611421,20.0,0.25,1.5
VBI,VBI TF15 N20 pq0.25 SL1.5ATR R1.5,15,,,,1.5,existing48,1.5,0.5,6827,4484,41.770740410347905,-0.05791731342456656,0.8832147354197168,-74.57694981978015,-1.6171550761991837,75.03291402775784,-9.12555966719194,30.952380952380953,84,41.70383586083854,58.140053523639615,-0.07241335965426043,-0.04696297935122702,20.0,0.25,1.5
VBI,VBI TF15 N20 pq0.25 SL1.5ATR R1.5,15,,,,1.5,existing48,1.5,1.0,6827,4484,41.770740410347905,-0.05778416302736781,0.8641726207763061,-94.31452523083375,-3.355800208541715,94.52459835084086,-17.46303147057542,30.952380952380953,84,41.70383586083854,58.140053523639615,-0.07283661202097477,-0.04640936797738291,20.0,0.25,1.5
VBI,VBI TF15 N20 pq0.25 SL1.5ATR R1.5,15,,,,1.5,existing48,1.5,2.0,6827,4484,41.770740410347905,-0.04909815488206065,0.8363796782850509,-99.45647376949002,-6.019372729558237,99.49237194769573,-28.031630508104367,30.952380952380953,84,41.70383586083854,58.140053523639615,-0.07026746279716595,-0.033100987976753996,20.0,0.25,1.5
VBI,VBI TF15 N20 pq0.25 SL1.5ATR R1.5,15,,,,1.5,existing48,3.5,0.25,6827,4484,41.770740410347905,-0.09439786400845727,0.8360784579372695,-65.88676089498959,-1.2721773801734448,65.94908686406542,-5.267516561302632,23.809523809523807,84,41.70383586083854,58.140053523639615,-0.09280004875827702,-0.09560529683259503,20.0,0.25,1.5
VBI,VBI TF15 N20 pq0.25 SL1.5ATR R1.5,15,,,,1.5,existing48,3.5,0.5,6827,4484,41.770740410347905,-0.09486628714345484,0.8294713506894372,-88.87912506210674,-2.580810646517817,88.89819575913562,-10.33282313690539,22.61904761904762,84,41.70383586083854,58.140053523639615,-0.09448104741736772,-0.09515740408603438,20.0,0.25,1.5
VBI,VBI TF15 N20 pq0.25 SL1.5ATR R1.5,15,,,,1.5,existing48,3.5,1.0,6827,4484,41.770740410347905,-0.09055065562171889,0.8154328786949914,-98.65733364630053,-5.0021216478824515,98.66852414218555,-18.856195152045984,23.809523809523807,84,41.70383586083854,58.140053523639615,-0.09527820789553366,-0.08697815135842112,20.0,0.25,1.5
VBI,VBI TF15 N20 pq0.25 SL1.5ATR R1.5,15,,,,1.5,existing48,3.5,2.0,6827,2642,40.6888720666162,-0.09638853767943747,0.7889753032309968,-99.65606554690501,-9.16664603127052,99.65606554690501,-26.467594891611355,22.033898305084744,59,40.613171839515516,59.159727479182436,-0.09062298068415334,-0.11201708402901385,20.0,0.25,1.5
VBI,VBI TF15 N20 pq0.25 SL1.5ATR R2.5,15,,,,1.5,existing48,0.0,0.25,6827,4002,31.40929535232384,0.0164604250994601,1.021310600495164,14.7251395507495,0.16366830332654736,17.134681022342125,-4.517397113426891,51.19047619047619,84,31.2343828085957,68.49075462268866,0.014140525162733836,0.01823591093546367,20.0,0.25,2.5
VBI,VBI TF15 N20 pq0.25 SL1.5ATR R2.5,15,,,,1.5,existing48,0.0,0.5,6827,4002,31.40929535232384,0.016361014432440958,1.0173406977374306,24.06046566343587,0.25699500924192265,32.98400497120277,-8.999584323375853,50.0,84,31.2343828085957,68.49075462268866,0.012997989075853054,0.018934834015008246,20.0,0.25,2.5
VBI,VBI TF15 N20 pq0.25 SL1.5ATR R2.5,15,,,,1.5,existing48,0.0,1.0,6827,4002,31.40929535232384,0.017157093255893388,1.0103811680905377,26.935533423909863,0.28434296702379847,59.60062751631015,-17.42853250034937,50.0,84,31.2343828085957,68.49075462268866,0.014016289385217052,0.019560840373504085,20.0,0.25,2.5
VBI,VBI TF15 N20 pq0.25 SL1.5ATR R2.5,15,,,,1.5,existing48,0.0,2.0,6827,4002,31.40929535232384,0.01670343882755975,0.9920914955182422,-25.654784499576312,-0.3522956752947448,89.37783143790416,-32.61972775845008,50.0,84,31.2343828085957,68.49075462268866,0.013776232144993848,0.018943713902218693,20.0,0.25,2.5
VBI,VBI TF15 N20 pq0.25 SL1.5ATR R2.5,15,,,,1.5,existing48,1.5,0.25,6827,4002,31.40929535232384,-0.011945211679522944,0.9782600494527735,-13.643093245099703,-0.1744683398484992,25.615988791145593,-5.025216697622903,50.0,84,31.2343828085957,68.49075462268866,-0.004747967976970145,-0.01745346832880794,20.0,0.25,2.5
VBI,VBI TF15 N20 pq0.25 SL1.5ATR R2.5,15,,,,1.5,existing48,1.5,0.5,6827,4002,31.40929535232384,-0.011570237389821847,0.9743919222669728,-29.018290437068405,-0.4072019537774918,45.80993616646437,-9.967789808809568,48.80952380952381,84,31.2343828085957,68.49075462268866,-0.003390637659456909,-0.017830319230220246,20.0,0.25,2.5
VBI,VBI TF15 N20 pq0.25 SL1.5ATR R2.5,15,,,,1.5,existing48,1.5,1.0,6827,4002,31.40929535232384,-0.011018510237798224,0.9655061921309765,-58.781110334214326,-1.0495410320269238,74.1210841151196,-18.61746718952938,47.61904761904761,84,31.2343828085957,68.49075462268866,-0.003315387261128368,-0.016913930777949174,20.0,0.25,2.5
VBI,VBI TF15 N20 pq0.25 SL1.5ATR R2.5,15,,,,1.5,existing48,1.5,2.0,6827,4002,31.40929535232384,-0.009188693419802356,0.9478137314215815,-90.37606263623125,-2.74833240586011,95.56397640035992,-33.995436534108215,46.42857142857143,84,31.2343828085957,68.49075462268866,-0.003565397888714578,-0.013492362474251968,20.0,0.25,2.5
VBI,VBI TF15 N20 pq0.25 SL1.5ATR R2.5,15,,,,1.5,existing48,3.5,0.25,6827,4002,31.40929535232384,-0.04830635463093394,0.9290061841477385,-39.9682816206773,-0.6056550464564103,43.77833306862734,-6.215112399196743,45.23809523809524,84,31.2343828085957,68.49075462268866,-0.02569878527572831,-0.06560857467119939,20.0,0.25,2.5
VBI,VBI TF15 N20 pq0.25 SL1.5ATR R2.5,15,,,,1.5,existing48,3.5,0.5,6827,4002,31.40929535232384,-0.04850244964143164,0.9263076043503734,-66.07465847220901,-1.278668849805853,70.26135725384141,-12.200429668349456,44.047619047619044,84,31.2343828085957,68.49075462268866,-0.025841275161014133,-0.06584569521863692,20.0,0.25,2.5
VBI,VBI TF15 N20 pq0.25 SL1.5ATR R2.5,15,,,,1.5,existing48,3.5,1.0,6827,4002,31.40929535232384,-0.04789725739768444,0.920256933796638,-90.498598725252,-2.763166993038735,92.65515304949619,-22.006540323621227,42.857142857142854,84,31.2343828085957,68.49075462268866,-0.026579366146999225,-0.0642124498634713,20.0,0.25,2.5
VBI,VBI TF15 N20 pq0.25 SL1.5ATR R2.5,15,,,,1.5,existing48,3.5,2.0,6827,4002,31.40929535232384,-0.04108535856387759,0.9097856342396254,-99.1268226430044,-5.487486074012827,99.46411050906597,-35.496014209921526,41.66666666666667,84,31.2343828085957,68.49075462268866,-0.026646040692659984,-0.05213618190157612,20.0,0.25,2.5
VBI,VBI TF15 N20 pq0.5 SL1.0ATR R1.5,15,,,,1.0,existing48,0.0,0.25,12608,9697,42.19861812931834,-0.04024094403387623,0.903801848255735,-63.632842472251184,-1.1969503976341334,69.27783574798859,-9.67434434376636,33.33333333333333,84,42.116118387130044,57.718882128493355,-0.06990967327778035,-0.016975419831940765,20.0,0.5,1.5
VBI,VBI TF15 N20 pq0.5 SL1.0ATR R1.5,15,,,,1.0,existing48,0.0,0.5,12608,9697,42.19861812931834,-0.040640644001485544,0.8762013000903481,-87.89519282192057,-2.482438731523129,90.9871775921333,-18.58156527996131,32.142857142857146,84,42.116118387130044,57.718882128493355,-0.07011183505048124,-0.017530024636109354,20.0,0.5,1.5
VBI,VBI TF15 N20 pq0.5 SL1.0ATR R1.5,15,,,,1.0,existing48,0.0,1.0,12608,9697,42.19861812931834,-0.03963486288303663,0.8282126115863161,-98.62858179684237,-4.978156613952789,99.09050765332941,-33.761837085919765,28.57142857142857,84,42.116118387130044,57.718882128493355,-0.06965464766513481,-0.016094049131187057,20.0,0.5,1.5
VBI,VBI TF15 N20 pq0.5 SL1.0ATR R1.5,15,,,,1.0,existing48,0.0,2.0,12608,3794,40.74855034264628,-0.0649352382858906,0.7881159943172393,-99.65739105477961,-12.366584788638434,99.67062950454688,-55.63765772819222,23.25581395348837,43,40.66947812335266,59.146020031628886,-0.06796097724113649,-0.026368029428807175,20.0,0.5,1.5
VBI,VBI TF15 N20 pq0.5 SL1.0ATR R1.5,15,,,,1.0,existing48,1.5,0.25,12608,9697,42.19861812931834,-0.07546844122967807,0.8389269383810974,-84.49748839381516,-2.194803636774878,84.57263632662949,-10.203881334670871,17.857142857142858,84,42.116118387130044,57.718882128493355,-0.09162396171450174,-0.06279965957258175,20.0,0.5,1.5
VBI,VBI TF15 N20 pq0.5 SL1.0ATR R1.5,15,,,,1.0,existing48,1.5,0.5,12608,9697,42.19861812931834,-0.07374846853854922,0.8130671022792004,-97.52570532466345,-4.308266593786225,97.54982693173446,-19.630702504512808,15.476190476190476,84,42.116118387130044,57.718882128493355,-0.09230322558003186,-0.059198261636838286,20.0,0.5,1.5
VBI,VBI TF15 N20 pq0.5 SL1.0ATR R1.5,15,,,,1.0,existing48,1.5,1.0,12608,5393,40.79362136102355,-0.09955983355903936,0.767865088844876,-99.6609079380215,-10.173967204531653,99.6673903931217,-38.333073292325295,13.20754716981132,53,40.71945114036714,59.095123307991834,-0.08765847722547077,-0.14440826918562583,20.0,0.5,1.5
VBI,VBI TF15 N20 pq0.5 SL1.0ATR R1.5,15,,,,1.0,existing48,1.5,2.0,12608,2562,40.476190476190474,-0.10093256416132382,0.7246813404829557,-99.65603043592506,-17.227894898481665,99.66752908876167,-54.8498839883659,20.0,30,40.359094457455114,59.367681498829036,-0.09872300655814945,-0.6133490592247676,20.0,0.5,1.5
VBI,VBI TF15 N20 pq0.5 SL1.0ATR R1.5,15,,,,1.0,existing48,3.5,0.25,12608,9697,42.19861812931834,-0.11648461230673211,0.7739860481399474,-94.24891533205768,-3.3425983551328975,94.27027049607514,-10.618037389689894,10.714285714285714,84,42.116118387130044,57.718882128493355,-0.11950703500153653,-0.11411449905461502,20.0,0.5,1.5
VBI,VBI TF15 N20 pq0.5 SL1.0ATR R1.5,15,,,,1.0,existing48,3.5,0.5,12608,7905,41.695129664769134,-0.13915447680629778,0.7488630725429655,-99.65756265530183,-7.5816796667386726,99.66004909435789,-29.41661677046006,8.333333333333332,72,41.631878557874764,58.21631878557875,-0.11964776218824465,-0.1619756729913492,20.0,0.5,1.5
VBI,VBI TF15 N20 pq0.5 SL1.0ATR R1.5,15,,,,1.0,existing48,3.5,1.0,12608,4318,40.898564150069475,-0.12367654602745956,0.6968458334972375,-99.65891055524584,-11.384878812575971,99.6638357732825,-35.85489779522864,8.51063829787234,47,40.82908754052802,58.98564150069476,-0.11523379109011438,-0.7662305021518382,20.0,0.5,1.5
VBI,VBI TF15 N20 pq0.5 SL1.0ATR R1.5,15,,,,1.0,existing48,3.5,2.0,12608,1876,39.92537313432835,-0.1397506477451438,0.647749220429299,-99.65877547351383,-18.97274618620881,99.66784846283177,-53.645916471206135,11.11111111111111,27,39.76545842217484,59.914712153518124,-0.13770307197549062,-0.3511059688571213,20.0,0.5,1.5
VBI,VBI TF15 N20 pq0.5 SL1.0ATR R2.5,15,,,,1.0,existing48,0.0,0.25,12608,9228,29.9739921976593,-0.04862473800930445,0.897920616265484,-69.22073086687021,-1.3929793770620202,74.18869116779581,-8.684760165643935,33.33333333333333,84,29.768097095795405,69.91764195925444,-0.08458191525883081,-0.020562460954638383,20.0,0.5,2.5
VBI,VBI TF15 N20 pq0.5 SL1.0ATR R2.5,15,,,,1.0,existing48,0.0,0.5,12608,9228,29.9739921976593,-0.049200396436951836,0.8624663428389272,-91.67051438390334,-2.9154288708660436,93.97957717871189,-16.586910879992857,33.33333333333333,84,29.768097095795405,69.91764195925444,-0.08556388332317119,-0.02082102069804438,20.0,0.5,2.5
VBI,VBI TF15 N20 pq0.5 SL1.0ATR R2.5,15,,,,1.0,existing48,0.0,1.0,12608,7003,29.401684992146222,-0.07263533105668767,0.8000972921491823,-99.66216053967655,-7.915993182592462,99.67668889158182,-30.50869990600732,26.08695652173913,69,29.216050264172498,70.46979865771812,-0.08375787312972421,-0.05742549918196395,20.0,0.5,2.5
VBI,VBI TF15 N20 pq0.5 SL1.0ATR R2.5,15,,,,1.0,existing48,0.0,2.0,12608,2414,28.127589063794534,-0.10144557642632142,0.7517485643594572,-99.66074966427334,-16.758602249839306,99.68475853016898,-48.58174255185945,16.129032258064516,31,27.920463960231977,71.66528583264291,-0.09957981117521396,-0.4749095875230007,20.0,0.5,2.5
VBI,VBI TF15 N20 pq0.5 SL1.0ATR R2.5,15,,,,1.0,existing48,1.5,0.25,12608,9228,29.9739921976593,-0.08272050323325393,0.8441313338041235,-85.95058957160711,-2.3093334987796865,86.93649649699637,-8.836644639834102,23.809523809523807,84,29.768097095795405,69.91764195925444,-0.10680425465844788,-0.06392467562088473,20.0,0.5,2.5
VBI,VBI TF15 N20 pq0.5 SL1.0ATR R2.5,15,,,,1.0,existing48,1.5,0.5,12608,9228,29.9739921976593,-0.08004121525595127,0.8128167466463263,-97.94103863660256,-4.517367697638985,98.13778467611154,-17.21969233398285,25.0,84,29.768097095795405,69.91764195925444,-0.10411508096069226,-0.06125310281611386,20.0,0.5,2.5
VBI,VBI TF15 N20 pq0.5 SL1.0ATR R2.5,15,,,,1.0,existing48,1.5,1.0,12608,4747,28.881398778175686,-0.10984194770003923,0.7541739261307219,-99.65926613915414,-10.350793899672684,99.67300041194895,-32.36548397080002,13.461538461538462,52,28.69180535074784,70.9711396671582,-0.09963262396440313,-0.16866917634768613,20.0,0.5,2.5
VBI,VBI TF15 N20 pq0.5 SL1.0ATR R2.5,15,,,,1.0,existing48,1.5,2.0,12608,2263,28.413610251878037,-0.10972948409583098,0.7012429723160798,-99.65994580453244,-16.273896674565826,99.68255689452172,-48.66324238757187,15.625,32,28.19266460450729,71.36544410075122,-0.10633956422042064,-0.6177654760906606,20.0,0.5,2.5
VBI,VBI TF15 N20 pq0.5 SL1.0ATR R2.5,15,,,,1.0,existing48,3.5,0.25,12608,9228,29.9739921976593,-0.12395600672092572,0.787501820412019,-94.5484138887654,-3.4041194759953597,94.67740383143733,-10.053061844633804,9.523809523809524,84,29.768097095795405,69.91764195925444,-0.1341255517977731,-0.11601932722336682,20.0,0.5,2.5
VBI,VBI TF15 N20 pq0.5 SL1.0ATR R2.5,15,,,,1.0,existing48,3.5,0.5,12608,7596,29.64718272775145,-0.14164180696162237,0.7562087262093944,-99.66190464725662,-7.497978882412215,99.66811356094702,-36.77517908121183,10.95890410958904,73,29.44971037388099,70.23433385992628,-0.13263644547297196,-0.15189995599614523,20.0,0.5,2.5
VBI,VBI TF15 N20 pq0.5 SL1.0ATR R2.5,15,,,,1.0,existing48,3.5,1.0,12608,3439,28.67112532712998,-0.15320675190633862,0.6898871068970468,-99.65766754284294,-12.104886956455807,99.67011733016649,-37.660814593025925,9.090909090909092,44,28.496656004652515,71.15440535039255,-0.14819761995671726,-0.7862126116140454,20.0,0.5,2.5
VBI,VBI TF15 N20 pq0.5 SL1.0ATR R2.5,15,,,,1.0,existing48,3.5,2.0,12608,1651,28.043609933373716,-0.15371817638023094,0.6312608745186188,-99.65778574666734,-18.353190668956955,99.67854445259927,-48.191593354915064,10.714285714285714,28,27.801332525741973,71.71411265899454,-0.1497375444739017,-0.5148499487711025,20.0,0.5,2.5
VBI,VBI TF15 N20 pq0.5 SL1.5ATR R1.5,15,,,,1.5,existing48,0.0,0.25,12608,7960,41.55778894472362,-0.02590437840251928,0.9422582610667557,-42.08277451522792,-0.6480758018115429,50.7458188082906,-5.680515802281294,41.66666666666667,84,41.33165829145729,58.2035175879397,-0.04880527052353348,-0.008214956276534357,20.0,0.5,1.5
VBI,VBI TF15 N20 pq0.5 SL1.5ATR R1.5,15,,,,1.5,existing48,0.0,0.5,12608,7960,41.55778894472362,-0.025906010668224642,0.9293359995176467,-68.52119524351114,-1.3665948645116388,77.13449362448996,-11.154099921562011,40.476190476190474,84,41.33165829145729,58.2035175879397,-0.049873736641477526,-0.007392530062298492,20.0,0.5,1.5
VBI,VBI TF15 N20 pq0.5 SL1.5ATR R1.5,15,,,,1.5,existing48,0.0,1.0,12608,7960,41.55778894472362,-0.025447569977334505,0.9023330682843285,-91.80224421001026,-2.9338515446470925,95.20364510963152,-20.654596778810507,40.476190476190474,84,41.33165829145729,58.2035175879397,-0.049947245887715166,-0.006523193283255119,20.0,0.5,1.5
VBI,VBI TF15 N20 pq0.5 SL1.5ATR R1.5,15,,,,1.5,existing48,0.0,2.0,12608,4261,40.272236564186805,-0.055955992498603585,0.8626934716336485,-99.66001371103162,-10.169503501687483,99.67690541793436,-32.78249053108526,24.528301886792452,53,40.06101854024877,59.399202065242896,-0.047425914190427056,-0.09331816630045259,20.0,0.5,1.5
VBI,VBI TF15 N20 pq0.5 SL1.5ATR R1.5,15,,,,1.5,existing48,1.5,0.25,12608,7960,41.55778894472362,-0.05104732940924769,0.8951802065966903,-64.86173567578781,-1.2373754071677179,65.3952503891957,-6.210453754975875,29.761904761904763,84,41.33165829145729,58.2035175879397,-0.0656659158653727,-0.03975543975966015,20.0,0.5,1.5
VBI,VBI TF15 N20 pq0.5 SL1.5ATR R1.5,15,,,,1.5,existing48,1.5,0.5,12608,7960,41.55778894472362,-0.05024461189991986,0.881082479089917,-87.98791058278263,-2.491364740472868,88.33761734183825,-12.030135448485812,30.952380952380953,84,41.33165829145729,58.2035175879397,-0.06649338670404059,-0.03769350974104772,20.0,0.5,1.5
VBI,VBI TF15 N20 pq0.5 SL1.5ATR R1.5,15,,,,1.5,existing48,1.5,1.0,12608,7960,41.55778894472362,-0.048654263507912285,0.8562578843544666,-98.62049895891852,-4.971508834068928,98.73722896782051,-22.037832012169932,27.380952380952383,84,41.33165829145729,58.2035175879397,-0.06651347854941976,-0.034859202947015056,20.0,0.5,1.5
VBI,VBI TF15 N20 pq0.5 SL1.5ATR R1.5,15,,,,1.5,existing48,1.5,2.0,12608,3683,40.29323920716807,-0.06560894029006147,0.8287358293784833,-99.6608629786234,-10.95705940432261,99.67487769775452,-44.81048367198211,26.53061224489796,49,40.130328536519144,59.35378767309258,-0.05648530583459318,-0.21350561284155467,20.0,0.5,1.5
VBI,VBI TF15 N20 pq0.5 SL1.5ATR R1.5,15,,,,1.5,existing48,3.5,0.25,12608,7960,41.55778894472362,-0.08169558821979822,0.8461211104687645,-80.89059341896498,-1.950943469882782,81.04472573662478,-6.874421227008498,19.047619047619047,84,41.33165829145729,58.2035175879397,-0.0837872239872651,-0.08007993814690964,20.0,0.5,1.5
VBI,VBI TF15 N20 pq0.5 SL1.5ATR R1.5,15,,,,1.5,existing48,3.5,0.5,12608,7960,41.55778894472362,-0.08078584518613047,0.8320329432382744,-96.3962379877812,-3.8789458469836835,96.43718427210625,-13.08406555651267,17.857142857142858,84,41.33165829145729,58.2035175879397,-0.08636305299387796,-0.07647782160895923,20.0,0.5,1.5
VBI,VBI TF15 N20 pq0.5 SL1.5ATR R1.5,15,,,,1.5,existing48,3.5,1.0,12608,6143,41.11997395409409,-0.08601911489562179,0.8148273203793537,-99.66153251956183,-7.91351461485581,99.66698646322702,-33.25373088547404,20.28985507246377,69,40.94090835096858,58.603288295621034,-0.08043672873689978,-0.09326118579487634,20.0,0.5,1.5
VBI,VBI TF15 N20 pq0.5 SL1.5ATR R1.5,15,,,,1.5,existing48,3.5,2.0,12608,2929,40.4233526800956,-0.08475793727575166,0.7833756843893922,-99.66186021203391,-12.393340099767725,99.67197465593031,-37.97190538371365,18.6046511627907,43,40.252645954250596,59.2010925230454,-0.08561287706635311,-0.06557992789297984,20.0,0.5,1.5
VBI,VBI TF15 N20 pq0.5 SL1.5ATR R2.5,15,,,,1.5,existing48,0.0,0.25,12608,6928,30.643764434180138,-0.0022017304244366103,0.991551454869978,-8.078564863807747,-0.10023061610754391,38.8916265083474,-7.256554515105562,54.761904761904766,84,30.138568129330256,69.1108545034642,-0.009857293177999939,0.0036417495190442816,20.0,0.5,2.5
VBI,VBI TF15 N20 pq0.5 SL1.5ATR R2.5,15,,,,1.5,existing48,0.0,0.5,12608,6928,30.643764434180138,-0.0020448870315193887,0.9850275916151764,-22.894926284019277,-0.3090465846574908,64.6935116592719,-14.06634973137627,52.38095238095239,84,30.138568129330256,69.1108545034642,-0.010111855283966922,0.004112618132412938,20.0,0.5,2.5
VBI,VBI TF15 N20 pq0.5 SL1.5ATR R2.5,15,,,,1.5,existing48,0.0,1.0,12608,6928,30.643764434180138,-0.002309159264218647,0.9662370844282828,-59.782102465265986,-1.0784969192051297,90.12370185169354,-26.450817270888738,47.61904761904761,84,30.138568129330256,69.1108545034642,-0.010859559557199075,0.004217348874913021,20.0,0.5,2.5
VBI,VBI TF15 N20 pq0.5 SL1.5ATR R2.5,15,,,,1.5,existing48,0.0,2.0,12608,6928,30.643764434180138,-0.007955729195609608,0.9275262311344651,-97.05051728398666,-4.107931101189366,99.55574097469288,-45.74964965039223,44.047619047619044,84,30.138568129330256,69.1108545034642,-0.012530034380875398,-0.004464168683873271,20.0,0.5,2.5
VBI,VBI TF15 N20 pq0.5 SL1.5ATR R2.5,15,,,,1.5,existing48,1.5,0.25,12608,6928,30.643764434180138,-0.026658553376113798,0.9518443982220908,-39.783667677606985,-0.6020216974407244,52.9877712649312,-7.818365155846918,45.23809523809524,84,30.138568129330256,69.1108545034642,-0.0253882297513885,-0.027628189555943556,20.0,0.5,2.5
VBI,VBI TF15 N20 pq0.5 SL1.5ATR R2.5,15,,,,1.5,existing48,1.5,0.5,12608,6928,30.643764434180138,-0.02742067026922304,0.9408358334125599,-67.86028513382635,-1.3421941293778716,79.68466591206827,-15.32096966610359,45.23809523809524,84,30.138568129330256,69.1108545034642,-0.02613108874826547,-0.02840500597330849,20.0,0.5,2.5
VBI,VBI TF15 N20 pq0.5 SL1.5ATR R2.5,15,,,,1.5,existing48,1.5,1.0,12608,6928,30.643764434180138,-0.027146496416284548,0.9219193907209146,-92.5107199555123,-3.0382428925907368,96.6016288078682,-28.64438636393568,44.047619047619044,84,30.138568129330256,69.1108545034642,-0.025373801833559997,-0.028499591619540063,20.0,0.5,2.5
VBI,VBI TF15 N20 pq0.5 SL1.5ATR R2.5,15,,,,1.5,existing48,1.5,2.0,12608,5189,30.217768356137988,-0.037968075299497035,0.9033550427119531,-99.656241424914,-8.004108063751147,99.80086436466904,-46.66636350669972,36.76470588235294,68,29.697436885719792,69.4931586047408,-0.025163090810605804,-0.055503302916933034,20.0,0.5,2.5
VBI,VBI TF15 N20 pq0.5 SL1.5ATR R2.5,15,,,,1.5,existing48,3.5,0.25,12608,6928,30.643764434180138,-0.058881734315866824,0.9056645395644082,-65.50669840748134,-1.2591543262708615,68.1703288379278,-8.632196201014963,34.523809523809526,84,30.138568129330256,69.1108545034642,-0.04557524691022024,-0.06903855684819925,20.0,0.5,2.5
VBI,VBI TF15 N20 pq0.5 SL1.5ATR R2.5,15,,,,1.5,existing48,3.5,0.5,12608,6928,30.643764434180138,-0.058853045829116706,0.8962368331170498,-89.09343722281487,-2.6033759643559806,90.72319347433312,-16.567354453530992,33.33333333333333,84,30.138568129330256,69.1108545034642,-0.04640382886876159,-0.06835551507424395,20.0,0.5,2.5
VBI,VBI TF15 N20 pq0.5 SL1.5ATR R2.5,15,,,,1.5,existing48,3.5,1.0,12608,6928,30.643764434180138,-0.052063883937623866,0.8820214972160789,-98.57502335947818,-4.9348099463017885,98.98278082948707,-29.270106727228963,34.523809523809526,84,30.138568129330256,69.1108545034642,-0.046189852589409185,-0.056547523543960275,20.0,0.5,2.5
VBI,VBI TF15 N20 pq0.5 SL1.5ATR R2.5,15,,,,1.5,existing48,3.5,2.0,12608,3697,30.132539897213956,-0.060196570984504996,0.8751843039695465,-99.66142175983663,-10.17653727067691,99.76479628681902,-46.93213761906152,30.18867924528302,53,29.564511766296995,69.54287259940493,-0.042003093082088896,-0.13836596959388298,20.0,0.5,2.5
VBI,VBI TF15 N48 pq0.25 SL1.0ATR R1.5,15,,,,1.0,existing48,0.0,0.25,2983,2477,42.75333064190553,-0.03886316411068543,0.9231839076616325,-22.128076876812496,-0.29730089742404653,30.92604126228009,-4.838991128570813,36.904761904761905,84,42.71295922486879,57.24666935809447,-0.08044447025056914,-0.004822667527740986,48.0,0.25,1.5
VBI,VBI TF15 N48 pq0.25 SL1.0ATR R1.5,15,,,,1.0,existing48,0.0,0.5,2983,2477,42.75333064190553,-0.039829047066628494,0.9130132654015931,-41.2387525556692,-0.6309624539569181,53.319703085124324,-9.508835381874503,35.714285714285715,84,42.71295922486879,57.24666935809447,-0.08164686120318475,-0.005594933437949922,48.0,0.25,1.5
VBI,VBI TF15 N48 pq0.25 SL1.0ATR R1.5,15,,,,1.0,existing48,0.0,1.0,2983,2477,42.75333064190553,-0.04050147851651791,0.8911160142908053,-68.42778920050318,-1.36311577500966,79.30136907614289,-18.2537222614523,34.523809523809526,84,42.71295922486879,57.24666935809447,-0.08208468388817218,-0.006459427129297256,48.0,0.25,1.5
VBI,VBI TF15 N48 pq0.25 SL1.0ATR R1.5,15,,,,1.0,existing48,0.0,2.0,2983,2477,42.75333064190553,-0.041388232353061515,0.8457212386734809,-91.88034863376205,-2.9449132365642727,95.06449416397567,-31.635924306071374,34.523809523809526,84,42.71295922486879,57.24666935809447,-0.07813067161918279,-0.01130906951772729,48.0,0.25,1.5
VBI,VBI TF15 N48 pq0.25 SL1.0ATR R1.5,15,,,,1.0,existing48,1.5,0.25,2983,2477,42.75333064190553,-0.07920910289036587,0.8550930651135873,-39.34358326708237,-0.5934046875987087,39.83611563736707,-5.1187679080906605,28.57142857142857,84,42.71295922486879,57.24666935809447,-0.1056492058856545,-0.05756393780978818,48.0,0.25,1.5
VBI,VBI TF15 N48 pq0.25 SL1.0ATR R1.5,15,,,,1.0,existing48,1.5,0.5,2983,2477,42.75333064190553,-0.07997895165569045,0.8440237803863658,-64.25918916116011,-1.217382760781538,64.84035909102658,-9.977656296457415,27.380952380952383,84,42.71295922486879,57.24666935809447,-0.10669822486082144,-0.058105244149287354,48.0,0.25,1.5
VBI,VBI TF15 N48 pq0.25 SL1.0ATR R1.5,15,,,,1.0,existing48,1.5,1.0,2983,2477,42.75333064190553,-0.07813047756880535,0.822962601146134,-87.55527682166013,-2.450282784064839,87.95015526948309,-19.07414823870617,27.380952380952383,84,42.71295922486879,57.24666935809447,-0.10633276084150835,-0.055042705286085965,48.0,0.25,1.5
VBI,VBI TF15 N48 pq0.25 SL1.0ATR R1.5,15,,,,1.0,existing48,1.5,2.0,2983,2477,42.75333064190553,-0.07108812224659307,0.7881235606747555,-98.10393426215636,-4.611009067666472,98.19639299864869,-32.77645102622616,23.809523809523807,84,42.71295922486879,57.24666935809447,-0.10120312780897965,-0.04643450168707685,48.0,0.25,1.5
VBI,VBI TF15 N48 pq0.25 SL1.0ATR R1.5,15,,,,1.0,existing48,3.5,0.25,2983,2477,42.75333064190553,-0.1317513730778746,0.7776038838690651,-56.191055942027,-0.9777271803644516,56.44473856997718,-5.411098330816633,19.047619047619047,84,42.71295922486879,57.24666935809447,-0.1369534004797149,-0.1274927383105824,48.0,0.25,1.5
VBI,VBI TF15 N48 pq0.25 SL1.0ATR R1.5,15,,,,1.0,existing48,3.5,0.5,2983,2477,42.75333064190553,-0.13308409966303086,0.7676982609572444,-81.4842947164297,-1.9877766137418207,81.69675674281956,-10.630990972104893,19.047619047619047,84,42.71295922486879,57.24666935809447,-0.1394013765181613,-0.1279124669952846,48.0,0.25,1.5
VBI,VBI TF15 N48 pq0.25 SL1.0ATR R1.5,15,,,,1.0,existing48,3.5,1.0,2983,2477,42.75333064190553,-0.1271658368354584,0.751920503850004,-96.29514449380514,-3.847282528634721,96.37687716575066,-20.19856190482455,19.047619047619047,84,42.71295922486879,57.24666935809447,-0.13955582073330294,-0.11702278834346382,48.0,0.25,1.5
VBI,VBI TF15 N48 pq0.25 SL1.0ATR R1.5,15,,,,1.0,existing48,3.5,2.0,2983,2477,42.75333064190553,-0.10403246645398312,0.7269544878938641,-99.60731259645881,-6.382357155512109,99.61745143189285,-33.475769485452275,17.857142857142858,84,42.71295922486879,57.24666935809447,-0.13234962019651733,-0.0808506555707778,48.0,0.25,1.5
VBI,VBI TF15 N48 pq0.25 SL1.0ATR R2.5,15,,,,1.0,existing48,0.0,0.25,2983,2443,30.699959066721245,-0.03682573157572646,0.9390840790265542,-21.391934149959326,-0.2861325640125756,31.398098217503133,-4.36185525515892,36.904761904761905,84,30.659025787965614,69.30004093327875,-0.05611391923919944,-0.020975185114020842,48.0,0.25,2.5
VBI,VBI TF15 N48 pq0.25 SL1.0ATR R2.5,15,,,,1.0,existing48,0.0,0.5,2983,2443,30.699959066721245,-0.037042907727469446,0.9314084089162961,-40.343135102283,-0.6130665519616496,54.263331790045896,-8.624019536667527,35.714285714285715,84,30.659025787965614,69.30004093327875,-0.05720843220840344,-0.020471387982510993,48.0,0.25,2.5
VBI,VBI TF15 N48 pq0.25 SL1.0ATR R2.5,15,,,,1.0,existing48,0.0,1.0,2983,2443,30.699959066721245,-0.03764182066183313,0.9146457128240251,-68.91819318201709,-1.3814965372998533,80.47899294276321,-16.517171523211914,35.714285714285715,84,30.659025787965614,69.30004093327875,-0.05701794297615504,-0.021719011720458987,48.0,0.25,2.5
VBI,VBI TF15 N48 pq0.25 SL1.0ATR R2.5,15,,,,1.0,existing48,0.0,2.0,2983,2443,30.699959066721245,-0.03271671565608565,0.8939025557632377,-90.61118646891337,-2.776964799917714,95.1915558294809,-29.06466406691065,38.095238095238095,84,30.659025787965614,69.30004093327875,-0.05199639090902158,-0.01687316447880348,48.0,0.25,2.5
VBI,VBI TF15 N48 pq0.25 SL1.0ATR R2.5,15,,,,1.0,existing48,1.5,0.25,2983,2443,30.699959066721245,-0.07662313814075074,0.8842924866655927,-38.351477412631766,-0.5742033540671376,40.271883518219,-4.795090861762907,34.523809523809526,84,30.659025787965614,69.30004093327875,-0.0816265955883435,-0.07251142292281845,48.0,0.25,2.5
VBI,VBI TF15 N48 pq0.25 SL1.0ATR R2.5,15,,,,1.0,existing48,1.5,0.5,2983,2443,30.699959066721245,-0.07728334603811755,0.8767317491138004,-63.50275541524504,-1.1927503962452013,65.6810564775339,-9.39514555888259,34.523809523809526,84,30.659025787965614,69.30004093327875,-0.08167067190788509,-0.07367795222120194,48.0,0.25,2.5
VBI,VBI TF15 N48 pq0.25 SL1.0ATR R2.5,15,,,,1.0,existing48,1.5,1.0,2983,2443,30.699959066721245,-0.0764103095616582,0.8628682796001884,-87.9127237151923,-2.4841212531082735,89.29397419815824,-17.895577087449432,30.952380952380953,84,30.659025787965614,69.30004093327875,-0.08270964965737139,-0.07123367064631449,48.0,0.25,2.5
VBI,VBI TF15 N48 pq0.25 SL1.0ATR R2.5,15,,,,1.0,existing48,1.5,2.0,2983,2443,30.699959066721245,-0.06242778594456921,0.8525286934466657,-97.73654976129531,-4.409674622373217,98.11475299156943,-30.4069679520665,32.142857142857146,84,30.659025787965614,69.30004093327875,-0.07531826916312505,-0.051834711741102726,48.0,0.25,2.5
VBI,VBI TF15 N48 pq0.25 SL1.0ATR R2.5,15,,,,1.0,existing48,3.5,0.25,2983,2443,30.699959066721245,-0.12987377432731895,0.8203734190674451,-55.46671520932067,-0.9583936893220457,56.447673854966354,-5.3313546979554705,27.380952380952383,84,30.659025787965614,69.30004093327875,-0.11395710387560719,-0.1429536929237294,48.0,0.25,2.5
VBI,VBI TF15 N48 pq0.25 SL1.0ATR R2.5,15,,,,1.0,existing48,3.5,0.5,2983,2443,30.699959066721245,-0.1308369931679493,0.8161208936073409,-81.02080969573609,-1.95892430694532,81.83266360885375,-10.41354379032371,26.190476190476193,84,30.659025787965614,69.30004093327875,-0.11469328817700823,-0.14410348302627674,48.0,0.25,2.5
VBI,VBI TF15 N48 pq0.25 SL1.0ATR R2.5,15,,,,1.0,existing48,3.5,1.0,2983,2443,30.699959066721245,-0.12587506371144194,0.8110293318097914,-96.3674902533245,-3.8698533992028605,96.64398365437812,-19.714331932606278,26.190476190476193,84,30.659025787965614,69.30004093327875,-0.11460615366121046,-0.13513556995704598,48.0,0.25,2.5
VBI,VBI TF15 N48 pq0.25 SL1.0ATR R2.5,15,,,,1.0,existing48,3.5,2.0,2983,2443,30.699959066721245,-0.09382559033045079,0.806525557468755,-99.46994003482021,-6.047437223981634,99.53210509217749,-31.10428731312699,26.190476190476193,84,30.659025787965614,69.30004093327875,-0.10573814440467001,-0.08403615364902679,48.0,0.25,2.5
VBI,VBI TF15 N48 pq0.25 SL1.5ATR R1.5,15,,,,1.5,existing48,0.0,0.25,2983,2199,42.51932696680309,-0.012210761190073416,0.97511886400971,-7.307096518221911,-0.09029048732643874,16.219964013542388,-3.118587504075887,44.047619047619044,84,42.42837653478854,57.48067303319691,-0.02737346153424934,-6.569899793248869e-05,48.0,0.25,1.5
VBI,VBI TF15 N48 pq0.25 SL1.5ATR R1.5,15,,,,1.5,existing48,0.0,0.5,2983,2199,42.51932696680309,-0.012462397191104178,0.9716137808586405,-15.882747755768012,-0.20569114190563953,30.847992096344214,-6.254369580186269,42.857142857142854,84,42.42837653478854,57.48067303319691,-0.028019680638433447,-1.2807197790244798e-06,48.0,0.25,1.5
VBI,VBI TF15 N48 pq0.25 SL1.5ATR R1.5,15,,,,1.5,existing48,0.0,1.0,2983,2199,42.51932696680309,-0.012743066349539211,0.9642160829107288,-34.60171740319113,-0.504288682935794,54.339639209991056,-12.184990948027984,42.857142857142854,84,42.42837653478854,57.48067303319691,-0.02855309290203614,-7.95069979077718e-05,48.0,0.25,1.5
VBI,VBI TF15 N48 pq0.25 SL1.5ATR R1.5,15,,,,1.5,existing48,0.0,2.0,2983,2199,42.51932696680309,-0.012490812739460443,0.9508481045366106,-66.07401015470643,-1.2786463907686563,81.90998056391271,-22.28015282989614,40.476190476190474,84,42.42837653478854,57.48067303319691,-0.027603561500435393,-0.0003857609063453763,48.0,0.25,1.5
VBI,VBI TF15 N48 pq0.25 SL1.5ATR R1.5,15,,,,1.5,existing48,1.5,0.25,2983,2199,42.51932696680309,-0.0402038261355363,0.9275429782593171,-20.52792033599722,-0.27315532769581763,23.665718000730273,-3.3544764773345115,41.66666666666667,84,42.42837653478854,57.48067303319691,-0.04526932763554085,-0.036146446555680056,48.0,0.25,1.5
VBI,VBI TF15 N48 pq0.25 SL1.5ATR R1.5,15,,,,1.5,existing48,1.5,0.5,2983,2199,42.51932696680309,-0.04065453751199105,0.9245029446139202,-38.2961566809672,-0.5731416766770137,43.0737045414993,-6.732690097600347,40.476190476190474,84,42.42837653478854,57.48067303319691,-0.04579496629084788,-0.036537142470449716,48.0,0.25,1.5
VBI,VBI TF15 N48 pq0.25 SL1.5ATR R1.5,15,,,,1.5,existing48,1.5,1.0,2983,2199,42.51932696680309,-0.040008009159988304,0.9196270586456505,-64.07694915914475,-1.2114015538658873,69.31480983917444,-13.012194525515163,40.476190476190474,84,42.42837653478854,57.48067303319691,-0.04548835590684309,-0.035618345672335586,48.0,0.25,1.5
VBI,VBI TF15 N48 pq0.25 SL1.5ATR R1.5,15,,,,1.5,existing48,1.5,2.0,2983,2199,42.51932696680309,-0.03701583380409629,0.9111675025790352,-88.42541165110917,-2.5344233536998884,91.6519892726568,-23.544297857412534,39.285714285714285,84,42.42837653478854,57.48067303319691,-0.04474520096037861,-0.030824743649432815,48.0,0.25,1.5
VBI,VBI TF15 N48 pq0.25 SL1.5ATR R1.5,15,,,,1.5,existing48,3.5,0.25,2983,2199,42.51932696680309,-0.07629390084842631,0.8712865271568577,-34.82890036321504,-0.5084104260186462,36.6329326099423,-3.6743741689817866,34.523809523809526,84,42.42837653478854,57.48067303319691,-0.06753106487821474,-0.08331278174839925,48.0,0.25,1.5
VBI,VBI TF15 N48 pq0.25 SL1.5ATR R1.5,15,,,,1.5,existing48,3.5,0.5,2983,2199,42.51932696680309,-0.07703380156494036,0.870504331417349,-58.636981957408274,-1.0454291317704256,60.819398527749144,-7.287657341944609,34.523809523809526,84,42.42837653478854,57.48067303319691,-0.06807284792168564,-0.08421137131359155,48.0,0.25,1.5
VBI,VBI TF15 N48 pq0.25 SL1.5ATR R1.5,15,,,,1.5,existing48,3.5,1.0,2983,2199,42.51932696680309,-0.07667553661515505,0.8683706452209545,-83.94905299335623,-2.1543157821784953,85.57789948502986,-14.058614120730207,33.33333333333333,84,42.42837653478854,57.48067303319691,-0.06918942869506298,-0.08267178030544992,48.0,0.25,1.5
VBI,VBI TF15 N48 pq0.25 SL1.5ATR R1.5,15,,,,1.5,existing48,3.5,2.0,2983,2199,42.51932696680309,-0.06929182632517943,0.869047737757307,-97.1699330507872,-4.155100033622839,97.70719027094312,-24.553778046541275,32.142857142857146,84,42.42837653478854,57.48067303319691,-0.06730519111741172,-0.07088308695842825,48.0,0.25,1.5
VBI,VBI TF15 N48 pq0.25 SL1.5ATR R2.5,15,,,,1.5,existing48,0.0,0.25,2983,2168,31.503690036900366,0.02129609436384617,1.027985723807031,10.578302091268155,0.11977846315953666,14.092318081974698,-4.305137402121306,51.19047619047619,84,31.31918819188192,68.49630996309963,0.007765957056662292,0.03214944640161213,48.0,0.25,2.5
VBI,VBI TF15 N48 pq0.25 SL1.5ATR R2.5,15,,,,1.5,existing48,0.0,0.5,2983,2168,31.503690036900366,0.020512306035896835,1.0225097190592993,17.514882992799198,0.1923213714216887,28.186531046794418,-8.49790229218611,47.61904761904761,84,31.31918819188192,68.49630996309963,0.005702734336244857,0.03239197078250045,48.0,0.25,2.5
VBI,VBI TF15 N48 pq0.25 SL1.5ATR R2.5,15,,,,1.5,existing48,0.0,1.0,2983,2168,31.503690036900366,0.020843476969822788,1.0147725663260558,23.04565213713825,0.24719222709046473,51.62682423139538,-16.388956721843496,47.61904761904761,84,31.31918819188192,68.49630996309963,0.005873525063566486,0.03285179250559779,48.0,0.25,2.5
VBI,VBI TF15 N48 pq0.25 SL1.5ATR R2.5,15,,,,1.5,existing48,0.0,2.0,2983,2168,31.503690036900366,0.018916390762583436,0.9971577648430301,-7.150725794702051,-0.08828566605281196,81.44991630583372,-29.42838396544546,46.42857142857143,84,31.31918819188192,68.49630996309963,0.0059174839860296705,0.029343610246685175,48.0,0.25,2.5
VBI,VBI TF15 N48 pq0.25 SL1.5ATR R2.5,15,,,,1.5,existing48,1.5,0.25,2983,2168,31.503690036900366,-0.00571798676765298,0.9877295688549251,-4.481313942138909,-0.054566407253875404,18.27196564966703,-4.576140677076079,46.42857142857143,84,31.31918819188192,68.49630996309963,-0.008476840309593017,-0.0035049413246171324,48.0,0.25,2.5
VBI,VBI TF15 N48 pq0.25 SL1.5ATR R2.5,15,,,,1.5,existing48,1.5,0.5,2983,2168,31.503690036900366,-0.007029206188789513,0.9818368149386477,-12.800128920394327,-0.16292348478665897,35.47747264774919,-8.964485262074739,45.23809523809524,84,31.31918819188192,68.49630996309963,-0.011252662328858628,-0.0036413132751014856,48.0,0.25,2.5
VBI,VBI TF15 N48 pq0.25 SL1.5ATR R2.5,15,,,,1.5,existing48,1.5,1.0,2983,2168,31.503690036900366,-0.006581224751507102,0.9744209612419896,-32.06161676476794,-0.45914391160583046,60.87149239927159,-17.26528989150643,42.857142857142854,84,31.31918819188192,68.49630996309963,-0.011001158013427045,-0.0030357255015048155,48.0,0.25,2.5
VBI,VBI TF15 N48 pq0.25 SL1.5ATR R2.5,15,,,,1.5,existing48,1.5,2.0,2983,2168,31.503690036900366,-0.006141589139340427,0.960340530561527,-68.57050726957826,-1.3684357030048777,88.01082542847459,-30.727461125341893,41.66666666666667,84,31.31918819188192,68.49630996309963,-0.01146921237391415,-0.0018679761540007515,48.0,0.25,2.5
VBI,VBI TF15 N48 pq0.25 SL1.5ATR R2.5,15,,,,1.5,existing48,3.5,0.25,2983,2168,31.503690036900366,-0.04294016497554358,0.93678236860111,-21.92772703515562,-0.29425100659455916,28.663482373589066,-4.879092891610171,41.66666666666667,84,31.31918819188192,68.49630996309963,-0.03301623498710035,-0.050900757194037104,48.0,0.25,2.5
VBI,VBI TF15 N48 pq0.25 SL1.5ATR R2.5,15,,,,1.5,existing48,3.5,0.5,2983,2168,31.503690036900366,-0.0440098651277463,0.9331506679924104,-41.59142856664314,-0.6380835641145222,51.214902344601576,-9.612238966744657,40.476190476190474,84,31.31918819188192,68.49630996309963,-0.03425555357303784,-0.05183439600912093,48.0,0.25,2.5
VBI,VBI TF15 N48 pq0.25 SL1.5ATR R2.5,15,,,,1.5,existing48,3.5,1.0,2983,2168,31.503690036900366,-0.04353799099426311,0.9284615070492058,-69.47505589504148,-1.4027189153083208,78.5797651873821,-18.326541032996634,40.476190476190474,84,31.31918819188192,68.49630996309963,-0.03441943570813405,-0.05085254282395102,48.0,0.25,2.5
VBI,VBI TF15 N48 pq0.25 SL1.5ATR R2.5,15,,,,1.5,existing48,3.5,2.0,2983,2168,31.503690036900366,-0.039380191110095185,0.9231394392397965,-92.48876135233947,-3.0348633533059943,96.1827174291291,-32.18946650000073,38.095238095238095,84,31.31918819188192,68.49630996309963,-0.03449614921158309,-0.043297980330431154,48.0,0.25,2.5
VBI,VBI TF15 N48 pq0.5 SL1.0ATR R1.5,15,,,,1.0,existing48,0.0,0.25,6427,5254,41.891891891891895,-0.0432478434872504,0.9115435479035018,-44.46403399838389,-0.6977204292633377,48.18997196137471,-5.8391734955781205,35.714285714285715,84,41.79672630376856,58.03197563760945,-0.0634768413793025,-0.026865351567093857,48.0,0.5,1.5
VBI,VBI TF15 N48 pq0.5 SL1.0ATR R1.5,15,,,,1.0,existing48,0.0,0.5,6427,5254,41.891891891891895,-0.043818879497666656,0.8967764414726057,-70.84253234111075,-1.456502120224712,74.59959039178628,-11.356909702877726,34.523809523809526,84,41.79672630376856,58.03197563760945,-0.06532401877013043,-0.026402902084796405,48.0,0.5,1.5
VBI,VBI TF15 N48 pq0.5 SL1.0ATR R1.5,15,,,,1.0,existing48,0.0,1.0,6427,5254,41.891891891891895,-0.04424076039141812,0.8669377080989914,-92.83946655117525,-3.090043784237151,94.37982124268287,-21.242372709500547,34.523809523809526,84,41.79672630376856,58.03197563760945,-0.06553980693806274,-0.026991687559464426,48.0,0.5,1.5
VBI,VBI TF15 N48 pq0.5 SL1.0ATR R1.5,15,,,,1.0,existing48,0.0,2.0,6427,5254,41.891891891891895,-0.039123297161210345,0.8277468287180997,-99.28499094120242,-5.71207250041369,99.53198775435162,-34.239937155796376,30.952380952380953,84,41.79672630376856,58.03197563760945,-0.061290287445291844,-0.02117131846404342,48.0,0.5,1.5
VBI,VBI TF15 N48 pq0.5 SL1.0ATR R1.5,15,,,,1.0,existing48,1.5,0.25,6427,5254,41.891891891891895,-0.07707582954365559,0.8541175441182901,-64.37976456079721,-1.2213566926479236,65.31951645962228,-6.449188641315329,27.380952380952383,84,41.79672630376856,58.03197563760945,-0.08559516383213937,-0.07017643067619939,48.0,0.5,1.5
VBI,VBI TF15 N48 pq0.5 SL1.0ATR R1.5,15,,,,1.0,existing48,1.5,0.5,6427,5254,41.891891891891895,-0.07823819347264345,0.8378473301262563,-88.17251632322098,-2.509341406903942,88.8139220097225,-12.625577053283033,28.57142857142857,84,41.79672630376856,58.03197563760945,-0.0878310049212122,-0.0704694371117805,48.0,0.5,1.5
VBI,VBI TF15 N48 pq0.5 SL1.0ATR R1.5,15,,,,1.0,existing48,1.5,1.0,6427,5254,41.891891891891895,-0.07501748582103561,0.8122129907313705,-98.53252138854177,-4.901542314202112,98.63693411601706,-22.871972334301994,27.380952380952383,84,41.79672630376856,58.03197563760945,-0.08765225066604983,-0.0647851977911946,48.0,0.5,1.5
VBI,VBI TF15 N48 pq0.5 SL1.0ATR R1.5,15,,,,1.0,existing48,1.5,2.0,6427,2893,40.8918078119599,-0.08837877713563537,0.7784873246948263,-99.66187741689333,-10.178819608161438,99.67971173121465,-34.91121539656724,22.641509433962266,53,40.78810922917387,59.00449360525406,-0.08407065482744104,-0.10706585378981413,48.0,0.5,1.5
VBI,VBI TF15 N48 pq0.5 SL1.0ATR R1.5,15,,,,1.0,existing48,3.5,0.25,6427,5254,41.891891891891895,-0.12225006329266129,0.7878452571000697,-80.31537306085734,-1.9163198923971003,80.6259045969108,-7.32353941405659,15.476190476190476,84,41.79672630376856,58.03197563760945,-0.1144930017678194,-0.12853213413141548,48.0,0.5,1.5
VBI,VBI TF15 N48 pq0.5 SL1.0ATR R1.5,15,,,,1.0,existing48,3.5,0.5,6427,5254,41.891891891891895,-0.12048510252755198,0.7771629741812258,-96.0849281824027,-3.784087815614201,96.20158640434818,-14.088142524968594,16.666666666666664,84,41.79672630376856,58.03197563760945,-0.11596729367757226,-0.1241438585062989,48.0,0.5,1.5
VBI,VBI TF15 N48 pq0.5 SL1.0ATR R1.5,15,,,,1.0,existing48,3.5,1.0,6427,4232,41.422495274102076,-0.12858457965419356,0.752314753631388,-99.66292205667399,-7.70476062997083,99.6693866603915,-34.453163878662764,15.492957746478872,71,41.35160680529301,58.50661625708885,-0.11471424869337378,-0.1459206498768875,48.0,0.5,1.5
VBI,VBI TF15 N48 pq0.5 SL1.0ATR R1.5,15,,,,1.0,existing48,3.5,2.0,6427,2443,41.056078591895215,-0.10513271171135294,0.7170141821279313,-99.65482039308274,-10.924960613081092,99.66862032804052,-35.61814727174285,18.367346938775512,49,40.93327875562833,58.86205485059354,-0.09897631741465132,-0.2624553529238036,48.0,0.5,1.5
VBI,VBI TF15 N48 pq0.5 SL1.0ATR R2.5,15,,,,1.0,existing48,0.0,0.25,6427,5159,29.75382826129095,-0.05174203369316886,0.9070338264396959,-50.341768086417005,-0.82987783194306,57.29194610151854,-6.445828055536396,30.952380952380953,84,29.579375848032562,70.12987012987013,-0.07715473933704442,-0.031185542837481286,48.0,0.5,2.5
VBI,VBI TF15 N48 pq0.5 SL1.0ATR R2.5,15,,,,1.0,existing48,0.0,0.5,6427,5159,29.75382826129095,-0.0530710320553021,0.8875171250121487,-77.68819136944478,-1.7699281697112212,83.08683883088335,-12.524968777476165,30.952380952380953,84,29.579375848032562,70.12987012987013,-0.07943505547889378,-0.03174501451034204,48.0,0.5,2.5
VBI,VBI TF15 N48 pq0.5 SL1.0ATR R2.5,15,,,,1.0,existing48,0.0,1.0,6427,5159,29.75382826129095,-0.054382540350565715,0.8574522437532335,-96.23989611043051,-3.8303371767096417,97.5979877936924,-22.60789984926411,30.952380952380953,84,29.579375848032562,70.12987012987013,-0.07907138593420547,-0.03441158426309836,48.0,0.5,2.5
VBI,VBI TF15 N48 pq0.5 SL1.0ATR R2.5,15,,,,1.0,existing48,0.0,2.0,6427,3225,28.930232558139537,-0.07185253833878627,0.8262552545748962,-99.65807587577696,-9.175670788716484,99.6838495962831,-36.60190961034081,23.728813559322035,59,28.713178294573645,70.91472868217055,-0.07384638455514547,-0.06684185944865484,48.0,0.5,2.5
VBI,VBI TF15 N48 pq0.5 SL1.0ATR R2.5,15,,,,1.0,existing48,1.5,0.25,6427,5159,29.75382826129095,-0.0856363923750368,0.8589426583139715,-67.91544328370816,-1.3442115122625609,70.66050083403614,-7.221084659948518,25.0,84,29.579375848032562,70.12987012987013,-0.09902589781542306,-0.07480554067413527,48.0,0.5,2.5
VBI,VBI TF15 N48 pq0.5 SL1.0ATR R2.5,15,,,,1.0,existing48,1.5,0.5,6427,5159,29.75382826129095,-0.08612466580991901,0.8416916894430533,-90.44972128313373,-2.7572272053188907,91.93964663911387,-13.672642459800866,25.0,84,29.579375848032562,70.12987012987013,-0.10080975394695631,-0.0742458094522244,48.0,0.5,2.5
VBI,VBI TF15 N48 pq0.5 SL1.0ATR R2.5,15,,,,1.0,existing48,1.5,1.0,6427,5159,29.75382826129095,-0.07973408593269815,0.818304347637121,-98.97542023525662,-5.307404389438297,99.3680501978981,-24.337481436802044,26.190476190476193,84,29.579375848032562,70.12987012987013,-0.10069141043203876,-0.062781579754585,48.0,0.5,2.5
VBI,VBI TF15 N48 pq0.5 SL1.0ATR R2.5,15,,,,1.0,existing48,1.5,2.0,6427,2576,28.88198757763975,-0.0940436046814935,0.7915119453126334,-99.65620865532114,-10.725814045758053,99.6812676372038,-37.738782734418685,20.0,50,28.649068322981368,70.96273291925466,-0.08694709450841923,-0.15490475326618613,48.0,0.5,2.5
VBI,VBI TF15 N48 pq0.5 SL1.0ATR R2.5,15,,,,1.0,existing48,3.5,0.25,6427,5159,29.75382826129095,-0.13097653623893038,0.8032085042863103,-82.10771250235001,-2.027731262607624,83.29547588201662,-8.117394120775856,21.428571428571427,84,29.579375848032562,70.12987012987013,-0.1292169780966925,-0.13239985343182753,48.0,0.5,2.5
VBI,VBI TF15 N48 pq0.5 SL1.0ATR R2.5,15,,,,1.0,existing48,3.5,0.5,6427,5159,29.75382826129095,-0.1274114635208961,0.7919140444966526,-96.6764222998426,-3.9715167159509734,96.9678438737562,-15.05467235961958,21.428571428571427,84,29.579375848032562,70.12987012987013,-0.1298054534598269,-0.12547495062148747,48.0,0.5,2.5
VBI,VBI TF15 N48 pq0.5 SL1.0ATR R2.5,15,,,,1.0,existing48,3.5,1.0,6427,3716,28.90204520990312,-0.1439982984536722,0.7720526684690444,-99.65562909926284,-8.001700334732465,99.67055937407584,-22.420155975617075,17.647058823529413,68,28.74058127018299,70.96340150699677,-0.12881284798907036,-0.16886191394113598,48.0,0.5,2.5
VBI,VBI TF15 N48 pq0.5 SL1.0ATR R2.5,15,,,,1.0,existing48,3.5,2.0,6427,1747,28.277046365197485,-0.14406881268209043,0.7403566413330097,-99.65634695363588,-12.922616540999076,99.68031345852576,-39.18630795495073,19.51219512195122,41,28.048082427017746,71.55123068116772,-0.14107108071476332,-0.30472851030602854,48.0,0.5,2.5
VBI,VBI TF15 N48 pq0.5 SL1.5ATR R1.5,15,,,,1.5,existing48,0.0,0.25,6427,4538,41.40590568532393,-0.027640986225539736,0.9449296325571207,-28.209143308152484,-0.39376207575781974,34.48627048016043,-5.273389608062773,46.42857142857143,84,41.20758043190833,58.417805200528875,-0.04170000840953254,-0.01641271444561682,48.0,0.5,1.5
VBI,VBI TF15 N48 pq0.5 SL1.5ATR R1.5,15,,,,1.5,existing48,0.0,0.5,6427,4538,41.40590568532393,-0.02789470617891586,0.9384106093209678,-50.648915600133506,-0.837202498427958,58.63424217527671,-10.619059960339882,45.23809523809524,84,41.20758043190833,58.417805200528875,-0.04247448829368631,-0.01625052823152685,48.0,0.5,1.5
VBI,VBI TF15 N48 pq0.5 SL1.5ATR R1.5,15,,,,1.5,existing48,0.0,1.0,6427,4538,41.40590568532393,-0.028593350431144055,0.923866176730584,-79.6149340039909,-1.8754845282081045,85.5325057367803,-20.3828134537404,45.23809523809524,84,41.20758043190833,58.417805200528875,-0.043948428972505144,-0.01632998013354493,48.0,0.5,1.5
VBI,VBI TF15 N48 pq0.5 SL1.5ATR R1.5,15,,,,1.5,existing48,0.0,2.0,6427,4538,41.40590568532393,-0.029648895085890994,0.9073289245562238,-97.57614001014902,-4.331724220246869,98.68072654550247,-35.851009905670715,42.857142857142854,84,41.20758043190833,58.417805200528875,-0.04361271190140873,-0.018496659301797364,48.0,0.5,1.5
VBI,VBI TF15 N48 pq0.5 SL1.5ATR R1.5,15,,,,1.5,existing48,1.5,0.25,6427,4538,41.40590568532393,-0.051193169955426984,0.9045438435093027,-45.03600086834155,-0.7099580158523078,48.72100677011921,-5.693878582758427,38.095238095238095,84,41.20758043190833,58.417805200528875,-0.057532785407402774,-0.04613002087269564,48.0,0.5,1.5
VBI,VBI TF15 N48 pq0.5 SL1.5ATR R1.5,15,,,,1.5,existing48,1.5,0.5,6427,4538,41.40590568532393,-0.05157626922275493,0.8983194506113198,-71.13935931649489,-1.4685052865352821,74.85260831527792,-11.252571750965812,36.904761904761905,84,41.20758043190833,58.417805200528875,-0.057969537291757925,-0.04647027034877908,48.0,0.5,1.5
VBI,VBI TF15 N48 pq0.5 SL1.5ATR R1.5,15,,,,1.5,existing48,1.5,1.0,6427,4538,41.40590568532393,-0.052075665013163144,0.8867275528908398,-92.91242132071584,-3.1018576707660617,94.54964928580986,-21.303061567973604,35.714285714285715,84,41.20758043190833,58.417805200528875,-0.059094455613213186,-0.04647009106980173,48.0,0.5,1.5
VBI,VBI TF15 N48 pq0.5 SL1.5ATR R1.5,15,,,,1.5,existing48,1.5,2.0,6427,4538,41.40590568532393,-0.04338199786837127,0.8806466799215584,-99.26962709779156,-5.688205636377408,99.62591804646677,-37.06868169400258,36.904761904761905,84,41.20758043190833,58.417805200528875,-0.05892312632503473,-0.03097003835977957,48.0,0.5,1.5
VBI,VBI TF15 N48 pq0.5 SL1.5ATR R1.5,15,,,,1.5,existing48,3.5,0.25,6427,4538,41.40590568532393,-0.08223974998048698,0.8562222711775769,-61.346307107493445,-1.1252025015265232,63.3662618616105,-6.012796317700319,26.190476190476193,84,41.20758043190833,58.417805200528875,-0.07661248633358049,-0.08673397758592359,48.0,0.5,1.5
VBI,VBI TF15 N48 pq0.5 SL1.5ATR R1.5,15,,,,1.5,existing48,3.5,0.5,6427,4538,41.40590568532393,-0.0825238871123537,0.8526556819272344,-85.68035378010264,-2.287173785084484,87.08201960498869,-12.20449116367941,25.0,84,41.20758043190833,58.417805200528875,-0.07792012595766869,-0.08620069199808113,48.0,0.5,1.5
VBI,VBI TF15 N48 pq0.5 SL1.5ATR R1.5,15,,,,1.5,existing48,3.5,1.0,6427,4538,41.40590568532393,-0.08021228711333311,0.8467788983799628,-97.97690325075436,-4.537339985765576,98.30560984609122,-22.62196302547429,26.190476190476193,84,41.20758043190833,58.417805200528875,-0.079155522513374,-0.08105627469514746,48.0,0.5,1.5
VBI,VBI TF15 N48 pq0.5 SL1.5ATR R1.5,15,,,,1.5,existing48,3.5,2.0,6427,3085,41.102106969205835,-0.07807951111358621,0.8486542919507656,-99.61059771033479,-8.30408752469205,99.69389066745839,-36.63550906114984,28.125,64,40.94003241491086,58.6709886547812,-0.07721188554902017,-0.07971340411601666,48.0,0.5,1.5
VBI,VBI TF15 N48 pq0.5 SL1.5ATR R2.5,15,,,,1.5,existing48,0.0,0.25,6427,4398,30.03638017280582,-0.01745611489185115,0.968074880294391,-19.836894068919854,-0.26287625787728697,36.18168882860615,-6.79851301755,44.047619047619044,84,29.67257844474761,69.78171896316508,-0.025266926322845187,-0.011262870605963093,48.0,0.5,2.5
VBI,VBI TF15 N48 pq0.5 SL1.5ATR R2.5,15,,,,1.5,existing48,0.0,0.5,6427,4398,30.03638017280582,-0.018040645495673753,0.9606206724706836,-40.332326604796165,-0.6128522056409236,61.34531648212517,-13.526438759769743,42.857142857142854,84,29.67257844474761,69.78171896316508,-0.0265653748256886,-0.011281330963721492,48.0,0.5,2.5
VBI,VBI TF15 N48 pq0.5 SL1.5ATR R2.5,15,,,,1.5,existing48,0.0,1.0,6427,4398,30.03638017280582,-0.018358240817353225,0.9466070602348106,-72.3515273341619,-1.5188235699698183,86.87608464952041,-25.27970268353188,42.857142857142854,84,29.67257844474761,69.78171896316508,-0.02695098547395579,-0.01154499648099284,48.0,0.5,2.5
VBI,VBI TF15 N48 pq0.5 SL1.5ATR R2.5,15,,,,1.5,existing48,0.0,2.0,6427,4398,30.03638017280582,-0.02123495145015773,0.9296994906431268,-97.00719242756773,-4.0912831015114115,99.17430244787181,-44.7312866285691,42.857142857142854,84,29.67257844474761,69.78171896316508,-0.02768221480271351,-0.01612287349633752,48.0,0.5,2.5
VBI,VBI TF15 N48 pq0.5 SL1.5ATR R2.5,15,,,,1.5,existing48,1.5,0.25,6427,4398,30.03638017280582,-0.04181224303140037,0.9320890475896538,-38.65445290317303,-0.580034598642476,46.936024755384196,-7.144512932461867,40.476190476190474,84,29.67257844474761,69.78171896316508,-0.042119445493016466,-0.04156866015824776,48.0,0.5,2.5
VBI,VBI TF15 N48 pq0.5 SL1.5ATR R2.5,15,,,,1.5,existing48,1.5,0.5,6427,4398,30.03638017280582,-0.04232950646635015,0.9249074467397341,-64.97348779581593,-1.2411205819410465,73.83186019950256,-14.075022848147912,41.66666666666667,84,29.67257844474761,69.78171896316508,-0.043407008572446705,-0.04147514788650596,48.0,0.5,2.5
VBI,VBI TF15 N48 pq0.5 SL1.5ATR R2.5,15,,,,1.5,existing48,1.5,1.0,6427,4398,30.03638017280582,-0.04236857929832662,0.9150826038475978,-90.26051446400892,-2.734513784277748,94.4483822483575,-26.4356574888178,38.095238095238095,84,29.67257844474761,69.78171896316508,-0.04204891992920307,-0.04262203933621708,48.0,0.5,2.5
VBI,VBI TF15 N48 pq0.5 SL1.5ATR R2.5,15,,,,1.5,existing48,1.5,2.0,6427,4398,30.03638017280582,-0.03523651475418624,0.9118320810503866,-99.00404060817742,-5.339336715777576,99.66638472981498,-45.853048344634416,39.285714285714285,84,29.67257844474761,69.78171896316508,-0.042736196783209,-0.029289967038552606,48.0,0.5,2.5
VBI,VBI TF15 N48 pq0.5 SL1.5ATR R2.5,15,,,,1.5,existing48,3.5,0.25,6427,4398,30.03638017280582,-0.07252054080659517,0.8914448729916363,-56.22156025634406,-0.9785482907208154,61.26737364849767,-7.589098844699982,36.904761904761905,84,29.67257844474761,69.78171896316508,-0.06184664887797618,-0.08098394064400408,48.0,0.5,2.5
VBI,VBI TF15 N48 pq0.5 SL1.5ATR R2.5,15,,,,1.5,existing48,3.5,0.5,6427,4398,30.03638017280582,-0.07293171940267662,0.8870119547053005,-82.09099685295772,-2.026642129675038,85.98938257171854,-15.041740224907763,38.095238095238095,84,29.67257844474761,69.78171896316508,-0.06244059146282333,-0.08125020445894023,48.0,0.5,2.5
VBI,VBI TF15 N48 pq0.5 SL1.5ATR R2.5,15,,,,1.5,existing48,3.5,1.0,6427,4398,30.03638017280582,-0.0751708099227493,0.8824365543675702,-97.60726679450899,-4.346443466790295,98.36781205416713,-27.5932136791446,34.523809523809526,84,29.67257844474761,69.78171896316508,-0.06298812826084836,-0.0848305391654714,48.0,0.5,2.5
VBI,VBI TF15 N48 pq0.5 SL1.5ATR R2.5,15,,,,1.5,existing48,3.5,2.0,6427,2689,29.26738564522127,-0.08628788654278792,0.8893123520082958,-99.65532943210583,-9.313748304624681,99.78683142082842,-45.10491521521486,32.758620689655174,58,28.82112309408702,70.47229453328376,-0.06439072748842804,-0.14353247573731745,48.0,0.5,2.5
VBI,VBI TF5 N20 pq0.25 SL1.0ATR R1.5,5,,,,1.0,new_vbi_tf5_tf30,0.0,0.25,20116,14140,44.78783592644979,-0.09579150093505978,0.7824342409710654,-96.74935411643993,-3.996878733587683,96.7769559201553,-12.136024486242958,11.904761904761903,84,44.73125884016973,55.155586987270155,-0.12016320998877798,-0.07971532665314708,20.0,0.25,1.5
VBI,VBI TF5 N20 pq0.25 SL1.0ATR R1.5,5,,,,1.0,new_vbi_tf5_tf30,0.0,0.5,20116,10718,44.551222242955774,-0.10354304272322255,0.7653317605265519,-99.65493145955382,-7.887733400708019,99.66016532665567,-19.536474286936713,10.144927536231885,69,44.47658145176339,55.38346706475089,-0.11796951594817583,-0.08763939825004931,20.0,0.25,1.5
VBI,VBI TF5 N20 pq0.25 SL1.0ATR R1.5,5,,,,1.0,new_vbi_tf5_tf30,0.0,1.0,20116,5042,43.31614438714796,-0.10777376824127072,0.7383023676287769,-99.6547560837175,-11.362050075296581,99.66432183943064,-33.48787168623305,10.638297872340425,47,43.17731059103531,56.62435541451805,-0.10651287310068565,-0.1543131234678279,20.0,0.25,1.5
VBI,VBI TF5 N20 pq0.25 SL1.0ATR R1.5,5,,,,1.0,new_vbi_tf5_tf30,0.0,2.0,20116,3077,42.996425089372764,-0.08568853431243904,0.7641345174365592,-99.65607182369675,-16.721821413321813,99.66560112388778,-51.47777743128166,16.129032258064516,31,42.86642833929152,56.97107572310692,-0.08552622271805925,-0.09345372709753026,20.0,0.25,1.5
VBI,VBI TF5 N20 pq0.25 SL1.0ATR R1.5,5,,,,1.0,new_vbi_tf5_tf30,1.5,0.25,20116,11618,44.405233258736445,-0.19357846120585748,0.7060339237528355,-99.65862140101281,-7.388406832702666,99.66090512566838,-26.214805566836297,6.756756756756757,74,44.34498192459976,55.52590807367878,-0.1598697487589704,-0.22516281664958956,20.0,0.25,1.5
VBI,VBI TF5 N20 pq0.25 SL1.0ATR R1.5,5,,,,1.0,new_vbi_tf5_tf30,1.5,0.5,20116,6579,43.289253685970515,-0.16982659124732863,0.6870392102464228,-99.6544261198887,-10.922885368875102,99.65905621009253,-32.32104299813589,8.16326530612245,49,43.1828545371637,56.649946800425596,-0.15010770648161495,-0.28538460207455557,20.0,0.25,1.5
VBI,VBI TF5 N20 pq0.25 SL1.0ATR R1.5,5,,,,1.0,new_vbi_tf5_tf30,1.5,1.0,20116,4114,43.50996596985902,-0.1333580331265856,0.642193478162912,-99.65573775153942,-12.631574429373394,99.66416179045675,-39.788024144736355,11.904761904761903,42,43.388429752066116,56.44141954302382,-0.131639257860254,-0.19772375735266898,20.0,0.25,1.5
VBI,VBI TF5 N20 pq0.25 SL1.0ATR R1.5,5,,,,1.0,new_vbi_tf5_tf30,1.5,2.0,20116,2066,42.59438528557599,-0.13024641794918235,0.6707634036525202,-99.6540882199038,-21.030954326141014,99.66255262258088,-52.513590688564584,8.333333333333332,24,42.497579864472414,57.405614714424004,-0.12994648614988047,-0.14470027418220624,20.0,0.25,1.5
VBI,VBI TF5 N20 pq0.25 SL1.0ATR R1.5,5,,,,1.0,new_vbi_tf5_tf30,3.5,0.25,20116,8764,43.804198995892285,-0.2574940803302686,0.6229369825032587,-99.65678521682561,-8.613509444127898,99.658673016526,-25.470376673953666,1.5873015873015872,63,43.70150616157006,56.12733911455956,-0.20609896319836438,-0.3493644869082908,20.0,0.25,1.5
VBI,VBI TF5 N20 pq0.25 SL1.0ATR R1.5,5,,,,1.0,new_vbi_tf5_tf30,3.5,0.5,20116,5151,43.447874199184625,-0.2170797758728764,0.5842201239766464,-99.65599839446737,-11.601078451350421,99.65979246230584,-35.621360488622024,4.3478260869565215,46,43.31197825664919,56.474470976509416,-0.21214729096654156,-0.5297376628731774,20.0,0.25,1.5
VBI,VBI TF5 N20 pq0.25 SL1.0ATR R1.5,5,,,,1.0,new_vbi_tf5_tf30,3.5,1.0,20116,2593,42.61473197069032,-0.21332579634924004,0.5114543579373466,-99.6569926162342,-17.23562325325957,99.66388548793793,-47.25364261325733,6.666666666666667,30,42.53760123409179,57.38526802930968,-0.21139093199571785,-0.37323297292097696,20.0,0.25,1.5
VBI,VBI TF5 N20 pq0.25 SL1.0ATR R1.5,5,,,,1.0,new_vbi_tf5_tf30,3.5,2.0,20116,1744,43.0045871559633,-0.15582816251846257,0.5378350848107484,-99.65596124860757,-22.72702952818644,99.66287484605968,-50.90956953091265,4.545454545454546,22,42.94724770642202,56.9954128440367,-0.15648172913933292,-0.1327354752477092,20.0,0.25,1.5
VBI,VBI TF5 N20 pq0.25 SL1.0ATR R2.5,5,,,,1.0,new_vbi_tf5_tf30,0.0,0.25,20116,13131,32.25953849668723,-0.09365987103698659,0.8021818069244341,-95.66952548453905,-3.668509588775404,95.68874139380395,-13.261496115980497,17.857142857142858,84,32.09961160612291,67.67192140735663,-0.13698493990907273,-0.0650267462132261,20.0,0.25,2.5
VBI,VBI TF5 N20 pq0.25 SL1.0ATR R2.5,5,,,,1.0,new_vbi_tf5_tf30,0.0,0.5,20116,11443,32.02831425325526,-0.09494599852623069,0.7690468081387697,-99.65497572929644,-7.188180910578912,99.65799733074466,-31.111798743536824,17.105263157894736,76,31.85353491217338,67.90177401031198,-0.13204319804955106,-0.06377313466174869,20.0,0.25,2.5
VBI,VBI TF5 N20 pq0.25 SL1.0ATR R2.5,5,,,,1.0,new_vbi_tf5_tf30,0.0,1.0,20116,4406,30.344984112573766,-0.12163287010040344,0.7295100171063179,-99.65492382673611,-11.362966598671276,99.659739270881,-41.829483015524474,12.76595744680851,47,30.02723558783477,69.5869269178393,-0.1192841766137786,-0.24102939428517808,20.0,0.25,2.5
VBI,VBI TF5 N20 pq0.25 SL1.0ATR R2.5,5,,,,1.0,new_vbi_tf5_tf30,0.0,2.0,20116,2177,29.765732659623335,-0.11871638614667047,0.741268448009683,-99.6559715429805,-18.9481831578879,99.66077236653015,-48.12384894973975,7.4074074074074066,27,29.444189251263207,70.18833256775379,-0.11787346420793011,-0.16054883771113487,20.0,0.25,2.5
VBI,VBI TF5 N20 pq0.25 SL1.0ATR R2.5,5,,,,1.0,new_vbi_tf5_tf30,1.5,0.25,20116,12283,32.223398192623954,-0.18083951027681414,0.7303551421650669,-99.65390900481714,-6.676691802185763,99.65513470643786,-28.052771994356927,7.317073170731707,82,32.052430188064804,67.70332980542213,-0.176247893884594,-0.1842386595612219,20.0,0.25,2.5
VBI,VBI TF5 N20 pq0.25 SL1.0ATR R2.5,5,,,,1.0,new_vbi_tf5_tf30,1.5,0.5,20116,6189,30.66731297463241,-0.17907091832434655,0.7033891014490552,-99.65405407744818,-10.920929261320678,99.65645285506048,-28.61940190204635,6.122448979591836,49,30.424947487477784,69.25189852964938,-0.16324699122632724,-0.2648385729790673,20.0,0.25,2.5
VBI,VBI TF5 N20 pq0.25 SL1.0ATR R2.5,5,,,,1.0,new_vbi_tf5_tf30,1.5,1.0,20116,3207,29.96570003118179,-0.16788032973165493,0.6516318002039458,-99.6558980477851,-15.365073445697885,99.65967877221233,-46.82183114861388,11.76470588235294,34,29.622700342999686,69.940754599314,-0.16553924928791316,-0.268386440836953,20.0,0.25,2.5
VBI,VBI TF5 N20 pq0.25 SL1.0ATR R2.5,5,,,,1.0,new_vbi_tf5_tf30,1.5,2.0,20116,1816,29.845814977973568,-0.1447592607217287,0.6597474464125841,-99.65504808866072,-22.717718559671564,99.65883815177725,-49.30657056441612,9.090909090909092,22,29.570484581497798,70.09911894273128,-0.14322178678115471,-0.2761766761184135,20.0,0.25,2.5
VBI,VBI TF5 N20 pq0.25 SL1.0ATR R2.5,5,,,,1.0,new_vbi_tf5_tf30,3.5,0.25,20116,8978,31.81109378480731,-0.250440339932845,0.6601434884667995,-99.65611339949606,-7.784073882618814,99.65717118814015,-22.665382267204848,2.857142857142857,70,31.588327021608375,68.11093784807308,-0.22305105360530103,-0.28857224002914583,20.0,0.25,2.5
VBI,VBI TF5 N20 pq0.25 SL1.0ATR R2.5,5,,,,1.0,new_vbi_tf5_tf30,3.5,0.5,20116,4726,30.279305966991117,-0.23483338788908958,0.6211380299403881,-99.65605641491264,-11.369166330435942,99.6581812689325,-40.07153637502815,4.25531914893617,47,29.983072365636904,69.6360558611934,-0.22963651796132978,-0.5615339136179872,20.0,0.25,2.5
VBI,VBI TF5 N20 pq0.25 SL1.0ATR R2.5,5,,,,1.0,new_vbi_tf5_tf30,3.5,1.0,20116,2283,29.697766097240475,-0.2398359357224494,0.5488361487784341,-99.6585362154279,-16.74113761612137,99.66198708453905,-52.84875277916811,3.225806451612903,31,29.34734997809899,70.25843188786685,-0.235858668723811,-0.7403086997177777,20.0,0.25,2.5
VBI,VBI TF5 N20 pq0.25 SL1.0ATR R2.5,5,,,,1.0,new_vbi_tf5_tf30,3.5,2.0,20116,1506,29.9468791500664,-0.17707434390677015,0.5501099023631297,-99.65678071414831,-21.86404173256801,99.66024932454101,-53.97047901715435,0.0,23,29.681274900398407,69.9867197875166,-0.17457231441684143,-0.4437192009763159,20.0,0.25,2.5
VBI,VBI TF5 N20 pq0.25 SL1.5ATR R1.5,5,,,,1.5,new_vbi_tf5_tf30,0.0,0.25,20116,11439,43.36917562724014,-0.06626854148773215,0.8539474441255998,-85.54043927397655,-2.275862426668329,86.90393605302143,-9.707159768605944,27.380952380952383,84,43.16810910044585,56.48220998339015,-0.09038796221532001,-0.05026259082164963,20.0,0.25,1.5
VBI,VBI TF5 N20 pq0.25 SL1.5ATR R1.5,5,,,,1.5,new_vbi_tf5_tf30,0.0,0.5,20116,11439,43.36917562724014,-0.06627534880458516,0.8424535258676654,-98.02873625147154,-4.56683174098621,98.34776403863805,-18.402418192894643,23.809523809523807,84,43.16810910044585,56.48220998339015,-0.09057991832499207,-0.050146531073110956,20.0,0.25,1.5
VBI,VBI TF5 N20 pq0.25 SL1.5ATR R1.5,5,,,,1.5,new_vbi_tf5_tf30,0.0,1.0,20116,5431,41.668201067943286,-0.09912763810832297,0.8361276197123357,-99.65100136787719,-10.904956255375886,99.66184564274221,-32.34450774880743,18.367346938775512,49,41.35518320751243,58.11084514822317,-0.08853380468570754,-0.1548184928403438,20.0,0.25,1.5
VBI,VBI TF5 N20 pq0.25 SL1.5ATR R1.5,5,,,,1.5,new_vbi_tf5_tf30,0.0,2.0,20116,3888,42.07818930041152,-0.064070706358194,0.8500826691693482,-99.65535195360937,-12.091419236635614,99.66451805779042,-45.79419151258962,22.727272727272727,44,41.74382716049383,57.66460905349794,-0.06252446151559846,-0.14487788546096078,20.0,0.25,1.5
VBI,VBI TF5 N20 pq0.25 SL1.5ATR R1.5,5,,,,1.5,new_vbi_tf5_tf30,1.5,0.25,20116,11439,43.360433604336045,-0.11598515548483739,0.7861118408015029,-96.49900982676681,-3.912047518992501,96.52800090991408,-11.121761207348602,15.476190476190476,84,43.16810910044585,56.48220998339015,-0.11953410078459223,-0.11363003078984302,20.0,0.25,1.5
VBI,VBI TF5 N20 pq0.25 SL1.5ATR R1.5,5,,,,1.5,new_vbi_tf5_tf30,1.5,0.5,20116,8756,42.884878940155325,-0.12700159551443496,0.7910692459248085,-99.65641239380054,-8.004781086116807,99.65986569424587,-28.478735082035477,13.23529411764706,68,42.66788487894016,56.93238921882138,-0.11784862545396958,-0.13696224478367025,20.0,0.25,1.5
VBI,VBI TF5 N20 pq0.25 SL1.5ATR R1.5,5,,,,1.5,new_vbi_tf5_tf30,1.5,1.0,20116,4417,41.7251528186552,-0.1225092289666731,0.7797522334741789,-99.65617139629921,-11.369796849703551,99.6630517763905,-34.42765915886871,17.02127659574468,47,41.430835408648406,58.00316957210776,-0.11907745923730606,-0.42842698769881976,20.0,0.25,1.5
VBI,VBI TF5 N20 pq0.25 SL1.5ATR R1.5,5,,,,1.5,new_vbi_tf5_tf30,1.5,2.0,20116,3060,42.35294117647059,-0.08296349328233654,0.7878211411351198,-99.65412948508232,-13.854109075089161,99.6622000072752,-46.306183668605364,18.421052631578945,38,41.96078431372549,57.35294117647059,-0.08115431935255725,-0.17660384047539512,20.0,0.25,1.5
VBI,VBI TF5 N20 pq0.25 SL1.5ATR R1.5,5,,,,1.5,new_vbi_tf5_tf30,3.5,0.25,20116,9902,42.88022621692588,-0.22664281297724312,0.7237479967412427,-99.65855331295684,-7.2933320420139,99.65996438873098,-33.244832424228285,6.666666666666667,75,42.68834578872955,56.94809129468794,-0.15725013624275597,-0.28594957153492523,20.0,0.25,1.5
VBI,VBI TF5 N20 pq0.25 SL1.5ATR R1.5,5,,,,1.5,new_vbi_tf5_tf30,3.5,0.5,20116,5970,41.725293132328304,-0.1873332719019741,0.7279905710858146,-99.6567510485629,-9.636504596847972,99.65958357044327,-33.988307139594255,8.928571428571429,56,41.44053601340033,58.040201005025125,-0.1525722153777565,-0.3000658240839249,20.0,0.25,1.5
VBI,VBI TF5 N20 pq0.25 SL1.5ATR R1.5,5,,,,1.5,new_vbi_tf5_tf30,3.5,1.0,20116,3767,42.07592248473586,-0.14541765437734794,0.6948614890068903,-99.65664750854314,-12.362166534696561,99.66227505732606,-38.49283659017223,11.627906976744185,43,41.730820281391026,57.65861428192195,-0.1406713614482501,-0.9533661552624189,20.0,0.25,1.5
VBI,VBI TF5 N20 pq0.25 SL1.5ATR R1.5,5,,,,1.5,new_vbi_tf5_tf30,3.5,2.0,20116,2035,42.01474201474201,-0.1299669871662201,0.6945451160271389,-99.65456420971785,-17.7537482197626,99.66110874735135,-47.97962581123221,13.793103448275861,29,41.67076167076167,57.690417690417696,-0.1283119990875109,-0.33880579534833444,20.0,0.25,1.5
VBI,VBI TF5 N20 pq0.25 SL1.5ATR R2.5,5,,,,1.5,new_vbi_tf5_tf30,0.0,0.25,20116,9555,31.229722658294083,-0.06345535017218783,0.8887916831044855,-79.23327344884524,-1.853813617621447,79.53031118363192,-10.078444485226424,30.952380952380953,84,30.85295656724228,68.58189429618001,-0.07819030272396482,-0.053619190746263395,20.0,0.25,2.5
VBI,VBI TF5 N20 pq0.25 SL1.5ATR R2.5,5,,,,1.5,new_vbi_tf5_tf30,0.0,0.5,20116,9555,31.229722658294083,-0.06255751524577854,0.8785348171721624,-95.92762312752285,-3.7389552310798657,96.04342462626549,-19.082948744415873,30.952380952380953,84,30.85295656724228,68.58189429618001,-0.07929078124865073,-0.05138740312344239,20.0,0.25,2.5
VBI,VBI TF5 N20 pq0.25 SL1.5ATR R2.5,5,,,,1.5,new_vbi_tf5_tf30,0.0,1.0,20116,5584,30.247134670487107,-0.09307267506828126,0.8695302704467333,-99.65510946755991,-9.312750775028977,99.67420236853255,-33.936703833527396,18.96551724137931,58,29.709885386819483,69.50214899713467,-0.07710844561482962,-0.1277873866427284,20.0,0.25,2.5
VBI,VBI TF5 N20 pq0.25 SL1.5ATR R2.5,5,,,,1.5,new_vbi_tf5_tf30,0.0,2.0,20116,3485,30.24390243902439,-0.06604696715978894,0.8576536931606112,-99.65595199960126,-11.600819290173614,99.67556006655049,-46.169512945934535,23.91304347826087,46,29.784791965566715,69.44045911047347,-0.0642153244981594,-0.15412060162180613,20.0,0.25,2.5
VBI,VBI TF5 N20 pq0.25 SL1.5ATR R2.5,5,,,,1.5,new_vbi_tf5_tf30,1.5,0.25,20116,9555,31.21925693354265,-0.1141220128162299,0.831689338820405,-93.7920972747608,-3.254606261413495,93.86583758788032,-11.509784352935581,21.428571428571427,84,30.85295656724228,68.58189429618001,-0.10652153047892286,-0.11919563322464166,20.0,0.25,2.5
VBI,VBI TF5 N20 pq0.25 SL1.5ATR R2.5,5,,,,1.5,new_vbi_tf5_tf30,1.5,0.5,20116,9465,31.283676703645007,-0.1132949116758989,0.8342330310160189,-99.65109301148213,-6.5140073795480475,99.65959798226015,-25.53512379486812,22.61904761904762,84,30.924458531431593,68.51558372952985,-0.10754478058634204,-0.11719460164355049,20.0,0.25,2.5
VBI,VBI TF5 N20 pq0.25 SL1.5ATR R2.5,5,,,,1.5,new_vbi_tf5_tf30,1.5,1.0,20116,4491,30.21598753061679,-0.11810363075453292,0.8240975178711999,-99.65860051530143,-10.738278737551422,99.67437532954041,-43.10005012288519,20.0,50,29.74838566020931,69.49454464484525,-0.10389575798011655,-0.1997029000670594,20.0,0.25,2.5
VBI,VBI TF5 N20 pq0.25 SL1.5ATR R2.5,5,,,,1.5,new_vbi_tf5_tf30,1.5,2.0,20116,2858,30.545836249125262,-0.08409908117770447,0.80646132554752,-99.65761611486987,-12.642954753567404,99.67347854557434,-47.50124898868104,21.428571428571427,42,30.05598320503849,69.1042687193842,-0.08234760112510722,-0.15596127745338564,20.0,0.25,2.5
VBI,VBI TF5 N20 pq0.25 SL1.5ATR R2.5,5,,,,1.5,new_vbi_tf5_tf30,3.5,0.25,20116,9555,31.208791208791208,-0.17726867034043622,0.7773803858502905,-98.62570732725982,-4.975788063470377,98.63765019755884,-14.419828762791397,10.714285714285714,84,30.85295656724228,68.58189429618001,-0.14471031966671963,-0.19900264788440938,20.0,0.25,2.5
VBI,VBI TF5 N20 pq0.25 SL1.5ATR R2.5,5,,,,1.5,new_vbi_tf5_tf30,3.5,0.5,20116,6097,30.457602099393142,-0.18101927763624412,0.7844659806979708,-99.65424985513833,-8.349506942531647,99.66029035604443,-23.06891973233256,9.230769230769232,65,29.981958340167296,69.2799737575857,-0.1424456600526474,-0.24595945688679763,20.0,0.25,2.5
VBI,VBI TF5 N20 pq0.25 SL1.5ATR R2.5,5,,,,1.5,new_vbi_tf5_tf30,3.5,1.0,20116,3503,30.14558949471881,-0.15268037724004974,0.7626093041401288,-99.65586857593954,-12.094416288411702,99.66753889046406,-37.37424726253493,13.636363636363635,44,29.688838138738223,69.54039394804454,-0.14831845106858021,-0.5977251386761552,20.0,0.25,2.5
VBI,VBI TF5 N20 pq0.25 SL1.5ATR R2.5,5,,,,1.5,new_vbi_tf5_tf30,3.5,2.0,20116,2055,30.51094890510949,-0.122304052914811,0.7337286800996494,-99.65669172058395,-17.23320417140607,99.66817881035051,-49.535480314930915,10.0,30,29.927007299270077,69.09975669099757,-0.12062211802569218,-0.36750613210705957,20.0,0.25,2.5
VBI,VBI TF5 N20 pq0.5 SL1.0ATR R1.5,5,,,,1.0,new_vbi_tf5_tf30,0.0,0.25,34651,24052,45.0523864959255,-0.06264878828575983,0.8242903800070835,-97.83362209041525,-4.4595434825480895,97.96029177609779,-16.769441347191048,16.666666666666664,84,44.911026110094795,54.82288375187095,-0.08650580816456598,-0.04598829353915676,20.0,0.5,1.5
VBI,VBI TF5 N20 pq0.5 SL1.0ATR R1.5,5,,,,1.0,new_vbi_tf5_tf30,0.0,0.5,34651,11914,44.0574114487158,-0.0928404867772885,0.7895419381164709,-99.65811999387867,-10.53676826335469,99.6652715270826,-29.66489490481964,9.803921568627452,51,43.88114822897432,55.79989927816015,-0.08285196501403153,-0.14164803630229414,20.0,0.5,1.5
VBI,VBI TF5 N20 pq0.5 SL1.0ATR R1.5,5,,,,1.0,new_vbi_tf5_tf30,0.0,1.0,34651,6973,43.74014054209092,-0.07576605912226632,0.7343094035142461,-99.65476583721336,-13.528157676815445,99.66763752126633,-48.70855383492524,17.94871794871795,39,43.52502509680195,56.0877671016779,-0.07398687593854868,-0.19930247533312476,20.0,0.5,1.5
VBI,VBI TF5 N20 pq0.5 SL1.0ATR R1.5,5,,,,1.0,new_vbi_tf5_tf30,0.0,2.0,34651,3492,43.38487972508591,-0.07379529034047601,0.7403827648794501,-99.65475346873008,-23.65720375145539,99.66776226779608,-53.96832946153045,4.761904761904762,21,43.27033218785796,56.47193585337915,-0.0727484645730192,-0.16894624299299693,20.0,0.5,1.5
VBI,VBI TF5 N20 pq0.5 SL1.0ATR R1.5,5,,,,1.0,new_vbi_tf5_tf30,1.5,0.25,34651,15173,44.157384828313454,-0.14810891542077778,0.7449257097313364,-99.66003205194001,-8.627296302306709,99.66251003814368,-21.891552161405414,6.349206349206349,63,43.99261846701377,55.69762077374283,-0.11731385690376862,-0.20575857067976328,20.0,0.5,1.5
VBI,VBI TF5 N20 pq0.5 SL1.0ATR R1.5,5,,,,1.0,new_vbi_tf5_tf30,1.5,0.5,34651,8713,43.79662573166533,-0.12729122083437494,0.6951031506210791,-99.65693555668564,-11.606320762634237,99.66187316776373,-42.92798654878026,10.869565217391305,46,43.57856077126133,56.042694823826466,-0.12429825135523731,-0.351061234587639,20.0,0.5,1.5
VBI,VBI TF5 N20 pq0.5 SL1.0ATR R1.5,5,,,,1.0,new_vbi_tf5_tf30,1.5,1.0,34651,3733,43.12885079024913,-0.14711371371620913,0.6080439465734565,-99.66001915949398,-21.896241704041053,99.66866622614373,-59.722565795110484,4.3478260869565215,23,43.02169836592553,56.737208679346374,-0.1442307943678329,-0.6567040290101381,20.0,0.5,1.5
VBI,VBI TF5 N20 pq0.5 SL1.0ATR R1.5,5,,,,1.0,new_vbi_tf5_tf30,1.5,2.0,34651,2390,43.59832635983263,-0.11167167976652426,0.6156884027366593,-99.65667098188487,-27.03828589448628,99.66538123059156,-63.69116783163777,5.555555555555555,18,43.47280334728033,56.23430962343097,-0.11036570604725054,-0.1995450543062246,20.0,0.5,1.5
VBI,VBI TF5 N20 pq0.5 SL1.0ATR R1.5,5,,,,1.0,new_vbi_tf5_tf30,3.5,0.25,34651,10898,43.88878693338227,-0.20673441977635248,0.6505945302464161,-99.66058277708169,-10.748673916947283,99.66156574295007,-41.68639120286633,4.0,50,43.705267021471826,55.946045145898324,-0.16726742766943284,-0.5939651260634904,20.0,0.5,1.5
VBI,VBI TF5 N20 pq0.5 SL1.0ATR R1.5,5,,,,1.0,new_vbi_tf5_tf30,3.5,0.5,34651,6338,43.79930577469233,-0.17316116519528307,0.5723409703312746,-99.6605126043181,-13.896327556644595,99.66243950103993,-43.52974541110816,5.263157894736842,38,43.62574944777533,56.027137898390656,-0.16836853493523082,-0.5844738854586699,20.0,0.5,1.5
VBI,VBI TF5 N20 pq0.5 SL1.0ATR R1.5,5,,,,1.0,new_vbi_tf5_tf30,3.5,1.0,34651,2808,43.76780626780627,-0.19534574074407624,0.46769139551716143,-99.66039652149517,-23.717091341887876,99.66354306354528,-65.76154019181709,4.761904761904762,21,43.66096866096866,56.08974358974359,-0.19301720352922025,-0.4039376067329453,20.0,0.5,1.5
VBI,VBI TF5 N20 pq0.5 SL1.0ATR R1.5,5,,,,1.0,new_vbi_tf5_tf30,3.5,2.0,34651,2015,44.61538461538462,-0.13462964452096765,0.4635762265617273,-99.65488852312467,-25.797435362619737,99.65787469442226,-66.9185841847296,5.263157894736842,19,44.46650124069479,55.235732009925556,-0.1342083100401395,-0.1615950512939688,20.0,0.5,1.5
VBI,VBI TF5 N20 pq0.5 SL1.0ATR R2.5,5,,,,1.0,new_vbi_tf5_tf30,0.0,0.25,34651,21867,32.29981250285819,-0.06401643394540274,0.8237182568256519,-97.2605620407799,-4.192229992488883,97.28979919257088,-18.21018259228795,22.61904761904762,84,31.847075501897837,67.52183655736955,-0.10745851121596602,-0.03359583306687908,20.0,0.5,2.5
VBI,VBI TF5 N20 pq0.5 SL1.0ATR R2.5,5,,,,1.0,new_vbi_tf5_tf30,0.0,0.5,34651,11764,30.856851411084662,-0.08863467815626412,0.7801530905485436,-99.653812174206,-9.62274653514541,99.6585473389671,-51.52783348721081,26.785714285714285,56,30.406324379462767,68.9561373682421,-0.10676595173473206,-0.02942864122817043,20.0,0.5,2.5
VBI,VBI TF5 N20 pq0.5 SL1.0ATR R2.5,5,,,,1.0,new_vbi_tf5_tf30,0.0,1.0,34651,6272,30.787627551020407,-0.08114090240582443,0.7287149322122561,-99.65470357794776,-13.857874992294883,99.66368372123392,-53.45531954537308,31.57894736842105,38,30.357142857142854,69.0688775510204,-0.11779724925934144,0.003654735666838569,20.0,0.5,2.5
VBI,VBI TF5 N20 pq0.5 SL1.0ATR R2.5,5,,,,1.0,new_vbi_tf5_tf30,0.0,2.0,34651,4560,31.11842105263158,-0.05275477749171911,0.7182593317165145,-99.65490088806004,-18.938854821074003,99.66520302700718,-55.391184741236344,29.629629629629626,27,30.76754385964912,68.70614035087719,-0.08864814373282842,0.0019796248493744823,20.0,0.5,2.5
VBI,VBI TF5 N20 pq0.5 SL1.0ATR R2.5,5,,,,1.0,new_vbi_tf5_tf30,1.5,0.25,34651,15166,31.807991560068576,-0.14612072034443965,0.7512109795612585,-99.65547877048803,-7.781644936682907,99.65681285681909,-21.651003850493932,5.714285714285714,70,31.3398391138072,67.99419754714494,-0.14074447380055982,-0.15398086261297567,20.0,0.5,2.5
VBI,VBI TF5 N20 pq0.5 SL1.0ATR R2.5,5,,,,1.0,new_vbi_tf5_tf30,1.5,0.5,34651,6815,30.27146001467351,-0.16053804072838448,0.7019681713601588,-99.65366716688547,-12.344550239065576,99.65624661805131,-38.87396122419956,6.976744186046512,43,29.713866471019813,69.50843727072635,-0.15749541056440977,-0.34949100841151715,20.0,0.5,2.5
VBI,VBI TF5 N20 pq0.5 SL1.0ATR R2.5,5,,,,1.0,new_vbi_tf5_tf30,1.5,1.0,34651,3245,30.138674884437595,-0.16633330578009664,0.6334057426800777,-99.65631468124931,-22.730639611690084,99.66134195074054,-60.280809892756395,4.545454545454546,22,29.738058551617875,69.64560862865947,-0.16375795711567037,-0.46222247197507466,20.0,0.5,2.5
VBI,VBI TF5 N20 pq0.5 SL1.0ATR R2.5,5,,,,1.0,new_vbi_tf5_tf30,1.5,2.0,34651,2105,30.641330166270787,-0.12300166215976617,0.6216457475684862,-99.65533708170429,-25.802514530953935,99.66162694561338,-61.48130260416937,10.526315789473683,19,30.213776722090262,69.07363420427554,-0.12477929192693024,-0.07280831053970296,20.0,0.5,2.5
VBI,VBI TF5 N20 pq0.5 SL1.0ATR R2.5,5,,,,1.0,new_vbi_tf5_tf30,3.5,0.25,34651,9942,30.86904043452022,-0.22449150791559455,0.677440497019091,-99.65888200110257,-10.946474955683072,99.65888200110257,-39.06285212798962,2.0408163265306123,49,30.386240193120095,68.89961778314222,-0.1914993618561725,-0.5419351696796486,20.0,0.5,2.5
VBI,VBI TF5 N20 pq0.5 SL1.0ATR R2.5,5,,,,1.0,new_vbi_tf5_tf30,3.5,0.5,34651,4965,30.050352467270898,-0.22147306780797235,0.608874095724139,-99.65424625179303,-16.23039540228123,99.65424625179303,-45.46035660477919,6.25,32,29.526686807653572,69.70795568982881,-0.2203870748575048,-0.3059736621443523,20.0,0.5,2.5
VBI,VBI TF5 N20 pq0.5 SL1.0ATR R2.5,5,,,,1.0,new_vbi_tf5_tf30,3.5,1.0,34651,2380,30.42016806722689,-0.2250870800822391,0.5331546939697012,-99.65687762784866,-24.70390528678983,99.65687762784866,-67.85518406502682,5.0,20,30.04201680672269,69.28571428571428,-0.22415761767416853,-0.2839446590581662,20.0,0.5,2.5
VBI,VBI TF5 N20 pq0.5 SL1.0ATR R2.5,5,,,,1.0,new_vbi_tf5_tf30,3.5,2.0,34651,1750,31.2,-0.15305456412455265,0.5201009017137911,-99.65425888704736,-25.790316338279716,99.65506910614158,-69.08717354986649,15.789473684210526,19,30.914285714285718,68.45714285714286,-0.1555912498206564,-0.08160458368429811,20.0,0.5,2.5
VBI,VBI TF5 N20 pq0.5 SL1.5ATR R1.5,5,,,,1.5,new_vbi_tf5_tf30,0.0,0.25,34651,18739,43.7163135706281,-0.03961630484239556,0.8980066005796079,-85.33163530380305,-2.2591812663228183,87.88020385186428,-14.111094615717779,34.523809523809526,84,43.236031805325794,55.92614333742463,-0.06286368498597969,-0.02343277835033316,20.0,0.5,1.5
VBI,VBI TF5 N20 pq0.5 SL1.5ATR R1.5,5,,,,1.5,new_vbi_tf5_tf30,0.0,0.5,34651,18739,43.7163135706281,-0.0383034372228647,0.8791616974371955,-97.7754800692067,-4.4294155961401405,98.32837024143319,-25.14072576989036,30.952380952380953,84,43.236031805325794,55.92614333742463,-0.06276278867652196,-0.021276204055768584,20.0,0.5,1.5
VBI,VBI TF5 N20 pq0.5 SL1.5ATR R1.5,5,,,,1.5,new_vbi_tf5_tf30,0.0,1.0,34651,9579,42.45745902495041,-0.05237939089131968,0.8581334813777676,-99.66029176771374,-9.819836268017534,99.6727480297926,-41.9222165608492,23.636363636363637,55,41.98768138636601,57.114521348783796,-0.06073471879911537,-0.018342935944891444,20.0,0.5,1.5
VBI,VBI TF5 N20 pq0.5 SL1.5ATR R1.5,5,,,,1.5,new_vbi_tf5_tf30,0.0,2.0,34651,4202,42.28938600666349,-0.05799328314944199,0.8502608796340089,-99.65554429748312,-17.76180592373724,99.6733522692803,-60.67865078462664,24.137931034482758,29,41.76582579723941,57.2584483579248,-0.05740920612975072,-0.11448575582144171,20.0,0.5,1.5
VBI,VBI TF5 N20 pq0.5 SL1.5ATR R1.5,5,,,,1.5,new_vbi_tf5_tf30,1.5,0.25,34651,18739,43.7163135706281,-0.07987735609406828,0.8323536134386093,-97.76635569463885,-4.424758307215793,97.89957478757233,-16.801154021534426,20.238095238095237,84,43.236031805325794,55.92614333742463,-0.08863083126731042,-0.07378367601103016,20.0,0.5,1.5
VBI,VBI TF5 N20 pq0.5 SL1.5ATR R1.5,5,,,,1.5,new_vbi_tf5_tf30,1.5,0.5,34651,10560,42.471590909090914,-0.10363976017811019,0.8233734239365735,-99.65731175379067,-9.47831745035812,99.66141986914064,-28.440491105346165,15.789473684210526,57,41.98863636363636,57.10227272727273,-0.08456875308278237,-0.15476388550755127,20.0,0.5,1.5
VBI,VBI TF5 N20 pq0.5 SL1.5ATR R1.5,5,,,,1.5,new_vbi_tf5_tf30,1.5,1.0,34651,6880,42.68895348837209,-0.0766266993787227,0.787269294793236,-99.66240309183007,-11.63718726144638,99.67026093527632,-47.87414582666628,19.565217391304348,46,42.18023255813954,56.860465116279066,-0.08008997825328693,-0.03195390015833337,20.0,0.5,1.5
VBI,VBI TF5 N20 pq0.5 SL1.5ATR R1.5,5,,,,1.5,new_vbi_tf5_tf30,1.5,2.0,34651,3383,42.53621046408513,-0.07406418806940791,0.7693106564232269,-99.66052591267695,-18.98817914162144,99.6724169294858,-61.33909309739462,14.814814814814813,27,42.12237658882649,57.079515223174695,-0.07309603678152882,-0.16942708992549882,20.0,0.5,1.5
VBI,VBI TF5 N20 pq0.5 SL1.5ATR R1.5,5,,,,1.5,new_vbi_tf5_tf30,3.5,0.25,34651,13968,43.25601374570447,-0.1608140579841942,0.7696594549638907,-99.66043228171323,-7.909183280220999,99.66096368380974,-45.52703644222459,11.594202898550725,69,42.804982817869416,56.307273768613975,-0.1198544372385079,-0.21100052335858854,20.0,0.5,1.5
VBI,VBI TF5 N20 pq0.5 SL1.5ATR R1.5,5,,,,1.5,new_vbi_tf5_tf30,3.5,0.5,34651,7955,42.37586423632935,-0.13824853113295746,0.7518011305151294,-99.6563037736239,-11.370523018061673,99.657374473062,-41.35394382136066,14.893617021276595,47,41.89817724701446,57.12130735386549,-0.12567140958976658,-0.504652477302203,20.0,0.5,1.5
VBI,VBI TF5 N20 pq0.5 SL1.5ATR R1.5,5,,,,1.5,new_vbi_tf5_tf30,3.5,1.0,34651,4311,42.495940617026214,-0.12008690012183663,0.6844763757978389,-99.59415459321944,-16.275927891523644,99.65250567527053,-54.86914600015107,19.35483870967742,31,42.00881466017166,57.01693342611923,-0.12487401091880224,0.06621149506007473,20.0,0.5,1.5
VBI,VBI TF5 N20 pq0.5 SL1.5ATR R1.5,5,,,,1.5,new_vbi_tf5_tf30,3.5,2.0,34651,2604,42.93394777265745,-0.09876600624591632,0.6484357701458082,-99.6545330464659,-23.6548834580659,99.65885147158572,-65.4256299385447,14.285714285714285,21,42.51152073732719,56.5668202764977,-0.10472568593683688,-0.020839167476527854,20.0,0.5,1.5
VBI,VBI TF5 N20 pq0.5 SL1.5ATR R2.5,5,,,,1.5,new_vbi_tf5_tf30,0.0,0.25,34651,14846,31.638151690691096,-0.03509485700700958,0.9229402659399113,-75.11511806021164,-1.6422111455951294,80.82662226414071,-16.377246309822148,39.285714285714285,84,30.580627778526203,67.93749158022364,-0.06050174175214271,-0.01709660815878869,20.0,0.5,2.5
VBI,VBI TF5 N20 pq0.5 SL1.5ATR R2.5,5,,,,1.5,new_vbi_tf5_tf30,0.0,0.5,34651,14846,31.638151690691096,-0.03665744595652939,0.8954480015691891,-95.24565843131978,-3.561360283758286,96.60279540391083,-29.39157012611433,34.523809523809526,84,30.580627778526203,67.93749158022364,-0.06146169676357042,-0.019086103267444855,20.0,0.5,2.5
VBI,VBI TF5 N20 pq0.5 SL1.5ATR R2.5,5,,,,1.5,new_vbi_tf5_tf30,0.0,1.0,34651,8541,30.62873199859501,-0.05666178722455579,0.8608540478050032,-99.66237733421833,-9.049059731431885,99.6953741274213,-49.14674469673389,25.0,60,29.598407680599458,68.92635522772508,-0.057563820791785826,-0.054333519451026165,20.0,0.5,2.5
VBI,VBI TF5 N20 pq0.5 SL1.5ATR R2.5,5,,,,1.5,new_vbi_tf5_tf30,0.0,2.0,34651,4690,30.42643923240938,-0.04495360826426373,0.8277823674851909,-99.6570107326913,-14.584719723818917,99.70036017048781,-61.9620870346533,27.77777777777778,36,29.50959488272921,69.08315565031982,-0.06003833244224214,0.006641551058906585,20.0,0.5,2.5
VBI,VBI TF5 N20 pq0.5 SL1.5ATR R2.5,5,,,,1.5,new_vbi_tf5_tf30,1.5,0.25,34651,14846,31.62468004849791,-0.07961836324206237,0.8581413013264383,-95.18784164792885,-3.5474818909670525,95.29844471476588,-18.337777483050786,17.857142857142858,84,30.580627778526203,67.93749158022364,-0.08643119024119726,-0.07479215345993645,20.0,0.5,2.5
VBI,VBI TF5 N20 pq0.5 SL1.5ATR R2.5,5,,,,1.5,new_vbi_tf5_tf30,1.5,0.5,34651,12590,31.421763304209687,-0.08431718313734199,0.842465476022971,-99.66249711416833,-7.21509329466733,99.67628886636952,-49.230707225888615,19.736842105263158,76,30.36536934074662,68.11755361397935,-0.08457402768253075,-0.08407143632040354,20.0,0.5,2.5
VBI,VBI TF5 N20 pq0.5 SL1.5ATR R2.5,5,,,,1.5,new_vbi_tf5_tf30,1.5,1.0,34651,6183,30.4544719391881,-0.07978591963715986,0.8040637739624665,-99.66128724880107,-10.959334171587997,99.6880738698909,-52.98305107821986,22.448979591836736,49,29.4517224648229,69.02797994501051,-0.08739805518489162,-0.008692647004916098,20.0,0.5,2.5
VBI,VBI TF5 N20 pq0.5 SL1.5ATR R2.5,5,,,,1.5,new_vbi_tf5_tf30,1.5,2.0,34651,3264,30.637254901960787,-0.07304992077246975,0.7684464930946595,-99.65783733226719,-17.780744720746345,99.69399975690717,-62.92262679545726,17.24137931034483,29,29.71813725490196,68.87254901960785,-0.07218523894875323,-0.17671566386026055,20.0,0.5,2.5
VBI,VBI TF5 N20 pq0.5 SL1.5ATR R2.5,5,,,,1.5,new_vbi_tf5_tf30,3.5,0.25,34651,14266,31.57156876489556,-0.15247621335345027,0.804687122143809,-99.6609992881432,-6.622255215377393,99.66598194561541,-30.36700691982137,10.843373493975903,83,30.590214496004485,67.92373475396046,-0.11750588101149738,-0.17902089472176863,20.0,0.5,2.5
VBI,VBI TF5 N20 pq0.5 SL1.5ATR R2.5,5,,,,1.5,new_vbi_tf5_tf30,3.5,0.5,34651,7685,30.527000650618085,-0.1419461361296499,0.7819925652676926,-99.66065606542517,-9.994072254985953,99.67058177737253,-56.304367550857,12.962962962962962,54,29.51203643461288,68.93949251789199,-0.11427905811665959,-0.2533382435514736,20.0,0.5,2.5
VBI,VBI TF5 N20 pq0.5 SL1.5ATR R2.5,5,,,,1.5,new_vbi_tf5_tf30,3.5,1.0,34651,4292,30.47530288909599,-0.1204250852006401,0.7287223389694142,-99.65913575585559,-14.234423326473046,99.67821672265859,-60.245046232522704,16.216216216216218,37,29.520037278657966,68.89561975768872,-0.12351343031304787,-0.06186144323186557,20.0,0.5,2.5
VBI,VBI TF5 N20 pq0.5 SL1.5ATR R2.5,5,,,,1.5,new_vbi_tf5_tf30,3.5,2.0,34651,1635,29.357798165137616,-0.15693974165075275,0.6909930503616825,-99.66141625065728,-25.871975425130454,99.68760035611001,-67.27242151633635,10.526315789473683,19,28.37920489296636,69.96941896024464,-0.15469021472915645,-0.38456374702977586,20.0,0.5,2.5
VBI,VBI TF5 N48 pq0.25 SL1.0ATR R1.5,5,,,,1.0,new_vbi_tf5_tf30,0.0,0.25,10622,7767,44.79206900991374,-0.09155996623495793,0.8003466959633697,-83.51718735445472,-2.1233842859155527,84.88427200569232,-9.420402746983891,19.047619047619047,84,44.75344405819493,55.15643105446119,-0.12140424775813924,-0.07092503726368167,48.0,0.25,1.5
VBI,VBI TF5 N48 pq0.25 SL1.0ATR R1.5,5,,,,1.0,new_vbi_tf5_tf30,0.0,0.5,10622,7767,44.79206900991374,-0.08824171017438347,0.7823587460268693,-97.03387974088939,-4.101509560194938,97.48336232326656,-18.06510667833956,19.047619047619047,84,44.75344405819493,55.15643105446119,-0.12255776405553911,-0.06451490898260011,48.0,0.25,1.5
VBI,VBI TF5 N48 pq0.25 SL1.0ATR R1.5,5,,,,1.0,new_vbi_tf5_tf30,0.0,1.0,10622,4321,42.72159222402222,-0.12683134064824536,0.767521070097733,-99.65455110267037,-9.014316167287085,99.66128592430657,-32.15816074049511,11.666666666666666,60,42.62902105993983,57.23212219393658,-0.11677971753674946,-0.1546794238759935,48.0,0.25,1.5
VBI,VBI TF5 N48 pq0.25 SL1.0ATR R1.5,5,,,,1.0,new_vbi_tf5_tf30,0.0,2.0,10622,3230,42.72445820433436,-0.08121541091434692,0.7827236035935439,-99.65600309435474,-11.368874008435482,99.66270960817153,-32.542069051234556,10.638297872340425,47,42.60061919504644,57.21362229102167,-0.079625384545399,-0.14720150522568612,48.0,0.25,1.5
VBI,VBI TF5 N48 pq0.25 SL1.0ATR R1.5,5,,,,1.0,new_vbi_tf5_tf30,1.5,0.25,10622,7767,44.79206900991374,-0.1635541892108564,0.7077192961986383,-95.92229925292472,-3.737458062197341,95.94002591142274,-10.749874390849623,7.142857142857142,84,44.75344405819493,55.15643105446119,-0.1627803348358383,-0.16408924749497716,48.0,0.25,1.5
VBI,VBI TF5 N48 pq0.25 SL1.0ATR R1.5,5,,,,1.0,new_vbi_tf5_tf30,1.5,0.5,10622,6511,44.002457379818765,-0.17150752827137547,0.7087772718134295,-99.65478045827221,-7.279747647646384,99.65775701480761,-22.263762607776762,6.666666666666667,75,43.956381508216865,55.93610812471203,-0.16171753509894962,-0.18082504275652303,48.0,0.25,1.5
VBI,VBI TF5 N48 pq0.25 SL1.0ATR R1.5,5,,,,1.0,new_vbi_tf5_tf30,1.5,1.0,10622,3503,42.563516985441055,-0.15742682835071561,0.6926950868622167,-99.65629162077519,-10.932724924575055,99.66118463178987,-31.54592384793706,8.16326530612245,49,42.449329146445905,57.37938909506137,-0.14761843689660123,-0.2523708614812437,48.0,0.25,1.5
VBI,VBI TF5 N48 pq0.25 SL1.0ATR R1.5,5,,,,1.0,new_vbi_tf5_tf30,1.5,2.0,10622,2537,43.12179739850217,-0.10509366216412298,0.7080372139957887,-99.65623209271777,-11.844311696673849,99.66112595117015,-35.214854101206285,6.666666666666667,45,43.003547497043755,56.83878596767836,-0.10319113203817828,-0.18499992745379942,48.0,0.25,1.5
VBI,VBI TF5 N48 pq0.25 SL1.0ATR R1.5,5,,,,1.0,new_vbi_tf5_tf30,3.5,0.25,10622,7767,44.727694090382386,-0.27393298976975256,0.6249356801928908,-99.52654051284755,-6.173655696119917,99.5275930639018,-16.875475255312246,5.952380952380952,84,44.75344405819493,55.15643105446119,-0.21547117859669093,-0.3143546471030431,48.0,0.25,1.5
VBI,VBI TF5 N48 pq0.25 SL1.0ATR R1.5,5,,,,1.0,new_vbi_tf5_tf30,3.5,0.5,10622,4585,42.98800436205016,-0.24460748203665453,0.6253824228241865,-99.65425316334078,-9.01300884777596,99.65579519040753,-21.69769649189123,5.0,60,42.900763358778626,56.94656488549619,-0.21184704081627706,-0.31837656067119247,48.0,0.25,1.5
VBI,VBI TF5 N48 pq0.25 SL1.0ATR R1.5,5,,,,1.0,new_vbi_tf5_tf30,3.5,1.0,10622,2693,42.74043817304122,-0.20611581204950727,0.5897635381960407,-99.65908849243402,-12.113195502180785,99.66159416732937,-37.520367989959844,6.8181818181818175,44,42.59190493873004,57.22242851838099,-0.20091410607156837,-0.5425773792078997,48.0,0.25,1.5
VBI,VBI TF5 N48 pq0.25 SL1.0ATR R1.5,5,,,,1.0,new_vbi_tf5_tf30,3.5,2.0,10622,1934,43.01964839710445,-0.13931797002001284,0.6077793143493541,-99.65523245863234,-14.572449315348003,99.65776647509692,-38.898009083313326,8.333333333333332,36,42.916235780765255,56.92864529472595,-0.13752172179520744,-0.22023467576600816,48.0,0.25,1.5
VBI,VBI TF5 N48 pq0.25 SL1.0ATR R2.5,5,,,,1.0,new_vbi_tf5_tf30,0.0,0.25,10622,7464,32.42229367631297,-0.08392440298637932,0.8372238599001939,-79.95488928703143,-1.895127679067976,81.03114633925237,-8.777477234880104,29.761904761904763,84,32.31511254019293,67.53751339764202,-0.13262636224637872,-0.049916140649874645,48.0,0.25,2.5
VBI,VBI TF5 N48 pq0.25 SL1.0ATR R2.5,5,,,,1.0,new_vbi_tf5_tf30,0.0,0.5,10622,7464,32.42229367631297,-0.08187919122033631,0.8030199115142395,-95.95647962254972,-3.747103995591572,96.30913840662517,-16.372626613539776,29.761904761904763,84,32.31511254019293,67.53751339764202,-0.13295457604543906,-0.04621358120253421,48.0,0.25,2.5
VBI,VBI TF5 N48 pq0.25 SL1.0ATR R2.5,5,,,,1.0,new_vbi_tf5_tf30,0.0,1.0,10622,4733,30.76272976970209,-0.11317893134192245,0.760105632672769,-99.65410114815036,-8.47366335558023,99.66640451326168,-27.406525298406002,23.4375,64,30.614832030424676,69.1738854848933,-0.12625729327941262,-0.08905784192716444,48.0,0.25,2.5
VBI,VBI TF5 N48 pq0.25 SL1.0ATR R2.5,5,,,,1.0,new_vbi_tf5_tf30,0.0,2.0,10622,2674,29.917726252804787,-0.0954091153767408,0.7602295677149884,-99.65717009234284,-11.849664177939312,99.66936429738988,-44.358562369767476,20.0,45,29.693343305908755,70.0074794315632,-0.09296225784949508,-0.23217283291024032,48.0,0.25,2.5
VBI,VBI TF5 N48 pq0.25 SL1.0ATR R2.5,5,,,,1.0,new_vbi_tf5_tf30,1.5,0.25,10622,7464,32.42229367631297,-0.15723714424015459,0.7485679369550013,-94.88705622651827,-3.477839154192397,94.9316498884753,-10.35588804500376,14.285714285714285,84,32.31511254019293,67.53751339764202,-0.174924068967358,-0.144886479396517,48.0,0.25,2.5
VBI,VBI TF5 N48 pq0.25 SL1.0ATR R2.5,5,,,,1.0,new_vbi_tf5_tf30,1.5,0.5,10622,7361,32.454829506860484,-0.14985709015422335,0.7304966934418953,-99.65684446995611,-6.532504194168132,99.66275022968907,-19.75831006765022,13.095238095238097,84,32.34614862111126,67.50441516098357,-0.17296690381868937,-0.13333238881772613,48.0,0.25,2.5
VBI,VBI TF5 N48 pq0.25 SL1.0ATR R2.5,5,,,,1.0,new_vbi_tf5_tf30,1.5,1.0,10622,3187,29.87135236899906,-0.1704040785179259,0.6937229436602569,-99.65693113921209,-10.936110099606866,99.66736816071278,-31.094273221530834,16.3265306122449,49,29.683087543144023,70.03451521807342,-0.15718884455813173,-0.5141121549807076,48.0,0.25,2.5
VBI,VBI TF5 N48 pq0.25 SL1.0ATR R2.5,5,,,,1.0,new_vbi_tf5_tf30,1.5,2.0,10622,2281,30.38141166155195,-0.11367408906714564,0.698153237257274,-99.65485444167132,-12.913412030351257,99.66535464155793,-46.77189160429174,21.951219512195124,41,30.20604997807979,69.53090749671198,-0.11053751506198872,-0.34132865395756745,48.0,0.25,2.5
VBI,VBI TF5 N48 pq0.25 SL1.0ATR R2.5,5,,,,1.0,new_vbi_tf5_tf30,3.5,0.25,10622,7464,32.40889603429796,-0.24789347154392927,0.6726300855328649,-99.05784271265858,-5.401898285920314,99.06410428297569,-14.736311222706167,10.714285714285714,84,32.31511254019293,67.53751339764202,-0.22730195037708625,-0.2622723972461002,48.0,0.25,2.5
VBI,VBI TF5 N48 pq0.25 SL1.0ATR R2.5,5,,,,1.0,new_vbi_tf5_tf30,3.5,0.5,10622,4642,30.93494183541577,-0.23999081988657375,0.6567984881763071,-99.6528336607847,-8.468432429922512,99.6585190929007,-20.787368200088572,12.5,64,30.78414476518742,69.00043084877208,-0.22233991516703283,-0.2744285990246991,48.0,0.25,2.5
VBI,VBI TF5 N48 pq0.25 SL1.0ATR R2.5,5,,,,1.0,new_vbi_tf5_tf30,3.5,1.0,10622,2651,30.403621274990574,-0.205999660234409,0.6084053889640239,-99.65547546666006,-11.840004577376362,99.66357365535072,-35.696505028587566,15.555555555555555,45,30.177291588079967,69.52093549603923,-0.19986367835859029,-0.8776340097250676,48.0,0.25,2.5
VBI,VBI TF5 N48 pq0.25 SL1.0ATR R2.5,5,,,,1.0,new_vbi_tf5_tf30,3.5,2.0,10622,1598,29.912390488110134,-0.16571326318721766,0.6144676753965135,-99.65425320300591,-17.213674727234253,99.66238012149877,-49.131181264532366,20.0,30,29.662077596996244,69.96245306633291,-0.16343061593093067,-0.36607896679463303,48.0,0.25,2.5
VBI,VBI TF5 N48 pq0.25 SL1.5ATR R1.5,5,,,,1.5,new_vbi_tf5_tf30,0.0,0.25,10622,6600,43.166666666666664,-0.06662754765441815,0.8608282276527103,-67.46086635519943,-1.3276868554466192,69.74729275054568,-7.3712940557088995,30.952380952380953,84,43.06060606060606,56.72727272727273,-0.09322793971351302,-0.04797985012845475,48.0,0.25,1.5
VBI,VBI TF5 N48 pq0.25 SL1.5ATR R1.5,5,,,,1.5,new_vbi_tf5_tf30,0.0,0.5,10622,6600,43.166666666666664,-0.06619846804528308,0.8448711239394574,-89.73705497450217,-2.6738758649855088,91.04977423538611,-14.320881419478015,30.952380952380953,84,43.06060606060606,56.72727272727273,-0.09347989727845132,-0.04707334239728886,48.0,0.25,1.5
VBI,VBI TF5 N48 pq0.25 SL1.5ATR R1.5,5,,,,1.5,new_vbi_tf5_tf30,0.0,1.0,10622,6600,43.166666666666664,-0.06305852688354285,0.8272968655689935,-98.84314383861485,-5.1704254855212355,99.022970024383,-25.939400532993716,30.952380952380953,84,43.06060606060606,56.72727272727273,-0.09249940089816265,-0.04241956365679906,48.0,0.25,1.5
VBI,VBI TF5 N48 pq0.25 SL1.5ATR R1.5,5,,,,1.5,new_vbi_tf5_tf30,0.0,2.0,10622,3046,40.938936309914645,-0.08430473706595353,0.8338296247924988,-99.65522479058815,-10.92709155989734,99.66509437630954,-36.772204849456024,16.3265306122449,49,40.77478660538411,58.831254103742616,-0.0763854785961642,-0.1503795316605149,48.0,0.25,1.5
VBI,VBI TF5 N48 pq0.25 SL1.5ATR R1.5,5,,,,1.5,new_vbi_tf5_tf30,1.5,0.25,10622,6600,43.166666666666664,-0.11934274524795145,0.7832819712120122,-86.3595051594299,-2.343679105887253,86.51702340868174,-8.279073337271093,15.476190476190476,84,43.06060606060606,56.72727272727273,-0.12265430168377692,-0.1170212417671666,48.0,0.25,1.5
VBI,VBI TF5 N48 pq0.25 SL1.5ATR R1.5,5,,,,1.5,new_vbi_tf5_tf30,1.5,0.5,10622,6600,43.166666666666664,-0.11641975631601549,0.7807081933625521,-98.02765094359698,-4.566206409679974,98.06053080108694,-15.868225902471512,15.476190476190476,84,43.06060606060606,56.72727272727273,-0.1227532450079724,-0.11197978486186015,48.0,0.25,1.5
VBI,VBI TF5 N48 pq0.25 SL1.5ATR R1.5,5,,,,1.5,new_vbi_tf5_tf30,1.5,1.0,10622,4155,41.49217809867629,-0.13156492538955653,0.7736585120596757,-99.65613541049969,-8.61076562727321,99.66338371266652,-26.919742410657676,11.11111111111111,63,41.34777376654633,58.33935018050541,-0.12013009227869793,-0.15323931288888423,48.0,0.25,1.5
VBI,VBI TF5 N48 pq0.25 SL1.5ATR R1.5,5,,,,1.5,new_vbi_tf5_tf30,1.5,2.0,10622,2355,40.8067940552017,-0.1110119306558194,0.7796760540289173,-99.65816595554605,-12.107797420450318,99.66638651807186,-33.67935937670721,11.363636363636363,44,40.59447983014862,58.938428874734605,-0.10785750123288007,-0.3400037915773192,48.0,0.25,1.5
VBI,VBI TF5 N48 pq0.25 SL1.5ATR R1.5,5,,,,1.5,new_vbi_tf5_tf30,3.5,0.25,10622,6600,43.13636363636363,-0.18549480707243304,0.70825729180377,-95.41655109793223,-3.60337824282857,95.44158947437607,-11.20628591725088,11.904761904761903,84,43.06060606060606,56.72727272727273,-0.16056980680749053,-0.20296800313445465,48.0,0.25,1.5
VBI,VBI TF5 N48 pq0.25 SL1.5ATR R1.5,5,,,,1.5,new_vbi_tf5_tf30,3.5,0.5,10622,5592,42.70386266094421,-0.19921345686528846,0.7200676520909544,-99.65413266022706,-7.372056729999354,99.65687970790556,-31.76512729665206,10.81081081081081,74,42.63233190271817,57.13519313304721,-0.15935331136702302,-0.23696401249038662,48.0,0.25,1.5
VBI,VBI TF5 N48 pq0.25 SL1.5ATR R1.5,5,,,,1.5,new_vbi_tf5_tf30,3.5,1.0,10622,3108,40.894465894465895,-0.17767165295480278,0.703765039508084,-99.66030457778258,-10.747211428427384,99.665649429134,-29.586104453993066,12.0,50,40.73359073359074,58.88030888030889,-0.15339230578641552,-0.34787738568164134,48.0,0.25,1.5
VBI,VBI TF5 N48 pq0.25 SL1.5ATR R1.5,5,,,,1.5,new_vbi_tf5_tf30,3.5,2.0,10622,2139,41.60822814399252,-0.12365573721897685,0.7055166980698712,-99.65951474654973,-12.115694485723317,99.66563290497174,-32.717935877568664,11.363636363636363,44,41.42122487143525,58.11126694717158,-0.12038894409347932,-0.3321365348643658,48.0,0.25,1.5
VBI,VBI TF5 N48 pq0.25 SL1.5ATR R2.5,5,,,,1.5,new_vbi_tf5_tf30,0.0,0.25,10622,6222,31.24397299903568,-0.05732476597477733,0.903077248706448,-60.52387200306205,-1.1004173489872593,63.598165033209355,-7.876920806801158,38.095238095238095,84,31.002892960462873,68.62745098039215,-0.06287327901453389,-0.05345110430564599,48.0,0.25,2.5
VBI,VBI TF5 N48 pq0.25 SL1.5ATR R2.5,5,,,,1.5,new_vbi_tf5_tf30,0.0,0.5,10622,6222,31.24397299903568,-0.058026346772354534,0.89195468930145,-85.8413703118889,-2.300327076881692,87.83050393748346,-15.135187675247275,36.904761904761905,84,31.002892960462873,68.62745098039215,-0.06354578447584983,-0.054172983877829164,48.0,0.25,2.5
VBI,VBI TF5 N48 pq0.25 SL1.5ATR R2.5,5,,,,1.5,new_vbi_tf5_tf30,0.0,1.0,10622,6222,31.24397299903568,-0.05701272149298891,0.8802196077132434,-98.26362298636344,-4.710865727070712,98.57595829076926,-26.73668963310355,33.33333333333333,84,31.002892960462873,68.62745098039215,-0.06375506443766081,-0.052305594513602796,48.0,0.25,2.5
VBI,VBI TF5 N48 pq0.25 SL1.5ATR R2.5,5,,,,1.5,new_vbi_tf5_tf30,0.0,2.0,10622,3253,29.695665539502,-0.0725608891052491,0.8838322481553395,-99.65654133636643,-10.152279013149512,99.66436759723736,-40.07340154969808,22.641509433962266,53,29.418997848140176,70.0891484783277,-0.04945530140896183,-0.15760275000755544,48.0,0.25,2.5
VBI,VBI TF5 N48 pq0.25 SL1.5ATR R2.5,5,,,,1.5,new_vbi_tf5_tf30,1.5,0.25,10622,6222,31.24397299903568,-0.110630478692197,0.8387170877512306,-82.76174864348067,-2.07115475330073,82.90252463420785,-9.427426246779802,26.190476190476193,84,31.002892960462873,68.62745098039215,-0.09218280431055527,-0.12350961380907458,48.0,0.25,2.5
VBI,VBI TF5 N48 pq0.25 SL1.5ATR R2.5,5,,,,1.5,new_vbi_tf5_tf30,1.5,0.5,10622,6222,31.24397299903568,-0.10898026242950846,0.8389582042467896,-97.07228757241332,-4.116387983858805,97.12309504268138,-16.507622659454213,26.190476190476193,84,31.002892960462873,68.62745098039215,-0.09310874944123544,-0.12006086565658336,48.0,0.25,2.5
VBI,VBI TF5 N48 pq0.25 SL1.5ATR R2.5,5,,,,1.5,new_vbi_tf5_tf30,1.5,1.0,10622,5142,30.941267989109296,-0.1025807696390761,0.8373811936543428,-99.6589330586809,-7.389549897362924,99.66425975799383,-29.19753875503742,24.324324324324326,74,30.70789576040451,68.90315052508753,-0.09344566006818782,-0.11162396247279595,48.0,0.25,2.5
VBI,VBI TF5 N48 pq0.25 SL1.5ATR R2.5,5,,,,1.5,new_vbi_tf5_tf30,1.5,2.0,10622,2908,30.39889958734526,-0.08285856157177818,0.8382473404858382,-99.65681170590555,-11.150103472165373,99.66326592851053,-41.62174617654505,22.916666666666664,48,30.089408528198074,69.36038514442916,-0.07302615359015326,-0.15471941762033975,48.0,0.25,2.5
VBI,VBI TF5 N48 pq0.25 SL1.5ATR R2.5,5,,,,1.5,new_vbi_tf5_tf30,3.5,0.25,10622,6222,31.24397299903568,-0.17859659053135502,0.7753616962754034,-94.00264556388326,-3.2943381930264803,94.0191375211831,-10.969487596016336,15.476190476190476,84,31.002892960462873,68.62745098039215,-0.13113062572346612,-0.2117346740407928,48.0,0.25,2.5
VBI,VBI TF5 N48 pq0.25 SL1.5ATR R2.5,5,,,,1.5,new_vbi_tf5_tf30,3.5,0.5,10622,6102,31.30121271714192,-0.18004297468075303,0.7891094789469604,-99.65523687917236,-6.60329044376936,99.65707241792678,-29.972458155143823,19.27710843373494,83,31.071779744346117,68.56768272697477,-0.13173373280645145,-0.21491177849408913,48.0,0.25,2.5
VBI,VBI TF5 N48 pq0.25 SL1.5ATR R2.5,5,,,,1.5,new_vbi_tf5_tf30,3.5,1.0,10622,3184,29.71105527638191,-0.1695132780031551,0.7811135860055712,-99.65603494185336,-10.149781361980835,99.65964711439005,-31.47082047438319,18.867924528301888,53,29.428391959798994,70.06909547738694,-0.13015509996710994,-0.33034110454661103,48.0,0.25,2.5
VBI,VBI TF5 N48 pq0.25 SL1.5ATR R2.5,5,,,,1.5,new_vbi_tf5_tf30,3.5,2.0,10622,2170,30.414746543778804,-0.11471826708825013,0.7718525412922959,-99.65461144171871,-12.08713099495331,99.6592810398939,-37.06788097939949,20.454545454545457,44,30.0,69.30875576036867,-0.1125354574153641,-0.21121664471041993,48.0,0.25,2.5
VBI,VBI TF5 N48 pq0.5 SL1.0ATR R1.5,5,,,,1.0,new_vbi_tf5_tf30,0.0,0.25,19055,13837,45.241020452410204,-0.05754669638062891,0.8528795675858314,-86.9395290794245,-2.394183132456329,88.67939648709577,-11.190151421923634,21.428571428571427,84,45.12538845125388,54.67225554672256,-0.08512578295506171,-0.03749575038760955,48.0,0.5,1.5
VBI,VBI TF5 N48 pq0.5 SL1.0ATR R1.5,5,,,,1.0,new_vbi_tf5_tf30,0.0,0.5,19055,13837,45.241020452410204,-0.05530710427280833,0.8238123773573925,-98.13069015313461,-4.627146359429746,98.54611771942018,-19.272125474282355,21.428571428571427,84,45.12538845125388,54.67225554672256,-0.08466214115108102,-0.03396498123037966,48.0,0.5,1.5
VBI,VBI TF5 N48 pq0.5 SL1.0ATR R1.5,5,,,,1.0,new_vbi_tf5_tf30,0.0,1.0,19055,6621,43.709409454765144,-0.08096040811468139,0.7799575706193006,-99.65398994673919,-10.51570155300493,99.65876300691201,-31.849308142911347,13.725490196078432,51,43.543271409152695,56.15465941700649,-0.07825599452188717,-0.10075087190617178,48.0,0.5,1.5
VBI,VBI TF5 N48 pq0.5 SL1.0ATR R1.5,5,,,,1.0,new_vbi_tf5_tf30,0.0,2.0,19055,4452,43.55345911949686,-0.05627474348016983,0.7643418697920603,-99.65397411120918,-12.62094421089348,99.65871647675833,-37.74763152180633,14.285714285714285,42,43.35130278526505,56.31176999101527,-0.0553400873767441,-0.08403725270399476,48.0,0.5,1.5
VBI,VBI TF5 N48 pq0.5 SL1.0ATR R1.5,5,,,,1.0,new_vbi_tf5_tf30,1.5,0.25,19055,13837,45.233793452337935,-0.1165397044657262,0.7633727849518611,-98.29549947897048,-4.73188220480586,98.3164359954744,-13.265783563844835,8.333333333333332,84,45.12538845125388,54.67225554672256,-0.1224873223796259,-0.11221558135683135,48.0,0.5,1.5
VBI,VBI TF5 N48 pq0.5 SL1.0ATR R1.5,5,,,,1.0,new_vbi_tf5_tf30,1.5,0.5,19055,8240,43.95631067961165,-0.1349472923441612,0.7403357083762051,-99.6582574327457,-9.030672401403383,99.65980627424962,-27.76663293104621,8.333333333333332,60,43.82281553398058,55.93446601941747,-0.11752677840737837,-0.1769657162289479,48.0,0.5,1.5
VBI,VBI TF5 N48 pq0.5 SL1.0ATR R1.5,5,,,,1.0,new_vbi_tf5_tf30,1.5,1.0,19055,4908,43.64303178484107,-0.11102696526080273,0.6782026466889697,-99.65867244246155,-12.374220994438556,99.66111642286981,-38.07487743910588,9.30232558139535,43,43.41890790546047,56.214343928280364,-0.11182838488467892,-0.09418996553945735,48.0,0.5,1.5
VBI,VBI TF5 N48 pq0.5 SL1.0ATR R1.5,5,,,,1.0,new_vbi_tf5_tf30,1.5,2.0,19055,3233,44.01484689143211,-0.07984983525716324,0.6615556857625448,-99.6394570202756,-16.120678728723036,99.65272790402844,-39.628732479881236,15.625,32,43.82926074853077,55.861429013300345,-0.08169961763989853,-0.02632603946042518,48.0,0.5,1.5
VBI,VBI TF5 N48 pq0.5 SL1.0ATR R1.5,5,,,,1.0,new_vbi_tf5_tf30,3.5,0.25,19055,10487,44.722036807475924,-0.2151206902023229,0.6801581010396973,-99.66032951695676,-7.800323496354455,99.66032951695676,-22.227785805778765,4.285714285714286,70,44.636216267760084,55.13492895966434,-0.16634047169504576,-0.2760698049180864,48.0,0.5,1.5
VBI,VBI TF5 N48 pq0.5 SL1.0ATR R1.5,5,,,,1.0,new_vbi_tf5_tf30,3.5,0.5,19055,6165,43.600973236009736,-0.1811357040660932,0.64060717803418,-99.6595315639993,-10.949938948532855,99.6595315639993,-38.02434756222149,6.122448979591836,49,43.42254663422547,56.25304136253041,-0.16386076308802788,-0.4770960899403008,48.0,0.5,1.5
VBI,VBI TF5 N48 pq0.5 SL1.0ATR R1.5,5,,,,1.0,new_vbi_tf5_tf30,3.5,1.0,19055,3449,43.66483038561902,-0.15863582404625742,0.5468751396208492,-99.6545249884067,-16.7097654347634,99.6545249884067,-45.523038346270425,9.67741935483871,31,43.49086691794723,56.19020005798782,-0.15812330224549628,-0.1871017889803361,48.0,0.5,1.5
VBI,VBI TF5 N48 pq0.5 SL1.0ATR R1.5,5,,,,1.0,new_vbi_tf5_tf30,3.5,2.0,19055,1987,43.08002013085053,-0.13557270446910583,0.5267113970505152,-99.65498757223806,-22.71710233996288,99.65498757223806,-47.153425419306004,9.090909090909092,22,42.979365878208355,56.768998490186206,-0.1342156101482914,-0.2690429309212075,48.0,0.5,1.5
VBI,VBI TF5 N48 pq0.5 SL1.0ATR R2.5,5,,,,1.0,new_vbi_tf5_tf30,0.0,0.25,19055,13225,32.6351606805293,-0.05293534198586988,0.8732981356927422,-83.86227290571904,-2.1480348461273446,87.43428959361597,-11.251543751858806,32.142857142857146,84,32.34782608695652,67.24385633270322,-0.09920380316814735,-0.019038678166756084,48.0,0.5,2.5
VBI,VBI TF5 N48 pq0.5 SL1.0ATR R2.5,5,,,,1.0,new_vbi_tf5_tf30,0.0,0.5,19055,13225,32.6351606805293,-0.05380212140561917,0.8239704433529441,-97.78004040630321,-4.43175037544723,98.4010943844996,-21.39013163684236,29.761904761904763,84,32.34782608695652,67.24385633270322,-0.09921557889270875,-0.020531840484905833,48.0,0.5,2.5
VBI,VBI TF5 N48 pq0.5 SL1.0ATR R2.5,5,,,,1.0,new_vbi_tf5_tf30,0.0,1.0,19055,6809,30.929651931267436,-0.0744822017146503,0.7608326832542497,-99.6598655356164,-9.99019379337257,99.66106472519046,-37.1357705840062,20.37037037037037,54,30.635923043031283,68.90879718020267,-0.09421895255196595,-0.006498628497604083,48.0,0.5,2.5
VBI,VBI TF5 N48 pq0.5 SL1.0ATR R2.5,5,,,,1.0,new_vbi_tf5_tf30,0.0,2.0,19055,3059,30.434782608695656,-0.08098690047898653,0.7245276264529358,-99.65879116314966,-16.265027226191144,99.65965672643841,-46.412196325656815,21.875,32,30.04249754821837,69.3690748610657,-0.07969148300989028,-0.25198200639969137,48.0,0.5,2.5
VBI,VBI TF5 N48 pq0.5 SL1.0ATR R2.5,5,,,,1.0,new_vbi_tf5_tf30,1.5,0.25,19055,13225,32.62759924385633,-0.11289814616763644,0.7849117447754568,-97.75548035265953,-4.419231778168841,97.7685627230373,-13.36476628938641,13.095238095238097,84,32.34782608695652,67.24385633270322,-0.1368741567928416,-0.09533311912503888,48.0,0.5,2.5
VBI,VBI TF5 N48 pq0.5 SL1.0ATR R2.5,5,,,,1.0,new_vbi_tf5_tf30,1.5,0.5,19055,7956,31.38511814982403,-0.1381127188831136,0.7455348204942973,-99.65850459712159,-9.031769346805618,99.65850459712159,-25.159312785694745,13.333333333333334,60,31.083459024635495,68.4640522875817,-0.1314638183967031,-0.153840574856044,48.0,0.5,2.5
VBI,VBI TF5 N48 pq0.5 SL1.0ATR R2.5,5,,,,1.0,new_vbi_tf5_tf30,1.5,1.0,19055,4183,30.55223523786756,-0.12745173291758566,0.6745198616680943,-99.65483006199885,-12.626096772098238,99.65483006199885,-42.62267224337254,19.047619047619047,42,30.193640927563948,69.23260817595028,-0.12507298133681383,-0.24495632907619388,48.0,0.5,2.5
VBI,VBI TF5 N48 pq0.5 SL1.0ATR R2.5,5,,,,1.0,new_vbi_tf5_tf30,1.5,2.0,19055,1978,29.524772497472195,-0.13094487462862145,0.6429490830585189,-99.65852132155493,-21.88131234854197,99.65852132155493,-44.60008236372253,17.391304347826086,23,29.221435793731043,70.27300303336703,-0.12906067383921604,-0.3252158928625807,48.0,0.5,2.5
VBI,VBI TF5 N48 pq0.5 SL1.0ATR R2.5,5,,,,1.0,new_vbi_tf5_tf30,3.5,0.25,19055,10469,32.33355621358296,-0.2131564577791323,0.7091951448444347,-99.65551073694175,-7.781767177899401,99.65551073694175,-28.818442758585295,5.714285714285714,70,32.0660999140319,67.50405960454677,-0.18141137213814074,-0.24955557996580952,48.0,0.5,2.5
VBI,VBI TF5 N48 pq0.5 SL1.0ATR R2.5,5,,,,1.0,new_vbi_tf5_tf30,3.5,0.5,19055,5531,30.699692641475323,-0.19852203490557394,0.6612581888242329,-99.6559021137483,-11.145203800160475,99.6559021137483,-37.30228189231,10.416666666666668,48,30.39233411679624,69.08334839992769,-0.19446041691749036,-0.43601750392921523,48.0,0.5,2.5
VBI,VBI TF5 N48 pq0.5 SL1.0ATR R2.5,5,,,,1.0,new_vbi_tf5_tf30,3.5,1.0,19055,3079,30.529392659954528,-0.17517645209730817,0.5726784439038187,-99.66036445315667,-16.27711975797663,99.66036445315667,-49.24317411293148,15.625,32,30.139655732380643,69.27573887625853,-0.17380868235589753,-0.2580359430319643,48.0,0.5,2.5
VBI,VBI TF5 N48 pq0.5 SL1.0ATR R2.5,5,,,,1.0,new_vbi_tf5_tf30,3.5,2.0,19055,1813,29.840044125758414,-0.1427309661929761,0.5482503021476732,-99.65531163341991,-23.663085634357795,99.65531163341991,-51.22214409349737,19.047619047619047,21,29.50910093767237,69.93932708218422,-0.14257618193552646,-0.14959177840443144,48.0,0.5,2.5
VBI,VBI TF5 N48 pq0.5 SL1.5ATR R1.5,5,,,,1.5,new_vbi_tf5_tf30,0.0,0.25,19055,11517,44.126074498567334,-0.028800889801074345,0.9314145744742203,-58.151320884553925,-1.0316769820479799,66.47465730970754,-7.714064170044055,35.714285714285715,84,43.7874446470435,55.66553790049492,-0.0446483342314518,-0.017305260447982567,48.0,0.5,1.5
VBI,VBI TF5 N48 pq0.5 SL1.5ATR R1.5,5,,,,1.5,new_vbi_tf5_tf30,0.0,0.5,19055,11517,44.126074498567334,-0.02956657529261713,0.9137040187049572,-84.56400892196537,-2.199810417700887,89.53391373268046,-14.940000479372706,35.714285714285715,84,43.7874446470435,55.66553790049492,-0.044967251217735656,-0.01839502880131767,48.0,0.5,1.5
VBI,VBI TF5 N48 pq0.5 SL1.5ATR R1.5,5,,,,1.5,new_vbi_tf5_tf30,0.0,1.0,19055,11517,44.126074498567334,-0.029437332495397348,0.8831084987910347,-98.04867447077102,-4.578380652236413,98.81053190786356,-27.709228948905363,36.904761904761905,84,43.7874446470435,55.66553790049492,-0.04444107757379901,-0.018553716964368003,48.0,0.5,1.5
VBI,VBI TF5 N48 pq0.5 SL1.5ATR R1.5,5,,,,1.5,new_vbi_tf5_tf30,0.0,2.0,19055,6475,42.93436293436294,-0.035299388052864936,0.8672591662419552,-99.6562286426493,-9.800339392230706,99.666296126958,-43.01797196859268,30.909090909090907,55,42.56370656370657,56.78764478764479,-0.0360228382489927,-0.03315428955338504,48.0,0.5,1.5
VBI,VBI TF5 N48 pq0.5 SL1.5ATR R1.5,5,,,,1.5,new_vbi_tf5_tf30,1.5,0.25,19055,11517,44.1173916818616,-0.07522750772551556,0.8526665352106764,-88.98530809187226,-2.5919366250196307,89.19405090486268,-9.153927216825297,25.0,84,43.7874446470435,55.66553790049492,-0.07147181385847988,-0.07795186273737875,48.0,0.5,1.5
VBI,VBI TF5 N48 pq0.5 SL1.5ATR R1.5,5,,,,1.5,new_vbi_tf5_tf30,1.5,0.5,19055,11517,44.1173916818616,-0.07198771987900245,0.8438392121196172,-98.6299336195415,-4.979272206420459,98.70913420508394,-17.298397394857634,23.809523809523807,84,43.7874446470435,55.66553790049492,-0.07126098674862304,-0.07251488719245519,48.0,0.5,1.5
VBI,VBI TF5 N48 pq0.5 SL1.5ATR R1.5,5,,,,1.5,new_vbi_tf5_tf30,1.5,1.0,19055,6374,42.9871352368999,-0.08361309427928647,0.8150821788782642,-99.6578603334153,-9.641727704927572,99.66172959283496,-31.848484050454097,21.428571428571427,56,42.6576717916536,56.73046752431754,-0.06987566828497965,-0.12703125137095325,48.0,0.5,1.5
VBI,VBI TF5 N48 pq0.5 SL1.5ATR R1.5,5,,,,1.5,new_vbi_tf5_tf30,1.5,2.0,19055,4030,42.92803970223325,-0.06136097981843422,0.7956340010000941,-99.65788249269808,-12.106141640613044,99.66457265680688,-39.29534919158769,18.181818181818183,44,42.48138957816377,56.69975186104218,-0.05785492900662022,-0.28948418755761046,48.0,0.5,1.5
VBI,VBI TF5 N48 pq0.5 SL1.5ATR R1.5,5,,,,1.5,new_vbi_tf5_tf30,3.5,0.25,19055,11517,44.08266041503864,-0.12890944557385742,0.7820701513362769,-97.64503100670416,-4.364557569499272,97.6988725193704,-13.325604122405622,10.714285714285714,84,43.7874446470435,55.66553790049492,-0.10587407402252894,-0.14561914880255136,48.0,0.5,1.5
VBI,VBI TF5 N48 pq0.5 SL1.5ATR R1.5,5,,,,1.5,new_vbi_tf5_tf30,3.5,0.5,19055,8552,43.86108512628625,-0.1296320551335533,0.7763757472154104,-99.6609034996865,-7.802551081566689,99.66129712855319,-22.84080472295712,11.428571428571429,70,43.52198316183349,55.86997193638915,-0.10507230946891498,-0.1616855021707983,48.0,0.5,1.5
VBI,VBI TF5 N48 pq0.5 SL1.5ATR R1.5,5,,,,1.5,new_vbi_tf5_tf30,3.5,1.0,19055,4859,42.9923852644577,-0.10954009540577643,0.7265897722718873,-99.66029454843517,-11.168982690524132,99.66104654982469,-36.842933615890374,14.583333333333334,48,42.621938670508335,56.67832887425396,-0.11153445347922052,-0.07454748447592008,48.0,0.5,1.5
VBI,VBI TF5 N48 pq0.5 SL1.5ATR R1.5,5,,,,1.5,new_vbi_tf5_tf30,3.5,2.0,19055,2869,43.01150226559777,-0.08933631635942448,0.6941343443844125,-99.65582703706556,-16.719910064555844,99.65796115790859,-45.67245015176867,19.35483870967742,31,42.6280934123388,56.60508888114325,-0.09589349299427045,-0.021240557417392992,48.0,0.5,1.5
VBI,VBI TF5 N48 pq0.5 SL1.5ATR R2.5,5,,,,1.5,new_vbi_tf5_tf30,0.0,0.25,19055,10555,31.681667456181906,-0.03071226049622847,0.9396854570104568,-58.344739689050364,-1.0371349056496837,66.31262374539986,-10.598962184503213,38.095238095238095,84,31.075319753671245,68.08147797252488,-0.04468050276786379,-0.020726839538438815,48.0,0.5,2.5
VBI,VBI TF5 N48 pq0.5 SL1.5ATR R2.5,5,,,,1.5,new_vbi_tf5_tf30,0.0,0.5,19055,10555,31.681667456181906,-0.030764736987102963,0.9240665781230192,-84.77990865375955,-2.216208634450312,89.43943212040583,-20.177354287754913,38.095238095238095,84,31.075319753671245,68.08147797252488,-0.044426028528870315,-0.020998744658300962,48.0,0.5,2.5
VBI,VBI TF5 N48 pq0.5 SL1.5ATR R2.5,5,,,,1.5,new_vbi_tf5_tf30,0.0,1.0,19055,10555,31.681667456181906,-0.03239766218439742,0.8912124318818052,-98.58905316899752,-4.946007095457128,98.9190597784386,-36.11976077246759,35.714285714285715,84,31.075319753671245,68.08147797252488,-0.0446479710905954,-0.023640333315628755,48.0,0.5,2.5
VBI,VBI TF5 N48 pq0.5 SL1.5ATR R2.5,5,,,,1.5,new_vbi_tf5_tf30,0.0,2.0,19055,5860,30.853242320819113,-0.03428116517566743,0.8627798291356974,-99.65865230866957,-9.811941925416845,99.67214932344373,-48.0510920870438,27.27272727272727,55,30.273037542662117,68.82252559726962,-0.03219021661410353,-0.04058265399133946,48.0,0.5,2.5
VBI,VBI TF5 N48 pq0.5 SL1.5ATR R2.5,5,,,,1.5,new_vbi_tf5_tf30,1.5,0.25,19055,10555,31.662719090478447,-0.07687083778821248,0.8752829733269626,-87.64590648980945,-2.458770663351739,87.81463516507853,-11.714976631215634,27.380952380952383,84,31.075319753671245,68.08147797252488,-0.07170363665442729,-0.08056469400082904,48.0,0.5,2.5
VBI,VBI TF5 N48 pq0.5 SL1.5ATR R2.5,5,,,,1.5,new_vbi_tf5_tf30,1.5,0.5,19055,10555,31.662719090478447,-0.07349816897623368,0.8643353652996768,-98.34795819531561,-4.7673291147698365,98.41248251608184,-22.22327929657676,26.190476190476193,84,31.075319753671245,68.08147797252488,-0.07196350831833476,-0.07459524564475609,48.0,0.5,2.5
VBI,VBI TF5 N48 pq0.5 SL1.5ATR R2.5,5,,,,1.5,new_vbi_tf5_tf30,1.5,1.0,19055,6525,30.95785440613027,-0.07603229964939255,0.8365217624042636,-99.63240347098183,-8.38661540504092,99.65791298847758,-39.09387599882298,25.0,64,30.375478927203066,68.75095785440612,-0.07032970359011834,-0.08784002796036032,48.0,0.5,2.5
VBI,VBI TF5 N48 pq0.5 SL1.5ATR R2.5,5,,,,1.5,new_vbi_tf5_tf30,1.5,2.0,19055,4296,30.8659217877095,-0.05143232069308796,0.8029553799494648,-99.65868454798465,-11.160232023708705,99.66762125075218,-46.82723061121579,22.916666666666664,48,30.23743016759777,68.76163873370578,-0.06207224148014999,-0.004065769778096041,48.0,0.5,2.5
VBI,VBI TF5 N48 pq0.5 SL1.5ATR R2.5,5,,,,1.5,new_vbi_tf5_tf30,3.5,0.25,19055,10555,31.64377072477499,-0.12976901575432256,0.8156292116210039,-96.92175289573127,-4.059138729292955,96.95266282569654,-13.070110843976767,13.095238095238097,84,31.075319753671245,68.08147797252488,-0.10467113806338829,-0.14771063424987269,48.0,0.5,2.5
VBI,VBI TF5 N48 pq0.5 SL1.5ATR R2.5,5,,,,1.5,new_vbi_tf5_tf30,3.5,0.5,19055,7814,31.392372664448427,-0.14050703872043574,0.8078399182476658,-99.65578406645427,-7.891035888014885,99.65602291534063,-27.339397478016746,11.594202898550725,69,30.829280778090606,68.27489122088559,-0.10534653677848359,-0.18582227262336173,48.0,0.5,2.5
VBI,VBI TF5 N48 pq0.5 SL1.5ATR R2.5,5,,,,1.5,new_vbi_tf5_tf30,3.5,1.0,19055,4777,30.814318610006282,-0.10809668366654235,0.7630323089411084,-99.65517035315254,-10.926804562738834,99.65547439266221,-41.434276411078145,18.367346938775512,49,30.2491103202847,68.78794222315261,-0.09474323023866803,-0.2639460074931922,48.0,0.5,2.5
VBI,VBI TF5 N48 pq0.5 SL1.5ATR R2.5,5,,,,1.5,new_vbi_tf5_tf30,3.5,2.0,19055,2880,30.833333333333336,-0.0811631825418498,0.7157105593669704,-99.64326483309144,-14.491436808519897,99.65875480552452,-47.95419409910821,19.444444444444446,36,30.138888888888886,68.68055555555556,-0.08142893253578588,-0.07282938217021452,48.0,0.5,2.5
VBI,VBI TF30 N20 pq0.25 SL1.0ATR R1.5,30,,,,1.0,new_vbi_tf5_tf30,0.0,0.25,3753,3116,41.238767650834404,-0.0366649587557054,0.9256305234299181,-25.758937515458225,-0.353958734079296,35.08241632337923,-4.044187982419645,38.095238095238095,84,41.110397946084724,58.69704749679075,-0.08486235104483932,0.0019988834103031286,20.0,0.25,1.5
VBI,VBI TF30 N20 pq0.25 SL1.0ATR R1.5,30,,,,1.0,new_vbi_tf5_tf30,0.0,0.5,3753,3116,41.238767650834404,-0.037463899407297496,0.9140037946075683,-46.9369190015383,-0.7515530061317333,59.40051771849875,-7.99047108792883,40.476190476190474,84,41.110397946084724,58.69704749679075,-0.08682993385092184,0.002137424926598973,20.0,0.25,1.5
VBI,VBI TF30 N20 pq0.25 SL1.0ATR R1.5,30,,,,1.0,new_vbi_tf5_tf30,0.0,1.0,3753,3116,41.238767650834404,-0.037912036595063314,0.8934288757862547,-74.8682803933526,-1.6306530638582117,84.75569457932907,-15.624355665573797,35.714285714285715,84,41.110397946084724,58.69704749679075,-0.08738414547806034,0.0017743804209672427,20.0,0.25,1.5
VBI,VBI TF30 N20 pq0.25 SL1.0ATR R1.5,30,,,,1.0,new_vbi_tf5_tf30,0.0,2.0,3753,3116,41.238767650834404,-0.03680435935550686,0.8682614962802655,-94.96593854857029,-3.495703540603423,97.82180129701287,-28.625322503614647,34.523809523809526,84,41.110397946084724,58.69704749679075,-0.08691749227147008,0.003396285730925157,20.0,0.25,1.5
VBI,VBI TF30 N20 pq0.25 SL1.0ATR R1.5,30,,,,1.0,new_vbi_tf5_tf30,1.5,0.25,3753,3116,41.238767650834404,-0.06233935417204258,0.8807159849243728,-39.214380561530625,-0.590886580825245,43.78239700631145,-4.105897048796503,32.142857142857146,84,41.110397946084724,58.69704749679075,-0.10178739407241022,-0.030694223262956472,20.0,0.25,1.5
VBI,VBI TF30 N20 pq0.25 SL1.0ATR R1.5,30,,,,1.0,new_vbi_tf5_tf30,1.5,0.5,3753,3116,41.238767650834404,-0.06364700740012087,0.8678984844122132,-64.701495399345,-1.232025723491459,69.60367941074274,-8.278124198552883,32.142857142857146,84,41.110397946084724,58.69704749679075,-0.10300430504611624,-0.03207466972805864,20.0,0.25,1.5
VBI,VBI TF30 N20 pq0.25 SL1.0ATR R1.5,30,,,,1.0,new_vbi_tf5_tf30,1.5,1.0,3753,3116,41.238767650834404,-0.06417541132794935,0.8490781473463309,-88.86936393054056,-2.5797931377132155,91.54481905491294,-15.972468023701191,32.142857142857146,84,41.110397946084724,58.69704749679075,-0.1041448909066256,-0.03211198265494529,20.0,0.25,1.5
VBI,VBI TF30 N20 pq0.25 SL1.0ATR R1.5,30,,,,1.0,new_vbi_tf5_tf30,1.5,2.0,3753,3116,41.238767650834404,-0.05735813528729072,0.836126074633482,-98.49134487858394,-4.870207975963692,99.10901937188015,-29.36444433467712,29.761904761904763,84,41.110397946084724,58.69704749679075,-0.10287105777865786,-0.02084776889311709,20.0,0.25,1.5
VBI,VBI TF30 N20 pq0.25 SL1.0ATR R1.5,30,,,,1.0,new_vbi_tf5_tf30,3.5,0.25,3753,3116,41.238767650834404,-0.09757086180602222,0.8241218139931159,-53.79952925575529,-0.9150498440999244,56.01794272538918,-4.504354998891658,25.0,84,41.110397946084724,58.69704749679075,-0.1255076559332893,-0.07516002695667613,20.0,0.25,1.5
VBI,VBI TF30 N20 pq0.25 SL1.0ATR R1.5,30,,,,1.0,new_vbi_tf5_tf30,3.5,0.5,3753,3116,41.238767650834404,-0.09839880085397489,0.8141091635194652,-79.44757024233431,-1.865932580240881,81.34738924031585,-8.832898764229235,22.61904761904762,84,41.110397946084724,58.69704749679075,-0.12609434104360423,-0.07618149938317331,20.0,0.25,1.5
VBI,VBI TF30 N20 pq0.25 SL1.0ATR R1.5,30,,,,1.0,new_vbi_tf5_tf30,3.5,1.0,3753,3116,41.238767650834404,-0.09675557006577908,0.8036172523003944,-95.92855433593523,-3.739217302269815,96.53837871409543,-16.53541850081127,23.809523809523807,84,41.110397946084724,58.69704749679075,-0.12648397939220365,-0.0729075054412846,20.0,0.25,1.5
VBI,VBI TF30 N20 pq0.25 SL1.0ATR R1.5,30,,,,1.0,new_vbi_tf5_tf30,3.5,2.0,3753,2290,39.86899563318777,-0.11344086495158902,0.7971530460189606,-99.65607833284942,-7.89217757097227,99.6618382739301,-30.397935250228358,15.942028985507244,69,39.78165938864629,60.043668122270745,-0.12171127669727748,-0.10073758578074754,20.0,0.25,1.5
VBI,VBI TF30 N20 pq0.25 SL1.0ATR R2.5,30,,,,1.0,new_vbi_tf5_tf30,0.0,0.25,3753,3048,29.7244094488189,-0.03346115650091947,0.9449406127707047,-24.04649965955682,-0.32690363434942915,30.73974652732292,-5.91755938014753,42.857142857142854,84,29.363517060367457,70.14435695538059,-0.05167959462524226,-0.018841156184712472,20.0,0.25,2.5
VBI,VBI TF30 N20 pq0.25 SL1.0ATR R2.5,30,,,,1.0,new_vbi_tf5_tf30,0.0,0.5,3753,3048,29.7244094488189,-0.033912572924956454,0.9387166282038223,-45.06582608804259,-0.7105995919714947,53.5411506335543,-11.771360138707054,41.66666666666667,84,29.363517060367457,70.14435695538059,-0.05219122496499385,-0.01924425192062128,20.0,0.25,2.5
VBI,VBI TF30 N20 pq0.25 SL1.0ATR R2.5,30,,,,1.0,new_vbi_tf5_tf30,0.0,1.0,3753,3048,29.7244094488189,-0.03463202155958471,0.9266308013905361,-74.94978657609467,-1.6344571088914406,81.48118412502117,-22.416601078311594,40.476190476190474,84,29.363517060367457,70.14435695538059,-0.05241250569030795,-0.02036347220098539,20.0,0.25,2.5
VBI,VBI TF30 N20 pq0.25 SL1.0ATR R2.5,30,,,,1.0,new_vbi_tf5_tf30,0.0,2.0,3753,3048,29.7244094488189,-0.03692067012993247,0.9074863092475735,-96.70721567845409,-3.982157360453753,97.88992212770835,-39.856194179201744,40.476190476190474,84,29.363517060367457,70.14435695538059,-0.05464761180260442,-0.022695087723181524,20.0,0.25,2.5
VBI,VBI TF30 N20 pq0.25 SL1.0ATR R2.5,30,,,,1.0,new_vbi_tf5_tf30,1.5,0.25,3753,3048,29.7244094488189,-0.058205998223871326,0.9109055534195222,-37.09596442601002,-0.550337049649896,40.22694476370097,-6.128956342475478,39.285714285714285,84,29.363517060367457,70.14435695538059,-0.06683717485050451,-0.05127961934608231,20.0,0.25,2.5
VBI,VBI TF30 N20 pq0.25 SL1.0ATR R2.5,30,,,,1.0,new_vbi_tf5_tf30,1.5,0.5,3753,3048,29.7244094488189,-0.06009223649100079,0.9036112432158114,-63.12253531887902,-1.1805588476727857,66.68991276919942,-12.01805269167071,39.285714285714285,84,29.363517060367457,70.14435695538059,-0.06929114096641775,-0.052710265247274714,20.0,0.25,2.5
VBI,VBI TF30 N20 pq0.25 SL1.0ATR R2.5,30,,,,1.0,new_vbi_tf5_tf30,1.5,1.0,3753,3048,29.7244094488189,-0.061121919725596545,0.8951948887273091,-88.77433471555035,-2.569933032792171,90.73831597062978,-22.79233026109162,38.095238095238095,84,29.363517060367457,70.14435695538059,-0.0694125922938853,-0.05446878981715905,20.0,0.25,2.5
VBI,VBI TF30 N20 pq0.25 SL1.0ATR R2.5,30,,,,1.0,new_vbi_tf5_tf30,1.5,2.0,3753,3048,29.7244094488189,-0.06019395693618231,0.8834601192014977,-99.10661895877784,-5.46174535534123,99.309536791212,-40.224205470176344,33.33333333333333,84,29.363517060367457,70.14435695538059,-0.07240311361889097,-0.05039630725053143,20.0,0.25,2.5
VBI,VBI TF30 N20 pq0.25 SL1.0ATR R2.5,30,,,,1.0,new_vbi_tf5_tf30,3.5,0.25,3753,3048,29.7244094488189,-0.09259274255824357,0.8672772230584177,-51.590375251246854,-0.8599377876880143,53.350766827991606,-6.230225418685409,30.952380952380953,84,29.363517060367457,70.14435695538059,-0.08941149580966538,-0.09514564133874068,20.0,0.25,2.5
VBI,VBI TF30 N20 pq0.25 SL1.0ATR R2.5,30,,,,1.0,new_vbi_tf5_tf30,3.5,0.5,3753,3048,29.7244094488189,-0.09431857913114744,0.8632610343753714,-78.09222132125113,-1.7912959246313531,79.57141216155354,-12.367059195175367,30.952380952380953,84,29.363517060367457,70.14435695538059,-0.09135036103643228,-0.09670052588131207,20.0,0.25,2.5
VBI,VBI TF30 N20 pq0.25 SL1.0ATR R2.5,30,,,,1.0,new_vbi_tf5_tf30,3.5,1.0,3753,3048,29.7244094488189,-0.09438603423251771,0.8606698963178666,-95.88160412109409,-3.7260772654981733,96.40196873507635,-23.228873204706847,29.761904761904763,84,29.363517060367457,70.14435695538059,-0.09231406771866522,-0.09604875366439106,20.0,0.25,2.5
VBI,VBI TF30 N20 pq0.25 SL1.0ATR R2.5,30,,,,1.0,new_vbi_tf5_tf30,3.5,2.0,3753,2488,29.5016077170418,-0.09741487737238572,0.8541053563509189,-99.65653514000657,-7.680356860586368,99.69219182616987,-39.671562291085,25.352112676056336,71,29.139871382636656,70.33762057877814,-0.0944123170028377,-0.10101741885910247,20.0,0.25,2.5
VBI,VBI TF30 N20 pq0.25 SL1.5ATR R1.5,30,,,,1.5,new_vbi_tf5_tf30,0.0,0.25,3753,2715,40.957642725598525,-0.02370507161698616,0.9537733252480814,-15.772509515163913,-0.20413520261747253,23.4197028747936,-3.9028186974603973,50.0,84,40.58931860036832,58.85819521178637,-0.03256376359287906,-0.016656786929817403,20.0,0.25,1.5
VBI,VBI TF30 N20 pq0.25 SL1.5ATR R1.5,30,,,,1.5,new_vbi_tf5_tf30,0.0,0.5,3753,2715,40.957642725598525,-0.02427838585324325,0.9486966124556309,-31.221415184898717,-0.44457757309843693,43.188161887238195,-7.879124215059274,50.0,84,40.58931860036832,58.85819521178637,-0.03504504925760702,-0.01571205247000938,20.0,0.25,1.5
VBI,VBI TF30 N20 pq0.25 SL1.5ATR R1.5,30,,,,1.5,new_vbi_tf5_tf30,0.0,1.0,3753,2715,40.957642725598525,-0.0246128572777507,0.9383934940278188,-57.24337294312558,-1.0063850254353524,70.3117112515668,-15.176660139704111,48.80952380952381,84,40.58931860036832,58.85819521178637,-0.03541148219189499,-0.016021094201219246,20.0,0.25,1.5
VBI,VBI TF30 N20 pq0.25 SL1.5ATR R1.5,30,,,,1.5,new_vbi_tf5_tf30,0.0,2.0,3753,2715,40.957642725598525,-0.025100114514433444,0.9187176293627773,-87.39444052117945,-2.435369017787903,93.37134515168508,-28.170206033484845,45.23809523809524,84,40.58931860036832,58.85819521178637,-0.03522503892118824,-0.017044371087630517,20.0,0.25,1.5
VBI,VBI TF30 N20 pq0.25 SL1.5ATR R1.5,30,,,,1.5,new_vbi_tf5_tf30,1.5,0.25,3753,2715,40.957642725598525,-0.04076586951852715,0.9244491467513839,-24.980186966801178,-0.3415794919866433,29.811048726902843,-4.05022167377489,46.42857142857143,84,40.58931860036832,58.85819521178637,-0.0438576751956573,-0.03830592095398512,20.0,0.25,1.5
VBI,VBI TF30 N20 pq0.25 SL1.5ATR R1.5,30,,,,1.5,new_vbi_tf5_tf30,1.5,0.5,3753,2715,40.957642725598525,-0.04262193528187348,0.9176708034758667,-46.37072976643266,-0.7390119455580768,52.83097481836059,-7.972974615055217,44.047619047619044,84,40.58931860036832,58.85819521178637,-0.046345494848981,-0.0396593412612185,20.0,0.25,1.5
VBI,VBI TF30 N20 pq0.25 SL1.5ATR R1.5,30,,,,1.5,new_vbi_tf5_tf30,1.5,1.0,3753,2715,40.957642725598525,-0.04259122718071496,0.9080549192599654,-73.72270825522,-1.578439802524123,79.44135281019474,-15.559465487133838,42.857142857142854,84,40.58931860036832,58.85819521178637,-0.04756480762912199,-0.03863407289537524,20.0,0.25,1.5
VBI,VBI TF30 N20 pq0.25 SL1.5ATR R1.5,30,,,,1.5,new_vbi_tf5_tf30,1.5,2.0,3753,2715,40.957642725598525,-0.042565197072896056,0.8915353981828419,-95.03056869032235,-3.5105476260069324,96.71211458337783,-27.514505389423437,39.285714285714285,84,40.58931860036832,58.85819521178637,-0.04803070457654992,-0.03821664844399684,20.0,0.25,1.5
VBI,VBI TF30 N20 pq0.25 SL1.5ATR R1.5,30,,,,1.5,new_vbi_tf5_tf30,3.5,0.25,3753,2715,40.957642725598525,-0.06397611654037937,0.8867087561060157,-35.91207508276282,-0.5282595598850692,38.17996555715172,-4.20147590352763,36.904761904761905,84,40.58931860036832,58.85819521178637,-0.05986268893491191,-0.067248903186793,20.0,0.25,1.5
VBI,VBI TF30 N20 pq0.25 SL1.5ATR R1.5,30,,,,1.5,new_vbi_tf5_tf30,3.5,0.5,3753,2715,40.957642725598525,-0.0655466019420526,0.8817578888092181,-60.70364783330583,-1.1057912653958502,63.38806705119777,-8.197665600713734,36.904761904761905,84,40.58931860036832,58.85819521178637,-0.06140368036801166,-0.06884285501981138,20.0,0.25,1.5
VBI,VBI TF30 N20 pq0.25 SL1.5ATR R1.5,30,,,,1.5,new_vbi_tf5_tf30,3.5,1.0,3753,2715,40.957642725598525,-0.06611133833668638,0.8725274448060972,-86.09031910253991,-2.320957260745804,87.88449156000466,-15.49749961747835,36.904761904761905,84,40.58931860036832,58.85819521178637,-0.0634802358446562,-0.06820473535911514,20.0,0.25,1.5
VBI,VBI TF30 N20 pq0.25 SL1.5ATR R1.5,30,,,,1.5,new_vbi_tf5_tf30,3.5,2.0,3753,2715,40.957642725598525,-0.06438554119287355,0.8624938816615998,-98.41388166528067,-4.813485645091687,98.7235491804024,-24.769074625076982,36.904761904761905,84,40.58931860036832,58.85819521178637,-0.06331267734250938,-0.06523914913731012,20.0,0.25,1.5
VBI,VBI TF30 N20 pq0.25 SL1.5ATR R2.5,30,,,,1.5,new_vbi_tf5_tf30,0.0,0.25,3753,2499,30.372148859543817,-0.005054000328561244,0.9882295483065369,-4.699121195024003,-0.05728258001463926,20.310775476207855,-4.292402592715739,41.66666666666667,84,28.811524609843936,69.26770708283313,-0.022613172480480948,0.008729949810695732,20.0,0.25,2.5
VBI,VBI TF30 N20 pq0.25 SL1.5ATR R2.5,30,,,,1.5,new_vbi_tf5_tf30,0.0,0.5,3753,2499,30.372148859543817,-0.005254094925067654,0.9836115196469204,-12.579393789170467,-0.15991861525689322,37.993814067155085,-8.620012843914292,41.66666666666667,84,28.811524609843936,69.26770708283313,-0.02205121703206529,0.00793164592892549,20.0,0.25,2.5
VBI,VBI TF30 N20 pq0.25 SL1.5ATR R2.5,30,,,,1.5,new_vbi_tf5_tf30,0.0,1.0,3753,2499,30.372148859543817,-0.006493134369802461,0.9723153927895091,-35.61988582337027,-0.5228727445616643,63.94697113976304,-16.686890011414825,40.476190476190474,84,28.811524609843936,69.26770708283313,-0.025244596963149214,0.008226763765974737,20.0,0.25,2.5
VBI,VBI TF30 N20 pq0.25 SL1.5ATR R2.5,30,,,,1.5,new_vbi_tf5_tf30,0.0,2.0,3753,2499,30.372148859543817,-0.007582707753554174,0.9521140647307713,-76.85846289118042,-1.727220295923182,90.9374482376823,-31.318954694214128,40.476190476190474,84,28.811524609843936,69.26770708283313,-0.025215332762515055,0.006258902878480116,20.0,0.25,2.5
VBI,VBI TF30 N20 pq0.25 SL1.5ATR R2.5,30,,,,1.5,new_vbi_tf5_tf30,1.5,0.25,3753,2499,30.372148859543817,-0.02328568751312625,0.9613344577335443,-14.949293669467,-0.19257928279632353,24.135874906816735,-4.4004441897405595,39.285714285714285,84,28.811524609843936,69.26770708283313,-0.032510196203576355,-0.016044448191122933,20.0,0.25,2.5
VBI,VBI TF30 N20 pq0.25 SL1.5ATR R2.5,30,,,,1.5,new_vbi_tf5_tf30,1.5,0.5,3753,2499,30.372148859543817,-0.02378440350822662,0.9565869538500091,-30.61934177980705,-0.43424733317953823,45.00231067107696,-8.747722778991918,39.285714285714285,84,28.811524609843936,69.26770708283313,-0.03573438243034248,-0.01440367005436566,20.0,0.25,2.5
VBI,VBI TF30 N20 pq0.25 SL1.5ATR R2.5,30,,,,1.5,new_vbi_tf5_tf30,1.5,1.0,3753,2499,30.372148859543817,-0.024712073772931147,0.9459414139189929,-59.102983771820014,-1.0587754245510506,74.13348673169054,-17.032312080547506,39.285714285714285,84,28.811524609843936,69.26770708283313,-0.03742706039633268,-0.014730809273560972,20.0,0.25,2.5
VBI,VBI TF30 N20 pq0.25 SL1.5ATR R2.5,30,,,,1.5,new_vbi_tf5_tf30,1.5,2.0,3753,2499,30.372148859543817,-0.024020056363978946,0.9295417541459193,-89.72210938174918,-2.6721897817386098,95.74857741896463,-31.569478659675553,39.285714285714285,84,28.811524609843936,69.26770708283313,-0.036115566237972026,-0.01452508111289437,20.0,0.25,2.5
VBI,VBI TF30 N20 pq0.25 SL1.5ATR R2.5,30,,,,1.5,new_vbi_tf5_tf30,3.5,0.25,3753,2499,30.372148859543817,-0.046930907867922735,0.9283678796029106,-26.62728008227633,-0.36791436700193136,33.953227171693676,-4.476195934280347,39.285714285714285,84,28.811524609843936,69.26770708283313,-0.05099753135905576,-0.0437386084273833,20.0,0.25,2.5
VBI,VBI TF30 N20 pq0.25 SL1.5ATR R2.5,30,,,,1.5,new_vbi_tf5_tf30,3.5,0.5,3753,2499,30.372148859543817,-0.047257348979203084,0.9247993478432476,-48.241376034684954,-0.7809573211793541,58.198783675163604,-8.994815545932155,38.095238095238095,84,28.811524609843936,69.26770708283313,-0.05066546522288556,-0.044581977727912364,20.0,0.25,2.5
VBI,VBI TF30 N20 pq0.25 SL1.5ATR R2.5,30,,,,1.5,new_vbi_tf5_tf30,3.5,1.0,3753,2499,30.372148859543817,-0.04695521552623593,0.9167267480835616,-76.5047989567814,-1.7094745568902447,84.49761662312225,-17.411974813322427,39.285714285714285,84,28.811524609843936,69.26770708283313,-0.051154071632830096,-0.04365911348255951,20.0,0.25,2.5
VBI,VBI TF30 N20 pq0.25 SL1.5ATR R2.5,30,,,,1.5,new_vbi_tf5_tf30,3.5,2.0,3753,2499,30.372148859543817,-0.046678254072287845,0.901748300123196,-96.58611080008286,-3.940862337781137,98.43089949418655,-32.06353318764521,39.285714285714285,84,28.811524609843936,69.26770708283313,-0.05317998161033424,-0.04157439795492143,20.0,0.25,2.5
VBI,VBI TF30 N20 pq0.5 SL1.0ATR R1.5,30,,,,1.0,new_vbi_tf5_tf30,0.0,0.25,6686,5420,40.904059040590404,-0.03737954148850545,0.9183299029853363,-40.98777224405899,-0.6259204215541714,50.48130935380792,-5.984228172522332,39.285714285714285,84,40.66420664206642,58.8929889298893,-0.07645162439294285,-0.005814303064707116,20.0,0.5,1.5
VBI,VBI TF30 N20 pq0.5 SL1.0ATR R1.5,30,,,,1.0,new_vbi_tf5_tf30,0.0,0.5,6686,5420,40.904059040590404,-0.039031999918153856,0.8986169704868653,-68.10292304859988,-1.3510942060827258,77.32082174412072,-11.840040031482978,40.476190476190474,84,40.66420664206642,58.8929889298893,-0.07923114059114034,-0.006556243177001998,20.0,0.5,1.5
VBI,VBI TF30 N20 pq0.5 SL1.0ATR R1.5,30,,,,1.0,new_vbi_tf5_tf30,0.0,1.0,6686,5420,40.904059040590404,-0.038550137827890116,0.8679210989075666,-91.04467072478883,-2.8316606600703453,95.22181405439588,-21.90767079243209,36.904761904761905,84,40.66420664206642,58.8929889298893,-0.07937769568629305,-0.005566700491982217,20.0,0.5,1.5
VBI,VBI TF30 N20 pq0.5 SL1.0ATR R1.5,30,,,,1.0,new_vbi_tf5_tf30,0.0,2.0,6686,3244,39.395807644882865,-0.076379629085421,0.8252397739985485,-99.65770928749318,-9.641015522370655,99.65770928749318,-36.275045870660094,26.785714285714285,56,39.11837237977805,60.32675709001233,-0.07715405137949266,-0.07409781546468916,20.0,0.5,1.5
VBI,VBI TF30 N20 pq0.5 SL1.0ATR R1.5,30,,,,1.0,new_vbi_tf5_tf30,1.5,0.25,6686,5420,40.904059040590404,-0.06189998997701789,0.873283124673428,-57.657916382900055,-1.017866117770172,61.45843266768465,-6.452397511177022,28.57142857142857,84,40.66420664206642,58.8929889298893,-0.09299581838621723,-0.03677854354370205,20.0,0.5,1.5
VBI,VBI TF30 N20 pq0.5 SL1.0ATR R1.5,30,,,,1.0,new_vbi_tf5_tf30,1.5,0.5,6686,5420,40.904059040590404,-0.06251309042280878,0.8539349754415916,-83.08285604336764,-2.0930735409503076,85.74915646478453,-12.589242876770468,28.57142857142857,84,40.66420664206642,58.8929889298893,-0.09480951198632896,-0.03642171849924443,20.0,0.5,1.5
VBI,VBI TF30 N20 pq0.5 SL1.0ATR R1.5,30,,,,1.0,new_vbi_tf5_tf30,1.5,1.0,6686,5420,40.904059040590404,-0.06222770175298118,0.8269944532286083,-97.43393552658736,-4.266770657597196,97.9720799477286,-23.276252702049916,28.57142857142857,84,40.66420664206642,58.8929889298893,-0.09455232055080615,-0.036113550075752315,20.0,0.5,1.5
VBI,VBI TF30 N20 pq0.5 SL1.0ATR R1.5,30,,,,1.0,new_vbi_tf5_tf30,1.5,2.0,6686,2806,39.41553813257306,-0.08901921460875067,0.7907868905474951,-99.65784135464565,-10.940938835631353,99.65784135464565,-41.45987095060051,20.408163265306122,49,39.09479686386315,60.29935851746258,-0.08611150906451055,-0.10735896155705686,20.0,0.5,1.5
VBI,VBI TF30 N20 pq0.5 SL1.0ATR R1.5,30,,,,1.0,new_vbi_tf5_tf30,3.5,0.25,6686,5420,40.904059040590404,-0.09115176527295338,0.8248295702792804,-71.50574167553488,-1.4834904918033298,72.2281713049185,-7.261189236082089,22.61904761904762,84,40.66420664206642,58.8929889298893,-0.11228757448707008,-0.07407673861631875,20.0,0.5,1.5
VBI,VBI TF30 N20 pq0.5 SL1.0ATR R1.5,30,,,,1.0,new_vbi_tf5_tf30,3.5,0.5,6686,5420,40.904059040590404,-0.09073403844397988,0.8081425787020015,-92.09699195511935,-2.976155052915086,92.41237876180215,-13.66848432948805,21.428571428571427,84,40.66420664206642,58.8929889298893,-0.11302058542065685,-0.07272936306789196,20.0,0.5,1.5
VBI,VBI TF30 N20 pq0.5 SL1.0ATR R1.5,30,,,,1.0,new_vbi_tf5_tf30,3.5,1.0,6686,5420,40.904059040590404,-0.08207451714640482,0.786396667653064,-99.27365573706756,-5.69441556589374,99.48364080188993,-27.865356734090362,21.428571428571427,84,40.66420664206642,58.8929889298893,-0.11197083345901143,-0.05792212284716093,20.0,0.5,1.5
VBI,VBI TF30 N20 pq0.5 SL1.0ATR R1.5,30,,,,1.0,new_vbi_tf5_tf30,3.5,2.0,6686,2186,39.24977127172918,-0.11644854176775901,0.7422149776057962,-99.66134628391866,-12.390245869634775,99.66134628391866,-33.78344619297749,13.953488372093023,43,38.88380603842635,60.43000914913084,-0.1214416163501383,-0.04616671264613047,20.0,0.5,1.5
VBI,VBI TF30 N20 pq0.5 SL1.0ATR R2.5,30,,,,1.0,new_vbi_tf5_tf30,0.0,0.25,6686,5258,29.212628375808293,-0.04458924281334452,0.9238695053399072,-46.19838099657246,-0.7352203938081003,48.122818834683514,-7.515211552581514,33.33333333333333,84,28.642069227843287,70.5211106884747,-0.06648622511762325,-0.026961908963865088,20.0,0.5,2.5
VBI,VBI TF30 N20 pq0.5 SL1.0ATR R2.5,30,,,,1.0,new_vbi_tf5_tf30,0.0,0.5,6686,5258,29.212628375808293,-0.04527994865334922,0.9121376233282259,-73.49537878141385,-1.5683464247386092,75.01842233299611,-14.775015595177743,32.142857142857146,84,28.642069227843287,70.5211106884747,-0.0674900668197434,-0.02740053667250666,20.0,0.5,2.5
VBI,VBI TF30 N20 pq0.5 SL1.0ATR R2.5,30,,,,1.0,new_vbi_tf5_tf30,0.0,1.0,6686,5258,29.212628375808293,-0.045906433057258486,0.887297189317489,-94.70898679928774,-3.438493255005226,95.08181826734562,-27.646993900812088,33.33333333333333,84,28.642069227843287,70.5211106884747,-0.06725676158157115,-0.02871916206875413,20.0,0.5,2.5
VBI,VBI TF30 N20 pq0.5 SL1.0ATR R2.5,30,,,,1.0,new_vbi_tf5_tf30,0.0,2.0,6686,4318,28.99490504863363,-0.049947814297601346,0.8359583777770767,-99.66123431637838,-7.59551575361237,99.66123431637838,-41.55060647476759,30.555555555555557,72,28.439092172301994,70.68087077350626,-0.0668202895408433,-0.029894112095167284,20.0,0.5,2.5
VBI,VBI TF30 N20 pq0.5 SL1.0ATR R2.5,30,,,,1.0,new_vbi_tf5_tf30,1.5,0.25,6686,5258,29.212628375808293,-0.06751505731879609,0.8912938739716274,-60.18247465293908,-1.0902784258543963,60.75058970743571,-7.973923296772945,30.952380952380953,84,28.642069227843287,70.5211106884747,-0.08152044204901701,-0.05624055433480433,20.0,0.5,2.5
VBI,VBI TF30 N20 pq0.5 SL1.0ATR R2.5,30,,,,1.0,new_vbi_tf5_tf30,1.5,0.5,6686,5258,29.212628375808293,-0.06862140411117454,0.8786703466154997,-85.60309456691176,-2.2809143486191674,86.03765114639019,-15.477014275054056,30.952380952380953,84,28.642069227843287,70.5211106884747,-0.08274016928387502,-0.057255628508708814,20.0,0.5,2.5
VBI,VBI TF30 N20 pq0.5 SL1.0ATR R2.5,30,,,,1.0,new_vbi_tf5_tf30,1.5,1.0,6686,5258,29.212628375808293,-0.06559582242612017,0.8531286059395112,-98.02896156800355,-4.566961606220865,98.09705450862712,-27.419556821919322,29.761904761904763,84,28.642069227843287,70.5211106884747,-0.08521269937619169,-0.04980400078248213,20.0,0.5,2.5
VBI,VBI TF30 N20 pq0.5 SL1.0ATR R2.5,30,,,,1.0,new_vbi_tf5_tf30,1.5,2.0,6686,2750,28.472727272727273,-0.08476016237005134,0.8040306603423083,-99.6604279453934,-10.747859824753458,99.6604279453934,-40.91835173712942,26.0,50,27.745454545454546,71.16363636363636,-0.07682129318216924,-0.13072719507519587,20.0,0.5,2.5
VBI,VBI TF30 N20 pq0.5 SL1.0ATR R2.5,30,,,,1.0,new_vbi_tf5_tf30,3.5,0.25,6686,5258,29.212628375808293,-0.09908093570348639,0.8497439721692664,-73.6892001756664,-1.576946642220911,73.89484854422686,-8.518608916613212,26.190476190476193,84,28.642069227843287,70.5211106884747,-0.10383451906627084,-0.09525424398164306,20.0,0.5,2.5
VBI,VBI TF30 N20 pq0.5 SL1.0ATR R2.5,30,,,,1.0,new_vbi_tf5_tf30,3.5,0.5,6686,5258,29.212628375808293,-0.09858381896875922,0.8410221728807142,-93.4140510425621,-3.1864973585731704,93.484479827113,-16.618731477628444,25.0,84,28.642069227843287,70.5211106884747,-0.10237738743891722,-0.09552995077015966,20.0,0.5,2.5
VBI,VBI TF30 N20 pq0.5 SL1.0ATR R2.5,30,,,,1.0,new_vbi_tf5_tf30,3.5,1.0,6686,4424,28.933092224231466,-0.11776648329115758,0.8158267604455133,-99.66259373524025,-7.500564121553676,99.66259373524025,-32.95255840227431,24.65753424657534,73,28.34538878842676,70.750452079566,-0.10452188144009072,-0.13270568066525654,20.0,0.5,2.5
VBI,VBI TF30 N20 pq0.5 SL1.0ATR R2.5,30,,,,1.0,new_vbi_tf5_tf30,3.5,2.0,6686,2184,28.479853479853478,-0.10815857425711692,0.7535798305644063,-99.65549524297106,-12.355338043312237,99.65549524297106,-35.239114783606574,23.25581395348837,43,27.701465201465204,71.10805860805861,-0.1133803943090242,-0.03073941609623099,20.0,0.5,2.5
VBI,VBI TF30 N20 pq0.5 SL1.5ATR R1.5,30,,,,1.5,new_vbi_tf5_tf30,0.0,0.25,6686,4595,40.15233949945593,-0.03968491335123146,0.9197550867105374,-37.712994422657545,-0.5620068946022294,42.01536254377718,-4.577531046915528,40.476190476190474,84,39.47769314472252,59.41240478781285,-0.06621554412469326,-0.018314464201684637,20.0,0.5,1.5
VBI,VBI TF30 N20 pq0.5 SL1.5ATR R1.5,30,,,,1.5,new_vbi_tf5_tf30,0.0,0.5,6686,4595,40.15233949945593,-0.0390783738559087,0.9117534350666858,-62.117403616280086,-1.1489184367862837,67.00262775377672,-9.300720982161259,41.66666666666667,84,39.47769314472252,59.41240478781285,-0.0663897630294736,-0.017079023048125568,20.0,0.5,1.5
VBI,VBI TF30 N20 pq0.5 SL1.5ATR R1.5,30,,,,1.5,new_vbi_tf5_tf30,0.0,1.0,6686,4595,40.15233949945593,-0.03986270545976041,0.887519062260702,-87.97690565235689,-2.4903017336805333,90.45510896652294,-17.995148221814528,39.285714285714285,84,39.47769314472252,59.41240478781285,-0.06811302467274218,-0.017107045582898862,20.0,0.5,1.5
VBI,VBI TF30 N20 pq0.5 SL1.5ATR R1.5,30,,,,1.5,new_vbi_tf5_tf30,0.0,2.0,6686,4595,40.15233949945593,-0.040599496749945646,0.8534087342661968,-99.0889679980585,-5.439723438855526,99.43442989209142,-33.236471938900095,35.714285714285715,84,39.47769314472252,59.41240478781285,-0.06864150333308588,-0.018011632901050754,20.0,0.5,1.5
VBI,VBI TF30 N20 pq0.5 SL1.5ATR R1.5,30,,,,1.5,new_vbi_tf5_tf30,1.5,0.25,6686,4595,40.15233949945593,-0.05408715726073796,0.8943160648039705,-47.204889450676944,-0.7575347071647309,48.60629354191527,-4.7787913878104105,36.904761904761905,84,39.47769314472252,59.41240478781285,-0.07573481604419008,-0.03664994684577652,20.0,0.5,1.5
VBI,VBI TF30 N20 pq0.5 SL1.5ATR R1.5,30,,,,1.5,new_vbi_tf5_tf30,1.5,0.5,6686,4595,40.15233949945593,-0.05576970163384177,0.8808725769134069,-74.15316934993048,-1.597790796628784,75.23033225805673,-9.354665579284138,32.142857142857146,84,39.47769314472252,59.41240478781285,-0.07888424062756186,-0.037150917768566286,20.0,0.5,1.5
VBI,VBI TF30 N20 pq0.5 SL1.5ATR R1.5,30,,,,1.5,new_vbi_tf5_tf30,1.5,1.0,6686,4595,40.15233949945593,-0.0557439907707146,0.8580346649361652,-94.13685682812188,-3.320390650758853,94.46951243157086,-18.196296663954246,30.952380952380953,84,39.47769314472252,59.41240478781285,-0.07914137017275,-0.03689737867870182,20.0,0.5,1.5
VBI,VBI TF30 N20 pq0.5 SL1.5ATR R1.5,30,,,,1.5,new_vbi_tf5_tf30,1.5,2.0,6686,3742,39.7381079636558,-0.064696543084296,0.8301780973312929,-99.66002637330172,-7.907588821770661,99.68607772949655,-54.289922947229876,28.985507246376812,69,39.12346338856227,59.754142169962584,-0.07826942448776796,-0.04825185816874191,20.0,0.5,1.5
VBI,VBI TF30 N20 pq0.5 SL1.5ATR R1.5,30,,,,1.5,new_vbi_tf5_tf30,3.5,0.25,6686,4595,40.15233949945593,-0.0736202168101923,0.861488779882831,-57.80847661026226,-1.0220635107713871,58.1957328254743,-4.825823108900851,28.57142857142857,84,39.47769314472252,59.41240478781285,-0.08833425397980987,-0.061768045416197785,20.0,0.5,1.5
VBI,VBI TF30 N20 pq0.5 SL1.5ATR R1.5,30,,,,1.5,new_vbi_tf5_tf30,3.5,0.5,6686,4595,40.15233949945593,-0.07637927548534623,0.8468320539962966,-83.87431680794441,-2.1489045578060195,84.11350875127044,-9.59035262150646,27.380952380952383,84,39.47769314472252,59.41240478781285,-0.09211639241174344,-0.06370301234227581,20.0,0.5,1.5
VBI,VBI TF30 N20 pq0.5 SL1.5ATR R1.5,30,,,,1.5,new_vbi_tf5_tf30,3.5,1.0,6686,4595,40.15233949945593,-0.07267872218253317,0.8265247057123991,-97.25112186573715,-4.188306239190909,97.38547098184381,-18.702937600708434,25.0,84,39.47769314472252,59.41240478781285,-0.09291457140479957,-0.056378725755953166,20.0,0.5,1.5
VBI,VBI TF30 N20 pq0.5 SL1.5ATR R1.5,30,,,,1.5,new_vbi_tf5_tf30,3.5,2.0,6686,2810,39.07473309608541,-0.08806185350078206,0.8033022711331793,-99.67238874755509,-9.549743310615755,99.68735113029076,-41.447266081850955,19.298245614035086,57,38.43416370106761,60.355871886120994,-0.0866325839193619,-0.09191712013487588,20.0,0.5,1.5
VBI,VBI TF30 N20 pq0.5 SL1.5ATR R2.5,30,,,,1.5,new_vbi_tf5_tf30,0.0,0.25,6686,4111,30.162977377766964,-0.02776579310007091,0.9482343301136898,-26.72647522383056,-0.36951896392728445,36.4346010741252,-5.496701203430621,40.476190476190474,84,27.073704694721478,69.08294818778886,-0.07287888806050576,0.008072632403199003,20.0,0.5,2.5
VBI,VBI TF30 N20 pq0.5 SL1.5ATR R2.5,30,,,,1.5,new_vbi_tf5_tf30,0.0,0.5,6686,4111,30.162977377766964,-0.02965031446269199,0.9342872868152733,-51.10148579392594,-0.848077614458076,61.40026577282167,-11.038045777317295,40.476190476190474,84,27.073704694721478,69.08294818778886,-0.07673896327191793,0.00775751654245478,20.0,0.5,2.5
VBI,VBI TF30 N20 pq0.5 SL1.5ATR R2.5,30,,,,1.5,new_vbi_tf5_tf30,0.0,1.0,6686,4111,30.162977377766964,-0.029390956991463064,0.9080616725976702,-80.37592481046039,-1.919917202129684,86.17468741470609,-20.81429314744764,40.476190476190474,84,27.073704694721478,69.08294818778886,-0.07529624012181008,0.007076793029153053,20.0,0.5,2.5
VBI,VBI TF30 N20 pq0.5 SL1.5ATR R2.5,30,,,,1.5,new_vbi_tf5_tf30,0.0,2.0,6686,4111,30.162977377766964,-0.03357694666174369,0.8536224215681589,-98.376694624426,-4.787221090279958,98.88469362324429,-36.569269869169766,38.095238095238095,84,27.073704694721478,69.08294818778886,-0.07558612583195086,-0.00020431196520200536,20.0,0.5,2.5
VBI,VBI TF30 N20 pq0.5 SL1.5ATR R2.5,30,,,,1.5,new_vbi_tf5_tf30,1.5,0.25,6686,4111,30.162977377766964,-0.04258626818175633,0.9246291429164546,-37.07020615843115,-0.549852348191382,40.55084827244073,-5.907972062612476,39.285714285714285,84,27.073704694721478,69.08294818778886,-0.08307165684909637,-0.010424152348251794,20.0,0.5,2.5
VBI,VBI TF30 N20 pq0.5 SL1.5ATR R2.5,30,,,,1.5,new_vbi_tf5_tf30,1.5,0.5,6686,4111,30.162977377766964,-0.04469779126266483,0.9090224612237138,-64.07068319957051,-1.2111964355269955,67.51045275111515,-11.402670000067127,38.095238095238095,84,27.073704694721478,69.08294818778886,-0.08501730022211304,-0.01266745241229565,20.0,0.5,2.5
VBI,VBI TF30 N20 pq0.5 SL1.5ATR R2.5,30,,,,1.5,new_vbi_tf5_tf30,1.5,1.0,6686,4111,30.162977377766964,-0.0450626414713195,0.877581076531471,-89.59509027369509,-2.6579571702893157,91.25147299194818,-21.66912414671168,38.095238095238095,84,27.073704694721478,69.08294818778886,-0.08556389548180506,-0.012887922004238007,20.0,0.5,2.5
VBI,VBI TF30 N20 pq0.5 SL1.5ATR R2.5,30,,,,1.5,new_vbi_tf5_tf30,1.5,2.0,6686,4111,30.162977377766964,-0.04129599572675431,0.8308052308383354,-99.17396179943427,-5.5499086009744065,99.61186701259837,-32.04846754358384,35.714285714285715,84,27.073704694721478,69.08294818778886,-0.08416538749103407,-0.007239997031429471,20.0,0.5,2.5
VBI,VBI TF30 N20 pq0.5 SL1.5ATR R2.5,30,,,,1.5,new_vbi_tf5_tf30,3.5,0.25,6686,4111,30.138652396010702,-0.0629636266903557,0.8941429745525044,-48.94918389211642,-0.7972202737127176,50.92375340784172,-6.049291832353399,38.095238095238095,84,27.073704694721478,69.08294818778886,-0.09531153347063333,-0.03726603160519409,20.0,0.5,2.5
VBI,VBI TF30 N20 pq0.5 SL1.5ATR R2.5,30,,,,1.5,new_vbi_tf5_tf30,3.5,0.5,6686,4111,30.138652396010702,-0.06450607122988473,0.8765998921342785,-76.05279823037725,-1.6871749491394583,77.95778118508848,-11.957818591543411,36.904761904761905,84,27.073704694721478,69.08294818778886,-0.09956888724241109,-0.03665171717366559,20.0,0.5,2.5
VBI,VBI TF30 N20 pq0.5 SL1.5ATR R2.5,30,,,,1.5,new_vbi_tf5_tf30,3.5,1.0,6686,4111,30.138652396010702,-0.06411890538318049,0.8414122608315155,-95.13936436850709,-3.5359717636132992,95.85911023291308,-21.52442292015102,36.904761904761905,84,27.073704694721478,69.08294818778886,-0.10057279288482467,-0.03515946616319252,20.0,0.5,2.5
VBI,VBI TF30 N20 pq0.5 SL1.5ATR R2.5,30,,,,1.5,new_vbi_tf5_tf30,3.5,2.0,6686,3349,29.88951925948044,-0.06824163405067517,0.8100679070027119,-99.66931687470375,-7.835636305903481,99.72923445653424,-40.77912642053545,34.285714285714285,70,26.93341295909227,69.21469095252314,-0.08812037513181573,-0.044579561606152084,20.0,0.5,2.5
VBI,VBI TF30 N48 pq0.25 SL1.0ATR R1.5,30,,,,1.0,new_vbi_tf5_tf30,0.0,0.25,1416,1208,40.2317880794702,-0.05782029524063539,0.8921936284450597,-16.41821343476235,-0.21327766035263984,21.483812181985908,-2.4751238598180625,40.476190476190474,84,39.98344370860927,59.7682119205298,-0.12704258976680874,0.01071775914195142,48.0,0.25,1.5
VBI,VBI TF30 N48 pq0.25 SL1.0ATR R1.5,30,,,,1.0,new_vbi_tf5_tf30,0.0,0.5,1416,1208,40.2317880794702,-0.06024965962616347,0.8802246343331855,-31.84145322936187,-0.455309860605313,39.62313294481537,-4.977030943002003,41.66666666666667,84,39.98344370860927,59.7682119205298,-0.1312713666145469,0.01007002060450942,48.0,0.25,1.5
VBI,VBI TF30 N48 pq0.25 SL1.0ATR R1.5,30,,,,1.0,new_vbi_tf5_tf30,0.0,1.0,1416,1208,40.2317880794702,-0.06069082427062687,0.8606769089030214,-55.5882551487925,-0.961615937019189,64.87923994933793,-9.856525673746486,41.66666666666667,84,39.98344370860927,59.7682119205298,-0.13227542637923723,0.010186187042840694,48.0,0.25,1.5
VBI,VBI TF30 N48 pq0.25 SL1.0ATR R1.5,30,,,,1.0,new_vbi_tf5_tf30,0.0,2.0,1416,1208,40.2317880794702,-0.05688436418677909,0.8215511223272352,-81.21772753013083,-1.9710965886396759,87.96217142293274,-18.93534556005585,39.285714285714285,84,39.98344370860927,59.7682119205298,-0.1337280394259671,0.01919973600885842,48.0,0.25,1.5
VBI,VBI TF30 N48 pq0.25 SL1.0ATR R1.5,30,,,,1.0,new_vbi_tf5_tf30,1.5,0.25,1416,1208,40.2317880794702,-0.08226534593075982,0.8522268079723873,-22.367037103836495,-0.3009487023461377,25.759192010090214,-2.51652668709329,38.095238095238095,84,39.98344370860927,59.7682119205298,-0.144562734033787,-0.020583747495966864,48.0,0.25,1.5
VBI,VBI TF30 N48 pq0.25 SL1.0ATR R1.5,30,,,,1.0,new_vbi_tf5_tf30,1.5,0.5,1416,1208,40.2317880794702,-0.08451586900523603,0.8404208262219284,-41.13465911059458,-0.6288687061808962,45.885920264330295,-5.115419959255229,38.095238095238095,84,39.98344370860927,59.7682119205298,-0.1472580852658518,-0.022393839396290267,48.0,0.25,1.5
VBI,VBI TF30 N48 pq0.25 SL1.0ATR R1.5,30,,,,1.0,new_vbi_tf5_tf30,1.5,1.0,1416,1208,40.2317880794702,-0.08439457317931427,0.8201814186716493,-66.64483279956403,-1.298586893756104,71.70197253510909,-10.086199277267694,36.904761904761905,84,39.98344370860927,59.7682119205298,-0.14815966740538133,-0.021259776425004075,48.0,0.25,1.5
VBI,VBI TF30 N48 pq0.25 SL1.0ATR R1.5,30,,,,1.0,new_vbi_tf5_tf30,1.5,2.0,1416,1208,40.2317880794702,-0.0797992428335307,0.7788682290406564,-89.17561830442858,-2.6121453744934575,92.08645404541163,-19.402003188492333,35.714285714285715,84,39.98344370860927,59.7682119205298,-0.14995072541308638,-0.01034118512296567,48.0,0.25,1.5
VBI,VBI TF30 N48 pq0.25 SL1.0ATR R1.5,30,,,,1.0,new_vbi_tf5_tf30,3.5,0.25,1416,1208,40.2317880794702,-0.11459004102730269,0.8027469380907493,-29.588087403193132,-0.41675738898128145,31.4133989145437,-2.596045861950913,34.523809523809526,84,39.98344370860927,59.7682119205298,-0.166781041883313,-0.06291493144828757,48.0,0.25,1.5
VBI,VBI TF30 N48 pq0.25 SL1.0ATR R1.5,30,,,,1.0,new_vbi_tf5_tf30,3.5,0.5,1416,1208,40.2317880794702,-0.11668605866425603,0.7912408063074718,-51.5329395483501,-0.8585383109537159,54.035557422831815,-5.309341496219866,34.523809523809526,84,39.98344370860927,59.7682119205298,-0.17006842507929767,-0.06383135979203197,48.0,0.25,1.5
VBI,VBI TF30 N48 pq0.25 SL1.0ATR R1.5,30,,,,1.0,new_vbi_tf5_tf30,3.5,1.0,1416,1208,40.2317880794702,-0.11741298045149978,0.7693652061516149,-77.61525551424242,-1.7661116189738868,79.82330300128764,-10.412304611601265,33.33333333333333,84,39.98344370860927,59.7682119205298,-0.17133012995639374,-0.0640287846484664,48.0,0.25,1.5
VBI,VBI TF30 N48 pq0.25 SL1.0ATR R1.5,30,,,,1.0,new_vbi_tf5_tf30,3.5,2.0,1416,1208,40.2317880794702,-0.11026996611984148,0.7301650149852906,-94.79482490364482,-3.4572938090768224,95.77491324090492,-19.93838703348626,33.33333333333333,84,39.98344370860927,59.7682119205298,-0.17253670833537124,-0.04861871064779306,48.0,0.25,1.5
VBI,VBI TF30 N48 pq0.25 SL1.0ATR R2.5,30,,,,1.0,new_vbi_tf5_tf30,0.0,0.25,1416,1198,28.96494156928214,-0.05553125274031746,0.9129029255733047,-15.980196679478576,-0.20706824719236572,21.62018139159503,-3.891972007819322,40.476190476190474,84,28.46410684474123,70.86811352253757,-0.10012257940624267,-0.011531519131319962,48.0,0.25,2.5
VBI,VBI TF30 N48 pq0.25 SL1.0ATR R2.5,30,,,,1.0,new_vbi_tf5_tf30,0.0,0.5,1416,1198,28.96494156928214,-0.05729226317989402,0.9039818193798798,-31.277636182773794,-0.4455467574526417,40.06230855601819,-7.717008209259357,40.476190476190474,84,28.46410684474123,70.86811352253757,-0.10270098793646958,-0.012485975899359273,48.0,0.25,2.5
VBI,VBI TF30 N48 pq0.25 SL1.0ATR R2.5,30,,,,1.0,new_vbi_tf5_tf30,0.0,1.0,1416,1198,28.96494156928214,-0.05742032018423162,0.8890756777476717,-55.813966293839165,-0.9676231384468603,66.0534877076442,-14.884730238174493,39.285714285714285,84,28.46410684474123,70.86811352253757,-0.10340107472094527,-0.012049592241703218,48.0,0.25,2.5
VBI,VBI TF30 N48 pq0.25 SL1.0ATR R2.5,30,,,,1.0,new_vbi_tf5_tf30,0.0,2.0,1416,1198,28.96494156928214,-0.053567875048353315,0.8563958972471489,-82.96285641352232,-2.0848346360186953,89.8019626113429,-27.031683943293082,39.285714285714285,84,28.46410684474123,70.86811352253757,-0.10569442652795778,-0.002132886440783413,48.0,0.25,2.5
VBI,VBI TF30 N48 pq0.25 SL1.0ATR R2.5,30,,,,1.0,new_vbi_tf5_tf30,1.5,0.25,1416,1198,28.96494156928214,-0.07977610672791828,0.8799521873148353,-21.86299619459079,-0.29326727300159616,25.991943202972458,-4.048305565094323,38.095238095238095,84,28.46410684474123,70.86811352253757,-0.11745045002310557,-0.04260158888275006,48.0,0.25,2.5
VBI,VBI TF30 N48 pq0.25 SL1.0ATR R2.5,30,,,,1.0,new_vbi_tf5_tf30,1.5,0.5,1416,1198,28.96494156928214,-0.08124944302906786,0.8717826671795543,-40.46398581240416,-0.6154657925707241,46.50250810773843,-8.000145126150782,36.904761904761905,84,28.46410684474123,70.86811352253757,-0.11902457549900973,-0.0439754731789594,48.0,0.25,2.5
VBI,VBI TF30 N48 pq0.25 SL1.0ATR R2.5,30,,,,1.0,new_vbi_tf5_tf30,1.5,1.0,1416,1198,28.96494156928214,-0.08197798127728327,0.8554443223346829,-67.06360494309358,-1.3134314331847308,73.10057662840235,-15.391989614022172,38.095238095238095,84,28.46410684474123,70.86811352253757,-0.12085206960973177,-0.04361963541027359,48.0,0.25,2.5
VBI,VBI TF30 N48 pq0.25 SL1.0ATR R2.5,30,,,,1.0,new_vbi_tf5_tf30,1.5,2.0,1416,1198,28.96494156928214,-0.07708796457358981,0.8229072676567147,-90.27310825987317,-2.736012011558553,93.25619615428833,-27.274682948338924,36.904761904761905,84,28.46410684474123,70.86811352253757,-0.12166571262282612,-0.0331016294337961,48.0,0.25,2.5
VBI,VBI TF30 N48 pq0.25 SL1.0ATR R2.5,30,,,,1.0,new_vbi_tf5_tf30,3.5,0.25,1416,1198,28.96494156928214,-0.11157500356714968,0.8397554557129314,-28.962016619315722,-0.4062623634759177,31.282617072384923,-4.261815457728546,36.904761904761905,84,28.46410684474123,70.86811352253757,-0.1381057480341149,-0.08539624244302975,48.0,0.25,2.5
VBI,VBI TF30 N48 pq0.25 SL1.0ATR R2.5,30,,,,1.0,new_vbi_tf5_tf30,3.5,0.5,1416,1198,28.96494156928214,-0.11297571878597801,0.8324962990494068,-50.77090415545569,-0.8401241120710834,53.89894127058717,-8.387066932480892,36.904761904761905,84,28.46410684474123,70.86811352253757,-0.140213134737235,-0.08609966158697649,48.0,0.25,2.5
VBI,VBI TF30 N48 pq0.25 SL1.0ATR R2.5,30,,,,1.0,new_vbi_tf5_tf30,3.5,1.0,1416,1198,28.96494156928214,-0.11390889080742772,0.8164082265746827,-77.5276955213155,-1.7615460205762212,80.0395035633139,-16.070301434558598,35.714285714285715,84,28.46410684474123,70.86811352253757,-0.1424139556018232,-0.08578200266038741,48.0,0.25,2.5
VBI,VBI TF30 N48 pq0.25 SL1.0ATR R2.5,30,,,,1.0,new_vbi_tf5_tf30,3.5,2.0,1416,1198,28.96494156928214,-0.10724473128928808,0.7830226940318435,-95.24032536392733,-3.560073167091038,96.09381818172913,-27.700134471902672,34.523809523809526,84,28.46410684474123,70.86811352253757,-0.14418723626353874,-0.0707923424672663,48.0,0.25,2.5
VBI,VBI TF30 N48 pq0.25 SL1.5ATR R1.5,30,,,,1.5,new_vbi_tf5_tf30,0.0,0.25,1416,1099,41.49226569608736,-0.01038097029927122,0.9779013830013655,-3.2361047392848064,-0.03915452799988506,12.276465007262583,-3.3933993259166684,47.61904761904761,84,41.037306642402186,58.32575068243858,-0.038313601223202966,0.01670066649256944,48.0,0.25,1.5
VBI,VBI TF30 N48 pq0.25 SL1.5ATR R1.5,30,,,,1.5,new_vbi_tf5_tf30,0.0,0.5,1416,1099,41.49226569608736,-0.011285877115988814,0.9727291354451326,-7.706564017881023,-0.09542725245806905,24.212536600151036,-6.758432086068799,46.42857142857143,84,41.037306642402186,58.32575068243858,-0.0384046419959766,0.015006688833963512,48.0,0.25,1.5
VBI,VBI TF30 N48 pq0.25 SL1.5ATR R1.5,30,,,,1.5,new_vbi_tf5_tf30,0.0,1.0,1416,1099,41.49226569608736,-0.011809463739146165,0.9633612962311434,-18.459776408310745,-0.24265006392839572,44.67179996984525,-13.101962704099456,46.42857142857143,84,41.037306642402186,58.32575068243858,-0.040128257039480884,0.015646570625515277,48.0,0.25,1.5
VBI,VBI TF30 N48 pq0.25 SL1.5ATR R1.5,30,,,,1.5,new_vbi_tf5_tf30,0.0,2.0,1416,1099,41.49226569608736,-0.011386344842899972,0.9445722838313695,-42.0309817538608,-0.6470185790319105,72.6886735441008,-24.649706073769394,44.047619047619044,84,41.037306642402186,58.32575068243858,-0.03985238920518067,0.016212454440243145,48.0,0.25,1.5
VBI,VBI TF30 N48 pq0.25 SL1.5ATR R1.5,30,,,,1.5,new_vbi_tf5_tf30,1.5,0.25,1416,1099,41.49226569608736,-0.02781182795857335,0.9468688658608823,-7.759493791494155,-0.09610952576784015,15.300704191477088,-3.4755398726761366,42.857142857142854,84,41.037306642402186,58.32575068243858,-0.04950780253229485,-0.006776841857527969,48.0,0.25,1.5
VBI,VBI TF30 N48 pq0.25 SL1.5ATR R1.5,30,,,,1.5,new_vbi_tf5_tf30,1.5,0.5,1416,1099,41.49226569608736,-0.028421443277928494,0.9421714359966898,-16.001416408821846,-0.2073683243033364,29.482195783035237,-6.871594471788467,44.047619047619044,84,41.037306642402186,58.32575068243858,-0.050719638813430466,-0.006802583448705246,48.0,0.25,1.5
VBI,VBI TF30 N48 pq0.25 SL1.5ATR R1.5,30,,,,1.5,new_vbi_tf5_tf30,1.5,1.0,1416,1099,41.49226569608736,-0.027878504062955858,0.9338458002724027,-31.659283241365465,-0.4521466909328087,51.578785064434776,-13.433848344443522,44.047619047619044,84,41.037306642402186,58.32575068243858,-0.050411890288963014,-0.0060316188510026805,48.0,0.25,1.5
VBI,VBI TF30 N48 pq0.25 SL1.5ATR R1.5,30,,,,1.5,new_vbi_tf5_tf30,1.5,2.0,1416,1099,41.49226569608736,-0.02796672289594626,0.9118836197575892,-59.711664829097465,-1.0764361881337225,79.23159049538509,-25.222403196773012,41.66666666666667,84,41.037306642402186,58.32575068243858,-0.05117350666356129,-0.005466955838097263,48.0,0.25,1.5
VBI,VBI TF30 N48 pq0.25 SL1.5ATR R1.5,30,,,,1.5,new_vbi_tf5_tf30,3.5,0.25,1416,1099,41.49226569608736,-0.04915247119362588,0.9105107471250858,-13.011965015043314,-0.16581428750335192,19.059450189646288,-3.5670597835206763,40.476190476190474,84,41.037306642402186,58.32575068243858,-0.06469500850398584,-0.03408345204505108,48.0,0.25,1.5
VBI,VBI TF30 N48 pq0.25 SL1.5ATR R1.5,30,,,,1.5,new_vbi_tf5_tf30,3.5,0.5,1416,1099,41.49226569608736,-0.05118394284017091,0.9036707628773003,-25.874384293153575,-0.35580482151384984,35.8370277298227,-7.130972297903471,39.285714285714285,84,41.037306642402186,58.32575068243858,-0.06681920865902592,-0.0360250202451878,48.0,0.25,1.5
VBI,VBI TF30 N48 pq0.25 SL1.5ATR R1.5,30,,,,1.5,new_vbi_tf5_tf30,3.5,1.0,1416,1099,41.49226569608736,-0.05055499140213676,0.8948773549068076,-46.726232371848695,-0.7468709304240262,59.920202685945135,-13.817762629693853,38.095238095238095,84,41.037306642402186,58.32575068243858,-0.06635092820854273,-0.03524029281384712,48.0,0.25,1.5
VBI,VBI TF30 N48 pq0.25 SL1.5ATR R1.5,30,,,,1.5,new_vbi_tf5_tf30,3.5,2.0,1416,1099,41.49226569608736,-0.04954132529020798,0.873298054379549,-74.91377015203253,-1.6327746496138884,85.46964732321746,-25.942252143801838,38.095238095238095,84,41.037306642402186,58.32575068243858,-0.06667269942968991,-0.03293187473562066,48.0,0.25,1.5
VBI,VBI TF30 N48 pq0.25 SL1.5ATR R2.5,30,,,,1.5,new_vbi_tf5_tf30,0.0,0.25,1416,1089,30.486685032139576,0.0052537872412339245,1.004096053481182,0.7118360110500044,0.008444575794364084,11.505234039752676,-3.3871307752920243,46.42857142857143,84,29.10927456382002,68.9623507805326,-0.03660853637583409,0.045829203983997854,48.0,0.25,2.5
VBI,VBI TF30 N48 pq0.25 SL1.5ATR R2.5,30,,,,1.5,new_vbi_tf5_tf30,0.0,0.5,1416,1089,30.486685032139576,0.006717925671360529,1.0018914363202343,0.6457235478100953,0.007662766012317412,22.286126233388327,-6.745774252158931,46.42857142857143,84,29.10927456382002,68.9623507805326,-0.03495320254799809,0.04710802463261953,48.0,0.25,2.5
VBI,VBI TF30 N48 pq0.25 SL1.5ATR R2.5,30,,,,1.5,new_vbi_tf5_tf30,0.0,1.0,1416,1089,30.486685032139576,0.005356106741327413,0.9899126101493044,-6.214096737627295,-0.07634658676937134,41.90371926446983,-13.145485569917692,45.23809523809524,84,29.10927456382002,68.9623507805326,-0.037802629134500325,0.047188082201442536,48.0,0.25,2.5
VBI,VBI TF30 N48 pq0.25 SL1.5ATR R2.5,30,,,,1.5,new_vbi_tf5_tf30,0.0,2.0,1416,1089,30.486685032139576,0.004407113013247832,0.9648331905282631,-32.06432694539414,-0.4591911846613117,68.88940765679112,-24.716345006210105,45.23809523809524,84,29.10927456382002,68.9623507805326,-0.03786250134377092,0.0453772998041376,48.0,0.25,2.5
VBI,VBI TF30 N48 pq0.25 SL1.5ATR R2.5,30,,,,1.5,new_vbi_tf5_tf30,1.5,0.25,1416,1089,30.486685032139576,-0.010860830588255831,0.9791618910726159,-3.610366979530677,-0.04376605252981447,12.458564152390817,-3.4821385940361993,45.23809523809524,84,29.10927456382002,68.9623507805326,-0.0486545964800503,0.025771101632362323,48.0,0.25,2.5
VBI,VBI TF30 N48 pq0.25 SL1.5ATR R2.5,30,,,,1.5,new_vbi_tf5_tf30,1.5,0.5,1416,1089,30.486685032139576,-0.010640844022228833,0.9747389272903686,-8.424625144461517,-0.10471630548666289,24.029055108632257,-6.9397299661847605,45.23809523809524,84,29.10927456382002,68.9623507805326,-0.04810471306768435,0.025671332846422448,48.0,0.25,2.5
VBI,VBI TF30 N48 pq0.25 SL1.5ATR R2.5,30,,,,1.5,new_vbi_tf5_tf30,1.5,1.0,1416,1089,30.486685032139576,-0.010816107069366657,0.9632937001560159,-21.35292978610739,-0.28554369876864216,43.92310713867469,-13.463634947197278,45.23809523809524,84,29.10927456382002,68.9623507805326,-0.04881201054812957,0.02601174874368386,48.0,0.25,2.5
VBI,VBI TF30 N48 pq0.25 SL1.5ATR R2.5,30,,,,1.5,new_vbi_tf5_tf30,1.5,2.0,1416,1089,30.486685032139576,-0.012445273361987324,0.9334319874040988,-52.85882862498048,-0.8912704264290139,71.8414980572498,-25.210032809545936,45.23809523809524,84,29.10927456382002,68.9623507805326,-0.050793480763823444,0.024724056054620584,48.0,0.25,2.5
VBI,VBI TF30 N48 pq0.25 SL1.5ATR R2.5,30,,,,1.5,new_vbi_tf5_tf30,3.5,0.25,1416,1089,30.486685032139576,-0.03160025791090373,0.9485236310791603,-8.901255950835907,-0.11092196977353641,13.91689142522452,-3.5984728941124255,45.23809523809524,84,29.10927456382002,68.9623507805326,-0.060407452340804586,-0.003678637269987146,48.0,0.25,2.5
VBI,VBI TF30 N48 pq0.25 SL1.5ATR R2.5,30,,,,1.5,new_vbi_tf5_tf30,3.5,0.5,1416,1089,30.486685032139576,-0.031653397672110735,0.9434929488364068,-18.322411256992133,-0.2406510810087914,27.060396131088005,-7.126022344607186,45.23809523809524,84,29.10927456382002,68.9623507805326,-0.061947101250534126,-0.0022909652706009018,48.0,0.25,2.5
VBI,VBI TF30 N48 pq0.25 SL1.5ATR R2.5,30,,,,1.5,new_vbi_tf5_tf30,3.5,1.0,1416,1089,30.486685032139576,-0.03316263442241135,0.9287930110503961,-38.3281771150623,-0.573756076099563,50.114355263304724,-13.866401923559701,44.047619047619044,84,29.10927456382002,68.9623507805326,-0.06326152381881286,-0.003989027340184944,48.0,0.25,2.5
VBI,VBI TF30 N48 pq0.25 SL1.5ATR R2.5,30,,,,1.5,new_vbi_tf5_tf30,3.5,2.0,1416,1089,30.486685032139576,-0.03419791548404232,0.8961956882599044,-70.59796273791446,-1.4467025307130732,79.80970091970434,-25.863813469214925,42.857142857142854,84,29.10927456382002,68.9623507805326,-0.06592403149490533,-0.003447105028666954,48.0,0.25,2.5
VBI,VBI TF30 N48 pq0.5 SL1.0ATR R1.5,30,,,,1.0,new_vbi_tf5_tf30,0.0,0.25,2970,2456,39.94299674267101,-0.05726390259220465,0.8870949545642287,-30.31014212545803,-0.4289765295681369,37.68752191523209,-4.151731703268002,41.66666666666667,84,39.57654723127036,59.81270358306189,-0.11257472460852863,-0.005442722343472102,48.0,0.5,1.5
VBI,VBI TF30 N48 pq0.5 SL1.0ATR R1.5,30,,,,1.0,new_vbi_tf5_tf30,0.0,0.5,2970,2456,39.94299674267101,-0.05819162860618075,0.87194642588122,-52.937630746529194,-0.8932443443005922,62.26044371081627,-8.268126686107902,41.66666666666667,84,39.57654723127036,59.81270358306189,-0.113487771421807,-0.006384201425609795,48.0,0.5,1.5
VBI,VBI TF30 N48 pq0.5 SL1.0ATR R1.5,30,,,,1.0,new_vbi_tf5_tf30,0.0,1.0,2970,2456,39.94299674267101,-0.05984470208558129,0.8356647648525023,-80.32296070188082,-1.9167700657373499,87.0244254501156,-15.988319432316423,41.66666666666667,84,39.57654723127036,59.81270358306189,-0.11609569471785665,-0.007142667979001546,48.0,0.5,1.5
VBI,VBI TF30 N48 pq0.5 SL1.0ATR R1.5,30,,,,1.0,new_vbi_tf5_tf30,0.0,2.0,2970,2456,39.94299674267101,-0.0593642342539147,0.7690758999756947,-96.88547505002357,-4.0457559605518,98.38440909663649,-29.269030169028277,38.095238095238095,84,39.57654723127036,59.81270358306189,-0.11476613480010027,-0.007457721754807055,48.0,0.5,1.5
VBI,VBI TF30 N48 pq0.5 SL1.0ATR R1.5,30,,,,1.0,new_vbi_tf5_tf30,1.5,0.25,2970,2456,39.94299674267101,-0.07976274084574374,0.8490366600056104,-39.30102518166567,-0.592574663415435,44.00733513625794,-4.2944474904036305,39.285714285714285,84,39.57654723127036,59.81270358306189,-0.1275707117632348,-0.034971045695917746,48.0,0.5,1.5
VBI,VBI TF30 N48 pq0.5 SL1.0ATR R1.5,30,,,,1.0,new_vbi_tf5_tf30,1.5,0.5,2970,2456,39.94299674267101,-0.08140410703855225,0.8307913798073346,-64.60301707625176,-1.22874987890218,69.7811886684712,-8.530111713633037,39.285714285714285,84,39.57654723127036,59.81270358306189,-0.13040349526839576,-0.035496162861064794,48.0,0.5,1.5
VBI,VBI TF30 N48 pq0.5 SL1.0ATR R1.5,30,,,,1.0,new_vbi_tf5_tf30,1.5,1.0,2970,2456,39.94299674267101,-0.08170561770548036,0.7953715085598169,-88.4744387893384,-2.5393484349246154,91.35678634916091,-16.497034843573722,38.095238095238095,84,39.57654723127036,59.81270358306189,-0.13067571600794348,-0.03582511551042816,48.0,0.5,1.5
VBI,VBI TF30 N48 pq0.5 SL1.0ATR R1.5,30,,,,1.0,new_vbi_tf5_tf30,1.5,2.0,2970,2456,39.94299674267101,-0.07456238432465617,0.732718774386735,-98.46836855754675,-4.853088890132707,99.0705904755624,-29.745101111010342,38.095238095238095,84,39.57654723127036,59.81270358306189,-0.12877892182634876,-0.023766448558086142,48.0,0.5,1.5
VBI,VBI TF30 N48 pq0.5 SL1.0ATR R1.5,30,,,,1.0,new_vbi_tf5_tf30,3.5,0.25,2970,2456,39.94299674267101,-0.108523506747303,0.803322047609063,-49.12583153224117,-0.8013137587857155,51.27503015150609,-4.477081908261016,32.142857142857146,84,39.57654723127036,59.81270358306189,-0.1472818767772606,-0.0722104597476266,48.0,0.5,1.5
VBI,VBI TF30 N48 pq0.5 SL1.0ATR R1.5,30,,,,1.0,new_vbi_tf5_tf30,3.5,0.5,2970,2456,39.94299674267101,-0.1102343399151689,0.7848249100111214,-75.15039737136695,-1.6438723319199378,77.12099185617618,-8.849236560838802,32.142857142857146,84,39.57654723127036,59.81270358306189,-0.14956753483447596,-0.07338273458067616,48.0,0.5,1.5
VBI,VBI TF30 N48 pq0.5 SL1.0ATR R1.5,30,,,,1.0,new_vbi_tf5_tf30,3.5,1.0,2970,2456,39.94299674267101,-0.10885773679156897,0.7497624730654401,-94.05802996059684,-3.3050186397235892,94.84811289640042,-17.0294317870752,30.952380952380953,84,39.57654723127036,59.81270358306189,-0.1500487857572918,-0.07026549217699582,48.0,0.5,1.5
VBI,VBI TF30 N48 pq0.5 SL1.0ATR R1.5,30,,,,1.0,new_vbi_tf5_tf30,3.5,2.0,2970,2021,38.644235526966845,-0.12945364962182518,0.6850812627003705,-99.66157516934501,-7.699576595867919,99.66724305035106,-29.747144840160587,23.943661971830984,71,38.24839188520534,61.05888174171202,-0.146886628103297,-0.1045912505390058,48.0,0.5,1.5
VBI,VBI TF30 N48 pq0.5 SL1.0ATR R2.5,30,,,,1.0,new_vbi_tf5_tf30,0.0,0.25,2970,2426,28.730420445177245,-0.05764483501678638,0.9029022376361173,-30.589679579800556,-0.43374068799035825,37.507266642528414,-4.1191841177181665,39.285714285714285,84,27.988458367683428,70.93981863149217,-0.11786202077292722,-0.001550800514648853,48.0,0.5,2.5
VBI,VBI TF30 N48 pq0.5 SL1.0ATR R2.5,30,,,,1.0,new_vbi_tf5_tf30,0.0,0.5,2970,2426,28.730420445177245,-0.058965528209045215,0.8867106587617114,-54.11003909994607,-0.9230041718685911,62.87922525183907,-8.171706340117268,40.476190476190474,84,27.988458367683428,70.93981863149217,-0.12087255160665966,-0.0012973615090381716,48.0,0.5,2.5
VBI,VBI TF30 N48 pq0.5 SL1.0ATR R2.5,30,,,,1.0,new_vbi_tf5_tf30,0.0,1.0,2970,2426,28.730420445177245,-0.060634540598572366,0.8488143743957215,-82.15989125081452,-2.031137525397575,87.93164692449541,-15.685892648999832,39.285714285714285,84,27.988458367683428,70.93981863149217,-0.1220043356681445,-0.0034668174844008463,48.0,0.5,2.5
VBI,VBI TF30 N48 pq0.5 SL1.0ATR R2.5,30,,,,1.0,new_vbi_tf5_tf30,0.0,2.0,2970,2426,28.730420445177245,-0.05635498999614832,0.7673997036306256,-97.32515527514809,-4.219441742276498,98.5402964750109,-28.390746520485777,38.095238095238095,84,27.988458367683428,70.93981863149217,-0.11817879936573904,0.001235660451639218,48.0,0.5,2.5
VBI,VBI TF30 N48 pq0.5 SL1.0ATR R2.5,30,,,,1.0,new_vbi_tf5_tf30,1.5,0.25,2970,2426,28.730420445177245,-0.07928172838234461,0.87200659487753,-39.125443660854366,-0.589156309070693,43.78621978432524,-4.374029553655367,39.285714285714285,84,27.988458367683428,70.93981863149217,-0.1325667014376783,-0.029645248705003544,48.0,0.5,2.5
VBI,VBI TF30 N48 pq0.5 SL1.0ATR R2.5,30,,,,1.0,new_vbi_tf5_tf30,1.5,0.5,2970,2426,28.730420445177245,-0.08099964089223863,0.8535186888293136,-64.86027661722113,-1.2373265872720696,69.8570997455921,-8.684199202963194,38.095238095238095,84,27.988458367683428,70.93981863149217,-0.1354293777026667,-0.030296780965327123,48.0,0.5,2.5
VBI,VBI TF30 N48 pq0.5 SL1.0ATR R2.5,30,,,,1.0,new_vbi_tf5_tf30,1.5,1.0,2970,2426,28.730420445177245,-0.08164085961746405,0.813750451749977,-89.24505936107504,-2.6196067498532316,91.91849817069564,-16.505641848972495,38.095238095238095,84,27.988458367683428,70.93981863149217,-0.13739761347122445,-0.029701845279168124,48.0,0.5,2.5
VBI,VBI TF30 N48 pq0.5 SL1.0ATR R2.5,30,,,,1.0,new_vbi_tf5_tf30,1.5,2.0,2970,2426,28.730420445177245,-0.07266791984092842,0.7302051415327596,-98.71046923930093,-5.047776439251694,99.18930238356972,-28.754914008284025,35.714285714285715,84,27.988458367683428,70.93981863149217,-0.13046290035745844,-0.01883023894575316,48.0,0.5,2.5
VBI,VBI TF30 N48 pq0.5 SL1.0ATR R2.5,30,,,,1.0,new_vbi_tf5_tf30,3.5,0.25,2970,2426,28.730420445177245,-0.10908554190954882,0.8319729367471987,-49.18698117645267,-0.802734062664745,51.13113091551076,-4.864311330486071,35.714285714285715,84,27.988458367683428,70.93981863149217,-0.15226348905115328,-0.06886404656267205,48.0,0.5,2.5
VBI,VBI TF30 N48 pq0.5 SL1.0ATR R2.5,30,,,,1.0,new_vbi_tf5_tf30,3.5,0.5,2970,2426,28.730420445177245,-0.10923176148190768,0.8155016816055511,-75.04023617977545,-1.6386929029495012,76.89120218216065,-9.54099449943705,35.714285714285715,84,27.988458367683428,70.93981863149217,-0.15339767580585847,-0.0680899463871446,48.0,0.5,2.5
VBI,VBI TF30 N48 pq0.5 SL1.0ATR R2.5,30,,,,1.0,new_vbi_tf5_tf30,3.5,1.0,2970,2426,28.730420445177245,-0.10923961696990354,0.7729778035939386,-94.45491265072685,-3.384561686121279,95.0790958217803,-17.776587238872633,34.523809523809526,84,27.988458367683428,70.93981863149217,-0.15540533704044823,-0.06623492550291524,48.0,0.5,2.5
VBI,VBI TF30 N48 pq0.5 SL1.0ATR R2.5,30,,,,1.0,new_vbi_tf5_tf30,3.5,2.0,2970,1974,27.912867274569404,-0.1268833515087023,0.680329068466185,-99.66187628740438,-7.700733801359605,99.66187628740438,-32.98514701213852,26.76056338028169,71,27.203647416413375,71.68186423505573,-0.14823825124472984,-0.0958071914450802,48.0,0.5,2.5
VBI,VBI TF30 N48 pq0.5 SL1.5ATR R1.5,30,,,,1.5,new_vbi_tf5_tf30,0.0,0.25,2970,2170,39.953917050691246,-0.043520193396831025,0.9122350804752274,-21.683968247090814,-0.290550720272309,30.611907947934313,-3.0497749904975224,39.285714285714285,84,39.124423963133644,59.63133640552996,-0.1025008352242949,0.0110643757478405,48.0,0.5,1.5
VBI,VBI TF30 N48 pq0.5 SL1.5ATR R1.5,30,,,,1.5,new_vbi_tf5_tf30,0.0,0.5,2970,2170,39.953917050691246,-0.04459666981832774,0.8996346600650288,-40.46402424336236,-0.615466556302946,53.24832639263681,-6.327817818002746,39.285714285714285,84,39.124423963133644,59.63133640552996,-0.10527726167539594,0.01156114500591548,48.0,0.5,1.5
VBI,VBI TF30 N48 pq0.5 SL1.5ATR R1.5,30,,,,1.5,new_vbi_tf5_tf30,0.0,1.0,2970,2170,39.953917050691246,-0.04457123715743156,0.8725147440460336,-66.96773514561531,-1.310016668939784,79.20279190837134,-12.042239030578994,39.285714285714285,84,39.124423963133644,59.63133640552996,-0.10545300569886454,0.011772759815695867,48.0,0.5,1.5
VBI,VBI TF30 N48 pq0.5 SL1.5ATR R1.5,30,,,,1.5,new_vbi_tf5_tf30,0.0,2.0,2970,2170,39.953917050691246,-0.04550830731004475,0.8087206101797167,-91.85474845033355,-2.9412760204225785,96.50394867811131,-23.00406258765022,39.285714285714285,84,39.124423963133644,59.63133640552996,-0.10485791002970778,0.009417722536103006,48.0,0.5,1.5
VBI,VBI TF30 N48 pq0.5 SL1.5ATR R1.5,30,,,,1.5,new_vbi_tf5_tf30,1.5,0.25,2970,2170,39.953917050691246,-0.05635288570939961,0.889554330264521,-26.950007864149917,-0.3731427470115234,33.84192402405968,-3.279531701231342,39.285714285714285,84,39.124423963133644,59.63133640552996,-0.10862444720997365,-0.0079773412150795,48.0,0.5,1.5
VBI,VBI TF30 N48 pq0.5 SL1.5ATR R1.5,30,,,,1.5,new_vbi_tf5_tf30,1.5,0.5,2970,2170,39.953917050691246,-0.05930368136109105,0.8721037187671538,-49.24126339697287,-0.8039962747584672,58.46492175749594,-6.331281513182551,38.095238095238095,84,39.124423963133644,59.63133640552996,-0.11481240549208442,-0.007932253438618924,48.0,0.5,1.5
VBI,VBI TF30 N48 pq0.5 SL1.5ATR R1.5,30,,,,1.5,new_vbi_tf5_tf30,1.5,1.0,2970,2170,39.953917050691246,-0.05920318447328635,0.8426384525875839,-75.93296532289358,-1.681332690752213,83.61102922363611,-12.526362823311265,36.904761904761905,84,39.124423963133644,59.63133640552996,-0.115109301473462,-0.007463983025918842,48.0,0.5,1.5
VBI,VBI TF30 N48 pq0.5 SL1.5ATR R1.5,30,,,,1.5,new_vbi_tf5_tf30,1.5,2.0,2970,2170,39.953917050691246,-0.060118707276404,0.775946158923273,-95.59498067888855,-3.6489345072941437,97.68210733929959,-22.31115703370159,33.33333333333333,84,39.124423963133644,59.63133640552996,-0.11624036502581794,-0.008180030228809743,48.0,0.5,1.5
VBI,VBI TF30 N48 pq0.5 SL1.5ATR R1.5,30,,,,1.5,new_vbi_tf5_tf30,3.5,0.25,2970,2170,39.953917050691246,-0.07818681085154468,0.851869783024615,-35.108239891182954,-0.5134979414444074,39.79647183235383,-3.3836075941884203,35.714285714285715,84,39.124423963133644,59.63133640552996,-0.12612412385770644,-0.03382246527441357,48.0,0.5,1.5
VBI,VBI TF30 N48 pq0.5 SL1.5ATR R1.5,30,,,,1.5,new_vbi_tf5_tf30,3.5,0.5,2970,2170,39.953917050691246,-0.07806328546874526,0.8391983841391073,-58.58426670109325,-1.043928730677035,64.58978275268917,-6.65856178965768,35.714285714285715,84,39.124423963133644,59.63133640552996,-0.12753890559065295,-0.032275289206855545,48.0,0.5,1.5
VBI,VBI TF30 N48 pq0.5 SL1.5ATR R1.5,30,,,,1.5,new_vbi_tf5_tf30,3.5,1.0,2970,2170,39.953917050691246,-0.07924885625404754,0.8036564916315159,-84.38665354237568,-2.186508425460465,88.26918345131368,-12.959465651410229,35.714285714285715,84,39.124423963133644,59.63133640552996,-0.12918246025654923,-0.03303701155608011,48.0,0.5,1.5
VBI,VBI TF30 N48 pq0.5 SL1.5ATR R1.5,30,,,,1.5,new_vbi_tf5_tf30,3.5,2.0,2970,2170,39.953917050691246,-0.07926362136139012,0.7387051737438699,-98.01089587539663,-4.556595399721841,98.63161932288115,-23.064187217640608,33.33333333333333,84,39.124423963133644,59.63133640552996,-0.12990546896090446,-0.032396321409044596,48.0,0.5,1.5
VBI,VBI TF30 N48 pq0.5 SL1.5ATR R2.5,30,,,,1.5,new_vbi_tf5_tf30,0.0,0.25,2970,2136,30.80524344569288,-0.007923643091144657,0.9820227792136703,-5.431309600170698,-0.06645854104820881,23.861013023052415,-4.8335760057665045,47.61904761904761,84,27.43445692883895,68.25842696629213,-0.08559680788169602,0.06387155247201362,48.0,0.5,2.5
VBI,VBI TF30 N48 pq0.5 SL1.5ATR R2.5,30,,,,1.5,new_vbi_tf5_tf30,0.0,0.5,2970,2136,30.80524344569288,-0.0067221538505043,0.9773203444978186,-12.043995491642324,-0.15266126502514465,43.3978641510831,-9.530672284188423,48.80952380952381,84,27.43445692883895,68.25842696629213,-0.08719567165704782,0.06766147612203054,48.0,0.5,2.5
VBI,VBI TF30 N48 pq0.5 SL1.5ATR R2.5,30,,,,1.5,new_vbi_tf5_tf30,0.0,1.0,2970,2136,30.80524344569288,-0.007573714220406502,0.9576034304028634,-32.3488866423138,-0.46416509192611644,70.25704928639145,-18.35777782945368,47.61904761904761,84,27.43445692883895,68.25842696629213,-0.09068492008085312,0.06924799498033066,48.0,0.5,2.5
VBI,VBI TF30 N48 pq0.5 SL1.5ATR R2.5,30,,,,1.5,new_vbi_tf5_tf30,0.0,2.0,2970,2136,30.80524344569288,-0.008491702937237932,0.9025023607987652,-71.31593391736821,-1.475703655959093,92.39501364103823,-33.51231864467417,45.23809523809524,84,27.43445692883895,68.25842696629213,-0.09071418634624911,0.06750853848406428,48.0,0.5,2.5
VBI,VBI TF30 N48 pq0.5 SL1.5ATR R2.5,30,,,,1.5,new_vbi_tf5_tf30,1.5,0.25,2970,2136,30.80524344569288,-0.020811916670578526,0.9605970721149045,-11.723434821610223,-0.14833691190753173,25.387938806536724,-4.987714381805819,46.42857142857143,84,27.43445692883895,68.25842696629213,-0.09477009100675825,0.04754942285097137,48.0,0.5,2.5
VBI,VBI TF30 N48 pq0.5 SL1.5ATR R2.5,30,,,,1.5,new_vbi_tf5_tf30,1.5,0.5,2970,2136,30.80524344569288,-0.023229122402811858,0.9474688880348049,-26.237648068395337,-0.3616322927493698,46.384900472817456,-9.863546647148924,45.23809523809524,84,27.43445692883895,68.25842696629213,-0.10085680924707921,0.04852403678837578,48.0,0.5,2.5
VBI,VBI TF30 N48 pq0.5 SL1.5ATR R2.5,30,,,,1.5,new_vbi_tf5_tf30,1.5,1.0,2970,2136,30.80524344569288,-0.02376976888277749,0.922744352298706,-52.04741880600623,-0.8711329266024581,72.89986090703555,-18.881539761086618,42.857142857142854,84,27.43445692883895,68.25842696629213,-0.10153723189116623,0.04811258881686833,48.0,0.5,2.5
VBI,VBI TF30 N48 pq0.5 SL1.5ATR R2.5,30,,,,1.5,new_vbi_tf5_tf30,1.5,2.0,2970,2136,30.80524344569288,-0.02456682846504665,0.8581687871618415,-85.28615259356968,-2.2555788253081355,94.36645538001443,-34.09744600906116,41.66666666666667,84,27.43445692883895,68.25842696629213,-0.10161322156660764,0.04664902678018002,48.0,0.5,2.5
VBI,VBI TF30 N48 pq0.5 SL1.5ATR R2.5,30,,,,1.5,new_vbi_tf5_tf30,3.5,0.25,2970,2136,30.758426966292134,-0.03838642749167632,0.9327027401240986,-19.62588192085247,-0.2597548803104921,28.224186939039807,-5.19188977717131,42.857142857142854,84,27.43445692883895,68.25842696629213,-0.10582640888145038,0.023949987738871574,48.0,0.5,2.5
VBI,VBI TF30 N48 pq0.5 SL1.5ATR R2.5,30,,,,1.5,new_vbi_tf5_tf30,3.5,0.5,2970,2136,30.758426966292134,-0.04158802850866476,0.9163065116958748,-39.3674620876439,-0.593870656052442,51.85892955695529,-10.182903845759228,41.66666666666667,84,27.43445692883895,68.25842696629213,-0.11182866804483779,0.02333710317071677,48.0,0.5,2.5
VBI,VBI TF30 N48 pq0.5 SL1.5ATR R2.5,30,,,,1.5,new_vbi_tf5_tf30,3.5,1.0,2970,2136,30.758426966292134,-0.043168148877446084,0.8845139602423547,-68.25979625229712,-1.3568840688380601,79.25186563240763,-19.626974552397115,41.66666666666667,84,27.43445692883895,68.25842696629213,-0.11384158256305986,0.022157024961688806,48.0,0.5,2.5
VBI,VBI TF30 N48 pq0.5 SL1.5ATR R2.5,30,,,,1.5,new_vbi_tf5_tf30,3.5,2.0,2970,2136,30.758426966292134,-0.04487856408565371,0.8139619632663033,-93.63221811007809,-3.2253155193259886,96.79495263585667,-34.638036913369184,40.476190476190474,84,27.43445692883895,68.25842696629213,-0.11245191185007576,0.017581124929028275,48.0,0.5,2.5
