time,side,distance,rr,stop_price,setup_id,a,b,c,d,a_time,b_time,c_time,d_time,c_confirmation_time,signal_time,ab_thresholds,efficiency,retrace,cd_ab_ratio,threshold,confirmation_lag_seconds,late_C_confirmation,risk_thresholds,direction
2021-01-11 10:40:00+00:00,1,0.0007625601554166472,2.5,1.2153374398445833,DC:-1:2021-01-11 10:14:00+00:00,1.2185,1.2156,1.2164,1.2154,2021-01-11 09:35:00+00:00,2021-01-11 10:07:00+00:00,2021-01-11 10:14:00+00:00,2021-01-11 10:25:00+00:00,2021-01-11 10:19:00+00:00,2021-01-11 10:40:00+00:00,4.129876396226545,0.5918367346938961,0.27586206896549614,0.34482758620687015,0.0006256015541667554,900.0,0.0,1.2189230514817186,-1
2021-01-12 00:48:00+00:00,1,0.0005375921700605524,2.5,1.2150624078299395,DC:-1:2021-01-12 00:07:00+00:00,1.2161,1.2154,1.2157,1.2151,2021-01-11 23:58:00+00:00,2021-01-12 00:06:00+00:00,2021-01-12 00:07:00+00:00,2021-01-12 00:37:00+00:00,2021-01-12 00:14:00+00:00,2021-01-12 00:48:00+00:00,2.3405068125184374,0.6363636363636364,0.42857142857142855,0.8571428571428571,0.0003759217006057667,660.0,1.0,1.4300642106967145,-1
2021-01-12 08:05:00+00:00,1,0.0007482800610090212,2.5,1.215551719938991,DC:-1:2021-01-12 07:57:00+00:00,1.2173,1.2158,1.2165,1.2156,2021-01-12 07:32:00+00:00,2021-01-12 07:54:00+00:00,2021-01-12 07:57:00+00:00,2021-01-12 08:04:00+00:00,2021-01-12 08:04:00+00:00,2021-01-12 08:05:00+00:00,2.778421528230187,0.6000000000000355,0.46666666666659756,0.5999999999999112,0.00048280061008992983,60.0,1.0,1.5498738928056477,-1
2021-01-12 13:53:00+00:00,1,0.0008595721941278001,2.5,1.2142404278058723,DC:-1:2021-01-12 13:32:00+00:00,1.2163,1.2147,1.2154,1.2143,2021-01-12 13:10:00+00:00,2021-01-12 13:27:00+00:00,2021-01-12 13:32:00+00:00,2021-01-12 13:44:00+00:00,2021-01-12 13:37:00+00:00,2021-01-12 13:53:00+00:00,2.490659381830117,0.5714285714286054,0.43750000000007805,0.6875000000000434,0.0005957219412768187,540.0,1.0,1.4429084016705305,-1
2021-01-14 12:01:00+00:00,1,0.000545569878276364,2.5,1.2147544301217237,DC:-1:2021-01-14 11:36:00+00:00,1.2161,1.2151,1.2156,1.2148,2021-01-14 11:25:00+00:00,2021-01-14 11:32:00+00:00,2021-01-14 11:36:00+00:00,2021-01-14 11:55:00+00:00,2021-01-14 11:52:00+00:00,2021-01-14 12:01:00+00:00,2.227125278881641,1.0,0.5,0.8,0.00045569878276497533,360.0,0.0,1.1972160095888151,-1
2021-01-14 13:34:00+00:00,1,0.0009700296963652821,2.5,1.2110299703036347,DC:-1:2021-01-14 13:07:00+00:00,1.2148,1.2118,1.2127,1.2111,2021-01-14 12:49:00+00:00,2021-01-14 13:05:00+00:00,2021-01-14 13:12:00+00:00,2021-01-14 13:27:00+00:00,2021-01-14 13:17:00+00:00,2021-01-14 13:34:00+00:00,6.996023430779065,0.882352941176486,0.2999999999999556,0.5333333333332544,0.0007002969636532232,420.0,1.0,1.3851690735669484,-1
2021-01-15 01:20:00+00:00,1,0.0005306241866414041,2.5,1.2148693758133586,DC:-1:2021-01-15 01:01:00+00:00,1.216,1.2152,1.2156,1.2149,2021-01-15 00:29:00+00:00,2021-01-15 00:49:00+00:00,2021-01-15 01:01:00+00:00,2021-01-15 01:13:00+00:00,2021-01-15 01:03:00+00:00,2021-01-15 01:20:00+00:00,2.3738452541627795,0.5714285714285714,0.5,0.875,0.00030624186641435835,420.0,0.0,1.732696423432343,-1
2021-01-21 13:38:00+00:00,-1,0.000865449932585971,2.5,1.216665449932586,DC:1:2021-01-21 13:32:00+00:00,1.2141,1.2164,1.2154,1.2166,2021-01-21 13:02:00+00:00,2021-01-21 13:26:00+00:00,2021-01-21 13:35:00+00:00,2021-01-21 13:36:00+00:00,2021-01-21 13:36:00+00:00,2021-01-21 13:38:00+00:00,3.9212947481238793,0.5111111111111353,0.4347826086956102,0.5217391304347322,0.0006544993258603595,120.0,1.0,1.3223083636462274,1
2021-01-22 02:21:00+00:00,-1,0.0004301208811767765,2.5,1.2174301208811769,DC:1:2021-01-22 01:53:00+00:00,1.2162,1.2171,1.2168,1.2174,2021-01-22 01:25:00+00:00,2021-01-22 01:45:00+00:00,2021-01-22 01:53:00+00:00,2021-01-22 02:06:00+00:00,2021-01-22 01:58:00+00:00,2021-01-22 02:21:00+00:00,3.2722840842903675,0.5294117647059439,0.3333333333332511,0.6666666666665022,0.00030120881176884655,900.0,1.0,1.4279823974965897,1
2021-01-22 13:27:00+00:00,1,0.0005460115940632004,2.5,1.2155539884059368,DC:-1:2021-01-22 12:51:00+00:00,1.2181,1.216,1.2165,1.2156,2021-01-22 12:06:00+00:00,2021-01-22 12:45:00+00:00,2021-01-22 12:51:00+00:00,2021-01-22 13:15:00+00:00,2021-01-22 13:11:00+00:00,2021-01-22 13:27:00+00:00,4.523228758814453,0.4883720930232318,0.2380952380952129,0.42857142857138325,0.00046011594063261854,720.0,1.0,1.1866826289749557,-1
2021-01-22 17:05:00+00:00,-1,0.0006596338556454917,2.5,1.2181596338556455,DC:1:2021-01-22 16:23:00+00:00,1.2163,1.2177,1.217,1.2181,2021-01-22 15:54:00+00:00,2021-01-22 16:10:00+00:00,2021-01-22 16:23:00+00:00,2021-01-22 16:49:00+00:00,2021-01-22 16:26:00+00:00,2021-01-22 17:05:00+00:00,2.1525119517822295,0.5833333333333719,0.4999999999999207,0.7857142857141611,0.0005963385564563129,960.0,0.0,1.106139873908716,1
2021-01-25 01:26:00+00:00,1,0.0004306075878743876,2.5,1.2160693924121255,DC:-1:2021-01-25 01:10:00+00:00,1.2173,1.2162,1.2167,1.2161,2021-01-25 00:46:00+00:00,2021-01-25 01:05:00+00:00,2021-01-25 01:14:00+00:00,2021-01-25 01:22:00+00:00,2021-01-25 01:17:00+00:00,2021-01-25 01:26:00+00:00,5.273924392321723,0.6470588235292888,0.45454545454536277,0.5454545454544354,0.00030607587874477985,240.0,0.0,1.4068654793716953,-1
2021-01-25 10:03:00+00:00,1,0.0005459428526504162,2.5,1.2141540571473495,DC:-1:2021-01-25 09:52:00+00:00,1.2159,1.2144,1.215,1.2142,2021-01-25 09:36:00+00:00,2021-01-25 09:51:00+00:00,2021-01-25 09:57:00+00:00,2021-01-25 10:01:00+00:00,2021-01-25 10:01:00+00:00,2021-01-25 10:03:00+00:00,3.0162052707825495,0.789473684210551,0.40000000000008884,0.5333333333334024,0.00045942852650454835,120.0,1.0,1.1883085641287696,-1
2021-01-25 15:15:00+00:00,1,0.0006521517144342237,2.5,1.2115478482855657,DC:-1:2021-01-25 15:03:00+00:00,1.2148,1.2119,1.2126,1.2116,2021-01-25 14:32:00+00:00,2021-01-25 15:01:00+00:00,2021-01-25 15:05:00+00:00,2021-01-25 15:12:00+00:00,2021-01-25 15:11:00+00:00,2021-01-25 15:15:00+00:00,7.016080791815446,0.6744186046511964,0.24137931034479063,0.34482758620684373,0.0005215171443431715,180.0,1.0,1.2504895026137268,-1
2021-01-26 08:02:00+00:00,1,0.0005424280361261413,2.5,1.210757571963874,DC:-1:2021-01-26 07:41:00+00:00,1.2128,1.2111,1.2116,1.2108,2021-01-26 07:22:00+00:00,2021-01-26 07:39:00+00:00,2021-01-26 07:47:00+00:00,2021-01-26 07:57:00+00:00,2021-01-26 07:56:00+00:00,2021-01-26 08:02:00+00:00,5.106929119624703,0.7391304347826338,0.2941176470587851,0.4705882352940562,0.00042428036126295745,300.0,1.0,1.2784660466289155,-1
2021-01-26 08:43:00+00:00,-1,0.0006469844888454812,2.5,1.2132469844888454,DC:1:2021-01-26 08:27:00+00:00,1.2108,1.213,1.2125,1.2132,2021-01-26 07:57:00+00:00,2021-01-26 08:23:00+00:00,2021-01-26 08:27:00+00:00,2021-01-26 08:38:00+00:00,2021-01-26 08:38:00+00:00,2021-01-26 08:43:00+00:00,4.7221043514503975,0.5789473684210096,0.22727272727280526,0.318181818181887,0.00046984488845227304,300.0,1.0,1.3770171917305045,1
2021-01-26 14:20:00+00:00,-1,0.0005470022501232741,2.5,1.2164470022501233,DC:1:2021-01-26 13:48:00+00:00,1.214,1.2161,1.2155,1.2164,2021-01-26 13:14:00+00:00,2021-01-26 13:45:00+00:00,2021-01-26 13:48:00+00:00,2021-01-26 14:13:00+00:00,2021-01-26 14:10:00+00:00,2021-01-26 14:20:00+00:00,4.530097877807417,0.512195121951246,0.2857142857142555,0.42857142857138325,0.00047002250123406956,420.0,0.0,1.1637788588569484,1
2021-01-27 01:45:00+00:00,-1,0.0004308633161618225,2.5,1.2167308633161618,DC:1:2021-01-27 01:27:00+00:00,1.2159,1.2165,1.2162,1.2167,2021-01-27 01:13:00+00:00,2021-01-27 01:25:00+00:00,2021-01-27 01:27:00+00:00,2021-01-27 01:30:00+00:00,2021-01-27 01:28:00+00:00,2021-01-27 01:45:00+00:00,2.1783959752835007,0.6,0.5,0.8333333333333334,0.0003086331616195334,900.0,1.0,1.3960370100895636,1
2021-01-28 07:40:00+00:00,1,0.0006523173369725743,2.5,1.2080476826630275,DC:-1:2021-01-28 07:26:00+00:00,1.2104,1.2083,1.2089,1.2081,2021-01-28 06:59:00+00:00,2021-01-28 07:24:00+00:00,2021-01-28 07:32:00+00:00,2021-01-28 07:37:00+00:00,2021-01-28 07:37:00+00:00,2021-01-28 07:40:00+00:00,5.2927692065290595,0.512195121951246,0.28571428571436125,0.38095238095244643,0.0005231733697231803,180.0,1.0,1.2468473640348443,-1
2021-01-28 13:11:00+00:00,1,0.000649741266503634,2.5,1.2093502587334963,DC:-1:2021-01-28 12:53:00+00:00,1.211,1.2099,1.2104,1.2094,2021-01-28 12:30:00+00:00,2021-01-28 12:49:00+00:00,2021-01-28 12:53:00+00:00,2021-01-28 13:05:00+00:00,2021-01-28 12:58:00+00:00,2021-01-28 13:11:00+00:00,2.5003117945671063,0.5238095238095741,0.45454545454536277,0.9090909090907255,0.000497412665036744,360.0,1.0,1.30624190370311,-1
2021-01-29 12:36:00+00:00,-1,0.0007620933129661722,2.5,1.2144620933129662,DC:1:2021-01-29 12:14:00+00:00,1.2127,1.2142,1.2135,1.2144,2021-01-29 12:00:00+00:00,2021-01-29 12:09:00+00:00,2021-01-29 12:14:00+00:00,2021-01-29 12:31:00+00:00,2021-01-29 12:28:00+00:00,2021-01-29 12:36:00+00:00,2.9111321612308347,1.0,0.46666666666659756,0.5999999999999112,0.0006209331296618483,300.0,1.0,1.2273355641068755,1
2021-02-01 01:09:00+00:00,-1,0.0004301092179452848,2.5,1.2134301092179454,DC:1:2021-02-01 01:03:00+00:00,1.2122,1.2131,1.2128,1.2134,2021-02-01 00:38:00+00:00,2021-02-01 01:01:00+00:00,2021-02-01 01:03:00+00:00,2021-02-01 01:07:00+00:00,2021-02-01 01:04:00+00:00,2021-02-01 01:09:00+00:00,3.0364744492594964,0.6923076923084543,0.3333333333332511,0.6666666666665022,0.00030109217945435956,120.0,1.0,1.4284968102616629,1
2021-02-01 18:12:00+00:00,1,0.0005400029370192794,2.5,1.2060599970629806,DC:-1:2021-02-01 17:35:00+00:00,1.208,1.2062,1.2069,1.2061,2021-02-01 16:43:00+00:00,2021-02-01 17:17:00+00:00,2021-02-01 17:35:00+00:00,2021-02-01 18:04:00+00:00,2021-02-01 18:02:00+00:00,2021-02-01 18:12:00+00:00,3.593783549609287,0.47368421052648496,0.3888888888889643,0.444444444444513,0.00040002937019395675,480.0,0.0,1.349908224882227,-1
2021-02-01 20:53:00+00:00,1,0.0005476852373453855,2.5,1.2057523147626545,DC:-1:2021-02-01 20:33:00+00:00,1.207,1.206,1.2065,1.2058,2021-02-01 20:11:00+00:00,2021-02-01 20:29:00+00:00,2021-02-01 20:33:00+00:00,2021-02-01 20:38:00+00:00,2021-02-01 20:37:00+00:00,2021-02-01 20:53:00+00:00,2.5254666476269327,0.454545454545372,0.499999999999889,0.6999999999998445,0.0004768523734546844,900.0,1.0,1.1485425423753972,-1
2021-02-02 15:50:00+00:00,1,0.0005496799809256991,2.5,1.2021503200190744,DC:-1:2021-02-02 15:02:00+00:00,1.2045,1.2023,1.2033,1.2022,2021-02-02 14:30:00+00:00,2021-02-02 14:53:00+00:00,2021-02-02 15:07:00+00:00,2021-02-02 15:40:00+00:00,2021-02-02 15:40:00+00:00,2021-02-02 15:50:00+00:00,3.8730403265495594,0.47826086956531183,0.4545454545455096,0.5000000000000505,0.000496799809255087,600.0,1.0,1.1064416102532364,-1
2021-02-05 17:33:00+00:00,-1,0.0005470337613215914,2.5,1.2041470337613216,DC:1:2021-02-05 17:00:00+00:00,1.2024,1.2039,1.2033,1.2041,2021-02-05 16:31:00+00:00,2021-02-05 16:53:00+00:00,2021-02-05 17:00:00+00:00,2021-02-05 17:27:00+00:00,2021-02-05 17:12:00+00:00,2021-02-05 17:33:00+00:00,2.7682147299179842,0.48387096774204175,0.3999999999999408,0.5333333333332544,0.00047033761321575804,360.0,0.0,1.1630661591818099,1
2021-02-08 09:00:00+00:00,1,0.0006571516824116497,2.5,1.2024428483175884,DC:-1:2021-02-08 08:38:00+00:00,1.2042,1.2029,1.2035,1.2025,2021-02-08 08:23:00+00:00,2021-02-08 08:31:00+00:00,2021-02-08 08:38:00+00:00,2021-02-08 08:54:00+00:00,2021-02-08 08:47:00+00:00,2021-02-08 09:00:00+00:00,2.201753898278274,0.6842105263153897,0.46153846153846156,0.76923076923094,0.0005715168241142946,360.0,0.0,1.1498378607315143,-1
2021-02-16 18:03:00+00:00,1,0.0006528658638704776,2.5,1.2103471341361296,DC:-1:2021-02-16 16:40:00+00:00,1.2122,1.2107,1.2114,1.2104,2021-02-16 16:04:00+00:00,2021-02-16 16:22:00+00:00,2021-02-16 16:40:00+00:00,2021-02-16 17:10:00+00:00,2021-02-16 16:50:00+00:00,2021-02-16 18:03:00+00:00,2.242825830258812,0.555555555555784,0.4666666666666667,0.6666666666668147,0.0005286586387026552,3180.0,0.0,1.2349478776562335,-1
2021-02-17 10:15:00+00:00,1,0.0006537372574273448,2.5,1.2057462627425726,DC:-1:2021-02-17 09:54:00+00:00,1.2082,1.2059,1.2068,1.2058,2021-02-17 09:14:00+00:00,2021-02-17 09:50:00+00:00,2021-02-17 09:58:00+00:00,2021-02-17 10:09:00+00:00,2021-02-17 10:03:00+00:00,2021-02-17 10:15:00+00:00,3.963798804269003,0.4693877551020649,0.3913043478261457,0.43478260869570673,0.0005373725742745341,360.0,0.0,1.2165437700461468,-1
2021-02-18 13:20:00+00:00,-1,0.0005496391803658796,2.5,1.2086496391803658,DC:1:2021-02-18 12:53:00+00:00,1.2062,1.2085,1.2075,1.2086,2021-02-18 12:21:00+00:00,2021-02-18 12:51:00+00:00,2021-02-18 13:02:00+00:00,2021-02-18 13:14:00+00:00,2021-02-18 13:08:00+00:00,2021-02-18 13:20:00+00:00,6.19213590195047,0.5609756097559998,0.4347826086956102,0.4782608695651712,0.0004963918036588087,360.0,0.0,1.1072688475405812,1
2021-02-19 09:05:00+00:00,-1,0.0007526244841891128,2.5,1.213352624484189,DC:1:2021-02-19 08:44:00+00:00,1.2109,1.213,1.2125,1.2133,2021-02-19 08:25:00+00:00,2021-02-19 08:43:00+00:00,2021-02-19 08:44:00+00:00,2021-02-19 08:59:00+00:00,2021-02-19 08:57:00+00:00,2021-02-19 09:05:00+00:00,4.501280629963307,0.7241379310350583,0.23809523809531866,0.38095238095244643,0.0005262448418893445,360.0,1.0,1.4301793087168537,1
2021-02-22 23:31:00+00:00,-1,0.00032944647521171433,2.5,1.2167294464752116,DC:1:2021-02-22 23:15:00+00:00,1.2157,1.2165,1.2161,1.2167,2021-02-22 23:01:00+00:00,2021-02-22 23:11:00+00:00,2021-02-22 23:20:00+00:00,2021-02-22 23:28:00+00:00,2021-02-22 23:23:00+00:00,2021-02-22 23:31:00+00:00,3.336798016969447,0.8000000000010659,0.5,0.75,0.0002944647521171628,180.0,0.0,1.1187976586095196,1
2021-02-24 00:24:00+00:00,-1,0.0003286528903829744,2.5,1.215628652890383,DC:1:2021-02-23 23:47:00+00:00,1.2144,1.2155,1.215,1.2156,2021-02-23 23:16:00+00:00,2021-02-23 23:41:00+00:00,2021-02-23 23:58:00+00:00,2021-02-24 00:20:00+00:00,2021-02-24 00:15:00+00:00,2021-02-24 00:24:00+00:00,2.9281075061334954,0.4782608695660065,0.45454545454536277,0.5454545454544354,0.0002865289038301837,240.0,0.0,1.147014789746155,1
2021-02-26 00:37:00+00:00,1,0.0008656179873034464,2.5,1.2139343820126967,DC:-1:2021-02-26 00:21:00+00:00,1.2166,1.2142,1.2149,1.214,2021-02-26 00:04:00+00:00,2021-02-26 00:20:00+00:00,2021-02-26 00:21:00+00:00,2021-02-26 00:31:00+00:00,2021-02-26 00:25:00+00:00,2021-02-26 00:37:00+00:00,5.0581751041594485,0.8571428571432084,0.2916666666667322,0.37500000000005784,0.0006561798730334626,360.0,0.0,1.3191779005682842,-1
2021-03-01 20:00:00+00:00,-1,0.0005330440664330638,2.5,1.205133044066433,DC:1:2021-03-01 19:25:00+00:00,1.2032,1.2047,1.2041,1.2051,2021-03-01 18:14:00+00:00,2021-03-01 18:50:00+00:00,2021-03-01 19:35:00+00:00,2021-03-01 19:54:00+00:00,2021-03-01 19:45:00+00:00,2021-03-01 20:00:00+00:00,3.173367072310498,0.4545454545460418,0.40000000000008884,0.666666666666716,0.00033044066432951803,360.0,0.0,1.61313096108991,1
2021-03-02 08:12:00+00:00,1,0.0006577341639972811,2.5,1.1999422658360026,DC:-1:2021-03-02 07:48:00+00:00,1.2017,1.2004,1.2009999999999998,1.2,2021-03-02 07:30:00+00:00,2021-03-02 07:45:00+00:00,2021-03-02 07:48:00+00:00,2021-03-02 08:08:00+00:00,2021-03-02 07:54:00+00:00,2021-03-02 08:12:00+00:00,2.5191514938566004,0.6842105263167859,0.4615384615383827,0.7692307692306378,0.0005773416399731523,240.0,0.0,1.139246017363077,-1
2021-03-04 14:49:00+00:00,-1,0.0004396918911722114,2.5,1.2042396918911722,DC:1:2021-03-04 14:22:00+00:00,1.2028,1.204,1.2034,1.2042,2021-03-04 13:48:00+00:00,2021-03-04 14:16:00+00:00,2021-03-04 14:22:00+00:00,2021-03-04 14:45:00+00:00,2021-03-04 14:35:00+00:00,2021-03-04 14:49:00+00:00,2.6305755233805157,0.5000000000009251,0.5,0.6666666666666666,0.00039691891172323517,240.0,0.0,1.107762513162389,1
2021-03-04 23:28:00+00:00,1,0.0005436637353812834,2.5,1.1959563362646186,DC:-1:2021-03-04 23:13:00+00:00,1.1977,1.1964,1.1969,1.196,2021-03-04 22:57:00+00:00,2021-03-04 23:10:00+00:00,2021-03-04 23:13:00+00:00,2021-03-04 23:22:00+00:00,2021-03-04 23:16:00+00:00,2021-03-04 23:28:00+00:00,4.135511520655965,0.7647058823531717,0.3846153846154897,0.6923076923077449,0.0004366373538126614,360.0,0.0,1.2451150379922409,-1
2021-03-05 08:57:00+00:00,1,0.0013711466205812428,2.5,1.1912288533794189,DC:-1:2021-03-05 08:32:00+00:00,1.196,1.1925,1.1934,1.1913,2021-03-05 07:46:00+00:00,2021-03-05 08:26:00+00:00,2021-03-05 08:33:00+00:00,2021-03-05 08:55:00+00:00,2021-03-05 08:37:00+00:00,2021-03-05 08:57:00+00:00,6.832057971863059,0.46666666666704365,0.257142857142888,0.5999999999999873,0.0007114662058107096,120.0,0.0,1.9272125778888303,-1
2021-03-07 23:25:00+00:00,-1,0.00043872128188482407,2.5,1.193038721281885,DC:1:2021-03-07 23:14:00+00:00,1.1917,1.1929,1.1924,1.193,2021-03-07 23:01:00+00:00,2021-03-07 23:13:00+00:00,2021-03-07 23:19:00+00:00,2021-03-07 23:22:00+00:00,2021-03-07 23:21:00+00:00,2021-03-07 23:25:00+00:00,5.064517578784033,0.6666666666662966,0.4166666666667746,0.5000000000000925,0.00038721281884889955,180.0,0.0,1.133023651409703,1
2021-03-08 08:31:00+00:00,-1,0.0005479380691637559,2.5,1.1895479380691638,DC:1:2021-03-08 08:10:00+00:00,1.188,1.1892,1.1887,1.1895,2021-03-08 07:45:00+00:00,2021-03-08 08:06:00+00:00,2021-03-08 08:10:00+00:00,2021-03-08 08:29:00+00:00,2021-03-08 08:17:00+00:00,2021-03-08 08:31:00+00:00,2.759546582793648,0.4615384615387834,0.4166666666665896,0.6666666666665433,0.00047938069163887026,120.0,1.0,1.1430123881095562,1
2021-03-09 04:13:00+00:00,-1,0.0005387142605766115,2.5,1.1865387142605766,DC:1:2021-03-09 03:23:00+00:00,1.1846,1.1864,1.1857,1.1865,2021-03-09 02:41:00+00:00,2021-03-09 03:15:00+00:00,2021-03-09 03:29:00+00:00,2021-03-09 03:56:00+00:00,2021-03-09 03:54:00+00:00,2021-03-09 04:13:00+00:00,4.818639632437055,0.45000000000079937,0.3888888888888889,0.4444444444445678,0.00038714260576399917,1020.0,0.0,1.3915137537329332,1
2021-03-10 08:25:00+00:00,1,0.0005474218871890368,2.5,1.187152578112811,DC:-1:2021-03-10 08:11:00+00:00,1.1885,1.1875,1.188,1.1872,2021-03-10 07:49:00+00:00,2021-03-10 08:07:00+00:00,2021-03-10 08:11:00+00:00,2021-03-10 08:22:00+00:00,2021-03-10 08:18:00+00:00,2021-03-10 08:25:00+00:00,2.2896732756929725,0.45454545454609685,0.5,0.8,0.00047421887189077355,180.0,1.0,1.1543654621048571,-1
2021-03-15 02:58:00+00:00,1,0.0005433257835649741,2.5,1.194356674216435,DC:-1:2021-03-15 02:35:00+00:00,1.1961,1.1947,1.1951,1.1944,2021-03-15 02:05:00+00:00,2021-03-15 02:30:00+00:00,2021-03-15 02:35:00+00:00,2021-03-15 02:44:00+00:00,2021-03-15 02:40:00+00:00,2021-03-15 02:58:00+00:00,3.5603089835389006,0.500000000000793,0.2857142857142857,0.5000000000001587,0.00043325783564747075,840.0,1.0,1.2540472182182583,-1
2021-03-15 13:31:00+00:00,1,0.0006479969885622161,2.5,1.1917520030114377,DC:-1:2021-03-15 12:39:00+00:00,1.1933,1.1922,1.1927,1.1918,2021-03-15 12:21:00+00:00,2021-03-15 12:34:00+00:00,2021-03-15 12:56:00+00:00,2021-03-15 13:28:00+00:00,2021-03-15 13:03:00+00:00,2021-03-15 13:31:00+00:00,2.8629015421261963,0.8461538461553177,0.45454545454556466,0.8181818181818549,0.00047996988562180957,180.0,1.0,1.3500784277803688,-1
2021-03-15 15:29:00+00:00,-1,0.0007446764129437344,2.5,1.1933446764129438,DC:1:2021-03-15 15:01:00+00:00,1.1916,1.193,1.1924,1.1933,2021-03-15 14:32:00+00:00,2021-03-15 14:57:00+00:00,2021-03-15 15:02:00+00:00,2021-03-15 15:07:00+00:00,2021-03-15 15:05:00+00:00,2021-03-15 15:29:00+00:00,3.4466444148016304,0.6363636363643795,0.4285714285715192,0.6428571428571995,0.00044676412943763606,1320.0,1.0,1.6668222981130898,1
2021-03-16 01:06:00+00:00,1,0.0003226211650424471,2.5,1.1921773788349574,DC:-1:2021-03-16 00:41:00+00:00,1.1931,1.1924,1.1927,1.1922,2021-03-16 00:17:00+00:00,2021-03-16 00:39:00+00:00,2021-03-16 00:43:00+00:00,2021-03-16 00:59:00+00:00,2021-03-16 00:56:00+00:00,2021-03-16 01:06:00+00:00,3.623491876231936,0.46666666666757456,0.42857142857160985,0.7142857142858049,0.0002262116504237189,420.0,1.0,1.4261916414921278,-1
2021-03-16 17:44:00+00:00,-1,0.0005407567480235631,2.5,1.1909407567480235,DC:1:2021-03-16 17:16:00+00:00,1.1892,1.1905,1.1899,1.1909,2021-03-16 16:59:00+00:00,2021-03-16 17:11:00+00:00,2021-03-16 17:18:00+00:00,2021-03-16 17:36:00+00:00,2021-03-16 17:20:00+00:00,2021-03-16 17:44:00+00:00,3.5331716359356333,0.8666666666670515,0.46153846153846156,0.76923076923094,0.0004075674802329936,480.0,0.0,1.3267907138087398,1
2021-03-17 16:46:00+00:00,1,0.0006543096959323869,2.5,1.1895456903040675,DC:-1:2021-03-17 16:05:00+00:00,1.1909999999999998,1.1898,1.1903,1.1896,2021-03-17 15:51:00+00:00,2021-03-17 16:04:00+00:00,2021-03-17 16:05:00+00:00,2021-03-17 16:31:00+00:00,2021-03-17 16:15:00+00:00,2021-03-17 16:46:00+00:00,2.4235829553285524,0.6666666666671601,0.4166666666666667,0.5833333333333334,0.0005430969593235429,900.0,1.0,1.2047751045179218,-1
2021-03-17 22:49:00+00:00,-1,0.0010937142967510916,2.5,1.198793714296751,DC:1:2021-03-17 19:38:00+00:00,1.1961,1.1981,1.1971,1.1987,2021-03-17 19:22:00+00:00,2021-03-17 19:33:00+00:00,2021-03-17 19:38:00+00:00,2021-03-17 22:29:00+00:00,2021-03-17 19:43:00+00:00,2021-03-17 22:49:00+00:00,2.2061552512136053,0.7142857142857936,0.4999999999999445,0.8000000000000222,0.0009371429675096036,1200.0,0.0,1.1670730450633013,1
2021-03-18 02:13:00+00:00,1,0.00043838203436186163,2.5,1.1963616179656382,DC:-1:2021-03-18 01:48:00+00:00,1.1983,1.1966,1.1972,1.1964,2021-03-18 01:22:00+00:00,2021-03-18 01:44:00+00:00,2021-03-18 01:55:00+00:00,2021-03-18 02:09:00+00:00,2021-03-18 02:01:00+00:00,2021-03-18 02:13:00+00:00,4.4379241655788455,0.739130434783679,0.35294117647058826,0.47058823529424826,0.000383820343616239,240.0,0.0,1.142154243914116,-1
2021-03-18 08:57:00+00:00,1,0.0008611115955654558,2.5,1.1935388884044345,DC:-1:2021-03-18 07:53:00+00:00,1.1988,1.1943,1.1954,1.1936,2021-03-18 07:12:00+00:00,2021-03-18 07:50:00+00:00,2021-03-18 08:27:00+00:00,2021-03-18 08:51:00+00:00,2021-03-18 08:44:00+00:00,2021-03-18 08:57:00+00:00,10.969031111011311,0.6000000000002842,0.2444444444444576,0.39999999999999014,0.0006111159556547092,360.0,0.0,1.4090805314400896,-1
2021-03-18 10:38:00+00:00,1,0.000642748226919343,2.5,1.1934572517730806,DC:-1:2021-03-18 09:37:00+00:00,1.195,1.1938,1.1944,1.1935,2021-03-18 09:18:00+00:00,2021-03-18 09:28:00+00:00,2021-03-18 09:37:00+00:00,2021-03-18 10:16:00+00:00,2021-03-18 10:09:00+00:00,2021-03-18 10:38:00+00:00,2.1518299970517147,0.8571428571427439,0.49999999999990746,0.7499999999998612,0.00042748226919497525,1320.0,0.0,1.5035669856664502,-1
2021-03-18 12:54:00+00:00,1,0.0008653841172741039,2.5,1.192234615882726,DC:-1:2021-03-18 12:27:00+00:00,1.1947,1.1926,1.1934,1.1923,2021-03-18 12:04:00+00:00,2021-03-18 12:24:00+00:00,2021-03-18 12:30:00+00:00,2021-03-18 12:44:00+00:00,2021-03-18 12:40:00+00:00,2021-03-18 12:54:00+00:00,4.062694536668461,0.6363636363637465,0.3809523809523407,0.5238095238095741,0.0006538411727405205,600.0,0.0,1.3235387328805233,-1
2021-03-18 18:06:00+00:00,-1,0.0005496066815822154,2.5,1.1931496066815823,DC:1:2021-03-18 17:31:00+00:00,1.1915,1.193,1.1925,1.1931,2021-03-18 17:11:00+00:00,2021-03-18 17:27:00+00:00,2021-03-18 17:31:00+00:00,2021-03-18 17:35:00+00:00,2021-03-18 17:35:00+00:00,2021-03-18 18:06:00+00:00,3.728949512937707,0.6521739130435118,0.333333333333432,0.40000000000008884,0.0004960668158217037,1860.0,1.0,1.1079287387361847,1
2021-03-19 08:06:00+00:00,-1,0.0006450923263057184,2.5,1.1936450923263058,DC:1:2021-03-19 07:43:00+00:00,1.1924,1.1934,1.1929,1.1936,2021-03-19 07:28:00+00:00,2021-03-19 07:39:00+00:00,2021-03-19 07:43:00+00:00,2021-03-19 07:57:00+00:00,2021-03-19 07:57:00+00:00,2021-03-19 08:06:00+00:00,2.4783949964677356,0.7142857142860994,0.499999999999889,0.6999999999998445,0.0004509232630577136,540.0,1.0,1.43060334020326,1
2021-03-22 09:17:00+00:00,-1,0.0007648786194505153,2.5,1.1906648786194505,DC:1:2021-03-22 08:41:00+00:00,1.1877,1.1905,1.1896,1.1906,2021-03-22 08:07:00+00:00,2021-03-22 08:38:00+00:00,2021-03-22 08:51:00+00:00,2021-03-22 08:57:00+00:00,2021-03-22 08:56:00+00:00,2021-03-22 09:17:00+00:00,4.360807513362877,0.6086956521743727,0.3214285714285459,0.3571428571429081,0.0006487861945043798,1200.0,0.0,1.1789378780398074,1
2021-03-25 14:56:00+00:00,1,0.0007620328972861579,2.5,1.1790379671027138,DC:-1:2021-03-25 14:22:00+00:00,1.1812,1.1797,1.1804,1.1791,2021-03-25 14:02:00+00:00,2021-03-25 14:17:00+00:00,2021-03-25 14:22:00+00:00,2021-03-25 14:50:00+00:00,2021-03-25 14:35:00+00:00,2021-03-25 14:56:00+00:00,2.5553392232046663,0.6521739130440155,0.46666666666659756,0.8666666666665384,0.0006203289728632644,360.0,1.0,1.228433509672824,-1
2021-03-25 21:40:00+00:00,-1,0.00042884896734629585,2.5,1.1773288489673464,DC:1:2021-03-25 21:26:00+00:00,1.1763,1.1771,1.1767,1.1773,2021-03-25 21:06:00+00:00,2021-03-25 21:24:00+00:00,2021-03-25 21:26:00+00:00,2021-03-25 21:39:00+00:00,2021-03-25 21:34:00+00:00,2021-03-25 21:40:00+00:00,3.5049285670932075,0.5000000000006939,0.4999999999998612,0.7499999999997918,0.00028848967346364,60.0,0.0,1.486531431775308,1
2021-03-29 09:04:00+00:00,1,0.0006505795555471483,2.5,1.176349420444453,DC:-1:2021-03-29 08:26:00+00:00,1.1787,1.1765,1.1775,1.1764,2021-03-29 08:04:00+00:00,2021-03-29 08:22:00+00:00,2021-03-29 08:33:00+00:00,2021-03-29 08:49:00+00:00,2021-03-29 08:45:00+00:00,2021-03-29 09:04:00+00:00,4.091252607328424,0.6875000000012144,0.4545454545454087,0.5000000000000505,0.0005057955554689067,900.0,0.0,1.286250044138915,-1
2021-03-31 07:06:00+00:00,-1,0.0005451859516225621,2.5,1.1727451859516225,DC:1:2021-03-31 06:44:00+00:00,1.171,1.1723,1.1718,1.1727,2021-03-31 06:23:00+00:00,2021-03-31 06:39:00+00:00,2021-03-31 06:44:00+00:00,2021-03-31 07:00:00+00:00,2021-03-31 06:51:00+00:00,2021-03-31 07:06:00+00:00,2.724086048746582,0.6190476190489936,0.38461538461538464,0.6923076923078632,0.0004518595162235786,360.0,1.0,1.2065386077933256,1
2021-03-31 14:41:00+00:00,-1,0.0005491687480392304,2.5,1.1746491687480392,DC:1:2021-03-31 14:23:00+00:00,1.1735,1.1745,1.1740000000000002,1.1746,2021-03-31 14:00:00+00:00,2021-03-31 14:12:00+00:00,2021-03-31 14:23:00+00:00,2021-03-31 14:31:00+00:00,2021-03-31 14:28:00+00:00,2021-03-31 14:41:00+00:00,2.3412151413274946,0.5555555555563643,0.499999999999889,0.5999999999998668,0.0004916874803902432,600.0,0.0,1.1169061038596415,1
2021-04-01 08:22:00+00:00,-1,0.0005461714531351802,2.5,1.1744461714531351,DC:1:2021-04-01 08:07:00+00:00,1.173,1.1741,1.1736,1.1744,2021-04-01 07:52:00+00:00,2021-04-01 07:59:00+00:00,2021-04-01 08:07:00+00:00,2021-04-01 08:17:00+00:00,2021-04-01 08:11:00+00:00,2021-04-01 08:22:00+00:00,2.231305094016734,0.846153846155725,0.45454545454545453,0.7272727272729291,0.00046171453135074076,300.0,0.0,1.182920215955434,1
2021-04-01 10:31:00+00:00,-1,0.0007404500137440095,2.5,1.175040450013744,DC:1:2021-04-01 09:49:00+00:00,1.1724,1.1744,1.1737,1.175,2021-04-01 09:03:00+00:00,2021-04-01 09:41:00+00:00,2021-04-01 09:57:00+00:00,2021-04-01 10:29:00+00:00,2021-04-01 10:18:00+00:00,2021-04-01 10:31:00+00:00,4.063481665579797,0.4761904761911836,0.35000000000007214,0.6500000000000389,0.00040450013743785837,120.0,0.0,1.8305309324097863,1
2021-04-06 09:23:00+00:00,-1,0.0006568121137529026,2.5,1.182156812113753,DC:1:2021-04-06 09:04:00+00:00,1.1796,1.1816,1.1811,1.1821,2021-04-06 08:44:00+00:00,2021-04-06 08:55:00+00:00,2021-04-06 09:04:00+00:00,2021-04-06 09:14:00+00:00,2021-04-06 09:10:00+00:00,2021-04-06 09:23:00+00:00,4.0953724256407495,0.9090909090915605,0.24999999999997224,0.4999999999999445,0.0005681211375302703,540.0,1.0,1.1561127906773347,1
2021-04-07 00:36:00+00:00,1,0.00032729822316923673,2.5,1.1866727017768308,DC:-1:2021-04-07 00:22:00+00:00,1.1875,1.1869,1.1872,1.1867,2021-04-07 00:01:00+00:00,2021-04-07 00:15:00+00:00,2021-04-07 00:22:00+00:00,2021-04-07 00:35:00+00:00,2021-04-07 00:27:00+00:00,2021-04-07 00:36:00+00:00,2.4360642042444436,0.7500000000016653,0.5,0.8333333333333334,0.0002729822316934813,60.0,0.0,1.198972625942718,-1
2021-04-08 13:03:00+00:00,-1,0.0007712995681812274,2.5,1.1894712995681813,DC:1:2021-04-08 12:45:00+00:00,1.187,1.18887,1.1881700000000002,1.18941,2021-04-08 12:14:00+00:00,2021-04-08 12:44:00+00:00,2021-04-08 12:49:00+00:00,2021-04-08 12:57:00+00:00,2021-04-08 12:53:00+00:00,2021-04-08 13:03:00+00:00,3.8106510592285034,0.5180055401667092,0.37433155080209013,0.663101604278012,0.0006129956818118087,360.0,0.0,1.2582463320157913,1
2021-04-13 00:35:00+00:00,1,0.00035176200687092596,2.5,1.190158237993129,DC:-1:2021-04-13 00:13:00+00:00,1.19154,1.19029,1.1907299999999998,1.19019,2021-04-12 23:42:00+00:00,2021-04-13 00:09:00+00:00,2021-04-13 00:15:00+00:00,2021-04-13 00:25:00+00:00,2021-04-13 00:22:00+00:00,2021-04-13 00:35:00+00:00,4.964530804722042,0.4826254826261999,0.3519999999998266,0.43199999999981953,0.0003176200687113595,600.0,0.0,1.1074930129512481,-1
2021-04-13 13:26:00+00:00,-1,0.0009093641636688243,2.5,1.193679364163669,DC:1:2021-04-13 12:49:00+00:00,1.1891,1.1931,1.1921,1.1936,2021-04-13 12:26:00+00:00,2021-04-13 12:46:00+00:00,2021-04-13 12:55:00+00:00,2021-04-13 13:21:00+00:00,2021-04-13 13:02:00+00:00,2021-04-13 13:26:00+00:00,8.543931192020697,0.7299270072987477,0.25000000000002776,0.3750000000000139,0.0007936416366884364,300.0,0.0,1.1458120663417481,1
2021-04-18 21:16:00+00:00,-1,0.00018508421042229273,2.5,1.1976150842104223,DC:1:2021-04-18 21:08:00+00:00,1.19707,1.19749,1.1974,1.1976,2021-04-18 20:52:00+00:00,2021-04-18 21:07:00+00:00,2021-04-18 21:08:00+00:00,2021-04-18 21:13:00+00:00,2021-04-18 21:13:00+00:00,2021-04-18 21:16:00+00:00,4.898537378781925,0.7777777777737115,0.214285714285601,0.4761904761905769,0.00015084210422256056,180.0,1.0,1.2270062883053496,1
2021-04-18 22:31:00+00:00,1,0.0003933212483617776,2.5,1.1966266787516382,DC:-1:2021-04-18 22:21:00+00:00,1.19756,1.19685,1.19719,1.19666,2021-04-18 22:01:00+00:00,2021-04-18 22:09:00+00:00,2021-04-18 22:21:00+00:00,2021-04-18 22:25:00+00:00,2021-04-18 22:25:00+00:00,2021-04-18 22:31:00+00:00,2.378721906585507,0.525925925925759,0.47887323943663734,0.7464788732393353,0.00033321248361912646,360.0,1.0,1.1803916950823414,-1
2021-04-19 14:01:00+00:00,1,0.0005559307821627613,2.5,1.2020040692178373,DC:-1:2021-04-19 13:31:00+00:00,1.20407,1.20229,1.20292,1.20205,2021-04-19 12:59:00+00:00,2021-04-19 13:22:00+00:00,2021-04-19 13:33:00+00:00,2021-04-19 13:55:00+00:00,2021-04-19 13:46:00+00:00,2021-04-19 14:01:00+00:00,3.9196212864044258,0.6357142857141158,0.3539325842696328,0.4887640449438083,0.0004593078216273446,360.0,0.0,1.2103664601074677,-1
2021-04-20 12:00:00+00:00,-1,0.000512463792661455,2.5,1.2059224637926615,DC:1:2021-04-20 11:27:00+00:00,1.20454,1.20578,1.2053,1.2058799999999998,2021-04-20 10:53:00+00:00,2021-04-20 11:21:00+00:00,2021-04-20 11:27:00+00:00,2021-04-20 11:46:00+00:00,2021-04-20 11:33:00+00:00,2021-04-20 12:00:00+00:00,3.085690302461573,0.4592592592597734,0.38709677419353683,0.467741935483663,0.000424637926616042,840.0,0.0,1.2068252987793653,1
2021-04-21 16:33:00+00:00,1,0.00046843179752231734,2.5,1.2026615682024777,DC:-1:2021-04-21 16:10:00+00:00,1.2038799999999998,1.203,1.20343,1.2027,2021-04-21 15:47:00+00:00,2021-04-21 16:04:00+00:00,2021-04-21 16:10:00+00:00,2021-04-21 16:17:00+00:00,2021-04-21 16:14:00+00:00,2021-04-21 16:33:00+00:00,2.160619972045634,0.5365853658540714,0.4886363636364124,0.829545454545555,0.00038431797522418587,960.0,0.0,1.2188651786299223,-1
2021-04-22 07:10:00+00:00,-1,0.0004829310006728704,2.5,1.204772931000673,DC:1:2021-04-22 06:56:00+00:00,1.2028,1.20453,1.204,1.20473,2021-04-22 06:21:00+00:00,2021-04-22 06:54:00+00:00,2021-04-22 07:00:00+00:00,2021-04-22 07:05:00+00:00,2021-04-22 07:04:00+00:00,2021-04-22 07:10:00+00:00,4.488936549194496,0.4588859416446397,0.3063583815029703,0.42196531791914194,0.00042931000672928696,300.0,1.0,1.1249004055416665,1
2021-04-26 14:02:00+00:00,1,0.0008382964336532961,2.5,1.2062317035663468,DC:-1:2021-04-26 13:38:00+00:00,1.20795,1.20639,1.2071,1.20629,2021-04-26 13:31:00+00:00,2021-04-26 13:35:00+00:00,2021-04-26 13:44:00+00:00,2021-04-26 13:56:00+00:00,2021-04-26 13:54:00+00:00,2021-04-26 14:02:00+00:00,3.206940361169098,0.9176470588247126,0.455128205128196,0.5192307692307528,0.0005829643365337172,360.0,0.0,1.4379892235565788,-1
2021-04-28 07:09:00+00:00,1,0.0006783772080241057,2.5,1.2056616227919759,DC:-1:2021-04-28 06:49:00+00:00,1.2078,1.2061,1.20656,1.2057,2021-04-28 06:16:00+00:00,2021-04-28 06:43:00+00:00,2021-04-28 06:53:00+00:00,2021-04-28 07:00:00+00:00,2021-04-28 06:57:00+00:00,2021-04-28 07:09:00+00:00,5.687734082587841,0.6071428571423587,0.2705882352941868,0.5058823529412149,0.0003837720802410683,540.0,0.0,1.7676564892317852,-1
2021-04-28 14:55:00+00:00,-1,0.000830359895113375,2.5,1.2099803598951133,DC:1:2021-04-28 14:35:00+00:00,1.2058799999999998,1.20977,1.2089299999999998,1.20992,2021-04-28 13:38:00+00:00,2021-04-28 14:24:00+00:00,2021-04-28 14:48:00+00:00,2021-04-28 14:53:00+00:00,2021-04-28 14:51:00+00:00,2021-04-28 14:55:00+00:00,7.0786013517762925,0.5517730496451709,0.21593830334193753,0.2544987146530141,0.0006035989511329531,120.0,1.0,1.3756814745201138,1
2021-04-29 13:30:00+00:00,1,0.000835138502292887,2.5,1.211334861497707,DC:-1:2021-04-29 13:05:00+00:00,1.2135,1.2116,1.21235,1.2114,2021-04-29 12:45:00+00:00,2021-04-29 13:02:00+00:00,2021-04-29 13:06:00+00:00,2021-04-29 13:22:00+00:00,2021-04-29 13:09:00+00:00,2021-04-29 13:30:00+00:00,4.223045196268092,0.5654761904763761,0.3947368421052755,0.5,0.0006513850229298894,480.0,0.0,1.2820965679199774,-1
2021-04-30 11:03:00+00:00,1,0.0005795298188067122,2.5,1.2078304701811933,DC:-1:2021-04-30 10:47:00+00:00,1.2094200000000002,1.208,1.20848,1.2078799999999998,2021-04-30 10:34:00+00:00,2021-04-30 10:46:00+00:00,2021-04-30 10:50:00+00:00,2021-04-30 10:58:00+00:00,2021-04-30 10:58:00+00:00,2021-04-30 11:03:00+00:00,3.8011963343142567,0.7717391304343052,0.33802816901406246,0.4225352112676563,0.0004952981880662664,300.0,1.0,1.170062464935116,-1
2021-05-02 21:24:00+00:00,1,0.00027010349821421364,2.5,1.2025298965017859,DC:-1:2021-05-02 21:08:00+00:00,1.2035,1.20259,1.203,1.20255,2021-05-02 20:44:00+00:00,2021-05-02 21:06:00+00:00,2021-05-02 21:08:00+00:00,2021-05-02 21:14:00+00:00,2021-05-02 21:10:00+00:00,2021-05-02 21:24:00+00:00,8.387489949511727,0.9578947368460935,0.45054945054949075,0.4945054945055803,0.00020103498214075406,600.0,0.0,1.3435646639105898,-1
2021-05-02 23:07:00+00:00,-1,0.00027764505658334215,2.5,1.2029176450565833,DC:1:2021-05-02 23:00:00+00:00,1.20239,1.2028,1.20263,1.2029,2021-05-02 22:40:00+00:00,2021-05-02 22:49:00+00:00,2021-05-02 23:00:00+00:00,2021-05-02 23:05:00+00:00,2021-05-02 23:04:00+00:00,2021-05-02 23:07:00+00:00,2.4748472962006693,0.8039215686299267,0.4146341463414502,0.6585365853658008,0.0001764505658315567,120.0,1.0,1.5735005171272036,1
2021-05-03 00:43:00+00:00,-1,0.0004007410851065707,2.5,1.2032007410851067,DC:1:2021-05-03 00:23:00+00:00,1.2021,1.20299,1.2027,1.20317,2021-05-03 00:03:00+00:00,2021-05-03 00:20:00+00:00,2021-05-03 00:23:00+00:00,2021-05-03 00:26:00+00:00,2021-05-03 00:24:00+00:00,2021-05-03 00:43:00+00:00,3.321571144015242,0.6223776223772576,0.3258426966290817,0.5280898876403821,0.00030741085106620724,1020.0,1.0,1.303600974775815,1
2021-05-03 07:59:00+00:00,-1,0.00048243758068622355,2.5,1.2041224375806863,DC:1:2021-05-03 07:04:00+00:00,1.2018,1.20405,1.2033,1.2040799999999998,2021-05-03 06:51:00+00:00,2021-05-03 07:02:00+00:00,2021-05-03 07:29:00+00:00,2021-05-03 07:57:00+00:00,2021-05-03 07:46:00+00:00,2021-05-03 07:59:00+00:00,5.565513493711802,0.8490566037738885,0.3333333333333333,0.34666666666655616,0.0004243758068634993,120.0,0.0,1.1368168799532907,1
2021-05-03 15:12:00+00:00,-1,0.0005914256572296939,2.5,1.2075914256572298,DC:1:2021-05-03 14:24:00+00:00,1.20449,1.20715,1.20659,1.20754,2021-05-03 13:35:00+00:00,2021-05-03 14:16:00+00:00,2021-05-03 14:24:00+00:00,2021-05-03 14:51:00+00:00,2021-05-03 14:32:00+00:00,2021-05-03 15:12:00+00:00,5.043136297714164,0.47841726618679953,0.21052631578944292,0.357142857142875,0.0005142565722971276,1260.0,1.0,1.150059501598318,1
2021-05-03 18:58:00+00:00,-1,0.0003589112604349687,2.5,1.206748911260435,DC:1:2021-05-03 18:40:00+00:00,1.2058,1.20666,1.2063,1.20672,2021-05-03 18:02:00+00:00,2021-05-03 18:22:00+00:00,2021-05-03 18:40:00+00:00,2021-05-03 18:48:00+00:00,2021-05-03 18:48:00+00:00,2021-05-03 18:58:00+00:00,2.7454795542991697,0.4831460674162279,0.4186046511629108,0.48837209302330986,0.00028911260435037265,600.0,1.0,1.2414237741084706,1
2021-05-04 02:03:00+00:00,1,0.0003368323359527192,2.5,1.2044631676640474,DC:-1:2021-05-04 01:34:00+00:00,1.2058,1.20459,1.2051,1.20449,2021-05-04 00:52:00+00:00,2021-05-04 01:29:00+00:00,2021-05-04 01:38:00+00:00,2021-05-04 02:01:00+00:00,2021-05-04 01:58:00+00:00,2021-05-04 02:03:00+00:00,4.894406475084804,0.46360153256722125,0.42148760330581697,0.504132231404986,0.0002683233595275906,120.0,0.0,1.255322445819646,-1
2021-05-05 07:43:00+00:00,1,0.0005812218498386645,2.5,1.1984387781501613,DC:-1:2021-05-05 07:17:00+00:00,1.20028,1.1988299999999998,1.19937,1.19849,2021-05-05 07:01:00+00:00,2021-05-05 07:09:00+00:00,2021-05-05 07:17:00+00:00,2021-05-05 07:31:00+00:00,2021-05-05 07:24:00+00:00,2021-05-05 07:43:00+00:00,3.4353144535769307,1.00000000000245,0.3724137931035465,0.6068965517240598,0.000512218498387656,720.0,1.0,1.1347146806845418,-1
2021-05-06 02:18:00+00:00,-1,0.0003681006549183241,2.5,1.2009581006549184,DC:1:2021-05-06 01:39:00+00:00,1.1998799999999998,1.20086,1.20049,1.2009299999999998,2021-05-06 01:05:00+00:00,2021-05-06 01:26:00+00:00,2021-05-06 01:39:00+00:00,2021-05-06 02:01:00+00:00,2021-05-06 01:46:00+00:00,2021-05-06 02:18:00+00:00,3.35252192329404,0.5568181818185832,0.37755102040806615,0.448979591836411,0.00028100654918599853,1020.0,0.0,1.309936213175864,1
2021-05-06 07:58:00+00:00,-1,0.0004701227966128485,2.5,1.2028501227966129,DC:1:2021-05-06 07:14:00+00:00,1.20123,1.20269,1.2021,1.20281,2021-05-06 07:02:00+00:00,2021-05-06 07:09:00+00:00,2021-05-06 07:20:00+00:00,2021-05-06 07:45:00+00:00,2021-05-06 07:45:00+00:00,2021-05-06 07:58:00+00:00,3.823001931939089,0.8488372093011577,0.4041095890411532,0.48630136986300015,0.0004012279661301696,780.0,1.0,1.171709941226598,1
2021-05-06 09:53:00+00:00,-1,0.0005985831135102426,2.5,1.2051885831135103,DC:1:2021-05-06 09:44:00+00:00,1.2036,1.20505,1.20449,1.20514,2021-05-06 09:16:00+00:00,2021-05-06 09:40:00+00:00,2021-05-06 09:44:00+00:00,2021-05-06 09:50:00+00:00,2021-05-06 09:48:00+00:00,2021-05-06 09:53:00+00:00,3.5651804757787926,0.6621004566197328,0.38620689655166396,0.44827586206900777,0.0004858311351028131,180.0,0.0,1.2320805939775115,1
2021-05-07 10:26:00+00:00,-1,0.0004485873463151435,2.5,1.208618587346315,DC:1:2021-05-07 10:09:00+00:00,1.2072,1.20828,1.20793,1.20858,2021-05-07 09:52:00+00:00,2021-05-07 10:05:00+00:00,2021-05-07 10:09:00+00:00,2021-05-07 10:21:00+00:00,2021-05-07 10:17:00+00:00,2021-05-07 10:26:00+00:00,3.0984483366456192,0.5934065934076124,0.32407407407415023,0.6018518518519052,0.00038587346315027406,300.0,1.0,1.1625244779800943,1
2021-05-07 13:48:00+00:00,1,0.0013769332400033196,2.5,1.2100830667599967,DC:-1:2021-05-07 13:13:00+00:00,1.21457,1.21079,1.21225,1.2102,2021-05-07 12:53:00+00:00,2021-05-07 13:08:00+00:00,2021-05-07 13:18:00+00:00,2021-05-07 13:35:00+00:00,2021-05-07 13:22:00+00:00,2021-05-07 13:48:00+00:00,3.143468425727772,0.9264705882356526,0.3862433862434015,0.5423280423280858,0.0011693324000323637,780.0,1.0,1.1775379181875145,-1
2021-05-07 17:55:00+00:00,-1,0.0006009506892226124,2.5,1.2163409506892227,DC:1:2021-05-07 17:16:00+00:00,1.21415,1.21587,1.2153,1.21629,2021-05-07 16:52:00+00:00,2021-05-07 17:14:00+00:00,2021-05-07 17:17:00+00:00,2021-05-07 17:47:00+00:00,2021-05-07 17:25:00+00:00,2021-05-07 17:55:00+00:00,4.374529343139459,0.6323529411768499,0.33139534883719657,0.575581395348883,0.0005095068922262847,480.0,0.0,1.179475093254902,1
2021-05-10 19:13:00+00:00,1,0.0003723248643756616,2.5,1.2141676751356243,DC:-1:2021-05-10 18:45:00+00:00,1.2151,1.2142700000000002,1.21464,1.2142,2021-05-10 18:27:00+00:00,2021-05-10 18:43:00+00:00,2021-05-10 18:45:00+00:00,2021-05-10 18:57:00+00:00,2021-05-10 18:57:00+00:00,2021-05-10 19:13:00+00:00,2.8183462937038812,0.6240601503778089,0.44578313252989166,0.5301204819277785,0.0003232486437572269,960.0,1.0,1.1518218918044185,-1
2021-05-11 06:37:00+00:00,1,0.000498963482204573,2.5,1.2133610365177954,DC:-1:2021-05-11 06:18:00+00:00,1.21442,1.2136,1.2139799999999998,1.2134,2021-05-11 05:58:00+00:00,2021-05-11 06:16:00+00:00,2021-05-11 06:18:00+00:00,2021-05-11 06:30:00+00:00,2021-05-11 06:30:00+00:00,2021-05-11 06:37:00+00:00,2.86375499479217,0.4606741573033652,0.4634146341461037,0.7073170731704543,0.00038963482204668374,420.0,1.0,1.28059263179714,-1
2021-05-11 08:19:00+00:00,-1,0.0005033775719545108,2.5,1.2148033775719544,DC:1:2021-05-11 07:53:00+00:00,1.21251,1.21432,1.21384,1.21476,2021-05-11 07:16:00+00:00,2021-05-11 07:43:00+00:00,2021-05-11 07:56:00+00:00,2021-05-11 08:08:00+00:00,2021-05-11 08:03:00+00:00,2021-05-11 08:19:00+00:00,4.138918163171968,0.5339233038340646,0.2651933701657526,0.5082872928176722,0.00043377571954362825,660.0,1.0,1.1604558514342622,1
2021-05-14 10:48:00+00:00,1,0.0004602231295600667,2.5,1.21029977687044,DC:-1:2021-05-14 10:16:00+00:00,1.21166,1.21058,1.21109,1.21034,2021-05-14 09:34:00+00:00,2021-05-14 09:55:00+00:00,2021-05-14 10:24:00+00:00,2021-05-14 10:38:00+00:00,2021-05-14 10:26:00+00:00,2021-05-14 10:48:00+00:00,2.590426523360337,0.5454545454541376,0.4722222222222451,0.6944444444444902,0.0004022312956006557,600.0,1.0,1.1441753403916801,-1
2021-05-14 14:01:00+00:00,-1,0.0006007890788441994,2.5,1.2144607890788441,DC:1:2021-05-14 13:28:00+00:00,1.21239,1.21397,1.21322,1.21441,2021-05-14 13:03:00+00:00,2021-05-14 13:23:00+00:00,2021-05-14 13:35:00+00:00,2021-05-14 13:55:00+00:00,2021-05-14 13:41:00+00:00,2021-05-14 14:01:00+00:00,2.5382856331121686,0.5939849624062566,0.4746835443038411,0.7531645569620814,0.0005078907884417505,360.0,0.0,1.182909973003189,1
2021-05-14 14:04:00+00:00,-1,0.000505101485353654,2.5,1.2145051014853536,DC:1:2021-05-14 14:01:00+00:00,1.21322,1.21441,1.21386,1.21446,2021-05-14 13:35:00+00:00,2021-05-14 13:55:00+00:00,2021-05-14 14:01:00+00:00,2021-05-14 14:03:00+00:00,2021-05-14 14:02:00+00:00,2021-05-14 14:04:00+00:00,2.3430233961341167,0.6230366492150815,0.4621848739496128,0.5042016806723897,0.00045101485353618543,60.0,0.0,1.1199220633054585,1
2021-05-17 07:24:00+00:00,-1,0.0006307841149573168,2.5,1.2146307841149573,DC:1:2021-05-17 06:44:00+00:00,1.21322,1.21417,1.2137,1.21459,2021-05-17 06:24:00+00:00,2021-05-17 06:37:00+00:00,2021-05-17 06:44:00+00:00,2021-05-17 07:10:00+00:00,2021-05-17 06:56:00+00:00,2021-05-17 07:24:00+00:00,2.3986361180889957,0.7142857142850941,0.4947368421052287,0.936842105263212,0.0004078411495724487,840.0,0.0,1.5466416658019562,1
2021-05-18 09:12:00+00:00,-1,0.0006654348510006791,2.5,1.2219654348510007,DC:1:2021-05-18 08:36:00+00:00,1.2199799999999998,1.22164,1.22105,1.22191,2021-05-18 08:10:00+00:00,2021-05-18 08:31:00+00:00,2021-05-18 08:37:00+00:00,2021-05-18 08:55:00+00:00,2021-05-18 08:39:00+00:00,2021-05-18 09:12:00+00:00,3.713235720479972,0.5845070422537898,0.35542168674699604,0.5180722891566087,0.0005543485100065043,1020.0,0.0,1.2003907992697074,1
2021-05-19 01:28:00+00:00,1,0.0005461731439195816,2.5,1.2218538268560803,DC:-1:2021-05-19 01:05:00+00:00,1.22324,1.2221,1.22265,1.2219,2021-05-19 00:48:00+00:00,2021-05-19 01:02:00+00:00,2021-05-19 01:10:00+00:00,2021-05-19 01:24:00+00:00,2021-05-19 01:23:00+00:00,2021-05-19 01:28:00+00:00,3.0957058406419558,0.6951219512188088,0.4824561403508618,0.6578947368420489,0.0004617314391960413,240.0,1.0,1.182880561199317,-1
2021-05-20 07:52:00+00:00,-1,0.0005674094914520644,2.5,1.220157409491452,DC:1:2021-05-20 07:34:00+00:00,1.2182,1.21964,1.21912,1.22011,2021-05-20 07:00:00+00:00,2021-05-20 07:16:00+00:00,2021-05-20 07:34:00+00:00,2021-05-20 07:43:00+00:00,2021-05-20 07:39:00+00:00,2021-05-20 07:52:00+00:00,2.940373914667129,0.5806451612903053,0.3611111111111368,0.6874999999999807,0.00047409491451903596,540.0,1.0,1.1968267831509964,1
2021-05-20 11:36:00+00:00,-1,0.0005373029058868273,2.5,1.2201373029058868,DC:1:2021-05-20 10:48:00+00:00,1.2182,1.21966,1.2192,1.2201,2021-05-20 10:13:00+00:00,2021-05-20 10:44:00+00:00,2021-05-20 10:48:00+00:00,2021-05-20 11:23:00+00:00,2021-05-20 10:56:00+00:00,2021-05-20 11:36:00+00:00,3.6956093156677974,0.4679487179485884,0.3150684931506162,0.6164383561643085,0.00037302905886835803,780.0,0.0,1.4403781504765865,1
2021-05-20 18:33:00+00:00,-1,0.0004636328290572589,2.5,1.2222536328290572,DC:1:2021-05-20 18:13:00+00:00,1.221,1.22207,1.2217,1.22222,2021-05-20 17:31:00+00:00,2021-05-20 18:04:00+00:00,2021-05-20 18:13:00+00:00,2021-05-20 18:30:00+00:00,2021-05-20 18:20:00+00:00,2021-05-20 18:33:00+00:00,2.896341125610255,0.4514767932500924,0.34579439252337807,0.48598130841132936,0.00033632829057005266,180.0,1.0,1.3785127271673578,1
2021-05-21 00:42:00+00:00,-1,0.00044870147921227677,2.5,1.2237487014792123,DC:1:2021-05-21 00:17:00+00:00,1.2224,1.22367,1.2231,1.22371,2021-05-20 23:53:00+00:00,2021-05-21 00:15:00+00:00,2021-05-21 00:19:00+00:00,2021-05-21 00:29:00+00:00,2021-05-21 00:26:00+00:00,2021-05-21 00:42:00+00:00,4.066119424084509,0.5852534562223228,0.4488188976377264,0.4803149606298813,0.0003870147921218563,780.0,0.0,1.1593910319350214,1
2021-05-21 12:16:00+00:00,1,0.0009772478243614824,2.5,1.2180227521756386,DC:-1:2021-05-21 12:01:00+00:00,1.22214,1.21859,1.21937,1.2181,2021-05-21 11:32:00+00:00,2021-05-21 12:00:00+00:00,2021-05-21 12:03:00+00:00,2021-05-21 12:10:00+00:00,2021-05-21 12:09:00+00:00,2021-05-21 12:16:00+00:00,7.913323540931365,0.5848434925863725,0.21971830985915933,0.35774647887327465,0.0007724782436138638,360.0,1.0,1.2650813565824852,-1
2021-05-25 06:29:00+00:00,-1,0.0005541315689561177,2.5,1.223674131568956,DC:1:2021-05-25 06:23:00+00:00,1.222,1.2234,1.223,1.22363,2021-05-25 06:02:00+00:00,2021-05-25 06:21:00+00:00,2021-05-25 06:23:00+00:00,2021-05-25 06:24:00+00:00,2021-05-25 06:24:00+00:00,2021-05-25 06:29:00+00:00,3.617338422589054,0.642201834862134,0.2857142857142404,0.44999999999991275,0.0004413156895617139,300.0,1.0,1.2556353242424831,1
2021-05-31 07:46:00+00:00,-1,0.0005102440707955846,2.5,1.2201102440707956,DC:1:2021-05-31 07:15:00+00:00,1.21836,1.21961,1.219,1.22007,2021-05-31 06:45:00+00:00,2021-05-31 07:11:00+00:00,2021-05-31 07:20:00+00:00,2021-05-31 07:39:00+00:00,2021-05-31 07:24:00+00:00,2021-05-31 07:46:00+00:00,3.121439972948141,0.5144032921817314,0.4880000000000099,0.8559999999999417,0.00040244070795610195,420.0,0.0,1.2678739021879513,1
2021-05-31 20:56:00+00:00,-1,0.0008000204155111934,2.5,1.2231500204155112,DC:1:2021-05-31 15:03:00+00:00,1.2204,1.22276,1.2222,1.22308,2021-05-31 14:48:00+00:00,2021-05-31 15:00:00+00:00,2021-05-31 15:07:00+00:00,2021-05-31 15:48:00+00:00,2021-05-31 15:14:00+00:00,2021-05-31 20:56:00+00:00,5.2895840123210585,0.8309859154927607,0.23728813559325543,0.37288135593217786,0.0007002041551121747,18480.0,1.0,1.14255308208365,1
2021-06-01 14:48:00+00:00,-1,0.0009133102186889008,2.5,1.225493310218689,DC:1:2021-06-01 14:02:00+00:00,1.2217,1.22473,1.22403,1.2254200000000002,2021-06-01 13:19:00+00:00,2021-06-01 14:01:00+00:00,2021-06-01 14:02:00+00:00,2021-06-01 14:31:00+00:00,2021-06-01 14:12:00+00:00,2021-06-01 14:48:00+00:00,6.1836953154478875,0.48171701112893306,0.23102310231027215,0.4587458745875195,0.000733102186887372,1020.0,1.0,1.2458157062205224,1
2021-06-02 11:36:00+00:00,1,0.0005860153935448587,2.5,1.216443984606455,DC:-1:2021-06-02 11:17:00+00:00,1.21791,1.21669,1.21712,1.21649,2021-06-02 10:52:00+00:00,2021-06-02 11:14:00+00:00,2021-06-02 11:17:00+00:00,2021-06-02 11:30:00+00:00,2021-06-02 11:19:00+00:00,2021-06-02 11:36:00+00:00,2.945665174769158,0.4959349593490299,0.35245901639338595,0.5163934426228762,0.0004601539354516592,360.0,1.0,1.2735203339501193,-1
2021-06-02 19:17:00+00:00,1,0.0004131724242286694,2.5,1.2205868275757714,DC:-1:2021-06-02 18:56:00+00:00,1.22153,1.22069,1.22108,1.22062,2021-06-02 18:26:00+00:00,2021-06-02 18:44:00+00:00,2021-06-02 18:56:00+00:00,2021-06-02 19:06:00+00:00,2021-06-02 19:05:00+00:00,2021-06-02 19:17:00+00:00,2.5043784850629462,0.48275862069065406,0.46428571428561044,0.5476190476189658,0.00033172424228621814,660.0,0.0,1.2455297851646796,-1
2021-06-03 03:25:00+00:00,1,0.0003925036084615474,2.5,1.2201674963915385,DC:-1:2021-06-03 02:30:00+00:00,1.22115,1.2204,1.22076,1.2202,2021-06-03 01:40:00+00:00,2021-06-03 01:53:00+00:00,2021-06-03 02:30:00+00:00,2021-06-03 03:06:00+00:00,2021-06-03 02:34:00+00:00,2021-06-03 03:25:00+00:00,2.1832624668244556,0.5999999999988631,0.4800000000001658,0.7466666666667929,0.0003250360846135388,1140.0,0.0,1.2075693347347145,-1
2021-06-03 14:59:00+00:00,1,0.0007286719501216066,2.5,1.2129113280498784,DC:-1:2021-06-03 14:23:00+00:00,1.2149,1.21306,1.21395,1.21296,2021-06-03 14:05:00+00:00,2021-06-03 14:18:00+00:00,2021-06-03 14:26:00+00:00,2021-06-03 14:56:00+00:00,2021-06-03 14:52:00+00:00,2021-06-03 14:59:00+00:00,2.6356761174289103,0.9292929292931263,0.48369565217392746,0.5380434782608762,0.0004867195012164592,180.0,0.0,1.4971085980743222,-1
2021-06-07 01:52:00+00:00,1,0.000346613348575886,2.5,1.2159733866514242,DC:-1:2021-06-07 01:24:00+00:00,1.21706,1.2162,1.21654,1.216,2021-06-07 00:53:00+00:00,2021-06-07 01:12:00+00:00,2021-06-07 01:26:00+00:00,2021-06-07 01:46:00+00:00,2021-06-07 01:31:00+00:00,2021-06-07 01:52:00+00:00,3.114658689515858,0.6825396825386447,0.39534883720927233,0.627906976744108,0.0002661334857577111,360.0,0.0,1.3024041209584727,-1
2021-06-07 08:41:00+00:00,1,0.0005910294850000053,2.5,1.215218970515,DC:-1:2021-06-07 08:14:00+00:00,1.21675,1.2155,1.21605,1.21527,2021-06-07 08:00:00+00:00,2021-06-07 08:11:00+00:00,2021-06-07 08:14:00+00:00,2021-06-07 08:33:00+00:00,2021-06-07 08:24:00+00:00,2021-06-07 08:41:00+00:00,2.652032618479529,0.7396449704141989,0.44000000000004974,0.6240000000000157,0.0005102948499998717,480.0,1.0,1.1582117377828796,-1
2021-06-07 14:02:00+00:00,-1,0.0005667164725247087,2.5,1.2181567164725247,DC:1:2021-06-07 13:32:00+00:00,1.2161,1.2176,1.2169,1.21811,2021-06-07 13:05:00+00:00,2021-06-07 13:31:00+00:00,2021-06-07 13:41:00+00:00,2021-06-07 14:00:00+00:00,2021-06-07 13:42:00+00:00,2021-06-07 14:02:00+00:00,3.76535554420545,0.531914893617745,0.46666666666659756,0.8066666666665917,0.0004671647252454232,120.0,0.0,1.2130977402606467,1
2021-06-07 14:37:00+00:00,-1,0.0004835861566754307,2.5,1.2183835861566754,DC:1:2021-06-07 14:02:00+00:00,1.2169,1.21811,1.21759,1.21834,2021-06-07 13:41:00+00:00,2021-06-07 14:00:00+00:00,2021-06-07 14:02:00+00:00,2021-06-07 14:33:00+00:00,2021-06-07 14:14:00+00:00,2021-06-07 14:37:00+00:00,2.5900928186824563,0.542600896861184,0.4297520661157889,0.6198347107438593,0.000435861566753655,240.0,0.0,1.1094948340530084,1
2021-06-16 15:50:00+00:00,1,0.0005355738003258725,2.5,1.2112044261996742,DC:-1:2021-06-16 15:03:00+00:00,1.21268,1.21168,1.212,1.21124,2021-06-16 14:41:00+00:00,2021-06-16 15:01:00+00:00,2021-06-16 15:03:00+00:00,2021-06-16 15:45:00+00:00,2021-06-16 15:13:00+00:00,2021-06-16 15:50:00+00:00,3.451283794124986,0.4716981132071717,0.3199999999999112,0.7599999999999556,0.0003557380032593286,300.0,1.0,1.505528775162787,-1
2021-06-17 10:57:00+00:00,1,0.0006875753001061025,2.5,1.1925724246998939,DC:-1:2021-06-17 10:39:00+00:00,1.1951,1.19303,1.1937799999999998,1.19263,2021-06-17 10:04:00+00:00,2021-06-17 10:28:00+00:00,2021-06-17 10:39:00+00:00,2021-06-17 10:53:00+00:00,2021-06-17 10:43:00+00:00,2021-06-17 10:57:00+00:00,3.5686995248012945,0.5461741424799011,0.3623188405796138,0.5555555555554363,0.0005757530010623004,240.0,0.0,1.194219220459959,-1
2021-06-17 12:35:00+00:00,-1,0.00044973705872308756,2.5,1.1945997370587231,DC:1:2021-06-17 12:12:00+00:00,1.1929,1.19431,1.19361,1.19456,2021-06-17 11:44:00+00:00,2021-06-17 12:09:00+00:00,2021-06-17 12:14:00+00:00,2021-06-17 12:33:00+00:00,2021-06-17 12:31:00+00:00,2021-06-17 12:35:00+00:00,2.808038030084221,0.4592833876214374,0.4964539007091964,0.6737588652482739,0.00039737058723103173,120.0,1.0,1.1317824549042677,1
2021-06-20 22:24:00+00:00,-1,0.0005607366446480633,2.5,1.187520736644648,DC:1:2021-06-20 22:12:00+00:00,1.1862700000000002,1.1874,1.1869,1.18747,2021-06-20 22:00:00+00:00,2021-06-20 22:10:00+00:00,2021-06-20 22:12:00+00:00,2021-06-20 22:20:00+00:00,2021-06-20 22:20:00+00:00,2021-06-20 22:24:00+00:00,2.3906418486773893,0.7793103448264371,0.44247787610620337,0.5044247787610915,0.0005073664464806515,240.0,1.0,1.1051906339838085,1
2021-06-21 10:24:00+00:00,-1,0.0005477642665896454,2.5,1.1899477642665897,DC:1:2021-06-21 09:40:00+00:00,1.1886,1.18972,1.1892,1.1899,2021-06-21 09:22:00+00:00,2021-06-21 09:37:00+00:00,2021-06-21 09:40:00+00:00,2021-06-21 10:03:00+00:00,2021-06-21 10:00:00+00:00,2021-06-21 10:24:00+00:00,2.164095755581989,0.6511627906981218,0.46428571428577803,0.6249999999999256,0.0004776426658965711,1260.0,1.0,1.1468076570618975,1
2021-06-23 05:37:00+00:00,1,0.0002728310228934383,2.5,1.1915771689771066,DC:-1:2021-06-23 05:05:00+00:00,1.19224,1.1918,1.19201,1.1916,2021-06-23 04:51:00+00:00,2021-06-23 04:58:00+00:00,2021-06-23 05:05:00+00:00,2021-06-23 05:34:00+00:00,2021-06-23 05:26:00+00:00,2021-06-23 05:37:00+00:00,2.1316007636982968,0.7096774193572994,0.4772727272728305,0.9318181818182392,0.00022831022893255584,180.0,1.0,1.1950013110189388,-1
2021-06-25 07:30:00+00:00,1,0.00050197994687462,2.5,1.1936580200531255,DC:-1:2021-06-25 07:15:00+00:00,1.19492,1.1939,1.19432,1.1937,2021-06-25 06:47:00+00:00,2021-06-25 07:11:00+00:00,2021-06-25 07:15:00+00:00,2021-06-25 07:26:00+00:00,2021-06-25 07:22:00+00:00,2021-06-25 07:30:00+00:00,2.604132266871488,0.46363636363670496,0.41176470588242975,0.6078431372549532,0.0004197994687446151,240.0,1.0,1.195761272342151,-1
2021-06-27 21:07:00+00:00,1,0.00010825195191510595,2.5,1.1931517480480849,DC:-1:2021-06-27 21:04:00+00:00,1.1936,1.19319,1.1933,1.19316,2021-06-27 20:24:00+00:00,2021-06-27 21:03:00+00:00,2021-06-27 21:04:00+00:00,2021-06-27 21:06:00+00:00,2021-06-27 21:06:00+00:00,2021-06-27 21:07:00+00:00,20.579005475449595,1.0000000000032494,0.26829268292694813,0.34146341463419916,8.251951915049301e-05,60.0,1.0,1.3118344972137324,-1
2021-06-28 14:29:00+00:00,-1,0.0008120418349404357,2.5,1.1933720418349405,DC:1:2021-06-28 14:08:00+00:00,1.1912,1.1932,1.19229,1.1933,2021-06-28 13:43:00+00:00,2021-06-28 14:03:00+00:00,2021-06-28 14:15:00+00:00,2021-06-28 14:23:00+00:00,2021-06-28 14:19:00+00:00,2021-06-28 14:29:00+00:00,4.0540688228554345,0.5025125628129095,0.4549999999999828,0.5049999999999772,0.0007204183494055475,360.0,0.0,1.1271809436981877,1
2021-06-29 13:58:00+00:00,-1,0.0006612230085898396,2.5,1.1900212230085898,DC:1:2021-06-29 13:42:00+00:00,1.1879,1.18961,1.18914,1.18998,2021-06-29 13:09:00+00:00,2021-06-29 13:35:00+00:00,2021-06-29 13:42:00+00:00,2021-06-29 13:57:00+00:00,2021-06-29 13:48:00+00:00,2021-06-29 13:58:00+00:00,3.6679836534466483,0.5463258785957406,0.2748538011695572,0.49122807017538167,0.00041223008589839097,60.0,1.0,1.6040144356489836,1
2021-06-29 15:48:00+00:00,-1,0.0006692815478162029,2.5,1.1911592815478163,DC:1:2021-06-29 15:05:00+00:00,1.18892,1.19076,1.19009,1.1911,2021-06-29 14:52:00+00:00,2021-06-29 14:56:00+00:00,2021-06-29 15:06:00+00:00,2021-06-29 15:30:00+00:00,2021-06-29 15:21:00+00:00,2021-06-29 15:48:00+00:00,2.93793938769029,0.9999999999992759,0.364130434782568,0.5489130434782176,0.0005928154781618844,1080.0,1.0,1.128987977661132,1
2021-06-30 13:48:00+00:00,1,0.0007177875985111548,2.5,1.186452212401489,DC:-1:2021-06-30 13:32:00+00:00,1.18829,1.18685,1.18741,1.1865,2021-06-30 12:57:00+00:00,2021-06-30 13:19:00+00:00,2021-06-30 13:33:00+00:00,2021-06-30 13:41:00+00:00,2021-06-30 13:37:00+00:00,2021-06-30 13:48:00+00:00,2.8895733397074754,0.5760000000013855,0.3888888888889403,0.6319444444443738,0.00047787598511282676,420.0,0.0,1.5020373922780086,-1
2021-07-01 05:41:00+00:00,1,0.0004121026991517063,2.5,1.1837678973008483,DC:-1:2021-07-01 05:23:00+00:00,1.18495,1.18394,1.18419,1.1838,2021-07-01 04:49:00+00:00,2021-07-01 05:19:00+00:00,2021-07-01 05:23:00+00:00,2021-07-01 05:29:00+00:00,2021-07-01 05:27:00+00:00,2021-07-01 05:41:00+00:00,4.427650920655395,0.5179487179484867,0.24752475247534111,0.38613861386151455,0.00032102699151729966,720.0,1.0,1.28370109069006,-1
2021-07-01 11:33:00+00:00,-1,0.0005103381669340212,2.5,1.187210338166934,DC:1:2021-07-01 11:12:00+00:00,1.1849,1.18682,1.18629,1.18717,2021-07-01 10:15:00+00:00,2021-07-01 11:05:00+00:00,2021-07-01 11:12:00+00:00,2021-07-01 11:19:00+00:00,2021-07-01 11:14:00+00:00,2021-07-01 11:33:00+00:00,4.0812590222859315,0.4637681159436481,0.27604166666663593,0.4583333333333478,0.000403381669339704,840.0,1.0,1.2651496231085424,1
2021-07-01 13:49:00+00:00,1,0.0006908236877372076,2.5,1.1864491763122629,DC:-1:2021-07-01 13:21:00+00:00,1.18811,1.18692,1.18751,1.1865,2021-07-01 13:03:00+00:00,2021-07-01 13:16:00+00:00,2021-07-01 13:26:00+00:00,2021-07-01 13:42:00+00:00,2021-07-01 13:31:00+00:00,2021-07-01 13:49:00+00:00,2.4224830327759244,0.7300613496954453,0.49579831932779694,0.8487394957982645,0.0005082368773720006,420.0,1.0,1.3592553364276316,-1
2021-07-01 14:48:00+00:00,1,0.0006623175538873483,2.5,1.1857976824461127,DC:-1:2021-07-01 14:28:00+00:00,1.18775,1.18602,1.18682,1.18585,2021-07-01 14:02:00+00:00,2021-07-01 14:15:00+00:00,2021-07-01 14:28:00+00:00,2021-07-01 14:39:00+00:00,2021-07-01 14:35:00+00:00,2021-07-01 14:48:00+00:00,2.762459688229567,0.7972350230442506,0.4624277456646865,0.5606936416184451,0.0005231755388743811,540.0,0.0,1.2659566525459753,-1
2021-07-05 02:03:00+00:00,-1,0.0004051158670779209,2.5,1.186255115867078,DC:1:2021-07-05 01:38:00+00:00,1.18538,1.18621,1.1858,1.18622,2021-07-05 01:15:00+00:00,2021-07-05 01:29:00+00:00,2021-07-05 01:38:00+00:00,2021-07-05 01:59:00+00:00,2021-07-05 01:59:00+00:00,2021-07-05 02:03:00+00:00,2.485680287949563,0.5570469798681892,0.4939759036145513,0.5060240963857162,0.00035115867078031445,240.0,1.0,1.1536547458096575,1
2021-07-06 16:40:00+00:00,1,0.0006223384899211037,2.5,1.180817661510079,DC:-1:2021-07-06 16:06:00+00:00,1.18296,1.1813,1.18185,1.18087,2021-07-06 15:30:00+00:00,2021-07-06 16:01:00+00:00,2021-07-06 16:06:00+00:00,2021-07-06 16:37:00+00:00,2021-07-06 16:10:00+00:00,2021-07-06 16:40:00+00:00,3.160004902850284,0.5060975609761299,0.3313253012048507,0.5903614457831229,0.0005233848992125199,180.0,0.0,1.1890646651393049,-1
2021-07-07 00:23:00+00:00,1,0.00043594229923216155,2.5,1.1813640577007678,DC:-1:2021-07-07 00:05:00+00:00,1.18246,1.18174,1.18209,1.1814,2021-07-06 23:45:00+00:00,2021-07-07 00:02:00+00:00,2021-07-07 00:07:00+00:00,2021-07-07 00:20:00+00:00,2021-07-07 00:17:00+00:00,2021-07-07 00:23:00+00:00,2.331306476227422,0.4500000000010825,0.4861111111111754,0.9583333333333719,0.00035942299232184495,180.0,1.0,1.2128948579944976,-1
2021-07-08 11:31:00+00:00,-1,0.0006530227035881353,2.5,1.1845730227035882,DC:1:2021-07-08 11:03:00+00:00,1.18239,1.18408,1.18336,1.18452,2021-07-08 10:26:00+00:00,2021-07-08 10:53:00+00:00,2021-07-08 11:06:00+00:00,2021-07-08 11:12:00+00:00,2021-07-08 11:08:00+00:00,2021-07-08 11:31:00+00:00,3.9409959825378746,0.6101083032487086,0.4260355029586195,0.6863905325444207,0.0005302270358827357,1140.0,0.0,1.2315907326395876,1
2021-07-08 16:51:00+00:00,1,0.0006259549104552509,2.5,1.183544045089545,DC:-1:2021-07-08 15:46:00+00:00,1.18593,1.18375,1.18443,1.1836,2021-07-08 15:13:00+00:00,2021-07-08 15:36:00+00:00,2021-07-08 15:54:00+00:00,2021-07-08 16:07:00+00:00,2021-07-08 16:02:00+00:00,2021-07-08 16:51:00+00:00,4.044807791919215,0.5706806282720557,0.3119266055046152,0.3807339449542046,0.0005595491045517148,2640.0,0.0,1.1186773517522421,-1
2021-07-09 15:38:00+00:00,1,0.0006521581177683089,2.5,1.1854478418822316,DC:-1:2021-07-09 15:18:00+00:00,1.18738,1.18589,1.18646,1.1855,2021-07-09 14:54:00+00:00,2021-07-09 15:05:00+00:00,2021-07-09 15:20:00+00:00,2021-07-09 15:31:00+00:00,2021-07-09 15:22:00+00:00,2021-07-09 15:38:00+00:00,3.296912315554444,0.7801047120409415,0.3825503355704448,0.6442953020134748,0.0005215811776829749,420.0,0.0,1.2503482596235493,-1
2021-07-12 07:57:00+00:00,-1,0.0006793615524265384,2.5,1.1877793615524266,DC:1:2021-07-12 07:21:00+00:00,1.1859,1.18715,1.18671,1.18773,2021-07-12 07:02:00+00:00,2021-07-12 07:17:00+00:00,2021-07-12 07:21:00+00:00,2021-07-12 07:51:00+00:00,2021-07-12 07:29:00+00:00,2021-07-12 07:57:00+00:00,2.8866231341673316,0.6684491978608552,0.35200000000000425,0.8160000000000341,0.000493615524266103,360.0,1.0,1.3762969741208984,1
2021-07-12 12:47:00+00:00,-1,0.0005730364366485219,2.5,1.1856730364366486,DC:1:2021-07-12 12:27:00+00:00,1.1836,1.1854,1.185,1.18563,2021-07-12 11:59:00+00:00,2021-07-12 12:20:00+00:00,2021-07-12 12:27:00+00:00,2021-07-12 12:38:00+00:00,2021-07-12 12:32:00+00:00,2021-07-12 12:47:00+00:00,4.508739980328632,0.5844155844154711,0.22222222222219482,0.34999999999994447,0.0004303643664851697,540.0,1.0,1.3315145984984067,1
2021-07-13 14:46:00+00:00,-1,0.0008875155889644937,2.5,1.1832475155889646,DC:1:2021-07-13 14:09:00+00:00,1.18029,1.18239,1.18134,1.18317,2021-07-13 13:43:00+00:00,2021-07-13 13:51:00+00:00,2021-07-13 14:09:00+00:00,2021-07-13 14:29:00+00:00,2021-07-13 14:17:00+00:00,2021-07-13 14:46:00+00:00,2.3114610980220838,0.8898305084734313,0.5,0.8714285714285744,0.000775155889644992,1020.0,0.0,1.1449511005727642,1
2021-07-15 07:50:00+00:00,1,0.0006060260311295806,2.5,1.1825639739688705,DC:-1:2021-07-15 07:03:00+00:00,1.18452,1.1831,1.18366,1.18261,2021-07-15 06:40:00+00:00,2021-07-15 06:59:00+00:00,2021-07-15 07:03:00+00:00,2021-07-15 07:45:00+00:00,2021-07-15 07:16:00+00:00,2021-07-15 07:50:00+00:00,2.9691448159922587,0.7244897959195187,0.39436619718303034,0.7394366197183186,0.0004602603112937044,300.0,1.0,1.3167027794035868,-1
2021-07-16 09:25:00+00:00,-1,0.0005374908587418847,2.5,1.1820374908587419,DC:1:2021-07-16 09:05:00+00:00,1.18056,1.1817799999999998,1.1813,1.18199,2021-07-16 08:37:00+00:00,2021-07-16 08:59:00+00:00,2021-07-16 09:05:00+00:00,2021-07-16 09:19:00+00:00,2021-07-16 09:16:00+00:00,2021-07-16 09:25:00+00:00,2.6780288357248634,0.5258620689668076,0.3934426229507391,0.5655737704919719,0.0004749085874178193,360.0,1.0,1.1317775104138226,1
2021-07-16 11:20:00+00:00,1,0.00041685034003924315,2.5,1.1798631496599608,DC:-1:2021-07-16 10:42:00+00:00,1.1820700000000002,1.18019,1.18065,1.1799,2021-07-16 09:57:00+00:00,2021-07-16 10:33:00+00:00,2021-07-16 10:42:00+00:00,2021-07-16 11:17:00+00:00,2021-07-16 10:48:00+00:00,2021-07-16 11:20:00+00:00,4.305896182316994,0.537142857142503,0.24468085106376572,0.39893617021275907,0.00036850340039242083,180.0,0.0,1.1311980828272885,-1
2021-07-20 11:32:00+00:00,1,0.0006155139214325533,2.5,1.1775544860785676,DC:-1:2021-07-20 11:10:00+00:00,1.1797,1.1778,1.17838,1.1776,2021-07-20 10:23:00+00:00,2021-07-20 11:01:00+00:00,2021-07-20 11:15:00+00:00,2021-07-20 11:27:00+00:00,2021-07-20 11:23:00+00:00,2021-07-20 11:32:00+00:00,3.6221631571950446,0.49479166666663293,0.3052631578947479,0.41052631578947246,0.0004551392143240646,300.0,0.0,1.352364072488599,-1
2021-07-20 12:47:00+00:00,1,0.0006095654489990388,2.5,1.1765104345510011,DC:-1:2021-07-20 12:36:00+00:00,1.17913,1.17659,1.17721,1.17656,2021-07-20 11:52:00+00:00,2021-07-20 12:22:00+00:00,2021-07-20 12:38:00+00:00,2021-07-20 12:42:00+00:00,2021-07-20 12:41:00+00:00,2021-07-20 12:47:00+00:00,4.67193830559361,0.496093749999157,0.24409448818900323,0.2559055118110405,0.0004956544899896366,300.0,0.0,1.2298192819998137,-1
2021-07-20 13:59:00+00:00,-1,0.0007033483846246025,2.5,1.1775033483846247,DC:1:2021-07-20 13:54:00+00:00,1.17565,1.1774,1.1767,1.17744,2021-07-20 13:33:00+00:00,2021-07-20 13:50:00+00:00,2021-07-20 13:54:00+00:00,2021-07-20 13:57:00+00:00,2021-07-20 13:57:00+00:00,2021-07-20 13:59:00+00:00,3.3676069529642136,0.5892255892260186,0.3999999999999746,0.42285714285714143,0.0006334838462455922,120.0,1.0,1.1102862192825749,1
2021-07-20 18:47:00+00:00,-1,0.0004335263052790417,2.5,1.1786235263052791,DC:1:2021-07-20 18:14:00+00:00,1.1776,1.17835,1.178,1.17859,2021-07-20 17:50:00+00:00,2021-07-20 18:11:00+00:00,2021-07-20 18:14:00+00:00,2021-07-20 18:33:00+00:00,2021-07-20 18:26:00+00:00,2021-07-20 18:47:00+00:00,2.2926529802229143,0.47770700637131486,0.4666666666667456,0.7866666666667574,0.00033526305279058845,840.0,1.0,1.2930929956956225,1
2021-07-21 12:26:00+00:00,1,0.0003627899906217813,2.5,1.176467210009378,DC:-1:2021-07-21 12:11:00+00:00,1.17775,1.1767,1.1772,1.1765,2021-07-21 11:39:00+00:00,2021-07-21 12:05:00+00:00,2021-07-21 12:16:00+00:00,2021-07-21 12:22:00+00:00,2021-07-21 12:20:00+00:00,2021-07-21 12:26:00+00:00,2.724630055604794,0.4585152838445016,0.4761904761904258,0.6666666666665961,0.0003278999062201671,240.0,1.0,1.1064046794151488,-1
2021-07-22 09:47:00+00:00,-1,0.0004389447597050733,2.5,1.179938944759705,DC:1:2021-07-22 09:05:00+00:00,1.178,1.1796799999999998,1.1792,1.1799,2021-07-22 08:25:00+00:00,2021-07-22 08:45:00+00:00,2021-07-22 09:05:00+00:00,2021-07-22 09:38:00+00:00,2021-07-22 09:36:00+00:00,2021-07-22 09:47:00+00:00,3.7394009379139104,0.5874125874136309,0.28571428571419133,0.41666666666664465,0.0003894475970503802,540.0,1.0,1.1270958224664307,1
2021-07-26 14:34:00+00:00,-1,0.0007264236533601753,2.5,1.1816264236533602,DC:1:2021-07-26 13:53:00+00:00,1.1779,1.1811,1.18019,1.18157,2021-07-26 13:05:00+00:00,2021-07-26 13:41:00+00:00,2021-07-26 14:05:00+00:00,2021-07-26 14:19:00+00:00,2021-07-26 14:09:00+00:00,2021-07-26 14:34:00+00:00,6.761672498135357,0.5498281786955224,0.28437499999998134,0.4312499999999679,0.0005642365336028358,900.0,0.0,1.2874452647043633,1
2021-07-28 06:54:00+00:00,1,0.00048235394082274397,2.5,1.180347646059177,DC:-1:2021-07-28 06:45:00+00:00,1.1819,1.1806,1.1811200000000002,1.18039,2021-07-28 06:19:00+00:00,2021-07-28 06:42:00+00:00,2021-07-28 06:45:00+00:00,2021-07-28 06:49:00+00:00,2021-07-28 06:47:00+00:00,2021-07-28 06:54:00+00:00,4.123922955566286,0.5652173913047298,0.4000000000001025,0.5615384615386153,0.00042353940823039866,300.0,0.0,1.1388643688153597,-1
2021-07-28 15:21:00+00:00,-1,0.0006309523425171992,2.5,1.1808209523425173,DC:1:2021-07-28 14:59:00+00:00,1.1787,1.18038,1.1797,1.18077,2021-07-28 14:24:00+00:00,2021-07-28 14:55:00+00:00,2021-07-28 15:03:00+00:00,2021-07-28 15:16:00+00:00,2021-07-28 15:04:00+00:00,2021-07-28 15:21:00+00:00,3.8393095657204492,0.49704142011780134,0.40476190476193624,0.6369047619048737,0.0005095234251708095,300.0,0.0,1.238318615686183,1
2021-08-02 01:57:00+00:00,1,0.00037223108328299226,2.5,1.185967768916717,DC:-1:2021-08-02 01:41:00+00:00,1.18689,1.1861,1.18646,1.186,2021-08-02 01:15:00+00:00,2021-08-02 01:38:00+00:00,2021-08-02 01:41:00+00:00,2021-08-02 01:49:00+00:00,2021-08-02 01:47:00+00:00,2021-08-02 01:57:00+00:00,2.856659872247068,0.5231788079496386,0.4556962025317808,0.5822784810127685,0.0003223108328294395,480.0,0.0,1.154882322804116,-1
2021-08-03 07:57:00+00:00,-1,0.0005407726818114078,2.5,1.1884207726818112,DC:1:2021-08-03 07:34:00+00:00,1.1872,1.18818,1.18775,1.18838,2021-08-03 07:14:00+00:00,2021-08-03 07:28:00+00:00,2021-08-03 07:34:00+00:00,2021-08-03 07:51:00+00:00,2021-08-03 07:37:00+00:00,2021-08-03 07:57:00+00:00,2.6348591770769874,0.5975609756103604,0.4387755102040192,0.642857142857062,0.0004077268181122952,360.0,0.0,1.3263112892968187,1
2021-08-03 15:37:00+00:00,1,0.0004614750651210642,2.5,1.185428524934879,DC:-1:2021-08-03 15:03:00+00:00,1.18688,1.18581,1.18629,1.18547,2021-08-03 14:50:00+00:00,2021-08-03 14:59:00+00:00,2021-08-03 15:03:00+00:00,2021-08-03 15:24:00+00:00,2021-08-03 15:13:00+00:00,2021-08-03 15:37:00+00:00,2.2640560221476504,0.9469026548672949,0.4485981308411952,0.7663551401870244,0.0004147506512091139,780.0,1.0,1.1126566378515275,-1
2021-08-04 15:57:00+00:00,1,0.0009337017943376047,2.5,1.1832262982056625,DC:-1:2021-08-04 14:34:00+00:00,1.18724,1.1837,1.18488,1.1833,2021-08-04 14:05:00+00:00,2021-08-04 14:28:00+00:00,2021-08-04 14:43:00+00:00,2021-08-04 15:19:00+00:00,2021-08-04 15:10:00+00:00,2021-08-04 15:57:00+00:00,5.102457485611019,0.5860927152315846,0.33333333333331244,0.44632768361578273,0.0007370179433760859,2280.0,0.0,1.2668643996108992,-1
2021-08-06 18:25:00+00:00,-1,0.0004111694096260443,2.5,1.176311169409626,DC:1:2021-08-06 17:31:00+00:00,1.1753,1.1760700000000002,1.1757,1.17628,2021-08-06 16:58:00+00:00,2021-08-06 17:20:00+00:00,2021-08-06 17:31:00+00:00,2021-08-06 18:16:00+00:00,2021-08-06 17:38:00+00:00,2021-08-06 18:25:00+00:00,2.4965428220474415,0.5238095238066754,0.4805194805196453,0.7532467532466297,0.00031169409626069294,540.0,0.0,1.3191440407717983,1
2021-08-08 23:28:00+00:00,1,0.0004765651059599474,2.5,1.1740534348940401,DC:-1:2021-08-08 23:13:00+00:00,1.17534,1.17446,1.17484,1.17409,2021-08-08 23:02:00+00:00,2021-08-08 23:11:00+00:00,2021-08-08 23:20:00+00:00,2021-08-08 23:26:00+00:00,2021-08-08 23:22:00+00:00,2021-08-08 23:28:00+00:00,4.120628931925753,0.8301886792460972,0.43181818181823917,0.8522727272727674,0.00036565105959954593,120.0,0.0,1.3033330369174163,-1
2021-08-09 08:49:00+00:00,-1,0.0005942246681522878,2.5,1.1764342246681523,DC:1:2021-08-09 08:33:00+00:00,1.17507,1.17611,1.1757,1.17639,2021-08-09 08:18:00+00:00,2021-08-09 08:28:00+00:00,2021-08-09 08:33:00+00:00,2021-08-09 08:40:00+00:00,2021-08-09 08:36:00+00:00,2021-08-09 08:49:00+00:00,2.8031779255506932,1.0000000000002136,0.39423076923081646,0.6634615384616596,0.00044224668152292857,540.0,1.0,1.3436498067232638,1
2021-08-09 12:08:00+00:00,-1,0.00045395975031969904,2.5,1.1765439597503198,DC:1:2021-08-09 11:37:00+00:00,1.1753,1.17638,1.1759,1.17651,2021-08-09 10:58:00+00:00,2021-08-09 11:29:00+00:00,2021-08-09 11:37:00+00:00,2021-08-09 12:03:00+00:00,2021-08-09 11:53:00+00:00,2021-08-09 12:08:00+00:00,3.167442628742653,0.4655172413790991,0.4444444444444901,0.5648148148148301,0.0003395975031984164,300.0,0.0,1.3367582094808992,1
2021-08-10 13:14:00+00:00,1,0.00044795440002332043,2.5,1.1711620455999767,DC:-1:2021-08-10 13:03:00+00:00,1.17246,1.1716,1.17201,1.1712,2021-08-10 12:40:00+00:00,2021-08-10 13:00:00+00:00,2021-08-10 13:03:00+00:00,2021-08-10 13:12:00+00:00,2021-08-10 13:08:00+00:00,2021-08-10 13:14:00+00:00,2.3995279268896117,0.4623655913986184,0.4767441860464906,0.941860465116162,0.00037954400023390567,120.0,1.0,1.1802436601481112,-1
2021-08-13 15:01:00+00:00,-1,0.0005894181042012114,2.5,1.1795594181042013,DC:1:2021-08-13 14:27:00+00:00,1.17629,1.17907,1.17823,1.17951,2021-08-13 13:57:00+00:00,2021-08-13 14:22:00+00:00,2021-08-13 14:28:00+00:00,2021-08-13 14:56:00+00:00,2021-08-13 14:45:00+00:00,2021-08-13 15:01:00+00:00,5.625554140558874,0.6177777777772677,0.30215827338127715,0.4604316546762395,0.0004941810420112867,300.0,0.0,1.1927169480284303,1
2021-08-16 00:00:00+00:00,1,0.0003196391199535853,2.5,1.1790803608800464,DC:-1:2021-08-15 23:08:00+00:00,1.18005,1.17919,1.17956,1.1791,2021-08-15 22:02:00+00:00,2021-08-15 22:30:00+00:00,2021-08-15 23:12:00+00:00,2021-08-15 23:55:00+00:00,2021-08-15 23:22:00+00:00,2021-08-16 00:00:00+00:00,2.762797843081143,0.5308641975288928,0.4302325581394718,0.5348837209300704,0.0001963911995353798,300.0,0.0,1.6275633567582666,-1
2021-08-16 03:46:00+00:00,1,0.0002940977820256041,2.5,1.1787759022179745,DC:-1:2021-08-16 03:30:00+00:00,1.17981,1.179,1.1792200000000002,1.1788,2021-08-16 02:52:00+00:00,2021-08-16 03:23:00+00:00,2021-08-16 03:30:00+00:00,2021-08-16 03:41:00+00:00,2021-08-16 03:36:00+00:00,2021-08-16 03:46:00+00:00,3.7233194259907756,0.4792899408304128,0.2716049382717471,0.5185185185186404,0.00024097782025640256,300.0,1.0,1.2204350662342345,-1
2021-08-16 07:01:00+00:00,1,0.0004475556382579349,2.5,1.1781524443617422,DC:-1:2021-08-16 06:46:00+00:00,1.17924,1.17839,1.17876,1.17819,2021-08-16 06:32:00+00:00,2021-08-16 06:40:00+00:00,2021-08-16 06:46:00+00:00,2021-08-16 06:53:00+00:00,2021-08-16 06:53:00+00:00,2021-08-16 07:01:00+00:00,2.350918848448187,0.8252427184437031,0.4352941176470281,0.6705882352940562,0.00037555638257850943,480.0,1.0,1.1917135722340548,-1
2021-08-17 16:04:00+00:00,1,0.0006588784029031292,2.5,1.170951121597097,DC:-1:2021-08-17 14:44:00+00:00,1.17295,1.17143,1.17208,1.171,2021-08-17 14:26:00+00:00,2021-08-17 14:41:00+00:00,2021-08-17 14:48:00+00:00,2021-08-17 15:43:00+00:00,2021-08-17 14:56:00+00:00,2021-08-17 16:04:00+00:00,3.5609746925983217,0.6440677966102987,0.427631578947404,0.7105263157894698,0.0004887840290315592,1260.0,0.0,1.3479949502617392,-1
2021-08-18 06:59:00+00:00,-1,0.00042482369044982704,2.5,1.1723648236904498,DC:1:2021-08-18 06:40:00+00:00,1.17128,1.17201,1.1717,1.17233,2021-08-18 06:17:00+00:00,2021-08-18 06:35:00+00:00,2021-08-18 06:40:00+00:00,2021-08-18 06:54:00+00:00,2021-08-18 06:45:00+00:00,2021-08-18 06:59:00+00:00,2.4556457405402052,0.48993288590466005,0.4246575342466795,0.863013698630437,0.0003482369044974922,300.0,1.0,1.219927253439293,1
2021-08-23 03:03:00+00:00,-1,0.0009974042371965197,2.5,1.1725574042371965,DC:1:2021-08-23 02:24:00+00:00,1.17,1.17233,1.1712,1.17247,2021-08-23 02:01:00+00:00,2021-08-23 02:10:00+00:00,2021-08-23 02:24:00+00:00,2021-08-23 02:59:00+00:00,2021-08-23 02:59:00+00:00,2021-08-23 03:03:00+00:00,2.0754093795076622,0.5959079283891491,0.48497854077253016,0.5450643776823143,0.0008740423719646992,240.0,1.0,1.141139456379585,1
2021-08-26 14:55:00+00:00,1,0.0013411548498396542,2.5,1.1745788451501604,DC:-1:2021-08-26 14:16:00+00:00,1.18,1.17527,1.1770200000000002,1.1747,2021-08-26 14:01:00+00:00,2021-08-26 14:02:00+00:00,2021-08-26 14:19:00+00:00,2021-08-26 14:49:00+00:00,2021-08-26 14:44:00+00:00,2021-08-26 14:55:00+00:00,2.9755214545345656,1.0000000000002816,0.3699788583509888,0.49048625792814976,0.0012115484983970565,360.0,1.0,1.1069757848027328,-1
2021-08-27 14:58:00+00:00,-1,0.0020319994947926023,2.5,1.1806419994947925,DC:1:2021-08-27 14:04:00+00:00,1.1736,1.18,1.1782700000000002,1.1805,2021-08-27 13:15:00+00:00,2021-08-27 14:01:00+00:00,2021-08-27 14:05:00+00:00,2021-08-27 14:45:00+00:00,2021-08-27 14:13:00+00:00,2021-08-27 14:58:00+00:00,5.872046854127557,0.45007032348855147,0.27031249999996837,0.34843749999999496,0.0014199949479249915,780.0,0.0,1.430990650890639,1
2021-09-06 15:02:00+00:00,1,0.0012489902332795122,2.5,1.1856910097667206,DC:-1:2021-09-06 13:02:00+00:00,1.19,1.1859,1.18765,1.1858,2021-09-06 10:01:00+00:00,2021-09-06 10:12:00+00:00,2021-09-06 13:16:00+00:00,2021-09-06 14:56:00+00:00,2021-09-06 13:22:00+00:00,2021-09-06 15:02:00+00:00,2.903921698823091,0.6788079470188131,0.42682926829271794,0.4512195121951543,0.0010899023327935187,360.0,0.0,1.1459652811993133,-1
2021-09-07 14:44:00+00:00,1,0.0015251075845386097,2.5,1.1838748924154614,DC:-1:2021-09-07 13:40:00+00:00,1.19,1.18429,1.18638,1.18399,2021-09-07 13:01:00+00:00,2021-09-07 13:28:00+00:00,2021-09-07 13:42:00+00:00,2021-09-07 14:33:00+00:00,2021-09-07 14:06:00+00:00,2021-09-07 14:44:00+00:00,3.7371469797964934,0.47942905121758495,0.3660245183887861,0.41856392294219646,0.0011510758453867611,660.0,0.0,1.3249410024985573,-1
2021-09-13 15:45:00+00:00,-1,0.0010074981543466421,2.5,1.1821074981543467,DC:1:2021-09-13 15:19:00+00:00,1.1793,1.18134,1.18036,1.18203,2021-09-13 14:34:00+00:00,2021-09-13 14:59:00+00:00,2021-09-13 15:19:00+00:00,2021-09-13 15:33:00+00:00,2021-09-13 15:27:00+00:00,2021-09-13 15:45:00+00:00,2.137626644404658,0.45535714285669676,0.4803921568627259,0.8186274509802961,0.0007749815434667559,720.0,0.0,1.3000285785384778,1
2021-09-14 13:19:00+00:00,-1,0.0014377579227633497,2.5,1.1852377579227633,DC:1:2021-09-14 12:38:00+00:00,1.18099,1.1842700000000002,1.18278,1.18511,2021-09-14 12:25:00+00:00,2021-09-14 12:35:00+00:00,2021-09-14 12:38:00+00:00,2021-09-14 12:57:00+00:00,2021-09-14 12:56:00+00:00,2021-09-14 13:19:00+00:00,3.4853601014397437,0.7068965517254977,0.4542682926829681,0.7103658536585498,0.0012775792276312303,1320.0,1.0,1.125376721590181,1
2021-09-19 21:05:00+00:00,1,0.0001773475263768809,2.5,1.1725226524736232,DC:-1:2021-09-19 21:03:00+00:00,1.17297,1.1726,1.1727299999999998,1.17253,2021-09-19 21:01:00+00:00,2021-09-19 21:02:00+00:00,2021-09-19 21:03:00+00:00,2021-09-19 21:04:00+00:00,2021-09-19 21:04:00+00:00,2021-09-19 21:05:00+00:00,36.46423811991955,0.9999999999993999,0.35135135135067014,0.540540540539908,7.347526376902719e-05,60.0,1.0,2.4137038409876395,-1
2021-09-21 14:30:00+00:00,1,0.0005740219770304922,2.5,1.1717559780229696,DC:-1:2021-09-21 14:15:00+00:00,1.17334,1.17214,1.17268,1.1718,2021-09-21 13:50:00+00:00,2021-09-21 14:10:00+00:00,2021-09-21 14:15:00+00:00,2021-09-21 14:26:00+00:00,2021-09-21 14:19:00+00:00,2021-09-21 14:30:00+00:00,3.062468867229318,0.6741573033748302,0.4499999999999537,0.7333333333332717,0.0004402197703025468,240.0,0.0,1.3039441109970777,-1
2021-10-03 23:12:00+00:00,-1,0.0006980534667651028,2.5,1.161488053466765,DC:1:2021-10-03 23:03:00+00:00,1.16,1.16117,1.1607,1.16144,2021-10-03 23:01:00+00:00,2021-10-03 23:02:00+00:00,2021-10-03 23:03:00+00:00,2021-10-03 23:11:00+00:00,2021-10-03 23:08:00+00:00,2021-10-03 23:12:00+00:00,3.7365406634899108,0.9999999999984818,0.40170940170933683,0.6324786324785384,0.00048053466764962717,60.0,0.0,1.4526599510070632,1
2021-10-20 08:51:00+00:00,-1,0.00040186174531986474,2.5,1.16300186174532,DC:1:2021-10-20 08:18:00+00:00,1.16174,1.1626299999999998,1.16223,1.16297,2021-10-20 07:41:00+00:00,2021-10-20 08:05:00+00:00,2021-10-20 08:19:00+00:00,2021-10-20 08:36:00+00:00,2021-10-20 08:24:00+00:00,2021-10-20 08:51:00+00:00,2.6659454465957215,0.4708994708968521,0.44943820224697517,0.8314606741574155,0.00031861745319877434,900.0,1.0,1.261267207070283,1
2021-10-20 20:52:00+00:00,1,0.000367671232992528,2.5,1.1646723287670075,DC:-1:2021-10-20 19:31:00+00:00,1.16577,1.1649,1.16531,1.1647,2021-10-20 18:57:00+00:00,2021-10-20 19:24:00+00:00,2021-10-20 19:35:00+00:00,2021-10-20 20:31:00+00:00,2021-10-20 19:55:00+00:00,2021-10-20 20:52:00+00:00,2.4159014566840664,0.46524064171554524,0.4712643678161565,0.701149425287415,0.00027671232992540647,1260.0,0.0,1.3287128661438448,-1
2021-10-21 02:56:00+00:00,-1,0.00043354119506155975,2.5,1.1666235411950616,DC:1:2021-10-21 01:47:00+00:00,1.1654,1.16625,1.1659,1.16659,2021-10-21 01:31:00+00:00,2021-10-21 01:41:00+00:00,2021-10-21 01:47:00+00:00,2021-10-21 02:47:00+00:00,2021-10-21 02:13:00+00:00,2021-10-21 02:56:00+00:00,2.434289078684036,0.7657657657629093,0.41176470588242975,0.8117647058824298,0.00033541195061691535,540.0,1.0,1.2925633516162962,1
2021-10-21 19:21:00+00:00,1,0.0004491079133850384,2.5,1.162050892086615,DC:-1:2021-10-21 18:18:00+00:00,1.1639700000000002,1.1624,1.16275,1.16209,2021-10-21 17:35:00+00:00,2021-10-21 18:03:00+00:00,2021-10-21 18:20:00+00:00,2021-10-21 19:14:00+00:00,2021-10-21 18:29:00+00:00,2021-10-21 19:21:00+00:00,4.840913033003222,0.4890965732072324,0.22292993630562707,0.42038216560500186,0.00039107913384954426,420.0,1.0,1.1483811702360447,-1
2021-10-22 15:52:00+00:00,1,0.0007063581118960105,2.5,1.162593641888104,DC:-1:2021-10-22 15:29:00+00:00,1.16538,1.16277,1.16353,1.16265,2021-10-22 15:12:00+00:00,2021-10-22 15:23:00+00:00,2021-10-22 15:30:00+00:00,2021-10-22 15:43:00+00:00,2021-10-22 15:34:00+00:00,2021-10-22 15:52:00+00:00,5.786644064641851,0.8907849829353939,0.2911877394635523,0.33716475095785114,0.000563581118959005,540.0,1.0,1.2533388506710976,-1
2021-10-27 09:20:00+00:00,1,0.00048628326101796127,2.5,1.1590637167389821,DC:-1:2021-10-27 08:42:00+00:00,1.16052,1.15929,1.15985,1.1591,2021-10-27 08:26:00+00:00,2021-10-27 08:33:00+00:00,2021-10-27 08:44:00+00:00,2021-10-27 09:09:00+00:00,2021-10-27 09:00:00+00:00,2021-10-27 09:20:00+00:00,2.8603389337532277,0.9999999999945843,0.4552845528455989,0.6097560975609668,0.0003628326101792497,660.0,0.0,1.3402413327118625,-1
2021-10-28 13:33:00+00:00,-1,0.0015495088554848824,2.5,1.1646795088554849,DC:1:2021-10-28 12:48:00+00:00,1.15906,1.16356,1.16196,1.16457,2021-10-28 12:35:00+00:00,2021-10-28 12:47:00+00:00,2021-10-28 12:50:00+00:00,2021-10-28 13:23:00+00:00,2021-10-28 12:58:00+00:00,2021-10-28 13:33:00+00:00,5.995916111996503,0.9297520661154018,0.3555555555555205,0.580000000000007,0.00109508855484801,600.0,0.0,1.4149621495221842,1
2021-10-28 14:58:00+00:00,-1,0.0008870730827463813,2.5,1.1686670730827462,DC:1:2021-10-28 14:41:00+00:00,1.16294,1.1681700000000002,1.1669,1.1686,2021-10-28 13:34:00+00:00,2021-10-28 14:21:00+00:00,2021-10-28 14:43:00+00:00,2021-10-28 14:57:00+00:00,2021-10-28 14:47:00+00:00,2021-10-28 14:58:00+00:00,5.425875358676805,0.6263473053892237,0.24282982791588678,0.32504780114723,0.0006707308274606491,60.0,0.0,1.32254705826597,1
2021-10-29 07:38:00+00:00,-1,0.0005991148765325249,2.5,1.1675991148765326,DC:1:2021-10-29 07:22:00+00:00,1.1657,1.16748,1.1667,1.16755,2021-10-29 06:52:00+00:00,2021-10-29 07:16:00+00:00,2021-10-29 07:24:00+00:00,2021-10-29 07:35:00+00:00,2021-10-29 07:31:00+00:00,2021-10-29 07:38:00+00:00,4.461825638267474,0.5493827160449154,0.4382022471909846,0.4775280898876194,0.0004911487653247055,180.0,0.0,1.2198236437313275,1
2021-10-31 21:19:00+00:00,-1,0.00021842510878689048,2.5,1.156308425108787,DC:1:2021-10-31 21:14:00+00:00,1.15579,1.15619,1.15601,1.15629,2021-10-31 21:09:00+00:00,2021-10-31 21:11:00+00:00,2021-10-31 21:14:00+00:00,2021-10-31 21:16:00+00:00,2021-10-31 21:16:00+00:00,2021-10-31 21:19:00+00:00,3.3896893774569725,1.0000000000022204,0.45000000000022206,0.700000000000222,0.0001842510878683102,180.0,1.0,1.1854752735191745,1
2021-11-02 17:18:00+00:00,1,0.0006071319885958548,2.5,1.1574528680114042,DC:-1:2021-11-02 16:24:00+00:00,1.15908,1.15785,1.1584299999999998,1.1575,2021-11-02 15:45:00+00:00,2021-11-02 16:02:00+00:00,2021-11-02 16:24:00+00:00,2021-11-02 16:50:00+00:00,2021-11-02 16:34:00+00:00,2021-11-02 17:18:00+00:00,2.546107657224258,0.6871508379862363,0.4715447154469695,0.7560975609754689,0.0004713198859575273,1680.0,0.0,1.2881527104726622,-1
2021-11-03 19:59:00+00:00,-1,0.0010018315266069333,2.5,1.161601831526607,DC:1:2021-11-03 19:03:00+00:00,1.15755,1.1614,1.15967,1.16152,2021-11-03 18:37:00+00:00,2021-11-03 18:54:00+00:00,2021-11-03 19:28:00+00:00,2021-11-03 19:48:00+00:00,2021-11-03 19:39:00+00:00,2021-11-03 19:59:00+00:00,3.500582223466023,0.6987295825760863,0.4493506493506624,0.4805194805195255,0.0008183152660695845,660.0,0.0,1.2242610741197437,1
2021-11-08 14:14:00+00:00,1,0.0005402466697765895,2.5,1.1564597533302234,DC:-1:2021-11-08 14:02:00+00:00,1.15819,1.15679,1.15719,1.1565,2021-11-08 13:34:00+00:00,2021-11-08 13:48:00+00:00,2021-11-08 14:02:00+00:00,2021-11-08 14:10:00+00:00,2021-11-08 14:05:00+00:00,2021-11-08 14:14:00+00:00,4.0103736805232995,0.6999999999966915,0.2857142857142404,0.4928571428570171,0.0004024666977673155,240.0,0.0,1.3423388140524635,-1
2021-11-09 13:05:00+00:00,1,0.0004586333543192822,2.5,1.1569813666456807,DC:-1:2021-11-09 12:17:00+00:00,1.15924,1.1574,1.15804,1.1570200000000002,2021-11-09 11:43:00+00:00,2021-11-09 12:15:00+00:00,2021-11-09 12:26:00+00:00,2021-11-09 13:03:00+00:00,2021-11-09 12:31:00+00:00,2021-11-09 13:05:00+00:00,4.950193766677196,0.5082872928159885,0.34782608695649553,0.554347826086828,0.00038633354319393177,120.0,0.0,1.1871434991837024,-1
2021-11-09 15:51:00+00:00,1,0.0008865650170426509,2.5,1.1575434349829572,DC:-1:2021-11-09 15:26:00+00:00,1.16077,1.15777,1.15851,1.1576,2021-11-09 14:57:00+00:00,2021-11-09 15:20:00+00:00,2021-11-09 15:27:00+00:00,2021-11-09 15:48:00+00:00,2021-11-09 15:40:00+00:00,2021-11-09 15:51:00+00:00,5.22045522326651,0.7142857142849892,0.24666666666664497,0.30333333333331064,0.000565650170427666,180.0,0.0,1.5673380180763556,-1
2021-11-10 03:06:00+00:00,1,0.00034949094831793204,2.5,1.158270509051682,DC:-1:2021-11-10 02:19:00+00:00,1.15934,1.1586,1.15891,1.1583,2021-11-10 01:54:00+00:00,2021-11-10 02:13:00+00:00,2021-11-10 02:19:00+00:00,2021-11-10 02:52:00+00:00,2021-11-10 02:42:00+00:00,2021-11-10 03:06:00+00:00,2.544120709906268,0.5441176470538103,0.4189189189189838,0.8243243243243649,0.00029490948317968,840.0,1.0,1.1850787046579885,-1
2021-11-10 10:13:00+00:00,-1,0.0007417730811125622,2.5,1.1582417730811125,DC:1:2021-11-10 09:44:00+00:00,1.1559,1.1579700000000002,1.1574,1.15819,2021-11-10 09:23:00+00:00,2021-11-10 09:41:00+00:00,2021-11-10 09:44:00+00:00,2021-11-10 09:55:00+00:00,2021-11-10 09:54:00+00:00,2021-11-10 10:13:00+00:00,5.580794733141182,0.6571428571389056,0.27536231884063567,0.3816425120772838,0.0005177308111259237,1080.0,1.0,1.4327389160003972,1
2021-11-10 14:08:00+00:00,-1,0.0009614491481118037,2.5,1.1568814491481119,DC:1:2021-11-10 13:54:00+00:00,1.15355,1.15628,1.1552,1.1568,2021-11-10 13:31:00+00:00,2021-11-10 13:51:00+00:00,2021-11-10 13:56:00+00:00,2021-11-10 14:05:00+00:00,2021-11-10 14:01:00+00:00,2021-11-10 14:08:00+00:00,3.5378027743520057,0.5582822085910082,0.3956043956043992,0.5860805860806245,0.0008144914811174226,180.0,0.0,1.1804287342487192,1
2021-11-10 17:36:00+00:00,1,0.0007347582566112898,2.5,1.1506052417433887,DC:-1:2021-11-10 16:03:00+00:00,1.15615,1.1513,1.15347,1.15067,2021-11-10 14:57:00+00:00,2021-11-10 15:49:00+00:00,2021-11-10 16:25:00+00:00,2021-11-10 17:16:00+00:00,2021-11-10 16:28:00+00:00,2021-11-10 17:36:00+00:00,6.521122419557196,0.4740957966757871,0.44742268041237027,0.5773195876288457,0.0006475825661127007,1200.0,0.0,1.1346171053088814,-1
2021-11-10 18:27:00+00:00,1,0.0010299559501782962,2.5,1.1482500440498218,DC:-1:2021-11-10 18:10:00+00:00,1.1517,1.1485,1.14947,1.14833,2021-11-10 17:39:00+00:00,2021-11-10 18:09:00+00:00,2021-11-10 18:17:00+00:00,2021-11-10 18:22:00+00:00,2021-11-10 18:20:00+00:00,2021-11-10 18:27:00+00:00,6.495387605117958,0.5904059040589219,0.3031249999999859,0.35624999999998913,0.0007995595017838016,300.0,0.0,1.2881542247706201,-1
2021-11-10 20:30:00+00:00,1,0.0004791878383805237,2.5,1.1479508121616193,DC:-1:2021-11-10 20:17:00+00:00,1.14934,1.14815,1.14855,1.14799,2021-11-10 19:39:00+00:00,2021-11-10 20:06:00+00:00,2021-11-10 20:17:00+00:00,2021-11-10 20:25:00+00:00,2021-11-10 20:23:00+00:00,2021-11-10 20:30:00+00:00,3.054045500351597,0.4937759336075527,0.3361344537814687,0.4705882352940189,0.00039187838380836374,300.0,0.0,1.2227973222806185,-1
2021-11-12 12:40:00+00:00,-1,0.0005131996193634691,2.5,1.1454131996193635,DC:1:2021-11-12 12:10:00+00:00,1.1438,1.14514,1.14465,1.1453799999999998,2021-11-12 11:20:00+00:00,2021-11-12 11:44:00+00:00,2021-11-12 12:14:00+00:00,2021-11-12 12:30:00+00:00,2021-11-12 12:19:00+00:00,2021-11-12 12:40:00+00:00,3.5191399108303143,0.46527777777706675,0.3656716417910881,0.5447761194028602,0.0003319961936373651,600.0,0.0,1.5457997085473518,1
2021-11-14 22:08:00+00:00,1,8.494395213554107e-05,2.5,1.1444950560478644,DC:-1:2021-11-14 22:03:00+00:00,1.1452,1.1445299999999998,1.14467,1.1445,2021-11-14 19:31:00+00:00,2021-11-14 22:02:00+00:00,2021-11-14 22:04:00+00:00,2021-11-14 22:07:00+00:00,2021-11-14 22:06:00+00:00,2021-11-14 22:08:00+00:00,11.73025070683845,0.9999999999903891,0.20895522388091853,0.25373134328352276,4.943952135639368e-05,60.0,0.0,1.718138643034331,-1
2021-11-14 22:12:00+00:00,1,0.0001425205445184652,2.5,1.1442474794554816,DC:-1:2021-11-14 22:10:00+00:00,1.14458,1.14429,1.14442,1.14426,2021-11-14 22:08:00+00:00,2021-11-14 22:09:00+00:00,2021-11-14 22:10:00+00:00,2021-11-14 22:11:00+00:00,2021-11-14 22:11:00+00:00,2021-11-14 22:12:00+00:00,3.8012277246262953,1.0000000000007656,0.4482758620689919,0.551724137931008,0.00012520544518532752,60.0,1.0,1.1382935007939,-1
2021-11-15 02:50:00+00:00,1,0.0004250349878802684,2.5,1.1453649650121198,DC:-1:2021-11-15 02:31:00+00:00,1.14639,1.1455,1.14586,1.1454,2021-11-15 02:01:00+00:00,2021-11-15 02:21:00+00:00,2021-11-15 02:31:00+00:00,2021-11-15 02:44:00+00:00,2021-11-15 02:36:00+00:00,2021-11-15 02:50:00+00:00,2.540534057844486,0.46596858638863725,0.40449438202260085,0.516853932584379,0.0003503498788017296,360.0,0.0,1.2131729268295386,-1
2021-11-16 12:00:00+00:00,-1,0.0006681416484510816,2.5,1.1372681416484511,DC:1:2021-11-16 11:23:00+00:00,1.13589,1.13694,1.13645,1.13721,2021-11-16 11:14:00+00:00,2021-11-16 11:20:00+00:00,2021-11-16 11:23:00+00:00,2021-11-16 11:30:00+00:00,2021-11-16 11:30:00+00:00,2021-11-16 12:00:00+00:00,2.322322001624691,0.5555555555546549,0.4666666666667654,0.7238095238096165,0.0005814164845118667,1800.0,1.0,1.1491618594406139,1
2021-11-17 09:02:00+00:00,-1,0.0005629851071793368,2.5,1.1320629851071793,DC:1:2021-11-17 08:38:00+00:00,1.12999,1.13191,1.1312799999999998,1.13202,2021-11-17 08:07:00+00:00,2021-11-17 08:29:00+00:00,2021-11-17 08:38:00+00:00,2021-11-17 08:54:00+00:00,2021-11-17 08:53:00+00:00,2021-11-17 09:02:00+00:00,3.9217377421877955,0.6530612244892395,0.3281250000000813,0.3854166666667787,0.00042985107179199946,480.0,0.0,1.3097213061079898,1
2021-11-17 14:21:00+00:00,1,0.0007001639266241977,2.5,1.1297298360733756,DC:-1:2021-11-17 14:02:00+00:00,1.13185,1.1298700000000002,1.13054,1.12979,2021-11-17 13:33:00+00:00,2021-11-17 14:00:00+00:00,2021-11-17 14:02:00+00:00,2021-11-17 14:10:00+00:00,2021-11-17 14:06:00+00:00,2021-11-17 14:21:00+00:00,4.516065218106823,0.46261682243126173,0.3383838383838344,0.37878787878791786,0.0006016392662446105,660.0,0.0,1.163760355926519,-1
2021-11-17 15:01:00+00:00,-1,0.0008079748797822361,2.5,1.1321079748797822,DC:1:2021-11-17 14:32:00+00:00,1.12979,1.13145,1.13071,1.13205,2021-11-17 14:10:00+00:00,2021-11-17 14:27:00+00:00,2021-11-17 14:34:00+00:00,2021-11-17 14:51:00+00:00,2021-11-17 14:44:00+00:00,2021-11-17 15:01:00+00:00,2.6898176905727693,0.6014492753603122,0.44578313253009955,0.807228915662591,0.0005797487978224936,600.0,1.0,1.3936637433608279,1
2021-11-19 06:29:00+00:00,1,0.0003662417172693999,2.5,1.1349737582827306,DC:-1:2021-11-19 06:08:00+00:00,1.13581,1.1351,1.13544,1.135,2021-11-19 05:42:00+00:00,2021-11-19 06:01:00+00:00,2021-11-19 06:13:00+00:00,2021-11-19 06:19:00+00:00,2021-11-19 06:18:00+00:00,2021-11-19 06:29:00+00:00,2.5168329521632677,0.496503496498848,0.47887323943663734,0.6197183098591593,0.00026241717269334387,600.0,0.0,1.3956469140736594,-1
2021-11-22 10:38:00+00:00,-1,0.0007295170574197485,2.5,1.1289295170574198,DC:1:2021-11-22 09:51:00+00:00,1.1264,1.12866,1.12779,1.12888,2021-11-22 09:00:00+00:00,2021-11-22 09:39:00+00:00,2021-11-22 09:59:00+00:00,2021-11-22 10:34:00+00:00,2021-11-22 10:03:00+00:00,2021-11-22 10:38:00+00:00,3.941049865881843,0.45564516128667043,0.38495575221236894,0.4823008849557831,0.0004951705741970015,240.0,0.0,1.4732641546860439,1
2021-11-23 07:42:00+00:00,-1,0.0008117394168638548,2.5,1.1259417394168638,DC:1:2021-11-23 07:25:00+00:00,1.12342,1.12571,1.125,1.12588,2021-11-23 07:08:00+00:00,2021-11-23 07:23:00+00:00,2021-11-23 07:25:00+00:00,2021-11-23 07:31:00+00:00,2021-11-23 07:29:00+00:00,2021-11-23 07:42:00+00:00,5.432083866562352,0.7459283387619365,0.3100436681222788,0.38427947598254547,0.0006173941686371812,660.0,0.0,1.314783096600452,1
2021-11-23 09:22:00+00:00,-1,0.0009521471975333373,2.5,1.1273521471975334,DC:1:2021-11-23 08:37:00+00:00,1.12396,1.12689,1.12589,1.12727,2021-11-23 08:09:00+00:00,2021-11-23 08:32:00+00:00,2021-11-23 08:43:00+00:00,2021-11-23 09:15:00+00:00,2021-11-23 08:52:00+00:00,2021-11-23 09:22:00+00:00,4.099659835637755,0.5967413441952011,0.34129692832762176,0.47098976109214835,0.0008214719753351996,420.0,0.0,1.1590744737759509,1
2021-11-23 12:51:00+00:00,1,0.0006123499940218213,2.5,1.1234876500059783,DC:-1:2021-11-23 12:33:00+00:00,1.1249,1.12389,1.1243299999999998,1.12354,2021-11-23 12:15:00+00:00,2021-11-23 12:32:00+00:00,2021-11-23 12:33:00+00:00,2021-11-23 12:47:00+00:00,2021-11-23 12:42:00+00:00,2021-11-23 12:51:00+00:00,2.442548956365985,0.5906432748503658,0.43564356435623103,0.7821782178216646,0.0005234999402172292,240.0,1.0,1.1697231403077588,-1
2021-11-25 11:26:00+00:00,1,0.0004054619413673688,2.5,1.1216545380586327,DC:-1:2021-11-25 10:53:00+00:00,1.12284,1.12179,1.12229,1.12169,2021-11-25 10:17:00+00:00,2021-11-25 10:42:00+00:00,2021-11-25 11:01:00+00:00,2021-11-25 11:17:00+00:00,2021-11-25 11:15:00+00:00,2021-11-25 11:26:00+00:00,2.509280244300156,0.46666666666296264,0.4761904761904258,0.571428571428511,0.0003546194136734382,540.0,0.0,1.1433720933867157,-1
2021-11-26 12:10:00+00:00,1,0.0006654540567692102,2.5,1.1277345459432309,DC:-1:2021-11-26 11:53:00+00:00,1.12952,1.12836,1.12894,1.12779,2021-11-26 11:33:00+00:00,2021-11-26 11:46:00+00:00,2021-11-26 11:53:00+00:00,2021-11-26 11:59:00+00:00,2021-11-26 11:57:00+00:00,2021-11-26 12:10:00+00:00,2.0983263061081456,0.6904761904789976,0.5,0.9913793103447714,0.0005545405676919905,660.0,1.0,1.2000096936800206,-1
2021-11-26 17:03:00+00:00,1,0.0007446247916096382,2.5,1.1296253752083905,DC:-1:2021-11-26 16:49:00+00:00,1.13206,1.1303,1.13096,1.12969,2021-11-26 16:18:00+00:00,2021-11-26 16:43:00+00:00,2021-11-26 16:49:00+00:00,2021-11-26 17:01:00+00:00,2021-11-26 16:56:00+00:00,2021-11-26 17:03:00+00:00,2.6728665831846086,0.514619883041168,0.37499999999993694,0.7215909090908489,0.0006462479160970964,120.0,0.0,1.1522277643952372,-1
2021-11-29 05:56:00+00:00,-1,0.00041054724907363394,2.5,1.1283005472490737,DC:1:2021-11-29 05:33:00+00:00,1.1272,1.12818,1.12769,1.12827,2021-11-29 05:01:00+00:00,2021-11-29 05:30:00+00:00,2021-11-29 05:37:00+00:00,2021-11-29 05:47:00+00:00,2021-11-29 05:41:00+00:00,2021-11-29 05:56:00+00:00,3.2871368996357853,0.5000000000044182,0.4999999999998867,0.5918367346939145,0.0003054724907353877,540.0,0.0,1.3439745362513384,1
2021-11-30 03:03:00+00:00,-1,0.0004901059226944948,2.5,1.1304801059226945,DC:1:2021-11-30 02:38:00+00:00,1.1294,1.1302,1.12989,1.13045,2021-11-30 02:19:00+00:00,2021-11-30 02:36:00+00:00,2021-11-30 02:38:00+00:00,2021-11-30 02:59:00+00:00,2021-11-30 02:45:00+00:00,2021-11-30 03:03:00+00:00,3.336212090406531,0.5555555555602328,0.3874999999999757,0.6999999999997502,0.00030105922694593845,240.0,1.0,1.6279385543712424,1
2021-11-30 06:15:00+00:00,-1,0.0006422247422497307,2.5,1.1315422247422497,DC:1:2021-11-30 05:33:00+00:00,1.1294,1.13127,1.1307,1.1315,2021-11-30 05:01:00+00:00,2021-11-30 05:25:00+00:00,2021-11-30 05:35:00+00:00,2021-11-30 06:09:00+00:00,2021-11-30 05:41:00+00:00,2021-11-30 06:15:00+00:00,6.18571752711358,0.7570850202400125,0.304812834224571,0.4278074866309602,0.0004222474224972896,360.0,0.0,1.5209678213106277,1
2021-12-01 17:23:00+00:00,1,0.0008755076247957128,2.5,1.1314344923752042,DC:-1:2021-12-01 16:14:00+00:00,1.1344,1.1323,1.13317,1.1315,2021-12-01 15:53:00+00:00,2021-12-01 16:06:00+00:00,2021-12-01 16:33:00+00:00,2021-12-01 17:13:00+00:00,2021-12-01 16:40:00+00:00,2021-12-01 17:23:00+00:00,2.9414092120578936,0.7241379310317316,0.41428571428568106,0.7952380952381275,0.000655076247958253,600.0,0.0,1.3364972818423841,-1
2021-12-01 20:59:00+00:00,1,0.0007067842511112588,2.5,1.1308632157488887,DC:-1:2021-12-01 20:14:00+00:00,1.13232,1.1311,1.13159,1.1309,2021-12-01 19:52:00+00:00,2021-12-01 20:11:00+00:00,2021-12-01 20:15:00+00:00,2021-12-01 20:54:00+00:00,2021-12-01 20:40:00+00:00,2021-12-01 20:59:00+00:00,3.228173062472223,0.5545454545449554,0.40163934426237863,0.565573770491869,0.00036784251111348536,300.0,0.0,1.9214316718635176,-1
2021-12-02 10:46:00+00:00,-1,0.0005825083931854103,2.5,1.1334225083931855,DC:1:2021-12-02 10:21:00+00:00,1.1313,1.13324,1.1325,1.13337,2021-12-02 09:47:00+00:00,2021-12-02 10:16:00+00:00,2021-12-02 10:30:00+00:00,2021-12-02 10:40:00+00:00,2021-12-02 10:34:00+00:00,2021-12-02 10:46:00+00:00,4.5868817733407905,0.4708737864053041,0.38144329896904267,0.4484536082473725,0.0005250839318552099,360.0,0.0,1.1093624425476323,1
2021-12-02 13:34:00+00:00,1,0.00046032701266773834,2.5,1.1332596729873323,DC:-1:2021-12-02 13:24:00+00:00,1.13462,1.1337,1.13412,1.1333,2021-12-02 13:03:00+00:00,2021-12-02 13:19:00+00:00,2021-12-02 13:25:00+00:00,2021-12-02 13:30:00+00:00,2021-12-02 13:29:00+00:00,2021-12-02 13:34:00+00:00,2.3343348083710294,0.57500000000136,0.45652173913051347,0.8913043478261027,0.0004032701266763154,240.0,1.0,1.1414855259963743,-1
2021-12-02 17:36:00+00:00,1,0.0006136292863787585,2.5,1.1295863707136213,DC:-1:2021-12-02 17:05:00+00:00,1.13203,1.13018,1.13094,1.12964,2021-12-02 16:40:00+00:00,2021-12-02 17:01:00+00:00,2021-12-02 17:06:00+00:00,2021-12-02 17:29:00+00:00,2021-12-02 17:19:00+00:00,2021-12-02 17:36:00+00:00,3.5233935607488336,0.6271186440636377,0.41081081081083287,0.7027027027026962,0.0005362928637866583,420.0,0.0,1.1442055783588896,-1
2021-12-03 10:19:00+00:00,-1,0.0005456849891833926,2.5,1.1303356849891835,DC:1:2021-12-03 10:07:00+00:00,1.12857,1.12995,1.1295,1.13029,2021-12-03 09:36:00+00:00,2021-12-03 10:03:00+00:00,2021-12-03 10:07:00+00:00,2021-12-03 10:14:00+00:00,2021-12-03 10:13:00+00:00,2021-12-03 10:19:00+00:00,3.280553445893271,0.47586206896368966,0.3260869565217986,0.5724637681160178,0.00045684989183437247,300.0,1.0,1.1944513918835,1
2021-12-06 12:10:00+00:00,1,0.0005480851511932006,2.5,1.1289619148488068,DC:-1:2021-12-06 11:48:00+00:00,1.13013,1.1292,1.1296,1.129,2021-12-06 11:35:00+00:00,2021-12-06 11:47:00+00:00,2021-12-06 11:49:00+00:00,2021-12-06 12:01:00+00:00,2021-12-06 12:01:00+00:00,2021-12-06 12:10:00+00:00,2.610029116531656,0.5636363636347023,0.430107526881628,0.645161290322442,0.00038085151193129524,540.0,1.0,1.4391045696887608,-1
2021-12-07 08:26:00+00:00,1,0.0007127754057558722,2.5,1.1281872245942441,DC:-1:2021-12-07 08:06:00+00:00,1.12982,1.1286,1.1291,1.1282299999999998,2021-12-07 07:41:00+00:00,2021-12-07 08:01:00+00:00,2021-12-07 08:07:00+00:00,2021-12-07 08:22:00+00:00,2021-12-07 08:12:00+00:00,2021-12-07 08:26:00+00:00,3.154183549715576,0.5545454545449554,0.40983606557372576,0.713114754098483,0.000427754057556252,240.0,0.0,1.6663206185066715,-1
2021-12-08 13:32:00+00:00,-1,0.0009082790182208811,2.5,1.130728279018221,DC:1:2021-12-08 12:55:00+00:00,1.1266,1.12999,1.12867,1.13066,2021-12-08 12:19:00+00:00,2021-12-08 12:51:00+00:00,2021-12-08 12:57:00+00:00,2021-12-08 13:24:00+00:00,2021-12-08 13:03:00+00:00,2021-12-08 13:32:00+00:00,5.56905021614071,0.5423999999992607,0.38938053097344727,0.5870206489675321,0.0006827901822083491,480.0,0.0,1.330246160369842,1
2021-12-09 12:27:00+00:00,1,0.0005494109457508944,2.5,1.130750589054249,DC:-1:2021-12-09 12:00:00+00:00,1.1322,1.1312799999999998,1.13171,1.1308,2021-12-09 11:42:00+00:00,2021-12-09 11:54:00+00:00,2021-12-09 12:00:00+00:00,2021-12-09 12:20:00+00:00,2021-12-09 12:02:00+00:00,2021-12-09 12:27:00+00:00,2.2053759256430516,0.6052631578866946,0.4673913043478628,0.9891304347822991,0.0004941094575084301,420.0,1.0,1.1119215335835195,-1
2021-12-12 22:18:00+00:00,1,0.00021475418432115312,2.5,1.1307852458156789,DC:-1:2021-12-12 22:15:00+00:00,1.13145,1.13091,1.1311,1.1308,2021-12-12 22:09:00+00:00,2021-12-12 22:14:00+00:00,2021-12-12 22:15:00+00:00,2021-12-12 22:17:00+00:00,2021-12-12 22:17:00+00:00,2021-12-12 22:18:00+00:00,6.767662693471742,0.9999999999983552,0.35185185185169954,0.5555555555555098,0.0001475418432116098,60.0,1.0,1.4555476578474418,-1
2021-12-16 13:33:00+00:00,-1,0.0013612707048897832,2.5,1.1350612707048897,DC:1:2021-12-16 12:58:00+00:00,1.12988,1.13416,1.13257,1.13495,2021-12-16 12:19:00+00:00,2021-12-16 12:52:00+00:00,2021-12-16 13:01:00+00:00,2021-12-16 13:25:00+00:00,2021-12-16 13:09:00+00:00,2021-12-16 13:33:00+00:00,4.206870722825833,0.5107398568017645,0.3714953271027938,0.5560747663550917,0.0011127070488975005,480.0,0.0,1.2233864306320033,1
2021-12-16 15:03:00+00:00,1,0.0018274142166929686,2.5,1.132342585783307,DC:-1:2021-12-16 13:56:00+00:00,1.14,1.13379,1.13624,1.1325,2021-12-16 13:48:00+00:00,2021-12-16 13:49:00+00:00,2021-12-16 13:59:00+00:00,2021-12-16 14:57:00+00:00,2021-12-16 14:27:00+00:00,2021-12-16 15:03:00+00:00,3.5208232724214326,0.9999999999994994,0.3945249597423365,0.6022544283413782,0.0015741421669314014,360.0,0.0,1.1608952832102135,-1
2021-12-20 14:10:00+00:00,-1,0.0012321711433269655,2.5,1.130552171143327,DC:1:2021-12-20 13:54:00+00:00,1.12701,1.13007,1.12883,1.13045,2021-12-20 13:19:00+00:00,2021-12-20 13:51:00+00:00,2021-12-20 13:54:00+00:00,2021-12-20 14:06:00+00:00,2021-12-20 14:02:00+00:00,2021-12-20 14:10:00+00:00,2.894668681897513,0.5406360424035836,0.40522875816992565,0.5294117647058951,0.0010217114332713236,240.0,0.0,1.2059874277630334,1
2021-12-22 11:13:00+00:00,-1,0.0007181060344227941,2.5,1.1299181060344228,DC:1:2021-12-22 10:29:00+00:00,1.12799,1.12969,1.1291,1.12986,2021-12-22 10:15:00+00:00,2021-12-22 10:25:00+00:00,2021-12-22 10:29:00+00:00,2021-12-22 10:39:00+00:00,2021-12-22 10:39:00+00:00,2021-12-22 11:13:00+00:00,3.644386893852924,0.9239130434775787,0.3470588235294579,0.44705882352945786,0.0005810603442263192,2040.0,1.0,1.235854488364631,1
2021-12-29 11:39:00+00:00,-1,0.0012702403692468334,2.5,1.131060240369247,DC:1:2021-12-29 11:29:00+00:00,1.12794,1.13045,1.12969,1.13097,2021-12-29 11:05:00+00:00,2021-12-29 11:25:00+00:00,2021-12-29 11:29:00+00:00,2021-12-29 11:37:00+00:00,2021-12-29 11:37:00+00:00,2021-12-29 11:39:00+00:00,3.4765754750484104,0.524008350730708,0.30278884462146144,0.5099601593625266,0.0009024036924686988,120.0,1.0,1.4076187629195607,1
