time,side,distance,rr,stop_price,setup_id,a,b,c,d,a_time,b_time,c_time,d_time,c_confirmation_time,signal_time,ab_thresholds,efficiency,retrace,cd_ab_ratio,threshold,confirmation_lag_seconds,late_C_confirmation,risk_thresholds,direction
2021-01-12 08:05:00+00:00,1,0.0007362100457566356,2.5,1.2155637899542433,DC:-1:2021-01-12 07:57:00+00:00,1.2173,1.2158,1.2165,1.2156,2021-01-12 07:32:00+00:00,2021-01-12 07:54:00+00:00,2021-01-12 07:57:00+00:00,2021-01-12 08:04:00+00:00,2021-01-12 08:04:00+00:00,2021-01-12 08:05:00+00:00,3.6365071497195505,0.6000000000000355,0.46666666666659756,0.5999999999999112,0.0003621004575674474,60.0,1.0,2.033165190407151,-1
2021-01-13 06:32:00+00:00,-1,0.00032483008956218917,2.5,1.2217248300895622,DC:1:2021-01-13 06:10:00+00:00,1.2207,1.2215,1.2212,1.2217,2021-01-13 06:01:00+00:00,2021-01-13 06:06:00+00:00,2021-01-13 06:10:00+00:00,2021-01-13 06:28:00+00:00,2021-01-13 06:23:00+00:00,2021-01-13 06:32:00+00:00,2.851984262951284,0.8000000000000445,0.3749999999998959,0.6249999999998266,0.00024830089562260827,240.0,1.0,1.3082115098605902,1
2021-01-14 11:58:00+00:00,1,0.0004334829467969037,2.5,1.2147665170532032,DC:-1:2021-01-14 11:35:00+00:00,1.2161,1.2151,1.2156,1.2148,2021-01-14 11:25:00+00:00,2021-01-14 11:32:00+00:00,2021-01-14 11:36:00+00:00,2021-01-14 11:55:00+00:00,2021-01-14 11:50:00+00:00,2021-01-14 11:58:00+00:00,2.9695003718421877,1.0,0.5,0.8,0.000334829467969367,180.0,0.0,1.2946379822117757,-1
2021-01-14 13:24:00+00:00,1,0.0006510242387622878,2.5,1.2116489757612376,DC:-1:2021-01-14 13:07:00+00:00,1.2148,1.2118,1.2127,1.2117,2021-01-14 12:49:00+00:00,2021-01-14 13:05:00+00:00,2021-01-14 13:12:00+00:00,2021-01-14 13:17:00+00:00,2021-01-14 13:15:00+00:00,2021-01-14 13:24:00+00:00,9.275118401932263,0.882352941176486,0.2999999999999556,0.33333333333328397,0.000510242387622882,420.0,0.0,1.2759117128533373,-1
2021-01-19 06:08:00+00:00,-1,0.00021522949362728916,2.5,1.2097152294936273,DC:1:2021-01-19 06:04:00+00:00,1.2091,1.2096,1.2094,1.2097,2021-01-19 05:43:00+00:00,2021-01-19 06:00:00+00:00,2021-01-19 06:04:00+00:00,2021-01-19 06:07:00+00:00,2021-01-19 06:06:00+00:00,2021-01-19 06:08:00+00:00,3.4139300107327886,0.7142857142857143,0.4,0.6,0.00015229493627337396,60.0,0.0,1.4132412993754815,1
2021-01-20 05:58:00+00:00,-1,0.00021658526770140796,2.5,1.2144165852677014,DC:1:2021-01-20 05:51:00+00:00,1.2139,1.2143,1.2141,1.2144,2021-01-20 05:46:00+00:00,2021-01-20 05:49:00+00:00,2021-01-20 05:51:00+00:00,2021-01-20 05:56:00+00:00,2021-01-20 05:53:00+00:00,2021-01-20 05:58:00+00:00,3.165101346871654,1.0,0.5,0.75,0.0001658526770145579,120.0,0.0,1.3058894893954407,1
2021-01-20 08:56:00+00:00,1,0.0004396214341699789,2.5,1.21306037856583,DC:-1:2021-01-20 08:39:00+00:00,1.2147,1.2134,1.214,1.2131,2021-01-20 08:22:00+00:00,2021-01-20 08:34:00+00:00,2021-01-20 08:46:00+00:00,2021-01-20 08:55:00+00:00,2021-01-20 08:50:00+00:00,2021-01-20 08:56:00+00:00,3.748944914904408,0.7647058823529411,0.46153846153846156,0.6923076923076923,0.00039621434170103453,60.0,0.0,1.1095545716053292,-1
2021-01-21 16:09:00+00:00,1,0.0005475946874471393,2.5,1.214452405312553,DC:-1:2021-01-21 16:03:00+00:00,1.2165,1.2148,1.2153,1.2145,2021-01-21 15:46:00+00:00,2021-01-21 16:02:00+00:00,2021-01-21 16:03:00+00:00,2021-01-21 16:08:00+00:00,2021-01-21 16:07:00+00:00,2021-01-21 16:09:00+00:00,4.491760900530915,0.6296296296296297,0.29411764705882354,0.47058823529424826,0.0004759468744706879,60.0,1.0,1.150537416715117,-1
2021-01-22 10:34:00+00:00,-1,0.0005339972825462169,2.5,1.2177339972825463,DC:1:2021-01-22 10:20:00+00:00,1.2161,1.2176,1.217,1.2177,2021-01-22 09:46:00+00:00,2021-01-22 10:08:00+00:00,2021-01-22 10:20:00+00:00,2021-01-22 10:30:00+00:00,2021-01-22 10:21:00+00:00,2021-01-22 10:34:00+00:00,3.2487129021041947,0.6000000000000355,0.3999999999999408,0.46666666666659756,0.0003399728254629654,240.0,0.0,1.570705781613676,1
2021-01-25 10:03:00+00:00,1,0.0005344571394878539,2.5,1.214165542860512,DC:-1:2021-01-25 09:52:00+00:00,1.2159,1.2144,1.215,1.2142,2021-01-25 09:36:00+00:00,2021-01-25 09:51:00+00:00,2021-01-25 09:57:00+00:00,2021-01-25 10:01:00+00:00,2021-01-25 10:01:00+00:00,2021-01-25 10:03:00+00:00,4.021607027710067,0.789473684210551,0.40000000000008884,0.5333333333334024,0.0003445713948784113,120.0,1.0,1.5510780855051751,-1
2021-01-25 15:14:00+00:00,1,0.0004391137858257288,2.5,1.2115608862141742,DC:-1:2021-01-25 15:03:00+00:00,1.2148,1.2119,1.2126,1.2116,2021-01-25 14:32:00+00:00,2021-01-25 15:01:00+00:00,2021-01-25 15:05:00+00:00,2021-01-25 15:12:00+00:00,2021-01-25 15:11:00+00:00,2021-01-25 15:14:00+00:00,9.354774389087261,0.6744186046511964,0.24137931034479063,0.34482758620684373,0.00039113785825737864,120.0,1.0,1.1226573356567822,-1
2021-01-25 21:02:00+00:00,-1,0.00021772695030897182,2.5,1.214217726950309,DC:1:2021-01-25 20:53:00+00:00,1.2135,1.2141,1.2139,1.2142,2021-01-25 20:31:00+00:00,2021-01-25 20:50:00+00:00,2021-01-25 20:53:00+00:00,2021-01-25 20:59:00+00:00,2021-01-25 20:57:00+00:00,2021-01-25 21:02:00+00:00,4.350507421656549,0.75,0.3333333333333333,0.5,0.00017726950309007196,180.0,0.0,1.2282256480311964,1
2021-01-26 08:01:00+00:00,1,0.0004320482062478703,2.5,1.2107679517937522,DC:-1:2021-01-26 07:40:00+00:00,1.2128,1.2111,1.2116,1.2108,2021-01-26 07:22:00+00:00,2021-01-26 07:39:00+00:00,2021-01-26 07:47:00+00:00,2021-01-26 07:57:00+00:00,2021-01-26 07:53:00+00:00,2021-01-26 08:01:00+00:00,6.809238826166272,0.7391304347826338,0.2941176470587851,0.4705882352940562,0.0003204820624789838,240.0,0.0,1.3481197758960461,-1
2021-01-26 15:48:00+00:00,-1,0.0005383867643717899,2.5,1.2174383867643719,DC:1:2021-01-26 15:40:00+00:00,1.2162,1.2173,1.2168,1.2174,2021-01-26 15:25:00+00:00,2021-01-26 15:36:00+00:00,2021-01-26 15:40:00+00:00,2021-01-26 15:47:00+00:00,2021-01-26 15:41:00+00:00,2021-01-26 15:48:00+00:00,2.7723469209832805,0.8461538461538725,0.45454545454536277,0.5454545454544354,0.0003838676437174063,60.0,0.0,1.4025322873217643,1
2021-01-26 19:54:00+00:00,-1,0.00032538742096321904,2.5,1.2168253874209631,DC:1:2021-01-26 19:34:00+00:00,1.2159,1.2167,1.2164,1.2168,2021-01-26 19:22:00+00:00,2021-01-26 19:33:00+00:00,2021-01-26 19:35:00+00:00,2021-01-26 19:49:00+00:00,2021-01-26 19:41:00+00:00,2021-01-26 19:54:00+00:00,4.050498104794822,0.8,0.375,0.5000000000002776,0.00025387420963100766,300.0,0.0,1.28168757841197,1
2021-01-27 01:37:00+00:00,-1,0.0003231474871214779,2.5,1.2167231474871214,DC:1:2021-01-27 01:27:00+00:00,1.2159,1.2165,1.2162,1.2167,2021-01-27 01:13:00+00:00,2021-01-27 01:25:00+00:00,2021-01-27 01:27:00+00:00,2021-01-27 01:30:00+00:00,2021-01-27 01:28:00+00:00,2021-01-27 01:37:00+00:00,2.9045279670446673,0.6,0.5,0.8333333333333334,0.00023147487121465005,420.0,1.0,1.3960370100900434,1
2021-01-28 01:32:00+00:00,-1,0.0005454955224066804,2.5,1.2099454955224067,DC:1:2021-01-28 01:12:00+00:00,1.2083,1.2095,1.2091,1.2099,2021-01-28 00:56:00+00:00,2021-01-28 01:06:00+00:00,2021-01-28 01:12:00+00:00,2021-01-28 01:23:00+00:00,2021-01-28 01:17:00+00:00,2021-01-28 01:32:00+00:00,3.158169143632598,0.6000000000000444,0.33333333333327164,0.6666666666665433,0.00045495522406776884,540.0,1.0,1.199009250909107,1
2021-01-28 06:22:00+00:00,1,0.00043389443137509254,2.5,1.209166105568625,DC:-1:2021-01-28 06:18:00+00:00,1.2105,1.2093,1.2097,1.2092,2021-01-28 06:00:00+00:00,2021-01-28 06:06:00+00:00,2021-01-28 06:18:00+00:00,2021-01-28 06:21:00+00:00,2021-01-28 06:21:00+00:00,2021-01-28 06:22:00+00:00,3.752158259267893,1.0,0.3333333333333333,0.4166666666666667,0.0003389443137519181,60.0,1.0,1.2801348592402433,-1
2021-01-28 09:02:00+00:00,1,0.0006521492636959447,2.5,1.208847850736304,DC:-1:2021-01-28 08:49:00+00:00,1.2113,1.2091,1.2096,1.2089,2021-01-28 08:24:00+00:00,2021-01-28 08:47:00+00:00,2021-01-28 08:49:00+00:00,2021-01-28 08:56:00+00:00,2021-01-28 08:51:00+00:00,2021-01-28 09:02:00+00:00,4.659033313990408,0.6111111111111351,0.22727272727270434,0.3181818181817861,0.0005214926369594649,360.0,1.0,1.2505435695089893,-1
2021-01-28 10:55:00+00:00,-1,0.0005410869811688368,2.5,1.211641086981169,DC:1:2021-01-28 10:44:00+00:00,1.2103,1.2113,1.2108,1.2116,2021-01-28 10:31:00+00:00,2021-01-28 10:42:00+00:00,2021-01-28 10:44:00+00:00,2021-01-28 10:51:00+00:00,2021-01-28 10:45:00+00:00,2021-01-28 10:55:00+00:00,2.448388865285739,0.8333333333333641,0.499999999999889,0.7999999999998224,0.00041086981168889374,240.0,0.0,1.3169304869215899,1
2021-01-28 16:56:00+00:00,1,0.0005454807042595267,2.5,1.2118545192957404,DC:-1:2021-01-28 16:03:00+00:00,1.2138,1.212,1.2128,1.2119,2021-01-28 15:38:00+00:00,2021-01-28 16:00:00+00:00,2021-01-28 16:33:00+00:00,2021-01-28 16:52:00+00:00,2021-01-28 16:39:00+00:00,2021-01-28 16:56:00+00:00,3.7948787590762056,0.6000000000000296,0.444444444444513,0.5000000000000617,0.0004548070425964209,240.0,0.0,1.1993673210191826,-1
2021-01-29 01:34:00+00:00,-1,0.0004246865286510193,2.5,1.211624686528651,DC:1:2021-01-29 01:28:00+00:00,1.2106,1.2114,1.2111,1.2116,2021-01-29 01:10:00+00:00,2021-01-29 01:23:00+00:00,2021-01-29 01:28:00+00:00,2021-01-29 01:32:00+00:00,2021-01-29 01:32:00+00:00,2021-01-29 01:34:00+00:00,2.942134694939465,0.6666666666667284,0.3749999999998959,0.6249999999998266,0.00024686528651090433,120.0,1.0,1.7203169171873842,1
2021-01-29 12:35:00+00:00,-1,0.0005482013527895457,2.5,1.2144482013527895,DC:1:2021-01-29 12:11:00+00:00,1.2127,1.2142,1.2135,1.2144,2021-01-29 12:00:00+00:00,2021-01-29 12:09:00+00:00,2021-01-29 12:14:00+00:00,2021-01-29 12:31:00+00:00,2021-01-29 12:22:00+00:00,2021-01-29 12:35:00+00:00,3.9556073009258514,1.0,0.46666666666659756,0.5999999999999112,0.0004820135278950616,240.0,0.0,1.1373152848707886,1
2021-01-29 13:15:00+00:00,1,0.0007553426637696425,2.5,1.2128446573362304,DC:-1:2021-01-29 13:03:00+00:00,1.2148,1.2131,1.2137,1.2129,2021-01-29 12:47:00+00:00,2021-01-29 13:01:00+00:00,2021-01-29 13:03:00+00:00,2021-01-29 13:08:00+00:00,2021-01-29 13:05:00+00:00,2021-01-29 13:15:00+00:00,3.530171827172447,0.8095238095238296,0.35294117647054213,0.4705882352940562,0.0005534266376977205,420.0,0.0,1.3648469595028923,-1
2021-02-01 01:09:00+00:00,-1,0.0004225819134591191,2.5,1.2134225819134592,DC:1:2021-02-01 01:03:00+00:00,1.2122,1.2131,1.2128,1.2134,2021-02-01 00:38:00+00:00,2021-02-01 01:01:00+00:00,2021-02-01 01:03:00+00:00,2021-02-01 01:07:00+00:00,2021-02-01 01:04:00+00:00,2021-02-01 01:09:00+00:00,3.993968624694648,0.6923076923084543,0.3333333333332511,0.6666666666665022,0.00022581913459076967,120.0,1.0,1.8713290803497398,1
2021-02-01 01:47:00+00:00,1,0.00032794816133008275,2.5,1.21247205183867,DC:-1:2021-02-01 01:44:00+00:00,1.2135,1.2127,1.213,1.2125,2021-02-01 01:29:00+00:00,2021-02-01 01:41:00+00:00,2021-02-01 01:44:00+00:00,2021-02-01 01:46:00+00:00,2021-02-01 01:46:00+00:00,2021-02-01 01:47:00+00:00,3.1438180969187037,0.6666666666668517,0.3750000000001735,0.625000000000104,0.00027948161329846674,60.0,1.0,1.1734158732648259,-1
2021-02-02 08:45:00+00:00,-1,0.0006518318314863158,2.5,1.2086518318314863,DC:1:2021-02-02 08:22:00+00:00,1.2067,1.2082,1.2076,1.2086,2021-02-02 08:13:00+00:00,2021-02-02 08:20:00+00:00,2021-02-02 08:22:00+00:00,2021-02-02 08:37:00+00:00,2021-02-02 08:33:00+00:00,2021-02-02 08:45:00+00:00,3.11517404969867,0.8823529411763553,0.4,0.6666666666666666,0.0005183183148635053,480.0,1.0,1.25758981072851,1
2021-02-02 10:41:00+00:00,1,0.0007569716541926397,2.5,1.2033430283458073,DC:-1:2021-02-02 10:19:00+00:00,1.2068,1.204,1.2048,1.2034,2021-02-02 10:10:00+00:00,2021-02-02 10:17:00+00:00,2021-02-02 10:26:00+00:00,2021-02-02 10:33:00+00:00,2021-02-02 10:29:00+00:00,2021-02-02 10:41:00+00:00,8.220706089116195,1.0000000000001585,0.2857142857143197,0.5,0.0005697165419260882,480.0,0.0,1.3286811922881554,-1
2021-02-02 13:26:00+00:00,-1,0.0005423006525284713,2.5,1.2047423006525284,DC:1:2021-02-02 13:17:00+00:00,1.2034,1.2044,1.2039,1.2047,2021-02-02 13:06:00+00:00,2021-02-02 13:15:00+00:00,2021-02-02 13:18:00+00:00,2021-02-02 13:25:00+00:00,2021-02-02 13:25:00+00:00,2021-02-02 13:26:00+00:00,2.581374452691016,0.625,0.5,0.8000000000002221,0.00042300652528260243,60.0,1.0,1.2820148629295276,1
2021-02-02 22:00:00+00:00,-1,0.0003265874111320066,2.5,1.204526587411132,DC:1:2021-02-02 21:51:00+00:00,1.2036,1.2044,1.204,1.2045,2021-02-02 21:30:00+00:00,2021-02-02 21:47:00+00:00,2021-02-02 21:53:00+00:00,2021-02-02 21:57:00+00:00,2021-02-02 21:54:00+00:00,2021-02-02 22:00:00+00:00,3.1857447667006236,0.6666666666669134,0.5,0.625,0.00026587411131959545,180.0,0.0,1.2283535599275794,1
2021-02-04 19:36:00+00:00,1,0.00032572654753582064,2.5,1.1956742734524641,DC:-1:2021-02-04 19:27:00+00:00,1.1966,1.1959,1.1962,1.1957,2021-02-04 19:07:00+00:00,2021-02-04 19:17:00+00:00,2021-02-04 19:27:00+00:00,2021-02-04 19:33:00+00:00,2021-02-04 19:29:00+00:00,2021-02-04 19:36:00+00:00,2.500462148119401,0.6363636363642236,0.4285714285712926,0.7142857142854877,0.00025726547535751687,180.0,1.0,1.2661106084412017,-1
2021-02-08 09:00:00+00:00,1,0.0006437925654441123,2.5,1.202456207434556,DC:-1:2021-02-08 08:38:00+00:00,1.2042,1.2029,1.2035,1.2025,2021-02-08 08:23:00+00:00,2021-02-08 08:31:00+00:00,2021-02-08 08:38:00+00:00,2021-02-08 08:54:00+00:00,2021-02-08 08:41:00+00:00,2021-02-08 09:00:00+00:00,3.19677770087624,0.6842105263153897,0.46153846153846156,0.76923076923094,0.0004379256544404913,360.0,0.0,1.470095571967903,-1
2021-02-08 12:39:00+00:00,1,0.0003267674805496057,2.5,1.2021732325194503,DC:-1:2021-02-08 12:33:00+00:00,1.2031,1.2023,1.2026,1.2022,2021-02-08 12:16:00+00:00,2021-02-08 12:29:00+00:00,2021-02-08 12:33:00+00:00,2021-02-08 12:37:00+00:00,2021-02-08 12:37:00+00:00,2021-02-08 12:39:00+00:00,2.9105295293226696,0.6666666666673451,0.3749999999998959,0.4999999999998612,0.0002676748054955845,120.0,1.0,1.2207629326361684,-1
2021-02-09 00:28:00+00:00,-1,0.0004274256321465941,2.5,1.2056274256321466,DC:1:2021-02-09 00:18:00+00:00,1.2048,1.2054,1.2051,1.2056,2021-02-09 00:05:00+00:00,2021-02-09 00:14:00+00:00,2021-02-09 00:18:00+00:00,2021-02-09 00:26:00+00:00,2021-02-09 00:20:00+00:00,2021-02-09 00:28:00+00:00,2.225280817629189,0.75,0.5,0.8333333333333334,0.0002742563214673981,120.0,0.0,1.5584896270017383,1
2021-02-09 15:09:00+00:00,1,0.0005414415802671435,2.5,1.2089585584197329,DC:-1:2021-02-09 15:02:00+00:00,1.2101,1.2091,1.2096,1.209,2021-02-09 14:51:00+00:00,2021-02-09 15:00:00+00:00,2021-02-09 15:02:00+00:00,2021-02-09 15:07:00+00:00,2021-02-09 15:03:00+00:00,2021-02-09 15:09:00+00:00,2.499957484179862,0.9999999999995559,0.5,0.6,0.00041441580267154393,120.0,0.0,1.3065176973868373,-1
2021-02-09 21:38:00+00:00,-1,0.0002165650352410342,2.5,1.211916565035241,DC:1:2021-02-09 21:27:00+00:00,1.2114,1.2118,1.2116,1.2119,2021-02-09 21:07:00+00:00,2021-02-09 21:12:00+00:00,2021-02-09 21:27:00+00:00,2021-02-09 21:30:00+00:00,2021-02-09 21:29:00+00:00,2021-02-09 21:38:00+00:00,2.322612539845622,1.0,0.5,0.75,0.00016565035241107438,480.0,0.0,1.3073623574528295,1
2021-02-12 04:28:00+00:00,-1,0.00021976511084398354,2.5,1.212319765110844,DC:1:2021-02-12 04:10:00+00:00,1.2118,1.2122,1.212,1.2123,2021-02-12 04:01:00+00:00,2021-02-12 04:04:00+00:00,2021-02-12 04:10:00+00:00,2021-02-12 04:20:00+00:00,2021-02-12 04:12:00+00:00,2021-02-12 04:28:00+00:00,2.050130059131443,1.0,0.5,0.75,0.00019765110844089057,480.0,0.0,1.1118840292752843,1
2021-02-12 08:56:00+00:00,1,0.0003284927873736798,2.5,1.2104715072126264,DC:-1:2021-02-12 08:32:00+00:00,1.2117,1.2107,1.2111,1.2105,2021-02-12 08:10:00+00:00,2021-02-12 08:22:00+00:00,2021-02-12 08:32:00+00:00,2021-02-12 08:52:00+00:00,2021-02-12 08:49:00+00:00,2021-02-12 08:56:00+00:00,2.764599284101275,0.8333333333342585,0.4,0.600000000000222,0.0002849278737351854,240.0,1.0,1.1528980407125209,-1
2021-02-17 17:11:00+00:00,-1,0.00043759133705045805,2.5,1.2042375913370504,DC:1:2021-02-17 16:34:00+00:00,1.2024,1.2039,1.2032,1.2042,2021-02-17 16:18:00+00:00,2021-02-17 16:30:00+00:00,2021-02-17 16:48:00+00:00,2021-02-17 17:01:00+00:00,2021-02-17 16:53:00+00:00,2021-02-17 17:11:00+00:00,3.3288017389033198,0.882352941176486,0.46666666666659756,0.6666666666665679,0.0003759133705040389,600.0,0.0,1.1640749475436827,1
2021-02-17 18:03:00+00:00,-1,0.0005310606973509824,2.5,1.204631060697351,DC:1:2021-02-17 17:11:00+00:00,1.2032,1.2042,1.2037,1.2046,2021-02-17 16:48:00+00:00,2021-02-17 17:01:00+00:00,2021-02-17 17:14:00+00:00,2021-02-17 17:51:00+00:00,2021-02-17 17:31:00+00:00,2021-02-17 18:03:00+00:00,2.6601873688585536,0.8333333333333334,0.5,0.9,0.00031060697351008646,720.0,0.0,1.7097513663315644,1
2021-02-18 01:54:00+00:00,1,0.00032807986501381947,2.5,1.204071920134986,DC:-1:2021-02-18 01:42:00+00:00,1.2049,1.2042,1.2045,1.2041,2021-02-18 01:31:00+00:00,2021-02-18 01:39:00+00:00,2021-02-18 01:42:00+00:00,2021-02-18 01:51:00+00:00,2021-02-18 01:50:00+00:00,2021-02-18 01:54:00+00:00,3.019355963406235,0.7777777777774488,0.4285714285712926,0.5714285714283902,0.00028079865013920855,180.0,0.0,1.1683812042941475,-1
2021-02-18 13:16:00+00:00,-1,0.00043772782034068314,2.5,1.2086377278203406,DC:1:2021-02-18 12:53:00+00:00,1.2065,1.2085,1.2075,1.2086,2021-02-18 12:31:00+00:00,2021-02-18 12:51:00+00:00,2021-02-18 13:02:00+00:00,2021-02-18 13:14:00+00:00,2021-02-18 13:06:00+00:00,2021-02-18 13:16:00+00:00,5.942024337746093,0.7692307692307232,0.4999999999999445,0.549999999999939,0.000377278203407305,120.0,0.0,1.1602255746222303,1
2021-02-18 15:53:00+00:00,-1,0.00043869715224986727,2.5,1.2082386971522499,DC:1:2021-02-18 15:47:00+00:00,1.2062,1.208,1.2075,1.2082,2021-02-18 15:19:00+00:00,2021-02-18 15:44:00+00:00,2021-02-18 15:47:00+00:00,2021-02-18 15:50:00+00:00,2021-02-18 15:49:00+00:00,2021-02-18 15:53:00+00:00,4.705673290190807,0.75000000000037,0.2777777777777435,0.38888888888884093,0.0003869715224984104,180.0,0.0,1.133667793995537,1
2021-02-19 09:03:00+00:00,-1,0.0005394683631416708,2.5,1.2133394683631418,DC:1:2021-02-19 08:44:00+00:00,1.2109,1.213,1.2125,1.2133,2021-02-19 08:25:00+00:00,2021-02-19 08:43:00+00:00,2021-02-19 08:44:00+00:00,2021-02-19 08:59:00+00:00,2021-02-19 08:57:00+00:00,2021-02-19 09:03:00+00:00,6.001707506617743,0.7241379310350583,0.23809523809531866,0.38095238095244643,0.00039468363141700836,240.0,1.0,1.3668374368727954,1
2021-02-19 10:17:00+00:00,1,0.0004319335111351297,2.5,1.212968066488865,DC:-1:2021-02-19 09:54:00+00:00,1.214,1.2131,1.2135,1.213,2021-02-19 09:39:00+00:00,2021-02-19 09:53:00+00:00,2021-02-19 09:54:00+00:00,2021-02-19 10:11:00+00:00,2021-02-19 10:11:00+00:00,2021-02-19 10:17:00+00:00,2.2911795123699066,0.6923076923092295,0.4444444444444444,0.5555555555555556,0.00031933511135156546,360.0,1.0,1.3526026289655362,-1
2021-02-22 00:01:00+00:00,-1,0.000327816436823003,2.5,1.212627816436823,DC:1:2021-02-21 23:44:00+00:00,1.2116,1.2124,1.2121,1.2126,2021-02-21 23:29:00+00:00,2021-02-21 23:40:00+00:00,2021-02-21 23:44:00+00:00,2021-02-21 23:47:00+00:00,2021-02-21 23:46:00+00:00,2021-02-22 00:01:00+00:00,3.332881240594093,0.8000000000017764,0.375,0.625,0.00027816436822932855,840.0,0.0,1.1784990252696186,1
2021-02-22 23:31:00+00:00,-1,0.000322084856408722,2.5,1.2167220848564086,DC:1:2021-02-22 23:13:00+00:00,1.2157,1.2165,1.2161,1.2167,2021-02-22 23:01:00+00:00,2021-02-22 23:11:00+00:00,2021-02-22 23:20:00+00:00,2021-02-22 23:28:00+00:00,2021-02-22 23:23:00+00:00,2021-02-22 23:31:00+00:00,4.32143844683615,0.8000000000010659,0.5,0.75,0.0002208485640878721,180.0,0.0,1.4583968781457395,1
2021-02-24 00:24:00+00:00,-1,0.0003219543389361146,2.5,1.2156219543389362,DC:1:2021-02-23 23:47:00+00:00,1.2145,1.2155,1.215,1.2156,2021-02-23 23:28:00+00:00,2021-02-23 23:41:00+00:00,2021-02-23 23:58:00+00:00,2021-02-24 00:20:00+00:00,2021-02-24 00:13:00+00:00,2021-02-24 00:24:00+00:00,3.79500616072207,0.7142857142865526,0.499999999999889,0.5999999999998668,0.00021954338936055416,240.0,0.0,1.4664724812432035,1
2021-02-24 17:57:00+00:00,-1,0.00043263628675838106,2.5,1.2146326362867583,DC:1:2021-02-24 17:05:00+00:00,1.2131,1.2144,1.214,1.2146,2021-02-24 16:44:00+00:00,2021-02-24 17:01:00+00:00,2021-02-24 17:05:00+00:00,2021-02-24 17:25:00+00:00,2021-02-24 17:25:00+00:00,2021-02-24 17:57:00+00:00,3.3307712236454403,0.6190476190476845,0.3076923076923077,0.46153846153846156,0.0003263628675832448,1920.0,1.0,1.3256296280336772,1
2021-02-25 00:27:00+00:00,1,0.0002153633473407357,2.5,1.2161846366526592,DC:-1:2021-02-25 00:23:00+00:00,1.2167,1.2163,1.2165,1.2162,2021-02-25 00:07:00+00:00,2021-02-25 00:22:00+00:00,2021-02-25 00:23:00+00:00,2021-02-25 00:25:00+00:00,2021-02-25 00:25:00+00:00,2021-02-25 00:27:00+00:00,2.5395614361178835,1.0000000000022204,0.5,0.75,0.0001536334734076564,120.0,1.0,1.401799637565201,-1
2021-02-25 12:42:00+00:00,-1,0.0004312628679978836,2.5,1.223631262867998,DC:1:2021-02-25 12:29:00+00:00,1.2224,1.2234,1.223,1.2236,2021-02-25 12:10:00+00:00,2021-02-25 12:19:00+00:00,2021-02-25 12:29:00+00:00,2021-02-25 12:32:00+00:00,2021-02-25 12:32:00+00:00,2021-02-25 12:42:00+00:00,2.905416156114124,0.8333333333341352,0.3999999999999112,0.5999999999998668,0.0003126286799803163,600.0,1.0,1.379473143746878,1
2021-02-25 15:02:00+00:00,-1,0.0005489352029364181,2.5,1.2241489352029364,DC:1:2021-02-25 14:48:00+00:00,1.222,1.2238,1.2232,1.2241,2021-02-25 14:34:00+00:00,2021-02-25 14:46:00+00:00,2021-02-25 14:48:00+00:00,2021-02-25 15:00:00+00:00,2021-02-25 14:57:00+00:00,2021-02-25 15:02:00+00:00,3.375525672807298,0.8181818181827449,0.33333333333329224,0.4999999999999383,0.0004893520293647744,120.0,0.0,1.121759326611945,1
2021-02-25 22:48:00+00:00,-1,0.00032777040853559924,2.5,1.2183277704085356,DC:1:2021-02-25 22:22:00+00:00,1.2171,1.2181,1.2177,1.2183,2021-02-25 21:55:00+00:00,2021-02-25 22:06:00+00:00,2021-02-25 22:22:00+00:00,2021-02-25 22:46:00+00:00,2021-02-25 22:46:00+00:00,2021-02-25 22:48:00+00:00,2.8536647166472373,0.625,0.4,0.6,0.00027770408535714256,120.0,1.0,1.1802865921618282,1
2021-02-26 00:36:00+00:00,1,0.0006492134904774183,2.5,1.2139507865095225,DC:-1:2021-02-26 00:21:00+00:00,1.2166,1.2142,1.2149,1.214,2021-02-26 00:04:00+00:00,2021-02-26 00:20:00+00:00,2021-02-26 00:21:00+00:00,2021-02-26 00:31:00+00:00,2021-02-26 00:25:00+00:00,2021-02-26 00:36:00+00:00,6.570985500143436,0.8571428571432084,0.2916666666667322,0.37500000000005784,0.0004921349047750969,300.0,0.0,1.3191779005679458,-1
2021-02-26 01:13:00+00:00,-1,0.0007517641647731832,2.5,1.2161517641647732,DC:1:2021-02-26 00:47:00+00:00,1.214,1.2155,1.215,1.2161,2021-02-26 00:31:00+00:00,2021-02-26 00:42:00+00:00,2021-02-26 00:47:00+00:00,2021-02-26 01:05:00+00:00,2021-02-26 00:57:00+00:00,2021-02-26 01:13:00+00:00,3.0102784042832886,0.65217391304326,0.33333333333328397,0.7333333333332248,0.0005176416477330563,480.0,1.0,1.4522868630556212,1
2021-02-26 11:38:00+00:00,1,0.0006572234087487416,2.5,1.2093427765912512,DC:-1:2021-02-26 11:30:00+00:00,1.2123,1.2099,1.2105,1.2094,2021-02-26 11:07:00+00:00,2021-02-26 11:27:00+00:00,2021-02-26 11:30:00+00:00,2021-02-26 11:35:00+00:00,2021-02-26 11:33:00+00:00,2021-02-26 11:38:00+00:00,4.55177266860161,0.6666666666667284,0.24999999999997688,0.4583333333332909,0.0005722340874890714,180.0,1.0,1.148521947779445,-1
2021-03-02 08:12:00+00:00,1,0.0006437514915740294,2.5,1.1999562485084259,DC:-1:2021-03-02 07:48:00+00:00,1.2017,1.2004,1.2009999999999998,1.2,2021-03-02 07:30:00+00:00,2021-03-02 07:45:00+00:00,2021-03-02 07:48:00+00:00,2021-03-02 08:08:00+00:00,2021-03-02 07:53:00+00:00,2021-03-02 08:12:00+00:00,3.3588686584754672,0.6842105263167859,0.4615384615383827,0.7692307692306378,0.00043751491574189465,240.0,0.0,1.4713818167374229,-1
2021-03-03 19:59:00+00:00,-1,0.00032436603696983646,2.5,1.20722436603697,DC:1:2021-03-03 19:46:00+00:00,1.2064,1.207,1.2067,1.2072,2021-03-03 19:35:00+00:00,2021-03-03 19:42:00+00:00,2021-03-03 19:46:00+00:00,2021-03-03 19:57:00+00:00,2021-03-03 19:52:00+00:00,2021-03-03 19:59:00+00:00,2.7497023821567894,0.7500000000011102,0.499999999999815,0.833333333333025,0.000243660369698103,120.0,0.0,1.3312219683969468,1
2021-03-03 20:16:00+00:00,-1,0.00032816255816525697,2.5,1.2073281625581653,DC:1:2021-03-03 20:10:00+00:00,1.2065,1.2072,1.2069,1.2073,2021-03-03 20:00:00+00:00,2021-03-03 20:07:00+00:00,2021-03-03 20:10:00+00:00,2021-03-03 20:13:00+00:00,2021-03-03 20:13:00+00:00,2021-03-03 20:16:00+00:00,2.6487076564820944,1.0000000000012688,0.4285714285712926,0.5714285714283902,0.0002816255816528426,180.0,1.0,1.1652441381187455,1
2021-03-04 07:35:00+00:00,1,0.00043384629426057586,2.5,1.2051661537057394,DC:-1:2021-03-04 07:09:00+00:00,1.2062,1.2054,1.2058,1.2052,2021-03-04 07:03:00+00:00,2021-03-04 07:06:00+00:00,2021-03-04 07:10:00+00:00,2021-03-04 07:31:00+00:00,2021-03-04 07:19:00+00:00,2021-03-04 07:35:00+00:00,2.89364694002182,1.0,0.5,0.75,0.0003384629426056619,240.0,0.0,1.2818132789386154,-1
2021-03-04 16:24:00+00:00,-1,0.000543685253601156,2.5,1.204743685253601,DC:1:2021-03-04 16:00:00+00:00,1.2029,1.2044,1.204,1.2047,2021-03-04 15:52:00+00:00,2021-03-04 15:58:00+00:00,2021-03-04 16:00:00+00:00,2021-03-04 16:19:00+00:00,2021-03-04 16:19:00+00:00,2021-03-04 16:24:00+00:00,3.7550694480246256,0.8823529411770469,0.26666666666666666,0.4666666666668147,0.0004368525360106398,300.0,1.0,1.2445509841057998,1
2021-03-05 01:28:00+00:00,1,0.0005420326357734595,2.5,1.1952579673642265,DC:-1:2021-03-05 01:05:00+00:00,1.1967,1.1956,1.196,1.1953,2021-03-05 01:00:00+00:00,2021-03-05 01:04:00+00:00,2021-03-05 01:05:00+00:00,2021-03-05 01:22:00+00:00,2021-03-05 01:11:00+00:00,2021-03-05 01:28:00+00:00,3.114195997691116,0.8461538461541614,0.36363636363629026,0.6363636363635079,0.00042032635773431445,360.0,1.0,1.289551858453937,-1
2021-03-05 19:58:00+00:00,-1,0.0003282439946792337,2.5,1.1918282439946792,DC:1:2021-03-05 19:38:00+00:00,1.1908,1.1916,1.1913,1.1918,2021-03-05 19:19:00+00:00,2021-03-05 19:34:00+00:00,2021-03-05 19:38:00+00:00,2021-03-05 19:49:00+00:00,2021-03-05 19:42:00+00:00,2021-03-05 19:58:00+00:00,3.165034889559184,0.8000000000003553,0.375,0.625,0.00028243994679330386,540.0,0.0,1.1621726969076733,1
2021-03-08 03:16:00+00:00,1,0.0004311385821531566,2.5,1.1899688614178467,DC:-1:2021-03-08 02:56:00+00:00,1.1917,1.1901,1.1906,1.19,2021-03-08 02:35:00+00:00,2021-03-08 02:47:00+00:00,2021-03-08 02:57:00+00:00,2021-03-08 03:15:00+00:00,2021-03-08 03:04:00+00:00,2021-03-08 03:16:00+00:00,4.8942135519363,0.8888888888896701,0.3125000000000954,0.3750000000000867,0.0003113858215317788,60.0,0.0,1.3845800044211591,-1
2021-03-09 09:01:00+00:00,-1,0.0005474862653880308,2.5,1.189847486265388,DC:1:2021-03-09 08:51:00+00:00,1.1884,1.1894,1.189,1.1898,2021-03-09 08:44:00+00:00,2021-03-09 08:50:00+00:00,2021-03-09 08:51:00+00:00,2021-03-09 08:59:00+00:00,2021-03-09 08:53:00+00:00,2021-03-09 09:01:00+00:00,2.7524771128043737,0.8333333333329016,0.3999999999999112,0.7999999999998224,0.0004748626538812727,120.0,1.0,1.1529360351107245,1
2021-03-11 12:20:00+00:00,1,0.0004300598988924431,2.5,1.1957699401011075,DC:-1:2021-03-11 12:00:00+00:00,1.1967,1.1961,1.1964,1.1958,2021-03-11 11:51:00+00:00,2021-03-11 11:57:00+00:00,2021-03-11 12:00:00+00:00,2021-03-11 12:03:00+00:00,2021-03-11 12:01:00+00:00,2021-03-11 12:20:00+00:00,2.2296134231298144,0.7500000000002776,0.499999999999815,0.99999999999963,0.0003005989889249344,1020.0,0.0,1.4306764651155819,-1
2021-03-15 15:18:00+00:00,-1,0.00043350730970770357,2.5,1.1933335073097078,DC:1:2021-03-15 15:01:00+00:00,1.1916,1.193,1.1924,1.1933,2021-03-15 14:32:00+00:00,2021-03-15 14:57:00+00:00,2021-03-15 15:02:00+00:00,2021-03-15 15:07:00+00:00,2021-03-15 15:05:00+00:00,2021-03-15 15:18:00+00:00,3.9525115490174914,0.6363636363643795,0.4285714285715192,0.6428571428571995,0.00033507309707822704,660.0,1.0,1.2937693699906196,1
2021-03-16 13:19:00+00:00,1,0.0004387261428404621,2.5,1.1920612738571594,DC:-1:2021-03-16 13:06:00+00:00,1.1936,1.1922,1.1926,1.1921,2021-03-16 12:46:00+00:00,2021-03-16 12:59:00+00:00,2021-03-16 13:06:00+00:00,2021-03-16 13:17:00+00:00,2021-03-16 13:17:00+00:00,2021-03-16 13:19:00+00:00,3.7733360119549935,0.6363636363638657,0.285714285714399,0.3571428571429591,0.00038726142840571505,120.0,1.0,1.1328939849409168,-1
2021-03-16 14:33:00+00:00,-1,0.0006415476817249743,2.5,1.191341547681725,DC:1:2021-03-16 14:14:00+00:00,1.1898,1.1911,1.1905,1.1913,2021-03-16 13:53:00+00:00,2021-03-16 14:10:00+00:00,2021-03-16 14:14:00+00:00,2021-03-16 14:26:00+00:00,2021-03-16 14:24:00+00:00,2021-03-16 14:33:00+00:00,2.5812586903548045,0.6190476190480521,0.4615384615385535,0.615384615384681,0.00041547681725019755,420.0,0.0,1.544123895939634,1
2021-03-16 15:51:00+00:00,1,0.0006408905499386552,2.5,1.1881591094500614,DC:-1:2021-03-16 15:25:00+00:00,1.1898,1.1885,1.189,1.1882,2021-03-16 15:12:00+00:00,2021-03-16 15:23:00+00:00,2021-03-16 15:25:00+00:00,2021-03-16 15:44:00+00:00,2021-03-16 15:44:00+00:00,2021-03-16 15:51:00+00:00,2.7167019394121983,0.6190476190480521,0.3846153846154897,0.615384615384681,0.00040890549938415365,420.0,1.0,1.56733169620827,-1
2021-03-17 08:13:00+00:00,1,0.0003299172809994033,2.5,1.1886700827190007,DC:-1:2021-03-17 07:58:00+00:00,1.1901,1.1889,1.1892,1.1887,2021-03-17 07:36:00+00:00,2021-03-17 07:57:00+00:00,2021-03-17 07:58:00+00:00,2021-03-17 08:07:00+00:00,2021-03-17 08:06:00+00:00,2021-03-17 08:13:00+00:00,4.276183907602594,0.6000000000010658,0.25,0.4166666666666667,0.00029917280999421564,360.0,1.0,1.1027649237435118,-1
2021-03-17 16:46:00+00:00,1,0.0006410960777780694,2.5,1.1895589039222219,DC:-1:2021-03-17 16:05:00+00:00,1.1909999999999998,1.1898,1.1903,1.1896,2021-03-17 15:51:00+00:00,2021-03-17 16:04:00+00:00,2021-03-17 16:05:00+00:00,2021-03-17 16:31:00+00:00,2021-03-17 16:14:00+00:00,2021-03-17 16:46:00+00:00,3.0846882523251042,0.6666666666671601,0.4166666666666667,0.5833333333333334,0.000410960777780545,900.0,0.0,1.5599933435020357,-1
2021-03-18 02:10:00+00:00,1,0.000327728441899211,2.5,1.1963722715581009,DC:-1:2021-03-18 01:47:00+00:00,1.1983,1.1966,1.1972,1.1964,2021-03-18 01:22:00+00:00,2021-03-18 01:44:00+00:00,2021-03-18 01:55:00+00:00,2021-03-18 02:09:00+00:00,2021-03-18 02:00:00+00:00,2021-03-18 02:10:00+00:00,5.926114854384033,0.739130434783679,0.35294117647058826,0.47058823529424826,0.0002772844189905605,60.0,0.0,1.181921591888536,-1
2021-03-18 12:54:00+00:00,1,0.0008463661342377193,2.5,1.1922536338657623,DC:-1:2021-03-18 12:26:00+00:00,1.1947,1.1926,1.1934,1.1923,2021-03-18 12:04:00+00:00,2021-03-18 12:24:00+00:00,2021-03-18 12:30:00+00:00,2021-03-18 12:44:00+00:00,2021-03-18 12:31:00+00:00,2021-03-18 12:54:00+00:00,5.519398482058011,0.6363636363637465,0.3809523809523407,0.5238095238095741,0.0004636613423757793,600.0,0.0,1.8253972390731958,-1
2021-03-18 17:57:00+00:00,-1,0.0004367192894643157,2.5,1.1931367192894644,DC:1:2021-03-18 17:29:00+00:00,1.1915,1.193,1.1925,1.1931,2021-03-18 17:11:00+00:00,2021-03-18 17:27:00+00:00,2021-03-18 17:31:00+00:00,2021-03-18 17:35:00+00:00,2021-03-18 17:33:00+00:00,2021-03-18 17:57:00+00:00,5.123859841614514,0.6521739130435118,0.333333333333432,0.40000000000008884,0.00036719289464361724,1320.0,0.0,1.1893456976834424,1
2021-03-19 07:58:00+00:00,-1,0.00043381924472929434,2.5,1.1936338192447293,DC:1:2021-03-19 07:43:00+00:00,1.1924,1.1934,1.1929,1.1936,2021-03-19 07:28:00+00:00,2021-03-19 07:39:00+00:00,2021-03-19 07:43:00+00:00,2021-03-19 07:57:00+00:00,2021-03-19 07:57:00+00:00,2021-03-19 07:58:00+00:00,3.304526661956981,0.7142857142860994,0.499999999999889,0.6999999999998445,0.0003381924472932852,60.0,1.0,1.2827585246251234,1
2021-03-22 01:52:00+00:00,-1,0.0004334047196601354,2.5,1.18853340471966,DC:1:2021-03-22 01:40:00+00:00,1.1874,1.1883,1.188,1.1885,2021-03-22 01:26:00+00:00,2021-03-22 01:36:00+00:00,2021-03-22 01:40:00+00:00,2021-03-22 01:50:00+00:00,2021-03-22 01:43:00+00:00,2021-03-22 01:52:00+00:00,3.0025369569188527,0.8181818181829743,0.3333333333333333,0.5555555555555556,0.00033404719660121585,120.0,1.0,1.2974355841624743,1
2021-03-22 08:59:00+00:00,-1,0.0005443451396742738,2.5,1.1906443451396742,DC:1:2021-03-22 08:39:00+00:00,1.1877,1.1905,1.1896,1.1906,2021-03-22 08:07:00+00:00,2021-03-22 08:38:00+00:00,2021-03-22 08:51:00+00:00,2021-03-22 08:57:00+00:00,2021-03-22 08:53:00+00:00,2021-03-22 08:59:00+00:00,5.897053978646033,0.6086956521743727,0.3214285714285459,0.3571428571429081,0.00044345139674017845,120.0,0.0,1.2275192809759257,1
2021-03-22 12:07:00+00:00,-1,0.0005313678143277212,2.5,1.1930313678143276,DC:1:2021-03-22 11:30:00+00:00,1.1918,1.1927,1.1923,1.193,2021-03-22 11:16:00+00:00,2021-03-22 11:23:00+00:00,2021-03-22 11:30:00+00:00,2021-03-22 11:57:00+00:00,2021-03-22 11:49:00+00:00,2021-03-22 12:07:00+00:00,2.6373616352348006,0.8181818181818549,0.44444444444458153,0.7777777777778326,0.000313678143276047,600.0,0.0,1.6939905623583729,1
2021-03-22 17:55:00+00:00,-1,0.00043027028307141,2.5,1.1946302702830713,DC:1:2021-03-22 17:25:00+00:00,1.1935,1.1944,1.194,1.1946,2021-03-22 17:10:00+00:00,2021-03-22 17:20:00+00:00,2021-03-22 17:31:00+00:00,2021-03-22 17:36:00+00:00,2021-03-22 17:35:00+00:00,2021-03-22 17:55:00+00:00,3.618802354093774,0.8181818181823136,0.4444444444444444,0.6666666666669134,0.0003027028307131391,1140.0,0.0,1.4214280126080558,1
2021-03-23 14:48:00+00:00,1,0.00043088450346795426,2.5,1.186569115496532,DC:-1:2021-03-23 14:38:00+00:00,1.1875,1.1868,1.1871,1.1866,2021-03-23 14:25:00+00:00,2021-03-23 14:36:00+00:00,2021-03-23 14:38:00+00:00,2021-03-23 14:42:00+00:00,2021-03-23 14:42:00+00:00,2021-03-23 14:48:00+00:00,2.4147425870771566,0.7777777777787372,0.42857142857142855,0.7142857142857143,0.0003088450346805669,360.0,1.0,1.3951479061776424,-1
2021-03-24 08:10:00+00:00,1,0.0004393309920531774,2.5,1.1813606690079468,DC:-1:2021-03-24 07:54:00+00:00,1.1828,1.1817,1.1822,1.1814,2021-03-24 07:40:00+00:00,2021-03-24 07:53:00+00:00,2021-03-24 07:56:00+00:00,2021-03-24 08:06:00+00:00,2021-03-24 08:01:00+00:00,2021-03-24 08:10:00+00:00,2.908347331204082,0.6470588235292888,0.45454545454536277,0.7272727272725805,0.0003933099205316599,240.0,0.0,1.1170096891004124,-1
2021-03-25 14:40:00+00:00,1,0.0005457608718966167,2.5,1.1795542391281033,DC:-1:2021-03-25 14:21:00+00:00,1.1812,1.1797,1.1804,1.1796,2021-03-25 14:02:00+00:00,2021-03-25 14:17:00+00:00,2021-03-25 14:22:00+00:00,2021-03-25 14:35:00+00:00,2021-03-25 14:31:00+00:00,2021-03-25 14:40:00+00:00,3.4071189642728887,0.6521739130440155,0.46666666666659756,0.5333333333332544,0.00045760871896683233,300.0,0.0,1.1926365239036751,-1
2021-03-29 09:04:00+00:00,1,0.0006379346666602892,2.5,1.1763620653333398,DC:-1:2021-03-29 08:26:00+00:00,1.1787,1.1765,1.1775,1.1764,2021-03-29 08:04:00+00:00,2021-03-29 08:22:00+00:00,2021-03-29 08:33:00+00:00,2021-03-29 08:49:00+00:00,2021-03-29 08:45:00+00:00,2021-03-29 09:04:00+00:00,5.4550034764378985,0.6875000000012144,0.4545454545454087,0.5000000000000505,0.00037934666660168,900.0,0.0,1.6816667255181939,-1
2021-03-29 23:05:00+00:00,1,0.00021792872726211776,2.5,1.176482071272738,DC:-1:2021-03-29 22:51:00+00:00,1.177,1.1766,1.1768,1.1765,2021-03-29 22:35:00+00:00,2021-03-29 22:47:00+00:00,2021-03-29 22:51:00+00:00,2021-03-29 23:04:00+00:00,2021-03-29 23:02:00+00:00,2021-03-29 23:05:00+00:00,2.084168353739616,0.666666666668147,0.5,0.75,0.00017928727262219476,60.0,0.0,1.2155281525273167,-1
2021-03-30 07:01:00+00:00,1,0.00043278335977414706,2.5,1.174367216640226,DC:-1:2021-03-30 06:50:00+00:00,1.1755,1.1746,1.175,1.1744,2021-03-30 06:45:00+00:00,2021-03-30 06:47:00+00:00,2021-03-30 06:51:00+00:00,2021-03-30 06:59:00+00:00,2021-03-30 06:58:00+00:00,2021-03-30 07:01:00+00:00,3.0416800189247435,1.0000000000002467,0.4444444444444444,0.6666666666666666,0.0003278335977421901,120.0,0.0,1.3201311969082863,-1
2021-03-31 06:54:00+00:00,-1,0.0004367334148174251,2.5,1.1724367334148174,DC:1:2021-03-31 06:43:00+00:00,1.171,1.1723,1.1718,1.1724,2021-03-31 06:23:00+00:00,2021-03-31 06:39:00+00:00,2021-03-31 06:44:00+00:00,2021-03-31 06:51:00+00:00,2021-03-31 06:46:00+00:00,2021-03-31 06:54:00+00:00,3.632114731662109,0.6190476190489936,0.38461538461538464,0.4615384615386323,0.000367334148171911,180.0,0.0,1.188926804085297,1
2021-04-01 08:21:00+00:00,-1,0.0004346285898513269,2.5,1.1744346285898515,DC:1:2021-04-01 08:06:00+00:00,1.173,1.1741,1.1736,1.1744,2021-04-01 07:52:00+00:00,2021-04-01 07:59:00+00:00,2021-04-01 08:07:00+00:00,2021-04-01 08:17:00+00:00,2021-04-01 08:11:00+00:00,2021-04-01 08:21:00+00:00,2.934180828435045,0.846153846155725,0.45454545454545453,0.7272727272729291,0.00034628589851305557,240.0,0.0,1.2551148970189459,1
2021-04-02 12:11:00+00:00,1,0.00032423395019787193,2.5,1.1769757660498021,DC:-1:2021-04-02 11:33:00+00:00,1.1778,1.1772,1.1775,1.177,2021-04-02 11:25:00+00:00,2021-04-02 11:30:00+00:00,2021-04-02 11:33:00+00:00,2021-04-02 12:07:00+00:00,2021-04-02 11:56:00+00:00,2021-04-02 12:11:00+00:00,2.6167420066069824,0.6000000000013322,0.5,0.8333333333333334,0.00024233950197888646,240.0,0.0,1.3379327247528983,-1
2021-04-02 12:30:00+00:00,1,0.00032676753553029236,2.5,1.1764732324644698,DC:-1:2021-04-02 12:20:00+00:00,1.1773,1.1767,1.177,1.1765,2021-04-02 12:11:00+00:00,2021-04-02 12:18:00+00:00,2021-04-02 12:20:00+00:00,2021-04-02 12:28:00+00:00,2021-04-02 12:27:00+00:00,2021-04-02 12:30:00+00:00,2.4667648601822605,1.0000000000022204,0.5,0.8333333333333334,0.0002676753553029767,120.0,0.0,1.220760630579645,-1
2021-04-05 05:46:00+00:00,1,0.0003212545732691474,2.5,1.1753787454267308,DC:-1:2021-04-05 05:35:00+00:00,1.1761,1.1756,1.1758,1.1754,2021-04-05 05:27:00+00:00,2021-04-05 05:34:00+00:00,2021-04-05 05:35:00+00:00,2021-04-05 05:45:00+00:00,2021-04-05 05:36:00+00:00,2021-04-05 05:46:00+00:00,2.5565313214333627,1.0000000000022204,0.4,0.8,0.00021254573269118978,60.0,0.0,1.511460941612514,-1
2021-04-06 01:52:00+00:00,1,0.0003252824020185674,2.5,1.1808747175979815,DC:-1:2021-04-06 01:21:00+00:00,1.1817,1.1811,1.1814,1.1809,2021-04-06 01:06:00+00:00,2021-04-06 01:14:00+00:00,2021-04-06 01:21:00+00:00,2021-04-06 01:37:00+00:00,2021-04-06 01:30:00+00:00,2021-04-06 01:52:00+00:00,2.7665590930564745,0.7500000000016653,0.5,0.8333333333333334,0.0002528240201860578,900.0,0.0,1.2865961144798905,-1
2021-04-06 12:33:00+00:00,-1,0.00032539915926643737,2.5,1.1817253991592664,DC:1:2021-04-06 12:12:00+00:00,1.1805,1.1815,1.1812,1.1817,2021-04-06 11:57:00+00:00,2021-04-06 12:11:00+00:00,2021-04-06 12:12:00+00:00,2021-04-06 12:28:00+00:00,2021-04-06 12:26:00+00:00,2021-04-06 12:33:00+00:00,3.7589696979822502,0.6250000000013878,0.3,0.5,0.0002539915926652301,300.0,1.0,1.2811414576833058,1
2021-04-06 18:44:00+00:00,-1,0.00032693024929431047,2.5,1.1870269302492944,DC:1:2021-04-06 18:27:00+00:00,1.1853,1.1869,1.1864,1.187,2021-04-06 18:02:00+00:00,2021-04-06 18:26:00+00:00,2021-04-06 18:27:00+00:00,2021-04-06 18:41:00+00:00,2021-04-06 18:32:00+00:00,2021-04-06 18:44:00+00:00,8.911732006356832,0.6666666666682395,0.3125000000000954,0.3750000000000867,0.00026930249294308107,180.0,0.0,1.2139889450017436,1
2021-04-06 18:52:00+00:00,-1,0.0004261671571621495,2.5,1.1873261671571622,DC:1:2021-04-06 18:44:00+00:00,1.1864,1.187,1.1867,1.1873,2021-04-06 18:27:00+00:00,2021-04-06 18:41:00+00:00,2021-04-06 18:44:00+00:00,2021-04-06 18:51:00+00:00,2021-04-06 18:46:00+00:00,2021-04-06 18:52:00+00:00,2.2279778900040488,0.7500000000019429,0.499999999999815,0.99999999999963,0.0002616715716213067,60.0,0.0,1.6286337660665033,1
2021-04-07 07:02:00+00:00,1,0.00047912842782071863,2.5,1.1868108715721792,DC:-1:2021-04-07 06:47:00+00:00,1.1881,1.1872,1.1876,1.18685,2021-04-07 06:37:00+00:00,2021-04-07 06:44:00+00:00,2021-04-07 06:49:00+00:00,2021-04-07 06:55:00+00:00,2021-04-07 06:52:00+00:00,2021-04-07 07:02:00+00:00,2.4900261786753015,1.0000000000022204,0.4444444444444444,0.8333333333334567,0.00039128427820661225,420.0,1.0,1.2245021190647518,-1
2021-04-07 12:53:00+00:00,1,0.00043957292690932626,2.5,1.1877604270730906,DC:-1:2021-04-07 12:14:00+00:00,1.1897,1.1881,1.18853,1.1878,2021-04-07 11:51:00+00:00,2021-04-07 12:08:00+00:00,2021-04-07 12:14:00+00:00,2021-04-07 12:23:00+00:00,2021-04-07 12:16:00+00:00,2021-04-07 12:53:00+00:00,4.25580064096455,0.6153846153852264,0.2687500000000876,0.4562500000000616,0.00039572926909305507,1800.0,0.0,1.1107920521440162,-1
2021-04-07 14:50:00+00:00,-1,0.0007456960877103569,2.5,1.1914456960877104,DC:1:2021-04-07 14:35:00+00:00,1.1895,1.1909,1.19029,1.1914,2021-04-07 14:16:00+00:00,2021-04-07 14:28:00+00:00,2021-04-07 14:36:00+00:00,2021-04-07 14:45:00+00:00,2021-04-07 14:40:00+00:00,2021-04-07 14:50:00+00:00,2.702307760661529,0.6666666666671248,0.4357142857142642,0.7928571428570647,0.00045696087710390824,300.0,0.0,1.6318598047963595,1
2021-04-13 13:26:00+00:00,-1,0.0008893635217788187,2.5,1.193659363521779,DC:1:2021-04-13 12:49:00+00:00,1.1891,1.1931,1.1921,1.1936,2021-04-13 12:26:00+00:00,2021-04-13 12:46:00+00:00,2021-04-13 12:55:00+00:00,2021-04-13 13:21:00+00:00,2021-04-13 12:57:00+00:00,2021-04-13 13:26:00+00:00,11.391908256027595,0.7299270072987477,0.25000000000002776,0.3750000000000139,0.0005936352177896669,300.0,0.0,1.498165026479161,1
2021-04-13 20:38:00+00:00,1,0.00032596464667911107,2.5,1.194774035353321,DC:-1:2021-04-13 20:11:00+00:00,1.19551,1.1949,1.19516,1.1948,2021-04-13 20:00:00+00:00,2021-04-13 20:03:00+00:00,2021-04-13 20:11:00+00:00,2021-04-13 20:20:00+00:00,2021-04-13 20:20:00+00:00,2021-04-13 20:38:00+00:00,2.5318906503801175,0.8133333333333017,0.426229508196602,0.5901639344260923,0.0002596464667904898,1080.0,1.0,1.255417224460573,-1
2021-04-15 07:58:00+00:00,1,0.00036889028110764777,2.5,1.1977511097188924,DC:-1:2021-04-15 07:49:00+00:00,1.1989299999999998,1.1979,1.19829,1.1977799999999998,2021-04-15 07:29:00+00:00,2021-04-15 07:46:00+00:00,2021-04-15 07:49:00+00:00,2021-04-15 07:55:00+00:00,2021-04-15 07:53:00+00:00,2021-04-15 07:58:00+00:00,2.932774346971171,0.7518248175173669,0.3786407766991882,0.4951456310682521,0.0002889028110742702,180.0,1.0,1.2768663611681323,-1
2021-04-15 08:58:00+00:00,-1,0.00038206648736061055,2.5,1.1985820664873605,DC:1:2021-04-15 08:46:00+00:00,1.19737,1.19844,1.1981,1.19855,2021-04-15 08:33:00+00:00,2021-04-15 08:45:00+00:00,2021-04-15 08:46:00+00:00,2021-04-15 08:52:00+00:00,2021-04-15 08:52:00+00:00,2021-04-15 08:58:00+00:00,4.015587810494505,0.8425196850381944,0.3177570093458293,0.42056074766364643,0.00032066487360630727,360.0,1.0,1.1914821946780751,1
2021-04-18 21:16:00+00:00,-1,0.00018040643821604085,2.5,1.197610406438216,DC:1:2021-04-18 21:08:00+00:00,1.19707,1.19749,1.1974,1.1976,2021-04-18 20:52:00+00:00,2021-04-18 21:07:00+00:00,2021-04-18 21:08:00+00:00,2021-04-18 21:13:00+00:00,2021-04-18 21:10:00+00:00,2021-04-18 21:16:00+00:00,6.531383171709233,0.7777777777737115,0.214285714285601,0.4761904761905769,0.000104064382161326,180.0,1.0,1.7336040869042537,1
2021-04-19 14:00:00+00:00,1,0.0004730784215989381,2.5,1.2020169215784011,DC:-1:2021-04-19 13:27:00+00:00,1.20407,1.20229,1.20292,1.20205,2021-04-19 12:59:00+00:00,2021-04-19 13:22:00+00:00,2021-04-19 13:33:00+00:00,2021-04-19 13:55:00+00:00,2021-04-19 13:43:00+00:00,2021-04-19 14:00:00+00:00,5.105809306310052,0.6357142857141158,0.3539325842696328,0.4887640449438083,0.000330784215988959,300.0,0.0,1.4301722958109,-1
2021-04-19 18:02:00+00:00,1,0.00025260731198084585,2.5,1.2033473926880192,DC:-1:2021-04-19 17:39:00+00:00,1.20405,1.2034,1.20371,1.20337,2021-04-19 17:21:00+00:00,2021-04-19 17:32:00+00:00,2021-04-19 17:40:00+00:00,2021-04-19 17:51:00+00:00,2021-04-19 17:45:00+00:00,2021-04-19 18:02:00+00:00,2.613405273650481,0.8227848101300298,0.47692307692309793,0.523076923076902,0.00022607311980868796,660.0,0.0,1.117369956209797,-1
2021-04-20 13:16:00+00:00,-1,0.0004718695563314945,2.5,1.2040718695563315,DC:1:2021-04-20 12:59:00+00:00,1.2028299999999998,1.20367,1.20326,1.20403,2021-04-20 12:44:00+00:00,2021-04-20 12:48:00+00:00,2021-04-20 12:59:00+00:00,2021-04-20 13:15:00+00:00,2021-04-20 13:09:00+00:00,2021-04-20 13:16:00+00:00,2.078698018024443,0.8076923076927018,0.4880952380951626,0.9166666666664023,0.000418695563315993,60.0,1.0,1.1269991795336285,1
2021-04-22 00:35:00+00:00,1,0.0002353325348383173,2.5,1.2032046674651617,DC:-1:2021-04-22 00:18:00+00:00,1.20397,1.2034,1.20359,1.2032200000000002,2021-04-22 00:04:00+00:00,2021-04-22 00:17:00+00:00,2021-04-22 00:18:00+00:00,2021-04-22 00:27:00+00:00,2021-04-22 00:23:00+00:00,2021-04-22 00:35:00+00:00,3.934630072637309,0.8028169014066492,0.3333333333332035,0.649122807017168,0.00015332534838541218,480.0,1.0,1.5348573299619355,-1
2021-04-23 14:38:00+00:00,-1,0.0007620468181461781,2.5,1.2066020468181462,DC:1:2021-04-23 14:30:00+00:00,1.2052,1.20632,1.2058,1.20656,2021-04-23 14:17:00+00:00,2021-04-23 14:24:00+00:00,2021-04-23 14:30:00+00:00,2021-04-23 14:34:00+00:00,2021-04-23 14:33:00+00:00,2021-04-23 14:38:00+00:00,2.8203510248138466,0.8358208955219057,0.46428571428577803,0.6785714285715064,0.00042046818146092616,240.0,1.0,1.8123768973396022,1
2021-04-25 21:55:00+00:00,1,0.00022765039306316126,2.5,1.209142349606937,DC:-1:2021-04-25 21:48:00+00:00,1.20977,1.20931,1.20953,1.20916,2021-04-25 21:37:00+00:00,2021-04-25 21:39:00+00:00,2021-04-25 21:50:00+00:00,2021-04-25 21:53:00+00:00,2021-04-25 21:52:00+00:00,2021-04-25 21:55:00+00:00,2.9934010757587295,1.0000000000028961,0.47826086956507047,0.8043478260870824,0.00017650393063061367,120.0,1.0,1.2897752035878827,-1
2021-04-26 14:02:00+00:00,1,0.0008237223252400838,2.5,1.20624627767476,DC:-1:2021-04-26 13:37:00+00:00,1.20795,1.20639,1.2071,1.20629,2021-04-26 13:31:00+00:00,2021-04-26 13:35:00+00:00,2021-04-26 13:44:00+00:00,2021-04-26 13:56:00+00:00,2021-04-26 13:54:00+00:00,2021-04-26 14:02:00+00:00,4.2759204815587974,0.9176470588247126,0.455128205128196,0.5192307692307528,0.0004372232524002879,360.0,0.0,1.8839856314090706,-1
2021-04-27 02:52:00+00:00,1,0.00031711879561791,2.5,1.206562881204382,DC:-1:2021-04-27 02:37:00+00:00,1.20739,1.2067,1.20696,1.20659,2021-04-27 02:18:00+00:00,2021-04-27 02:29:00+00:00,2021-04-27 02:37:00+00:00,2021-04-27 02:45:00+00:00,2021-04-27 02:45:00+00:00,2021-04-27 02:52:00+00:00,2.83599542190473,0.6699029126200092,0.3768115942028706,0.536231884058055,0.00027118795618116077,420.0,1.0,1.1693690239181058,-1
2021-04-28 12:46:00+00:00,-1,0.00042538137784031704,2.5,1.2072253813778404,DC:1:2021-04-28 12:43:00+00:00,1.2063,1.20702,1.2067,1.20719,2021-04-28 12:29:00+00:00,2021-04-28 12:41:00+00:00,2021-04-28 12:43:00+00:00,2021-04-28 12:44:00+00:00,2021-04-28 12:44:00+00:00,2021-04-28 12:46:00+00:00,2.307467826585701,0.6101694915256055,0.44444444444423886,0.6805555555553371,0.0003538137784044287,120.0,1.0,1.2022747665696687,1
2021-04-28 22:33:00+00:00,-1,0.00019673807935394194,2.5,1.213086738079354,DC:1:2021-04-28 22:30:00+00:00,1.21242,1.21291,1.21269,1.21307,2021-04-28 22:13:00+00:00,2021-04-28 22:26:00+00:00,2021-04-28 22:30:00+00:00,2021-04-28 22:32:00+00:00,2021-04-28 22:31:00+00:00,2021-04-28 22:33:00+00:00,2.875062121280254,0.8032786885243932,0.44897959183661446,0.7755102040819194,0.00016738079353916722,60.0,1.0,1.1753922011840927,1
2021-04-28 23:30:00+00:00,-1,0.00025063864726626583,2.5,1.2133206386472664,DC:1:2021-04-28 22:56:00+00:00,1.21269,1.21323,1.213,1.2133,2021-04-28 22:42:00+00:00,2021-04-28 22:52:00+00:00,2021-04-28 22:56:00+00:00,2021-04-28 23:18:00+00:00,2021-04-28 22:59:00+00:00,2021-04-28 23:30:00+00:00,2.8731688750181332,0.7500000000024671,0.42592592592584977,0.5555555555555098,0.00020638647266231605,720.0,0.0,1.214414123334304,1
2021-04-29 13:43:00+00:00,-1,0.0005328574328831159,2.5,1.212632857432883,DC:1:2021-04-29 13:33:00+00:00,1.2114,1.21249,1.21205,1.21259,2021-04-29 13:22:00+00:00,2021-04-29 13:31:00+00:00,2021-04-29 13:33:00+00:00,2021-04-29 13:37:00+00:00,2021-04-29 13:37:00+00:00,2021-04-29 13:43:00+00:00,2.752026148287924,0.7622377622382378,0.4036697247706254,0.49541284403666735,0.00042857432882995625,360.0,1.0,1.2433255961407237,1
2021-04-30 11:02:00+00:00,1,0.0005180859839353236,2.5,1.2078419140160648,DC:-1:2021-04-30 10:47:00+00:00,1.2094200000000002,1.208,1.20846,1.2078799999999998,2021-04-30 10:34:00+00:00,2021-04-30 10:46:00+00:00,2021-04-30 10:47:00+00:00,2021-04-30 10:58:00+00:00,2021-04-30 10:48:00+00:00,2021-04-30 11:02:00+00:00,5.001279930446832,0.7717391304343052,0.323943661971875,0.40845070422546886,0.00038085983935017475,240.0,0.0,1.3603061557219707,-1
2021-04-30 19:29:00+00:00,1,0.00033790752466789087,2.5,1.2015720924753321,DC:-1:2021-04-30 19:12:00+00:00,1.20245,1.2018,1.20211,1.2016,2021-04-30 19:02:00+00:00,2021-04-30 19:08:00+00:00,2021-04-30 19:12:00+00:00,2021-04-30 19:26:00+00:00,2021-04-30 19:18:00+00:00,2021-04-30 19:29:00+00:00,2.234821137985168,1.0000000000023912,0.47692307692309793,0.7846153846153531,0.0002790752466795378,180.0,1.0,1.2108115237318422,-1
2021-04-30 20:30:00+00:00,-1,0.00032108785172968446,2.5,1.2025310878517297,DC:1:2021-04-30 20:11:00+00:00,1.20168,1.20236,1.20205,1.20251,2021-04-30 19:48:00+00:00,2021-04-30 20:06:00+00:00,2021-04-30 20:11:00+00:00,2021-04-30 20:26:00+00:00,2021-04-30 20:16:00+00:00,2021-04-30 20:30:00+00:00,2.44298401532841,0.6799999999991829,0.4558823529412149,0.6764705882351405,0.0002108785172961161,240.0,0.0,1.522620017660747,1
2021-05-02 21:24:00+00:00,1,0.0002650776236605701,2.5,1.2025349223763395,DC:-1:2021-05-02 21:07:00+00:00,1.2035,1.20259,1.203,1.20255,2021-05-02 20:44:00+00:00,2021-05-02 21:06:00+00:00,2021-05-02 21:08:00+00:00,2021-05-02 21:14:00+00:00,2021-05-02 21:10:00+00:00,2021-05-02 21:24:00+00:00,11.183319932682302,0.9578947368460935,0.45054945054949075,0.4945054945055803,0.00015077623660556555,600.0,0.0,1.7580862185466257,-1
2021-05-02 23:06:00+00:00,-1,0.0001834343411835082,2.5,1.2029134343411836,DC:1:2021-05-02 23:00:00+00:00,1.20239,1.2028,1.20263,1.2029,2021-05-02 22:40:00+00:00,2021-05-02 22:49:00+00:00,2021-05-02 23:00:00+00:00,2021-05-02 23:05:00+00:00,2021-05-02 23:02:00+00:00,2021-05-02 23:06:00+00:00,3.206848308748075,0.8039215686299267,0.4146341463414502,0.6585365853658008,0.00013434341183407404,60.0,0.0,1.3654137458565203,1
2021-05-03 00:33:00+00:00,-1,0.0002930558138298789,2.5,1.20319305581383,DC:1:2021-05-03 00:23:00+00:00,1.2021,1.20299,1.2027,1.20317,2021-05-03 00:03:00+00:00,2021-05-03 00:20:00+00:00,2021-05-03 00:23:00+00:00,2021-05-03 00:26:00+00:00,2021-05-03 00:24:00+00:00,2021-05-03 00:33:00+00:00,4.672329197166334,0.6223776223772576,0.3258426966290817,0.5280898876403821,0.00023055813829965543,420.0,1.0,1.2710712187005757,1
2021-05-03 13:34:00+00:00,-1,0.0006312163442063756,2.5,1.2053312163442065,DC:1:2021-05-03 13:09:00+00:00,1.2042,1.20496,1.20459,1.20529,2021-05-03 13:00:00+00:00,2021-05-03 13:08:00+00:00,2021-05-03 13:09:00+00:00,2021-05-03 13:30:00+00:00,2021-05-03 13:17:00+00:00,2021-05-03 13:34:00+00:00,2.288171835937853,0.690909090908555,0.4868421052630733,0.9210526315787321,0.000412163442064415,240.0,1.0,1.5314709646367082,1
2021-05-03 14:43:00+00:00,-1,0.00043856924292229316,2.5,1.2074385692429224,DC:1:2021-05-03 14:24:00+00:00,1.2052,1.20715,1.20659,1.2074,2021-05-03 13:59:00+00:00,2021-05-03 14:16:00+00:00,2021-05-03 14:24:00+00:00,2021-05-03 14:36:00+00:00,2021-05-03 14:32:00+00:00,2021-05-03 14:43:00+00:00,5.35226157968807,0.6610169491520576,0.2871794871794481,0.4153846153846259,0.0003856924292228457,420.0,1.0,1.1370958040477799,1
2021-05-03 14:54:00+00:00,-1,0.0004760250002864286,2.5,1.2075760250002865,DC:1:2021-05-03 14:43:00+00:00,1.20659,1.2074,1.207,1.20754,2021-05-03 14:24:00+00:00,2021-05-03 14:36:00+00:00,2021-05-03 14:43:00+00:00,2021-05-03 14:51:00+00:00,2021-05-03 14:50:00+00:00,2021-05-03 14:54:00+00:00,2.1001190031966503,0.6585365853660385,0.49382716049378655,0.6666666666666666,0.000360250002865349,180.0,1.0,1.321374036086692,1
2021-05-03 18:26:00+00:00,-1,0.00029583378885811307,2.5,1.2066858337888582,DC:1:2021-05-03 18:19:00+00:00,1.2058,1.20659,1.2063,1.20666,2021-05-03 18:02:00+00:00,2021-05-03 18:17:00+00:00,2021-05-03 18:19:00+00:00,2021-05-03 18:22:00+00:00,2021-05-03 18:21:00+00:00,2021-05-03 18:26:00+00:00,3.2126028392398194,0.6991150442490379,0.36708860759506123,0.4556962025317808,0.0002583378885811459,240.0,0.0,1.1451428610913548,1
2021-05-04 00:27:00+00:00,1,0.00021810725545612364,2.5,1.205281892744544,DC:-1:2021-05-04 00:11:00+00:00,1.206,1.2054,1.2056,1.2053,2021-05-04 00:04:00+00:00,2021-05-04 00:10:00+00:00,2021-05-04 00:11:00+00:00,2021-05-04 00:25:00+00:00,2021-05-04 00:24:00+00:00,2021-05-04 00:27:00+00:00,3.6650846937720125,0.8571428571447604,0.3333333333333333,0.5,0.00018107255456108645,120.0,1.0,1.2045296206529366,-1
2021-05-04 12:10:00+00:00,-1,0.0006376207669096523,2.5,1.2023776207669097,DC:1:2021-05-04 12:02:00+00:00,1.2011,1.2019799999999998,1.2016,1.20234,2021-05-04 11:49:00+00:00,2021-05-04 12:00:00+00:00,2021-05-04 12:02:00+00:00,2021-05-04 12:05:00+00:00,2021-05-04 12:04:00+00:00,2021-05-04 12:10:00+00:00,2.3942373713755,0.6769230769217026,0.4318181818180958,0.8409090909092687,0.00037620766909701806,300.0,1.0,1.6948638193370267,1
2021-05-04 17:17:00+00:00,-1,0.0003510244820590369,2.5,1.202301024482059,DC:1:2021-05-04 17:00:00+00:00,1.2011,1.20212,1.2017,1.2022700000000002,2021-05-04 16:36:00+00:00,2021-05-04 16:51:00+00:00,2021-05-04 17:01:00+00:00,2021-05-04 17:10:00+00:00,2021-05-04 17:08:00+00:00,2021-05-04 17:17:00+00:00,2.5385408911334095,0.6375000000022065,0.41176470588242975,0.5588235294119311,0.00031024482058884616,420.0,1.0,1.1314434883805338,1
2021-05-05 07:42:00+00:00,1,0.00047870168864583285,2.5,1.198451298311354,DC:-1:2021-05-05 07:12:00+00:00,1.20028,1.1988299999999998,1.19937,1.19849,2021-05-05 07:01:00+00:00,2021-05-05 07:09:00+00:00,2021-05-05 07:17:00+00:00,2021-05-05 07:31:00+00:00,2021-05-05 07:23:00+00:00,2021-05-05 07:42:00+00:00,4.5804192714359075,1.00000000000245,0.3724137931035465,0.6068965517240598,0.0003870168864616157,660.0,0.0,1.2369012965363475,-1
2021-05-05 08:32:00+00:00,1,0.0005938107696663586,2.5,1.1985661892303336,DC:-1:2021-05-05 08:20:00+00:00,1.1996,1.19878,1.19917,1.1986,2021-05-05 07:59:00+00:00,2021-05-05 08:13:00+00:00,2021-05-05 08:21:00+00:00,2021-05-05 08:27:00+00:00,2021-05-05 08:22:00+00:00,2021-05-05 08:32:00+00:00,2.412504660714527,0.6119402985079474,0.47560975609767325,0.6951219512194263,0.0003381076966638904,300.0,0.0,1.756276995541631,-1
2021-05-05 11:08:00+00:00,-1,0.0004474588017688852,2.5,1.201917458801769,DC:1:2021-05-05 10:46:00+00:00,1.2008,1.20173,1.2013,1.2018799999999998,2021-05-05 10:27:00+00:00,2021-05-05 10:36:00+00:00,2021-05-05 10:46:00+00:00,2021-05-05 10:52:00+00:00,2021-05-05 10:52:00+00:00,2021-05-05 11:08:00+00:00,2.664593266904716,0.6326530612238918,0.4623655913978366,0.6236559139783663,0.00037458801769180486,960.0,1.0,1.1945358117061697,1
2021-05-06 07:49:00+00:00,-1,0.0003800920974597055,2.5,1.2028400920974598,DC:1:2021-05-06 07:11:00+00:00,1.20123,1.20269,1.2021,1.20281,2021-05-06 07:02:00+00:00,2021-05-06 07:09:00+00:00,2021-05-06 07:20:00+00:00,2021-05-06 07:45:00+00:00,2021-05-06 07:45:00+00:00,2021-05-06 07:49:00+00:00,5.097335909252119,0.8488372093011577,0.4041095890411532,0.48630136986300015,0.0003009209745976272,240.0,1.0,1.263096060246186,1
2021-05-06 09:52:00+00:00,-1,0.0004772172720566292,2.5,1.2051772172720567,DC:1:2021-05-06 09:44:00+00:00,1.2036,1.20505,1.20449,1.20514,2021-05-06 09:16:00+00:00,2021-05-06 09:40:00+00:00,2021-05-06 09:44:00+00:00,2021-05-06 09:50:00+00:00,2021-05-06 09:46:00+00:00,2021-05-06 09:52:00+00:00,4.344026825963446,0.6621004566197328,0.38620689655166396,0.44827586206900777,0.0003721727205654047,120.0,0.0,1.2822467786774938,1
2021-05-07 07:39:00+00:00,1,0.0006150401883593393,2.5,1.2068749598116406,DC:-1:2021-05-07 07:23:00+00:00,1.20856,1.2074,1.2079799999999998,1.2069299999999998,2021-05-07 07:16:00+00:00,2021-05-07 07:22:00+00:00,2021-05-07 07:23:00+00:00,2021-05-07 07:32:00+00:00,2021-05-07 07:26:00+00:00,2021-05-07 07:39:00+00:00,2.407542764509309,0.9508196721311893,0.4999999999998086,0.9051724137930606,0.0005504018835932784,420.0,0.0,1.117438378560902,-1
2021-05-07 13:40:00+00:00,1,0.0010176219615278814,2.5,1.210112378038472,DC:-1:2021-05-07 13:13:00+00:00,1.21457,1.21079,1.21225,1.2102,2021-05-07 12:53:00+00:00,2021-05-07 13:08:00+00:00,2021-05-07 13:18:00+00:00,2021-05-07 13:35:00+00:00,2021-05-07 13:21:00+00:00,2021-05-07 13:40:00+00:00,4.112730115776072,0.9264705882356526,0.3862433862434015,0.5423280423280858,0.0008762196152793363,300.0,0.0,1.1613777456961705,-1
2021-05-07 17:33:00+00:00,-1,0.0004157952770409423,2.5,1.215915795277041,DC:1:2021-05-07 17:16:00+00:00,1.21415,1.21587,1.2153,1.2158799999999998,2021-05-07 16:52:00+00:00,2021-05-07 17:14:00+00:00,2021-05-07 17:17:00+00:00,2021-05-07 17:27:00+00:00,2021-05-07 17:20:00+00:00,2021-05-07 17:33:00+00:00,6.044714375793038,0.6323529411768499,0.33139534883719657,0.3372093023254778,0.0003579527704110794,360.0,0.0,1.1615925658668196,1
2021-05-10 11:19:00+00:00,1,0.00045019730298645477,2.5,1.2161298026970135,DC:-1:2021-05-10 11:01:00+00:00,1.2171299999999998,1.2163,1.21666,1.21617,2021-05-10 10:53:00+00:00,2021-05-10 10:58:00+00:00,2021-05-10 11:01:00+00:00,2021-05-10 11:11:00+00:00,2021-05-10 11:02:00+00:00,2021-05-10 11:19:00+00:00,2.3379073924511062,0.9999999999991974,0.43373493975926175,0.5903614457833356,0.0004019730298643428,480.0,1.0,1.1199689271153008,-1
2021-05-10 13:51:00+00:00,1,0.0006964611614361793,2.5,1.2156235388385639,DC:-1:2021-05-10 13:44:00+00:00,1.21743,1.21575,1.21654,1.21568,2021-05-10 13:30:00+00:00,2021-05-10 13:41:00+00:00,2021-05-10 13:45:00+00:00,2021-05-10 13:48:00+00:00,2021-05-10 13:47:00+00:00,2021-05-10 13:51:00+00:00,3.5690555808593625,0.6222222222215898,0.47023809523803073,0.5119047619047085,0.0005646116143616137,180.0,0.0,1.233522555542261,-1
2021-05-10 18:45:00+00:00,1,0.0003933071223369833,2.5,1.214246692877663,DC:-1:2021-05-10 18:39:00+00:00,1.2151,1.21449,1.21473,1.2142700000000002,2021-05-10 18:27:00+00:00,2021-05-10 18:36:00+00:00,2021-05-10 18:39:00+00:00,2021-05-10 18:43:00+00:00,2021-05-10 18:42:00+00:00,2021-05-10 18:45:00+00:00,2.7252801645725637,0.968253968257862,0.39344262295084953,0.7540983606555826,0.00023307122337152457,120.0,1.0,1.687497566827615,-1
2021-05-11 06:17:00+00:00,1,0.0002952231345854095,2.5,1.2135747768654146,DC:-1:2021-05-11 06:12:00+00:00,1.21442,1.2137,1.21396,1.2136,2021-05-11 05:58:00+00:00,2021-05-11 06:10:00+00:00,2021-05-11 06:13:00+00:00,2021-05-11 06:16:00+00:00,2021-05-11 06:14:00+00:00,2021-05-11 06:17:00+00:00,3.3187672413152267,0.6206896551731464,0.3611111111109826,0.4999999999998458,0.0002522313458536554,60.0,1.0,1.170445860272648,-1
2021-05-12 03:30:00+00:00,1,0.00027270298966852735,2.5,1.2121872970103316,DC:-1:2021-05-12 03:06:00+00:00,1.21319,1.21228,1.21272,1.21221,2021-05-12 02:42:00+00:00,2021-05-12 03:04:00+00:00,2021-05-12 03:17:00+00:00,2021-05-12 03:28:00+00:00,2021-05-12 03:27:00+00:00,2021-05-12 03:30:00+00:00,3.7597746749563776,0.6363636363647798,0.4835164835164969,0.5604395604395926,0.00022702989668337594,120.0,0.0,1.2011765571511877,-1
2021-05-13 04:02:00+00:00,1,0.00030626150412693676,2.5,1.2074737384958731,DC:-1:2021-05-13 03:28:00+00:00,1.20828,1.2076,1.2078799999999998,1.2075,2021-05-13 03:16:00+00:00,2021-05-13 03:27:00+00:00,2021-05-13 03:29:00+00:00,2021-05-13 03:37:00+00:00,2021-05-13 03:33:00+00:00,2021-05-13 04:02:00+00:00,3.0053623643767775,0.7083333333339501,0.41176470588210323,0.5588235294114958,0.00026261504126885466,1500.0,0.0,1.1661994021637117,-1
2021-05-13 04:19:00+00:00,1,0.0002907482119469673,2.5,1.207149251788053,DC:-1:2021-05-13 04:11:00+00:00,1.20778,1.2073,1.20749,1.20717,2021-05-13 04:02:00+00:00,2021-05-13 04:10:00+00:00,2021-05-13 04:11:00+00:00,2021-05-13 04:16:00+00:00,2021-05-13 04:16:00+00:00,2021-05-13 04:19:00+00:00,2.7182905725916,0.9600000000023092,0.3958333333331213,0.6666666666663583,0.00020748211947067922,180.0,1.0,1.4013169553536156,-1
2021-05-14 14:04:00+00:00,-1,0.0004938261140152722,2.5,1.2144938261140152,DC:1:2021-05-14 14:01:00+00:00,1.21322,1.21441,1.21386,1.21446,2021-05-14 13:35:00+00:00,2021-05-14 13:55:00+00:00,2021-05-14 14:01:00+00:00,2021-05-14 14:03:00+00:00,2021-05-14 14:02:00+00:00,2021-05-14 14:04:00+00:00,3.124031194845489,0.6230366492150815,0.4621848739496128,0.5042016806723897,0.0003382611401521391,60.0,0.0,1.4598960844073456,1
2021-05-17 08:01:00+00:00,1,0.00044891821440762314,2.5,1.2131510817855924,DC:-1:2021-05-17 07:51:00+00:00,1.21415,1.2132,1.21361,1.21319,2021-05-17 07:37:00+00:00,2021-05-17 07:48:00+00:00,2021-05-17 07:51:00+00:00,2021-05-17 07:56:00+00:00,2021-05-17 07:56:00+00:00,2021-05-17 08:01:00+00:00,2.738778990877234,0.6209150326801806,0.4315789473684407,0.4421052631579833,0.0003891821440760232,300.0,1.0,1.1534912925499763,-1
2021-05-17 12:32:00+00:00,1,0.0005739799831852022,2.5,1.2135960200168148,DC:-1:2021-05-17 12:21:00+00:00,1.21509,1.2139,1.21428,1.21363,2021-05-17 12:04:00+00:00,2021-05-17 12:19:00+00:00,2021-05-17 12:21:00+00:00,2021-05-17 12:27:00+00:00,2021-05-17 12:26:00+00:00,2021-05-17 12:32:00+00:00,4.05236427289957,0.7300613496922629,0.3193277310924699,0.5462184873949799,0.00033979983185169013,300.0,0.0,1.6891708864521242,-1
2021-05-17 16:12:00+00:00,-1,0.0003577622834987082,2.5,1.2157577622834987,DC:1:2021-05-17 15:58:00+00:00,1.21456,1.21557,1.2152,1.21573,2021-05-17 15:32:00+00:00,2021-05-17 15:51:00+00:00,2021-05-17 15:58:00+00:00,2021-05-17 16:11:00+00:00,2021-05-17 16:06:00+00:00,2021-05-17 16:12:00+00:00,3.122131572893275,0.6688741721847565,0.36633663366336416,0.5247524752474682,0.00027762283498867536,60.0,0.0,1.2886630291535703,1
2021-05-18 09:12:00+00:00,-1,0.0006515761382503982,2.5,1.2219515761382505,DC:1:2021-05-18 08:36:00+00:00,1.22038,1.22164,1.22105,1.22191,2021-05-18 08:22:00+00:00,2021-05-18 08:31:00+00:00,2021-05-18 08:37:00+00:00,2021-05-18 08:55:00+00:00,2021-05-18 08:39:00+00:00,2021-05-18 09:12:00+00:00,3.258697908499764,0.9545454545456533,0.4682539682540256,0.6825396825397273,0.00041576138250487825,1020.0,0.0,1.5671877323593253,1
2021-05-18 11:14:00+00:00,1,0.00034061410996111263,2.5,1.220659385890039,DC:-1:2021-05-18 11:02:00+00:00,1.22181,1.22076,1.2211299999999998,1.22069,2021-05-18 10:44:00+00:00,2021-05-18 11:00:00+00:00,2021-05-18 11:05:00+00:00,2021-05-18 11:10:00+00:00,2021-05-18 11:08:00+00:00,2021-05-18 11:14:00+00:00,3.5215393309105703,0.82677165354338,0.3523809523807248,0.41904761904740556,0.00030614109961175906,240.0,0.0,1.1126049733050265,-1
2021-05-19 01:28:00+00:00,1,0.0005342172108286913,2.5,1.2218657827891712,DC:-1:2021-05-19 01:05:00+00:00,1.22324,1.2221,1.22265,1.2219,2021-05-19 00:48:00+00:00,2021-05-19 01:02:00+00:00,2021-05-19 01:10:00+00:00,2021-05-19 01:24:00+00:00,2021-05-19 01:11:00+00:00,2021-05-19 01:28:00+00:00,4.2017722882394635,0.6951219512188088,0.4824561403508618,0.6578947368420489,0.0003421721082866176,240.0,0.0,1.561252942280172,-1
2021-05-19 17:39:00+00:00,1,0.00036514485182803647,2.5,1.220464855148172,DC:-1:2021-05-19 17:34:00+00:00,1.22144,1.22069,1.2209299999999998,1.22049,2021-05-19 17:14:00+00:00,2021-05-19 17:33:00+00:00,2021-05-19 17:34:00+00:00,2021-05-19 17:36:00+00:00,2021-05-19 17:36:00+00:00,2021-05-19 17:39:00+00:00,3.2858109363436263,0.6637168141594033,0.3199999999997158,0.5866666666663429,0.00025144851827979753,180.0,1.0,1.4521654544876823,-1
2021-05-19 18:15:00+00:00,1,0.0008846183376323147,2.5,1.2176353816623677,DC:-1:2021-05-19 18:10:00+00:00,1.22107,1.21777,1.21864,1.2177,2021-05-19 18:02:00+00:00,2021-05-19 18:08:00+00:00,2021-05-19 18:10:00+00:00,2021-05-19 18:13:00+00:00,2021-05-19 18:11:00+00:00,2021-05-19 18:15:00+00:00,9.7803441665457,0.9217877094973651,0.2636363636363349,0.28484848484846,0.000646183376323706,120.0,0.0,1.3689896243774067,-1
2021-05-19 23:27:00+00:00,-1,0.00028319184453651225,2.5,1.2177231918445366,DC:1:2021-05-19 23:13:00+00:00,1.217,1.21754,1.2173,1.2177,2021-05-19 23:01:00+00:00,2021-05-19 23:10:00+00:00,2021-05-19 23:13:00+00:00,2021-05-19 23:23:00+00:00,2021-05-19 23:17:00+00:00,2021-05-19 23:27:00+00:00,2.338544814642288,0.8181818181819405,0.4444444444444901,0.7407407407406799,0.00023191844536603389,240.0,0.0,1.2210837481665342,1
2021-05-20 00:40:00+00:00,-1,0.0003764609031373656,2.5,1.2181764609031374,DC:1:2021-05-20 00:27:00+00:00,1.2171,1.21795,1.2176,1.21815,2021-05-20 00:14:00+00:00,2021-05-20 00:21:00+00:00,2021-05-20 00:27:00+00:00,2021-05-20 00:37:00+00:00,2021-05-20 00:35:00+00:00,2021-05-20 00:40:00+00:00,2.820615866130877,0.9770114942519789,0.41176470588242975,0.6470588235294579,0.00026460903137353773,180.0,1.0,1.422706175912534,1
2021-05-21 13:41:00+00:00,1,0.00046867034702890997,2.5,1.219061329652971,DC:-1:2021-05-21 13:19:00+00:00,1.22068,1.2194,1.21986,1.2191,2021-05-21 13:01:00+00:00,2021-05-21 13:14:00+00:00,2021-05-21 13:19:00+00:00,2021-05-21 13:32:00+00:00,2021-05-21 13:24:00+00:00,2021-05-21 13:41:00+00:00,3.308605205632272,0.6597938144337755,0.3593749999999404,0.5937499999999241,0.000386703470289564,540.0,1.0,1.2119631268836795,-1
2021-05-21 14:25:00+00:00,1,0.000468842541851755,2.5,1.2173211574581482,DC:-1:2021-05-21 13:57:00+00:00,1.21954,1.21768,1.21846,1.21736,2021-05-21 13:42:00+00:00,2021-05-21 13:56:00+00:00,2021-05-21 13:59:00+00:00,2021-05-21 14:19:00+00:00,2021-05-21 14:13:00+00:00,2021-05-21 14:25:00+00:00,5.347223215594925,0.6888888888891247,0.4193548387096851,0.5913978494624285,0.0003884254185193368,360.0,0.0,1.207033627302161,-1
2021-05-25 01:21:00+00:00,-1,0.00033846942140480785,2.5,1.2227884694214048,DC:1:2021-05-25 01:08:00+00:00,1.2215,1.22252,1.22225,1.22276,2021-05-25 00:48:00+00:00,2021-05-25 01:03:00+00:00,2021-05-25 01:08:00+00:00,2021-05-25 01:20:00+00:00,2021-05-25 01:14:00+00:00,2021-05-25 01:21:00+00:00,4.180727084671643,0.6375000000014988,0.26470588235292836,0.5,0.0002846942140470705,60.0,1.0,1.1888876018704277,1
2021-05-25 06:28:00+00:00,-1,0.0004030986767171729,2.5,1.2236630986767172,DC:1:2021-05-25 06:23:00+00:00,1.222,1.2234,1.223,1.22363,2021-05-25 06:02:00+00:00,2021-05-25 06:21:00+00:00,2021-05-25 06:23:00+00:00,2021-05-25 06:24:00+00:00,2021-05-25 06:24:00+00:00,2021-05-25 06:28:00+00:00,4.823117896785405,0.642201834862134,0.2857142857142404,0.44999999999991275,0.0003309867671712854,240.0,1.0,1.217869463973373,1
2021-05-25 09:21:00+00:00,-1,0.00047924151642630974,2.5,1.2261792415164263,DC:1:2021-05-25 08:53:00+00:00,1.22459,1.22574,1.2252299999999998,1.22614,2021-05-25 08:37:00+00:00,2021-05-25 08:48:00+00:00,2021-05-25 08:55:00+00:00,2021-05-25 09:07:00+00:00,2021-05-25 08:58:00+00:00,2021-05-25 09:21:00+00:00,2.9649649422820983,0.7615894039745578,0.44347826086977343,0.7913043478262616,0.00039241516426393884,840.0,0.0,1.2212614599775544,1
2021-05-25 18:18:00+00:00,-1,0.000324934796614329,2.5,1.2252249347966144,DC:1:2021-05-25 17:57:00+00:00,1.224,1.22496,1.22461,1.2252,2021-05-25 17:26:00+00:00,2021-05-25 17:38:00+00:00,2021-05-25 17:57:00+00:00,2021-05-25 18:14:00+00:00,2021-05-25 18:03:00+00:00,2021-05-25 18:18:00+00:00,3.1285420118148513,0.7272727272729108,0.3645833333333815,0.6145833333333816,0.00024934796614445206,240.0,0.0,1.3031379466960964,1
2021-05-26 07:26:00+00:00,1,0.0006361794782208108,2.5,1.2232438205217793,DC:-1:2021-05-26 07:15:00+00:00,1.22482,1.22341,1.22391,1.22329,2021-05-26 07:07:00+00:00,2021-05-26 07:13:00+00:00,2021-05-26 07:15:00+00:00,2021-05-26 07:19:00+00:00,2021-05-26 07:17:00+00:00,2021-05-26 07:26:00+00:00,3.6170206380234964,1.0,0.35460992907799743,0.4397163120568113,0.0004617947822061222,420.0,1.0,1.3776237903373536,-1
2021-05-26 10:42:00+00:00,1,0.0004324144102758609,2.5,1.2233675855897241,DC:-1:2021-05-26 10:21:00+00:00,1.22428,1.2235,1.22388,1.2234,2021-05-26 10:15:00+00:00,2021-05-26 10:19:00+00:00,2021-05-26 10:27:00+00:00,2021-05-26 10:29:00+00:00,2021-05-26 10:28:00+00:00,2021-05-26 10:42:00+00:00,2.9460441288134245,1.0000000000014233,0.48717948717954557,0.6153846153846592,0.00032414410275920187,780.0,0.0,1.3340190569411352,-1
2021-05-28 14:50:00+00:00,-1,0.000866980416831753,2.5,1.2186369804168318,DC:1:2021-05-28 14:40:00+00:00,1.2163,1.2181,1.2176,1.21858,2021-05-28 14:18:00+00:00,2021-05-28 14:35:00+00:00,2021-05-28 14:40:00+00:00,2021-05-28 14:44:00+00:00,2021-05-28 14:42:00+00:00,2021-05-28 14:50:00+00:00,3.9146565342570567,0.6428571428570182,0.2777777777777435,0.5444444444444266,0.000569804168316769,360.0,1.0,1.5215410224057468,1
2021-05-31 09:49:00+00:00,1,0.0004641356568795274,2.5,1.2184558643431205,DC:-1:2021-05-31 09:21:00+00:00,1.22005,1.2189,1.21943,1.21849,2021-05-31 09:00:00+00:00,2021-05-31 09:13:00+00:00,2021-05-31 09:24:00+00:00,2021-05-31 09:41:00+00:00,2021-05-31 09:26:00+00:00,2021-05-31 09:49:00+00:00,3.2446511776196445,0.6020942408369635,0.4608695652173275,0.8173913043477858,0.00034135656879570597,480.0,0.0,1.3596798752605868,-1
2021-05-31 15:33:00+00:00,-1,0.0006141937967736322,2.5,1.2230141937967736,DC:1:2021-05-31 15:03:00+00:00,1.2204,1.22276,1.2222,1.22296,2021-05-31 14:48:00+00:00,2021-05-31 15:00:00+00:00,2021-05-31 15:07:00+00:00,2021-05-31 15:14:00+00:00,2021-05-31 15:13:00+00:00,2021-05-31 15:33:00+00:00,7.433343456325263,0.8309859154927607,0.23728813559325543,0.3220338983051055,0.0005419379677352814,1140.0,0.0,1.1333285972568088,1
2021-06-01 03:10:00+00:00,1,0.00032651089835833425,2.5,1.2224634891016417,DC:-1:2021-06-01 03:02:00+00:00,1.22318,1.22259,1.22283,1.22249,2021-06-01 02:53:00+00:00,2021-06-01 02:58:00+00:00,2021-06-01 03:02:00+00:00,2021-06-01 03:08:00+00:00,2021-06-01 03:08:00+00:00,2021-06-01 03:10:00+00:00,2.4679836987259693,0.8550724637672764,0.40677966101707036,0.5762711864408183,0.00026510898358355126,120.0,1.0,1.2316100870849278,-1
2021-06-01 14:17:00+00:00,-1,0.0006568240427480276,2.5,1.224856824042748,DC:1:2021-06-01 14:02:00+00:00,1.2232,1.22473,1.22403,1.2248,2021-06-01 13:51:00+00:00,2021-06-01 14:01:00+00:00,2021-06-01 14:02:00+00:00,2021-06-01 14:12:00+00:00,2021-06-01 14:10:00+00:00,2021-06-01 14:17:00+00:00,4.075553488049318,0.6401673640167189,0.4575163398693664,0.5032679738563031,0.0005682404274794268,300.0,0.0,1.1558910823391002,1
2021-06-03 14:58:00+00:00,1,0.0004925839523268749,2.5,1.2129174160476732,DC:-1:2021-06-03 14:22:00+00:00,1.2149,1.21306,1.21395,1.21296,2021-06-03 14:05:00+00:00,2021-06-03 14:18:00+00:00,2021-06-03 14:26:00+00:00,2021-06-03 14:56:00+00:00,2021-06-03 14:43:00+00:00,2021-06-03 14:58:00+00:00,3.5043462601980986,0.9292929292931263,0.48369565217392746,0.5380434782608762,0.0004258395232682601,120.0,0.0,1.1567361069408504,-1
2021-06-07 01:52:00+00:00,1,0.0003399600114319945,2.5,1.215980039988568,DC:-1:2021-06-07 01:22:00+00:00,1.21706,1.2162,1.21654,1.216,2021-06-07 00:53:00+00:00,2021-06-07 01:12:00+00:00,2021-06-07 01:26:00+00:00,2021-06-07 01:46:00+00:00,2021-06-07 01:31:00+00:00,2021-06-07 01:52:00+00:00,4.1528782526878105,0.6825396825386447,0.39534883720927233,0.627906976744108,0.00019960011431828333,360.0,0.0,1.703205494611554,-1
2021-06-07 08:40:00+00:00,1,0.0004682721137498902,2.5,1.2152317278862501,DC:-1:2021-06-07 08:14:00+00:00,1.21675,1.2155,1.21605,1.21527,2021-06-07 08:00:00+00:00,2021-06-07 08:11:00+00:00,2021-06-07 08:14:00+00:00,2021-06-07 08:33:00+00:00,2021-06-07 08:24:00+00:00,2021-06-07 08:40:00+00:00,3.58052136291377,0.7396449704141989,0.44000000000004974,0.6240000000000157,0.00038272113749990375,420.0,1.0,1.2235334499914,-1
2021-06-07 09:42:00+00:00,-1,0.0003993798576775731,2.5,1.2161993798576776,DC:1:2021-06-07 09:31:00+00:00,1.2152,1.216,1.21563,1.21617,2021-06-07 09:15:00+00:00,2021-06-07 09:22:00+00:00,2021-06-07 09:31:00+00:00,2021-06-07 09:41:00+00:00,2021-06-07 09:37:00+00:00,2021-06-07 09:42:00+00:00,2.2736001559562875,0.9756097560984592,0.4625000000000278,0.6750000000000556,0.0002937985767755369,60.0,0.0,1.359366209533073,1
2021-06-08 06:12:00+00:00,-1,0.00028550514297220886,2.5,1.2185055051429723,DC:1:2021-06-08 06:09:00+00:00,1.2175,1.21841,1.2182,1.21848,2021-06-08 05:59:00+00:00,2021-06-08 06:06:00+00:00,2021-06-08 06:09:00+00:00,2021-06-08 06:11:00+00:00,2021-06-08 06:11:00+00:00,2021-06-08 06:12:00+00:00,4.752387362410032,0.8198198198206507,0.23076923076928707,0.30769230769238276,0.0002550514297238136,60.0,1.0,1.1194022447996959,1
2021-06-09 02:36:00+00:00,1,0.00017253272500061811,2.5,1.2176874672749993,DC:-1:2021-06-09 02:31:00+00:00,1.21811,1.2178,1.21794,1.2177,2021-06-09 02:07:00+00:00,2021-06-09 02:25:00+00:00,2021-06-09 02:31:00+00:00,2021-06-09 02:33:00+00:00,2021-06-09 02:32:00+00:00,2021-06-09 02:36:00+00:00,2.2720769651570007,0.7560975609781063,0.4516129032258527,0.7741935483870737,0.000125327250007621,180.0,0.0,1.3766577100361383,-1
2021-06-11 06:58:00+00:00,1,0.00038952924294610725,2.5,1.218070470757054,DC:-1:2021-06-11 06:42:00+00:00,1.21899,1.2183,1.21862,1.2181,2021-06-11 06:33:00+00:00,2021-06-11 06:40:00+00:00,2021-06-11 06:42:00+00:00,2021-06-11 06:56:00+00:00,2021-06-11 06:49:00+00:00,2021-06-11 06:58:00+00:00,2.3186906800529195,1.000000000001931,0.4637681159421176,0.7536231884058204,0.0002952924294586408,120.0,1.0,1.3191304757126034,-1
2021-06-11 15:05:00+00:00,-1,0.000584328090553532,2.5,1.2113343280905535,DC:1:2021-06-11 14:57:00+00:00,1.21014,1.21102,1.21059,1.21129,2021-06-11 14:48:00+00:00,2021-06-11 14:55:00+00:00,2021-06-11 14:57:00+00:00,2021-06-11 15:02:00+00:00,2021-06-11 15:01:00+00:00,2021-06-11 15:05:00+00:00,2.189285111000941,0.7213114754108804,0.4886363636362891,0.7954545454544651,0.00044328090553557973,180.0,1.0,1.3181891736291609,1
2021-06-15 07:35:00+00:00,-1,0.0004899210775706209,2.5,1.2143699210775705,DC:1:2021-06-15 07:12:00+00:00,1.21308,1.21401,1.21369,1.21434,2021-06-15 07:00:00+00:00,2021-06-15 07:09:00+00:00,2021-06-15 07:12:00+00:00,2021-06-15 07:31:00+00:00,2021-06-15 07:14:00+00:00,2021-06-15 07:35:00+00:00,3.5422597295909455,0.7322834645680979,0.34408602150544565,0.6989247311827649,0.0002992107757049621,240.0,1.0,1.6373777863324994,1
2021-06-15 11:53:00+00:00,1,0.0002956410150631861,2.5,1.210774358984937,DC:-1:2021-06-15 11:42:00+00:00,1.212,1.2109,1.21136,1.2108,2021-06-15 11:10:00+00:00,2021-06-15 11:30:00+00:00,2021-06-15 11:44:00+00:00,2021-06-15 11:52:00+00:00,2021-06-15 11:49:00+00:00,2021-06-15 11:53:00+00:00,3.8147625244668615,0.6321839080466063,0.4181818181817778,0.5090909090908687,0.0002564101506319088,60.0,0.0,1.1530004344001006,-1
2021-06-16 14:47:00+00:00,-1,0.0003931363134628274,2.5,1.212713136313463,DC:1:2021-06-16 14:00:00+00:00,1.2111,1.21241,1.212,1.21268,2021-06-16 13:41:00+00:00,2021-06-16 13:59:00+00:00,2021-06-16 14:03:00+00:00,2021-06-16 14:41:00+00:00,2021-06-16 14:07:00+00:00,2021-06-16 14:47:00+00:00,4.460973355270195,0.7237569060777134,0.31297709923667616,0.5190839694656902,0.0003313631346293127,360.0,1.0,1.1864213980913079,1
2021-06-20 21:28:00+00:00,1,0.00016379107249386848,2.5,1.1856462089275062,DC:-1:2021-06-20 21:18:00+00:00,1.1861,1.18574,1.1858799999999998,1.18566,2021-06-20 21:07:00+00:00,2021-06-20 21:17:00+00:00,2021-06-20 21:18:00+00:00,2021-06-20 21:26:00+00:00,2021-06-20 21:21:00+00:00,2021-06-20 21:28:00+00:00,3.0021137482144624,0.69230769231482,0.3888888888884434,0.6111111111109397,0.00013791072493721105,120.0,1.0,1.1876601516556484,-1
2021-06-20 22:23:00+00:00,-1,0.00047805248348598006,2.5,1.187508052483486,DC:1:2021-06-20 22:12:00+00:00,1.1862700000000002,1.1874,1.1869,1.18747,2021-06-20 22:00:00+00:00,2021-06-20 22:10:00+00:00,2021-06-20 22:12:00+00:00,2021-06-20 22:20:00+00:00,2021-06-20 22:20:00+00:00,2021-06-20 22:23:00+00:00,3.1875224649031857,0.7793103448264371,0.44247787610620337,0.5044247787610915,0.0003805248348604886,180.0,1.0,1.25629772275244,1
2021-06-21 02:26:00+00:00,-1,0.00037000299619083243,2.5,1.1872500029961908,DC:1:2021-06-21 02:20:00+00:00,1.1861,1.18719,1.18687,1.1872200000000002,2021-06-21 02:04:00+00:00,2021-06-21 02:15:00+00:00,2021-06-21 02:20:00+00:00,2021-06-21 02:24:00+00:00,2021-06-21 02:24:00+00:00,2021-06-21 02:26:00+00:00,3.584896516271135,0.7517241379300481,0.2935779816512528,0.32110091743124874,0.0003000299619067648,120.0,1.0,1.2332201552117383,1
2021-06-21 03:52:00+00:00,1,0.000411441658944911,2.5,1.1847585583410551,DC:-1:2021-06-21 03:38:00+00:00,1.18585,1.1849,1.18527,1.18479,2021-06-21 03:30:00+00:00,2021-06-21 03:34:00+00:00,2021-06-21 03:38:00+00:00,2021-06-21 03:48:00+00:00,2021-06-21 03:46:00+00:00,2021-06-21 03:52:00+00:00,3.246538242072252,0.9999999999967277,0.38947368421050416,0.5052631578947713,0.0003144165894476177,240.0,1.0,1.3085876278594322,-1
2021-06-21 10:22:00+00:00,-1,0.00043768903580732044,2.5,1.1899376890358073,DC:1:2021-06-21 09:39:00+00:00,1.1886,1.18972,1.1892,1.1899,2021-06-21 09:22:00+00:00,2021-06-21 09:37:00+00:00,2021-06-21 09:40:00+00:00,2021-06-21 10:03:00+00:00,2021-06-21 09:42:00+00:00,2021-06-21 10:22:00+00:00,2.885461007442652,0.6511627906981218,0.46428571428577803,0.6249999999999256,0.00037689035807438444,1140.0,0.0,1.1613166175000331,1
2021-06-22 16:32:00+00:00,-1,0.0005226743061652606,2.5,1.1930026743061652,DC:1:2021-06-22 16:24:00+00:00,1.1906,1.19249,1.19211,1.19296,2021-06-22 16:10:00+00:00,2021-06-22 16:23:00+00:00,2021-06-22 16:24:00+00:00,2021-06-22 16:27:00+00:00,2021-06-22 16:27:00+00:00,2021-06-22 16:32:00+00:00,6.219130130905192,0.7842323651459936,0.20105820105823152,0.44973544973547147,0.0004267430616532359,300.0,1.0,1.22479860396647,1
2021-06-23 05:37:00+00:00,1,0.0002665736360574211,2.5,1.1915834263639427,DC:-1:2021-06-23 05:02:00+00:00,1.19224,1.1918,1.19201,1.1916,2021-06-23 04:51:00+00:00,2021-06-23 04:58:00+00:00,2021-06-23 05:05:00+00:00,2021-06-23 05:34:00+00:00,2021-06-23 05:15:00+00:00,2021-06-23 05:37:00+00:00,2.842134351597729,0.7096774193572994,0.4772727272728305,0.9318181818182392,0.00016573636057361116,180.0,1.0,1.6084197525202895,-1
2021-06-23 10:51:00+00:00,-1,0.00040472763832322123,2.5,1.1949247276383232,DC:1:2021-06-23 10:35:00+00:00,1.19367,1.19475,1.19439,1.1949,2021-06-23 10:14:00+00:00,2021-06-23 10:26:00+00:00,2021-06-23 10:35:00+00:00,2021-06-23 10:48:00+00:00,2021-06-23 10:41:00+00:00,2021-06-23 10:51:00+00:00,4.068550311348241,0.9473684210559941,0.3333333333332648,0.4722222222222451,0.0002472763832323031,180.0,0.0,1.6367419849513125,1
2021-06-24 06:27:00+00:00,-1,0.00042187314296504574,2.5,1.1933218731429651,DC:1:2021-06-24 06:14:00+00:00,1.1917,1.1929299999999998,1.19249,1.19329,2021-06-24 06:01:00+00:00,2021-06-24 06:11:00+00:00,2021-06-24 06:15:00+00:00,2021-06-24 06:25:00+00:00,2021-06-24 06:21:00+00:00,2021-06-24 06:27:00+00:00,4.2908197099188445,0.7639751552813543,0.3577235772356344,0.6504065040650524,0.0003187314296525031,120.0,0.0,1.3236006986351891,1
2021-06-24 07:45:00+00:00,-1,0.00039191670171634385,2.5,1.1942419167017164,DC:1:2021-06-24 07:22:00+00:00,1.1931,1.19394,1.19354,1.19421,2021-06-24 06:59:00+00:00,2021-06-24 07:08:00+00:00,2021-06-24 07:22:00+00:00,2021-06-24 07:41:00+00:00,2021-06-24 07:40:00+00:00,2021-06-24 07:45:00+00:00,2.1106705406369293,0.7118644067787074,0.476190476190451,0.7976190476190319,0.000319167017163825,240.0,1.0,1.2279360981563368,1
2021-06-24 08:07:00+00:00,1,0.00045524534831531405,2.5,1.1927547546516848,DC:-1:2021-06-24 08:00:00+00:00,1.19421,1.19288,1.19323,1.19279,2021-06-24 07:41:00+00:00,2021-06-24 07:55:00+00:00,2021-06-24 08:00:00+00:00,2021-06-24 08:05:00+00:00,2021-06-24 08:03:00+00:00,2021-06-24 08:07:00+00:00,3.934903581694303,0.7037037037065624,0.26315789473688606,0.3308270676691566,0.0003524534831518361,120.0,1.0,1.2916466145950825,-1
2021-06-24 13:04:00+00:00,-1,0.0005379274358463526,2.5,1.1956779274358464,DC:1:2021-06-24 12:53:00+00:00,1.19439,1.19554,1.1951,1.19563,2021-06-24 12:46:00+00:00,2021-06-24 12:52:00+00:00,2021-06-24 12:53:00+00:00,2021-06-24 12:56:00+00:00,2021-06-24 12:56:00+00:00,2021-06-24 13:04:00+00:00,2.986113774048304,0.8518518518549465,0.3826086956521756,0.4608695652173275,0.00047927435846537107,480.0,1.0,1.122378917930823,1
2021-06-25 06:51:00+00:00,-1,0.00035191938697565206,2.5,1.1949519193869758,DC:1:2021-06-25 06:37:00+00:00,1.1938,1.19471,1.19439,1.19492,2021-06-25 06:20:00+00:00,2021-06-25 06:36:00+00:00,2021-06-25 06:37:00+00:00,2021-06-25 06:47:00+00:00,2021-06-25 06:43:00+00:00,2021-06-25 06:51:00+00:00,3.6693687119910603,0.7054263565886283,0.35164835164822833,0.5824175824175154,0.00031919386975715806,240.0,1.0,1.1025255191880454,1
2021-06-27 21:07:00+00:00,1,0.00010618896393621569,2.5,1.1931538110360638,DC:-1:2021-06-27 21:04:00+00:00,1.1936,1.19319,1.1933,1.19316,2021-06-27 20:24:00+00:00,2021-06-27 21:03:00+00:00,2021-06-27 21:04:00+00:00,2021-06-27 21:06:00+00:00,2021-06-27 21:06:00+00:00,2021-06-27 21:07:00+00:00,27.438673967266123,1.0000000000032494,0.26829268292694813,0.34146341463419916,6.188963936286975e-05,60.0,1.0,1.7157793296162427,-1
2021-06-28 09:09:00+00:00,-1,0.0003730741720666675,2.5,1.1943130741720667,DC:1:2021-06-28 08:53:00+00:00,1.1931,1.19405,1.19368,1.19428,2021-06-28 08:42:00+00:00,2021-06-28 08:50:00+00:00,2021-06-28 08:54:00+00:00,2021-06-28 09:01:00+00:00,2021-06-28 08:57:00+00:00,2021-06-28 09:09:00+00:00,3.0341989614733524,0.8558558558553909,0.38947368421050416,0.6315789473683472,0.00033074172066583426,480.0,1.0,1.127992474960859,1
2021-06-29 15:47:00+00:00,-1,0.0005454444066554931,2.5,1.1911454444066556,DC:1:2021-06-29 15:04:00+00:00,1.18892,1.19076,1.19009,1.1911,2021-06-29 14:52:00+00:00,2021-06-29 14:56:00+00:00,2021-06-29 15:06:00+00:00,2021-06-29 15:30:00+00:00,2021-06-29 15:19:00+00:00,2021-06-29 15:47:00+00:00,4.015871803296565,0.9999999999992759,0.364130434782568,0.5489130434782176,0.00045444406655566986,1020.0,0.0,1.2002454136755147,1
2021-06-29 18:36:00+00:00,-1,0.00037637953692315484,2.5,1.1905563795369232,DC:1:2021-06-29 18:22:00+00:00,1.1896,1.19041,1.1901,1.19053,2021-06-29 18:10:00+00:00,2021-06-29 18:20:00+00:00,2021-06-29 18:22:00+00:00,2021-06-29 18:30:00+00:00,2021-06-29 18:28:00+00:00,2021-06-29 18:36:00+00:00,3.550484311858244,0.952941176478757,0.3827160493827668,0.5308641975310673,0.00026379536923010416,360.0,1.0,1.426785989540421,1
2021-06-29 19:32:00+00:00,1,0.000294304515442656,2.5,1.1893756954845573,DC:-1:2021-06-29 19:15:00+00:00,1.19043,1.18944,1.18974,1.1894,2021-06-29 18:51:00+00:00,2021-06-29 19:06:00+00:00,2021-06-29 19:15:00+00:00,2021-06-29 19:31:00+00:00,2021-06-29 19:31:00+00:00,2021-06-29 19:32:00+00:00,3.6792894959871703,0.6470588235283958,0.30303030303025547,0.3434343434343344,0.00024304515442726362,60.0,1.0,1.2109046820381388,-1
2021-07-01 07:17:00+00:00,-1,0.0005424162039888714,2.5,1.1860424162039889,DC:1:2021-07-01 07:07:00+00:00,1.18391,1.18566,1.18527,1.186,2021-07-01 06:52:00+00:00,2021-07-01 07:02:00+00:00,2021-07-01 07:07:00+00:00,2021-07-01 07:13:00+00:00,2021-07-01 07:13:00+00:00,2021-07-01 07:17:00+00:00,4.7745302077968645,0.9887005649714297,0.22285714285709066,0.417142857142818,0.0004241620398892366,240.0,1.0,1.2787947835466724,1
2021-07-01 08:18:00+00:00,1,0.0005654257480465219,2.5,1.1841445742519534,DC:-1:2021-07-01 08:13:00+00:00,1.18527,1.18429,1.18477,1.18419,2021-07-01 07:58:00+00:00,2021-07-01 08:07:00+00:00,2021-07-01 08:13:00+00:00,2021-07-01 08:16:00+00:00,2021-07-01 08:16:00+00:00,2021-07-01 08:18:00+00:00,2.0644796687241014,0.7538461538458359,0.48979591836739317,0.5918367346939145,0.00045425748046624503,120.0,1.0,1.244725232628365,-1
2021-07-01 13:36:00+00:00,1,0.0004069692154911042,2.5,1.1866830307845089,DC:-1:2021-07-01 13:20:00+00:00,1.18811,1.18692,1.18751,1.18672,2021-07-01 13:03:00+00:00,2021-07-01 13:16:00+00:00,2021-07-01 13:26:00+00:00,2021-07-01 13:33:00+00:00,2021-07-01 13:30:00+00:00,2021-07-01 13:36:00+00:00,3.2299773770345652,0.7300613496954453,0.49579831932779694,0.6638655462185313,0.0003696921549113377,180.0,0.0,1.1008327065763854,-1
2021-07-01 13:47:00+00:00,1,0.0005349081467047601,2.5,1.1864650918532953,DC:-1:2021-07-01 13:36:00+00:00,1.18751,1.18672,1.18709,1.1865,2021-07-01 13:26:00+00:00,2021-07-01 13:33:00+00:00,2021-07-01 13:36:00+00:00,2021-07-01 13:42:00+00:00,2021-07-01 13:42:00+00:00,2021-07-01 13:47:00+00:00,2.1369130762039896,0.9999999999974704,0.4683544303796828,0.7468354430377434,0.0003490814670472128,300.0,1.0,1.5323304076535649,-1
2021-07-01 14:43:00+00:00,1,0.000540406268615401,2.5,1.1858095937313846,DC:-1:2021-07-01 14:24:00+00:00,1.18775,1.18602,1.18682,1.18585,2021-07-01 14:02:00+00:00,2021-07-01 14:15:00+00:00,2021-07-01 14:28:00+00:00,2021-07-01 14:39:00+00:00,2021-07-01 14:31:00+00:00,2021-07-01 14:43:00+00:00,3.683279584306089,0.7972350230442506,0.4624277456646865,0.5606936416184451,0.0004040626861540616,240.0,0.0,1.3374317578271855,-1
2021-07-04 23:36:00+00:00,1,0.0002401083418615002,2.5,1.1855798916581386,DC:-1:2021-07-04 23:20:00+00:00,1.1861700000000002,1.1857,1.18592,1.1856,2021-07-04 23:07:00+00:00,2021-07-04 23:15:00+00:00,2021-07-04 23:20:00+00:00,2021-07-04 23:33:00+00:00,2021-07-04 23:25:00+00:00,2021-07-04 23:36:00+00:00,2.4555005871684115,0.7460317460308453,0.4680851063830189,0.6808510638297168,0.00020108341861462212,180.0,0.0,1.1940733030885538,-1
2021-07-05 08:04:00+00:00,-1,0.00038437787984779703,2.5,1.1873543778798479,DC:1:2021-07-05 07:47:00+00:00,1.1852,1.18709,1.18666,1.1873200000000002,2021-07-05 07:17:00+00:00,2021-07-05 07:41:00+00:00,2021-07-05 07:47:00+00:00,2021-07-05 07:59:00+00:00,2021-07-05 07:59:00+00:00,2021-07-05 08:04:00+00:00,4.837709390562715,0.6974169741714391,0.22751322751319705,0.34920634920641447,0.00034377879847768077,300.0,1.0,1.1180965247126842,1
2021-07-07 18:06:00+00:00,-1,0.0006080624507853738,2.5,1.1816980624507853,DC:1:2021-07-07 18:03:00+00:00,1.18002,1.18134,1.1807,1.18165,2021-07-07 18:01:00+00:00,2021-07-07 18:02:00+00:00,2021-07-07 18:03:00+00:00,2021-07-07 18:04:00+00:00,2021-07-07 18:04:00+00:00,2021-07-07 18:06:00+00:00,4.22760926839312,1.0000000000001683,0.48484848484846954,0.7196969696969812,0.00048062450785291524,120.0,1.0,1.2651507379466762,1
2021-07-08 07:39:00+00:00,-1,0.0004376353087836016,2.5,1.1806576353087836,DC:1:2021-07-08 07:15:00+00:00,1.1795,1.18051,1.18002,1.18062,2021-07-08 07:06:00+00:00,2021-07-08 07:12:00+00:00,2021-07-08 07:22:00+00:00,2021-07-08 07:36:00+00:00,2021-07-08 07:27:00+00:00,2021-07-08 07:39:00+00:00,3.258650746346385,0.6965517241369636,0.4851485148513872,0.5940594059405548,0.000376353087836493,180.0,0.0,1.1628317208698782,1
2021-07-09 15:35:00+00:00,1,0.0005391185883261151,2.5,1.1854608814116738,DC:-1:2021-07-09 15:14:00+00:00,1.18738,1.18589,1.18646,1.1855,2021-07-09 14:54:00+00:00,2021-07-09 15:05:00+00:00,2021-07-09 15:20:00+00:00,2021-07-09 15:31:00+00:00,2021-07-09 15:22:00+00:00,2021-07-09 15:35:00+00:00,4.395883087405926,0.7801047120409415,0.3825503355704448,0.6442953020134748,0.0003911858832622312,240.0,0.0,1.3781647329147544,-1
2021-07-12 07:46:00+00:00,-1,0.00047718981684408135,2.5,1.187327189816844,DC:1:2021-07-12 07:20:00+00:00,1.1859,1.18715,1.18671,1.18729,2021-07-12 07:02:00+00:00,2021-07-12 07:17:00+00:00,2021-07-12 07:21:00+00:00,2021-07-12 07:42:00+00:00,2021-07-12 07:27:00+00:00,2021-07-12 07:46:00+00:00,4.152621247172125,0.6684491978608552,0.35200000000000425,0.46400000000002983,0.0003718981684417249,240.0,0.0,1.28311956695978,1
2021-07-12 08:59:00+00:00,1,0.0005357802768959363,2.5,1.1864642197231041,DC:-1:2021-07-12 08:38:00+00:00,1.18793,1.1869,1.18734,1.1865,2021-07-12 08:24:00+00:00,2021-07-12 08:34:00+00:00,2021-07-12 08:39:00+00:00,2021-07-12 08:56:00+00:00,2021-07-12 08:42:00+00:00,2021-07-12 08:59:00+00:00,3.10384272260614,0.7518248175173669,0.4271844660194698,0.815533980582585,0.0003578027689599293,180.0,0.0,1.4974179167292552,-1
2021-07-13 16:17:00+00:00,1,0.00036145900160611255,2.5,1.180868540998394,DC:-1:2021-07-13 15:26:00+00:00,1.18262,1.18095,1.18173,1.1809,2021-07-13 14:58:00+00:00,2021-07-13 15:20:00+00:00,2021-07-13 15:43:00+00:00,2021-07-13 16:05:00+00:00,2021-07-13 15:56:00+00:00,2021-07-13 16:17:00+00:00,3.4029782191238205,0.6600790513843126,0.4670658682634579,0.4970059880238661,0.0003145900160607161,720.0,0.0,1.1489843388302277,-1
2021-07-15 07:21:00+00:00,1,0.0004954862868502552,2.5,1.1829645137131497,DC:-1:2021-07-15 07:01:00+00:00,1.18452,1.1831,1.18366,1.183,2021-07-15 06:40:00+00:00,2021-07-15 06:59:00+00:00,2021-07-15 07:03:00+00:00,2021-07-15 07:16:00+00:00,2021-07-15 07:15:00+00:00,2021-07-15 07:21:00+00:00,3.9706090517039,0.7244897959195187,0.39436619718303034,0.4647887323942913,0.00035486286850317834,300.0,0.0,1.3962753807977444,-1
2021-07-16 13:41:00+00:00,-1,0.0005779812479043134,2.5,1.1812979812479043,DC:1:2021-07-16 13:24:00+00:00,1.1799,1.18121,1.18061,1.18126,2021-07-16 13:04:00+00:00,2021-07-16 13:19:00+00:00,2021-07-16 13:27:00+00:00,2021-07-16 13:33:00+00:00,2021-07-16 13:32:00+00:00,2021-07-16 13:41:00+00:00,3.3787308798822755,0.6453201970428607,0.4580152671756411,0.49618320610684563,0.0003798124790443808,480.0,0.0,1.5217542334536531,1
2021-07-18 21:44:00+00:00,1,0.00020827762049235865,2.5,1.1805417223795076,DC:-1:2021-07-18 21:24:00+00:00,1.181,1.18062,1.1808,1.18056,2021-07-18 21:17:00+00:00,2021-07-18 21:22:00+00:00,2021-07-18 21:24:00+00:00,2021-07-18 21:43:00+00:00,2021-07-18 21:25:00+00:00,2021-07-18 21:44:00+00:00,2.30638994380751,1.0000000000005844,0.47368421052643883,0.6315789473683903,0.00018277620492340341,60.0,1.0,1.1395226231972713,-1
2021-07-20 12:46:00+00:00,1,0.0005071740867492736,2.5,1.1765228259132507,DC:-1:2021-07-20 12:32:00+00:00,1.17906,1.17659,1.17721,1.17656,2021-07-20 11:59:00+00:00,2021-07-20 12:22:00+00:00,2021-07-20 12:38:00+00:00,2021-07-20 12:42:00+00:00,2021-07-20 12:41:00+00:00,2021-07-20 12:46:00+00:00,6.0575788004284234,0.6551724137925855,0.251012145749017,0.263157894736861,0.0003717408674922275,240.0,0.0,1.3643215774759492,-1
2021-07-20 13:58:00+00:00,-1,0.0005875112884683453,2.5,1.1774875112884684,DC:1:2021-07-20 13:52:00+00:00,1.17574,1.1774,1.1767,1.17744,2021-07-20 13:41:00+00:00,2021-07-20 13:50:00+00:00,2021-07-20 13:54:00+00:00,2021-07-20 13:57:00+00:00,2021-07-20 13:57:00+00:00,2021-07-20 13:58:00+00:00,4.058742694556983,0.8924731182792606,0.4216867469879067,0.44578313253009955,0.00047511288468419415,60.0,1.0,1.2365719966926638,1
2021-07-21 15:07:00+00:00,1,0.0005793923142378699,2.5,1.1784506076857622,DC:-1:2021-07-21 14:54:00+00:00,1.17981,1.1786,1.17907,1.1785,2021-07-21 14:48:00+00:00,2021-07-21 14:53:00+00:00,2021-07-21 14:54:00+00:00,2021-07-21 14:58:00+00:00,2021-07-21 14:57:00+00:00,2021-07-21 15:07:00+00:00,2.950984952215519,1.000000000002569,0.3884297520661127,0.4710743801652817,0.0004939231423785796,540.0,0.0,1.1730414401068503,-1
2021-07-22 06:45:00+00:00,-1,0.0003278853375410229,2.5,1.180027885337541,DC:1:2021-07-22 06:25:00+00:00,1.1792,1.17975,1.1795,1.18,2021-07-22 06:15:00+00:00,2021-07-22 06:23:00+00:00,2021-07-22 06:25:00+00:00,2021-07-22 06:41:00+00:00,2021-07-22 06:35:00+00:00,2021-07-22 06:45:00+00:00,2.3028100115641013,0.8730158730194647,0.45454545454556466,0.9090909090907255,0.0002788533754095804,240.0,1.0,1.1758342069893335,1
2021-07-23 14:18:00+00:00,1,0.0004909368655663382,2.5,1.1757590631344337,DC:-1:2021-07-23 13:42:00+00:00,1.1776,1.17619,1.17666,1.1758,2021-07-23 13:25:00+00:00,2021-07-23 13:40:00+00:00,2021-07-23 13:48:00+00:00,2021-07-23 14:15:00+00:00,2021-07-23 13:52:00+00:00,2021-07-23 14:18:00+00:00,3.643666268183275,0.6103896103882721,0.3333333333333333,0.6099290780142815,0.00040936865566241283,180.0,1.0,1.1992536770357691,-1
2021-07-23 19:47:00+00:00,-1,0.00025044875334767625,2.5,1.1775504487533477,DC:1:2021-07-23 19:28:00+00:00,1.1769,1.17748,1.1772,1.17753,2021-07-23 19:04:00+00:00,2021-07-23 19:10:00+00:00,2021-07-23 19:28:00+00:00,2021-07-23 19:45:00+00:00,2021-07-23 19:29:00+00:00,2021-07-23 19:47:00+00:00,2.632936055158768,0.8787878787880725,0.48275862068973435,0.5689655172412539,0.00020448753347750335,120.0,0.0,1.2247629431905163,1
2021-07-25 22:39:00+00:00,-1,0.0003156576734471006,2.5,1.1774156576734471,DC:1:2021-07-25 22:00:00+00:00,1.17678,1.1773,1.17704,1.17739,2021-07-25 21:53:00+00:00,2021-07-25 21:59:00+00:00,2021-07-25 22:00:00+00:00,2021-07-25 22:21:00+00:00,2021-07-25 22:10:00+00:00,2021-07-25 22:39:00+00:00,2.0687859150693235,0.6666666666707469,0.4999999999997865,0.6730769230765371,0.0002565767344725813,1080.0,1.0,1.230266158371553,1
2021-07-28 06:53:00+00:00,1,0.0003295880134348561,2.5,1.1803604119865652,DC:-1:2021-07-28 06:45:00+00:00,1.1816799999999998,1.1806,1.1811200000000002,1.18039,2021-07-28 06:26:00+00:00,2021-07-28 06:42:00+00:00,2021-07-28 06:45:00+00:00,2021-07-28 06:49:00+00:00,2021-07-28 06:46:00+00:00,2021-07-28 06:53:00+00:00,4.259577180763645,0.7105263157912959,0.48148148148166425,0.6759259259261944,0.0002958801343481382,240.0,0.0,1.1139241036272365,-1
2021-07-28 17:42:00+00:00,1,0.0002515464502268472,2.5,1.1810784535497731,DC:-1:2021-07-28 17:26:00+00:00,1.1817799999999998,1.1812,1.18149,1.1811,2021-07-28 17:15:00+00:00,2021-07-28 17:21:00+00:00,2021-07-28 17:28:00+00:00,2021-07-28 17:40:00+00:00,2021-07-28 17:40:00+00:00,2021-07-28 17:42:00+00:00,2.3619760523053226,0.7837837837830863,0.5,0.6724137931034879,0.0002154645022678711,120.0,1.0,1.1674612178767065,-1
2021-07-28 18:36:00+00:00,-1,0.0013581227619425817,2.5,1.1815981227619425,DC:1:2021-07-28 18:15:00+00:00,1.17802,1.18046,1.1796,1.1815,2021-07-28 18:08:00+00:00,2021-07-28 18:13:00+00:00,2021-07-28 18:15:00+00:00,2021-07-28 18:29:00+00:00,2021-07-28 18:17:00+00:00,2021-07-28 18:36:00+00:00,2.9018597739371836,1.000000000001456,0.35245901639347693,0.7786885245901699,0.0009812276194251066,420.0,1.0,1.384105721298688,1
2021-07-29 06:57:00+00:00,1,0.0002961375314021186,2.5,1.184973862468598,DC:-1:2021-07-29 06:46:00+00:00,1.1858,1.1852,1.18549,1.185,2021-07-29 06:38:00+00:00,2021-07-29 06:45:00+00:00,2021-07-29 06:47:00+00:00,2021-07-29 06:55:00+00:00,2021-07-29 06:49:00+00:00,2021-07-29 06:57:00+00:00,2.384674038134972,1.0000000000022204,0.4833333333332223,0.8166666666665556,0.00026137531402142323,120.0,0.0,1.1329973242149645,-1
2021-08-02 08:44:00+00:00,1,0.00037334693005575126,2.5,1.1879666530699442,DC:-1:2021-08-02 08:42:00+00:00,1.18878,1.1881,1.18839,1.188,2021-08-02 08:33:00+00:00,2021-08-02 08:41:00+00:00,2021-08-02 08:42:00+00:00,2021-08-02 08:43:00+00:00,2021-08-02 08:43:00+00:00,2021-08-02 08:44:00+00:00,2.3756509172377105,0.6799999999991829,0.42647058823546696,0.5735294117648595,0.00033346930055754996,60.0,1.0,1.1195841099361385,-1
2021-08-03 01:01:00+00:00,1,0.000280152411727963,2.5,1.186979847588272,DC:-1:2021-08-03 00:37:00+00:00,1.18784,1.1872,1.18747,1.187,2021-08-03 00:23:00+00:00,2021-08-03 00:35:00+00:00,2021-08-03 00:37:00+00:00,2021-08-03 00:56:00+00:00,2021-08-03 00:44:00+00:00,2021-08-03 01:01:00+00:00,3.140222206771058,0.864864864864354,0.42187500000000544,0.7343749999999838,0.00020152411728040497,300.0,0.0,1.3901681620475874,-1
2021-08-03 20:30:00+00:00,1,0.000289399108065691,2.5,1.1859806008919345,DC:-1:2021-08-03 20:09:00+00:00,1.1866,1.18619,1.18639,1.186,2021-08-03 20:00:00+00:00,2021-08-03 20:06:00+00:00,2021-08-03 20:11:00+00:00,2021-08-03 20:25:00+00:00,2021-08-03 20:15:00+00:00,2021-08-03 20:30:00+00:00,2.4380513043009318,0.8723404255386094,0.4878048780487012,0.9512195121953465,0.00019399108065460755,300.0,0.0,1.4918165674892714,-1
2021-08-04 02:06:00+00:00,-1,0.0002820827176270857,2.5,1.187172082717627,DC:1:2021-08-04 01:55:00+00:00,1.18639,1.1869,1.1867,1.18715,2021-08-04 01:41:00+00:00,2021-08-04 01:53:00+00:00,2021-08-04 01:55:00+00:00,2021-08-04 02:02:00+00:00,2021-08-04 01:57:00+00:00,2021-08-04 02:06:00+00:00,2.7396844240197376,0.6296296296341477,0.3921568627450468,0.8823529411761376,0.0002208271762719388,240.0,1.0,1.2773913174514058,1
2021-08-04 09:39:00+00:00,-1,0.00029596876637616454,2.5,1.1858459687663763,DC:1:2021-08-04 09:26:00+00:00,1.18487,1.1858,1.18547,1.18582,2021-08-04 09:02:00+00:00,2021-08-04 09:23:00+00:00,2021-08-04 09:26:00+00:00,2021-08-04 09:33:00+00:00,2021-08-04 09:30:00+00:00,2021-08-04 09:39:00+00:00,3.3337933646624704,0.8086956521819352,0.35483870967740394,0.3763440860216337,0.00025968766376100925,360.0,1.0,1.1397105356862265,1
2021-08-05 07:03:00+00:00,-1,0.00041076273541462704,2.5,1.1840107627354146,DC:1:2021-08-05 06:58:00+00:00,1.1829,1.18391,1.18351,1.18398,2021-08-05 06:39:00+00:00,2021-08-05 06:54:00+00:00,2021-08-05 06:58:00+00:00,2021-08-05 07:01:00+00:00,2021-08-05 07:01:00+00:00,2021-08-05 07:03:00+00:00,3.7519268193640145,0.6121212121206346,0.3960396039603699,0.46534653465345666,0.00030762735414601003,120.0,1.0,1.3352607623432133,1
2021-08-06 14:59:00+00:00,1,0.0004164764533294285,2.5,1.1754935235466706,DC:-1:2021-08-06 14:29:00+00:00,1.17744,1.17589,1.17643,1.17553,2021-08-06 14:08:00+00:00,2021-08-06 14:23:00+00:00,2021-08-06 14:35:00+00:00,2021-08-06 14:57:00+00:00,2021-08-06 14:47:00+00:00,2021-08-06 14:59:00+00:00,3.9280220496430984,0.8201058201060041,0.34838709677419727,0.5806451612904242,0.00036476453329278244,120.0,0.0,1.141767949777998,-1
2021-08-09 08:45:00+00:00,-1,0.00042134370454194325,2.5,1.1764213437045419,DC:1:2021-08-09 08:33:00+00:00,1.17507,1.17611,1.1757,1.17639,2021-08-09 08:18:00+00:00,2021-08-09 08:28:00+00:00,2021-08-09 08:33:00+00:00,2021-08-09 08:40:00+00:00,2021-08-09 08:35:00+00:00,2021-08-09 08:45:00+00:00,3.7375705674009247,1.0000000000002136,0.39423076923081646,0.6634615384616596,0.00031343704541819054,300.0,0.0,1.3442690029820268,1
2021-08-09 13:09:00+00:00,1,0.0005615783682173525,2.5,1.1756684216317828,DC:-1:2021-08-09 12:51:00+00:00,1.17686,1.17609,1.17643,1.1757,2021-08-09 12:47:00+00:00,2021-08-09 12:50:00+00:00,2021-08-09 12:53:00+00:00,2021-08-09 13:06:00+00:00,2021-08-09 12:56:00+00:00,2021-08-09 13:09:00+00:00,2.963597390397128,1.000000000000865,0.4415584415584865,0.9480519480521803,0.00031578368217104994,180.0,0.0,1.7783641141823263,-1
2021-08-10 06:44:00+00:00,-1,0.0003052582069504872,2.5,1.1741452582069505,DC:1:2021-08-10 06:39:00+00:00,1.1732,1.17405,1.1738,1.17412,2021-08-10 06:17:00+00:00,2021-08-10 06:30:00+00:00,2021-08-10 06:39:00+00:00,2021-08-10 06:41:00+00:00,2021-08-10 06:41:00+00:00,2021-08-10 06:44:00+00:00,3.626141277134643,0.7024793388427705,0.29411764705891574,0.3764705882354017,0.0002525820695036858,180.0,1.0,1.208550581402346,1
2021-08-10 09:33:00+00:00,1,0.00034649563661837135,2.5,1.1723735043633816,DC:-1:2021-08-10 09:10:00+00:00,1.17383,1.17266,1.17299,1.1724,2021-08-10 08:48:00+00:00,2021-08-10 09:02:00+00:00,2021-08-10 09:11:00+00:00,2021-08-10 09:31:00+00:00,2021-08-10 09:29:00+00:00,2021-08-10 09:33:00+00:00,4.033702416611015,0.7358490566003245,0.28205128205125773,0.5042735042734378,0.00026495636618484124,120.0,1.0,1.3077460323283796,-1
2021-08-12 07:54:00+00:00,-1,0.00027380487260342257,2.5,1.1739738048726034,DC:1:2021-08-12 07:51:00+00:00,1.1733,1.1739,1.1736,1.17395,2021-08-12 07:29:00+00:00,2021-08-12 07:40:00+00:00,2021-08-12 07:51:00+00:00,2021-08-12 07:53:00+00:00,2021-08-12 07:52:00+00:00,2021-08-12 07:54:00+00:00,2.0532811670541635,0.666666666668147,0.5,0.5833333333335183,0.00023804872603417775,60.0,1.0,1.1502051582670985,1
2021-08-13 15:01:00+00:00,-1,0.0005828226161246342,2.5,1.1795528226161247,DC:1:2021-08-13 14:26:00+00:00,1.1767,1.17907,1.17823,1.17951,2021-08-13 14:04:00+00:00,2021-08-13 14:22:00+00:00,2021-08-13 14:28:00+00:00,2021-08-13 14:56:00+00:00,2021-08-13 14:37:00+00:00,2021-08-13 15:01:00+00:00,5.572152327137422,0.8088737201357501,0.3544303797468177,0.5400843881856359,0.00042822616124548927,300.0,0.0,1.3610159043751635,1
2021-08-16 06:57:00+00:00,1,0.00033816672869346753,2.5,1.1781618332713066,DC:-1:2021-08-16 06:46:00+00:00,1.17924,1.17839,1.17876,1.17819,2021-08-16 06:32:00+00:00,2021-08-16 06:40:00+00:00,2021-08-16 06:46:00+00:00,2021-08-16 06:53:00+00:00,2021-08-16 06:53:00+00:00,2021-08-16 06:57:00+00:00,3.134558464597583,0.8252427184437031,0.4352941176470281,0.6705882352940562,0.0002816672869338821,240.0,1.0,1.200589292333575,-1
2021-08-16 17:20:00+00:00,1,0.0002196328091843558,2.5,1.1773803671908156,DC:-1:2021-08-16 17:14:00+00:00,1.17802,1.17741,1.1777,1.1774,2021-08-16 16:50:00+00:00,2021-08-16 16:58:00+00:00,2021-08-16 17:14:00+00:00,2021-08-16 17:16:00+00:00,2021-08-16 17:16:00+00:00,2021-08-16 17:20:00+00:00,2.751936509202153,0.603960396039099,0.47540983606541265,0.4918032786884709,0.00019632809184432016,240.0,1.0,1.1187029177592949,-1
2021-08-17 08:32:00+00:00,-1,0.0004644436060239343,2.5,1.178384443606024,DC:1:2021-08-17 08:18:00+00:00,1.17689,1.17819,1.17783,1.17835,2021-08-17 07:57:00+00:00,2021-08-17 08:13:00+00:00,2021-08-17 08:18:00+00:00,2021-08-17 08:30:00+00:00,2021-08-17 08:25:00+00:00,2021-08-17 08:32:00+00:00,3.714445509439853,0.6018518518509153,0.27692307692316626,0.40000000000003416,0.00034443606023916776,120.0,1.0,1.348417484805268,1
2021-08-17 15:03:00+00:00,1,0.0004155624903867672,2.5,1.1713744375096133,DC:-1:2021-08-17 14:43:00+00:00,1.17295,1.17143,1.17208,1.17141,2021-08-17 14:26:00+00:00,2021-08-17 14:41:00+00:00,2021-08-17 14:48:00+00:00,2021-08-17 15:01:00+00:00,2021-08-17 14:55:00+00:00,2021-08-17 15:03:00+00:00,4.7479662567977625,0.6440677966102987,0.427631578947404,0.4407894736841865,0.0003556249038677195,120.0,0.0,1.16854158937458,-1
2021-08-17 19:03:00+00:00,1,0.00036547849149770606,2.5,1.1707745215085024,DC:-1:2021-08-17 18:38:00+00:00,1.17185,1.171,1.17131,1.1708,2021-08-17 18:17:00+00:00,2021-08-17 18:31:00+00:00,2021-08-17 18:38:00+00:00,2021-08-17 19:01:00+00:00,2021-08-17 18:42:00+00:00,2021-08-17 19:03:00+00:00,3.4756210562602083,0.6800000000025651,0.3647058823529719,0.6,0.00025478491497690813,120.0,0.0,1.4344589102962804,-1
2021-08-18 13:48:00+00:00,1,0.0004747881287932021,2.5,1.1708352118712069,DC:-1:2021-08-18 13:17:00+00:00,1.17205,1.171,1.1715,1.17087,2021-08-18 13:04:00+00:00,2021-08-18 13:13:00+00:00,2021-08-18 13:18:00+00:00,2021-08-18 13:43:00+00:00,2021-08-18 13:27:00+00:00,2021-08-18 13:48:00+00:00,3.174527034781802,1.000000000004018,0.4761904761904258,0.5999999999999154,0.00034788128793119676,300.0,0.0,1.364799272811433,-1
2021-08-23 04:51:00+00:00,-1,0.0008624052740155985,2.5,1.1728124052740156,DC:1:2021-08-23 04:12:00+00:00,1.17,1.17261,1.17164,1.17274,2021-08-23 04:01:00+00:00,2021-08-23 04:09:00+00:00,2021-08-23 04:32:00+00:00,2021-08-23 04:50:00+00:00,2021-08-23 04:50:00+00:00,2021-08-23 04:51:00+00:00,3.139791705403181,0.7150684931513078,0.37164750957851145,0.4214559386972714,0.0007240527401582978,60.0,1.0,1.1910807406475017,1
2021-08-24 03:10:00+00:00,-1,0.0010583993502570888,2.5,1.174898399350257,DC:1:2021-08-24 02:04:00+00:00,1.17,1.17467,1.1733,1.17481,2021-08-24 01:01:00+00:00,2021-08-24 01:11:00+00:00,2021-08-24 02:04:00+00:00,2021-08-24 03:02:00+00:00,2021-08-24 02:09:00+00:00,2021-08-24 03:10:00+00:00,3.5166371319347314,0.8568807339455866,0.2933618843683174,0.32334047109204367,0.0008839935025724884,480.0,0.0,1.1972931330117993,1
2021-08-26 11:45:00+00:00,1,0.001006555590353564,2.5,1.1771234444096463,DC:-1:2021-08-26 11:25:00+00:00,1.18,1.1774,1.17869,1.1772,2021-08-26 11:01:00+00:00,2021-08-26 11:03:00+00:00,2021-08-26 11:25:00+00:00,2021-08-26 11:33:00+00:00,2021-08-26 11:32:00+00:00,2021-08-26 11:45:00+00:00,2.9099869974798445,0.999999999999573,0.49615384615386354,0.5730769230769339,0.0007655559035360407,720.0,0.0,1.3148035116761103,-1
2021-08-26 14:51:00+00:00,1,0.0010311607682931268,2.5,1.174608839231707,DC:-1:2021-08-26 14:12:00+00:00,1.18,1.17527,1.1770200000000002,1.1747,2021-08-26 14:01:00+00:00,2021-08-26 14:02:00+00:00,2021-08-26 14:19:00+00:00,2021-08-26 14:49:00+00:00,2021-08-26 14:40:00+00:00,2021-08-26 14:51:00+00:00,3.967361939379421,1.0000000000002816,0.3699788583509888,0.49048625792814976,0.0009116076829307795,120.0,0.0,1.1311453244645648,-1
2021-08-31 09:30:00+00:00,-1,0.0009787003478163303,2.5,1.1836487003478164,DC:1:2021-08-31 08:59:00+00:00,1.18,1.18343,1.18209,1.18357,2021-08-31 08:01:00+00:00,2021-08-31 08:09:00+00:00,2021-08-31 08:59:00+00:00,2021-08-31 09:16:00+00:00,2021-08-31 09:03:00+00:00,2021-08-31 09:30:00+00:00,3.370860799430715,0.9999999999995468,0.39067055393582495,0.4314868804664451,0.0007870034781648769,840.0,0.0,1.243578173375357,1
2021-09-03 02:02:00+00:00,1,0.0011861500852270446,2.5,1.187593849914773,DC:-1:2021-09-03 01:07:00+00:00,1.19,1.188,1.18892,1.1877,2021-09-03 01:01:00+00:00,2021-09-03 01:02:00+00:00,2021-09-03 01:07:00+00:00,2021-09-03 01:24:00+00:00,2021-09-03 01:15:00+00:00,2021-09-03 02:02:00+00:00,2.460651063777309,1.0000000000005551,0.46000000000001556,0.6099999999999989,0.001061500852269637,2280.0,1.0,1.1174273508032426,-1
2021-09-07 06:52:00+00:00,1,0.0010215461755145316,2.5,1.1861984538244856,DC:-1:2021-09-07 05:14:00+00:00,1.19,1.187,1.1880700000000002,1.18629,2021-09-07 05:01:00+00:00,2021-09-07 05:10:00+00:00,2021-09-07 05:57:00+00:00,2021-09-07 06:35:00+00:00,2021-09-07 06:02:00+00:00,2021-09-07 06:52:00+00:00,3.488093023450676,0.7853403141366129,0.3566666666667217,0.593333333333393,0.0009154617551441774,1020.0,0.0,1.115880777950846,-1
2021-09-12 21:14:00+00:00,1,7.642641740623901e-05,2.5,1.1812935735825938,DC:-1:2021-09-12 21:06:00+00:00,1.1815,1.18134,1.1814,1.1813,2021-09-12 21:03:00+00:00,2021-09-12 21:05:00+00:00,2021-09-12 21:06:00+00:00,2021-09-12 21:12:00+00:00,2021-09-12 21:10:00+00:00,2021-09-12 21:14:00+00:00,3.4520113358159246,0.9999999999930611,0.3749999999998265,0.6250000000001735,6.426417406301885e-05,120.0,1.0,1.1892538653230587,-1
2021-09-19 21:05:00+00:00,1,0.00017551064478271705,2.5,1.1725244893552174,DC:-1:2021-09-19 21:03:00+00:00,1.17297,1.1726,1.1727299999999998,1.17253,2021-09-19 21:01:00+00:00,2021-09-19 21:02:00+00:00,2021-09-19 21:03:00+00:00,2021-09-19 21:04:00+00:00,2021-09-19 21:04:00+00:00,2021-09-19 21:05:00+00:00,48.61898415989273,0.9999999999993999,0.35135135135067014,0.540540540539908,5.5106447826770395e-05,60.0,1.0,3.1849384546513084,-1
2021-09-21 14:30:00+00:00,1,0.0005630164827727935,2.5,1.1717669835172273,DC:-1:2021-09-21 14:15:00+00:00,1.17334,1.17214,1.17268,1.1718,2021-09-21 13:50:00+00:00,2021-09-21 14:10:00+00:00,2021-09-21 14:15:00+00:00,2021-09-21 14:26:00+00:00,2021-09-21 14:19:00+00:00,2021-09-21 14:30:00+00:00,3.795013719267994,0.6741573033748302,0.4499999999999537,0.7333333333332717,0.0003301648277269101,240.0,0.0,1.7052588146623615,-1
2021-09-21 19:41:00+00:00,-1,0.00024978438520695256,2.5,1.173149784385207,DC:1:2021-09-21 19:21:00+00:00,1.1724,1.17292,1.1727,1.17313,2021-09-21 19:14:00+00:00,2021-09-21 19:19:00+00:00,2021-09-21 19:21:00+00:00,2021-09-21 19:35:00+00:00,2021-09-21 19:29:00+00:00,2021-09-21 19:41:00+00:00,2.7633021968629525,0.999999999996584,0.42307692307682454,0.8269230769231755,0.00019784385206933318,360.0,0.0,1.2625329652367319,1
2021-09-22 05:16:00+00:00,-1,0.0009070112826943255,2.5,1.1730970112826944,DC:1:2021-09-22 04:10:00+00:00,1.17,1.17261,1.1716,1.1730200000000002,2021-09-22 04:01:00+00:00,2021-09-22 04:03:00+00:00,2021-09-22 04:10:00+00:00,2021-09-22 05:04:00+00:00,2021-09-22 04:50:00+00:00,2021-09-22 05:16:00+00:00,2.602577144589354,0.9999999999997448,0.3869731800766111,0.5440613026820683,0.0007701128269422734,720.0,1.0,1.1777641547610709,1
2021-09-28 10:44:00+00:00,1,0.000986271866826982,2.5,1.1675137281331731,DC:-1:2021-09-28 10:20:00+00:00,1.17,1.16777,1.1686299999999998,1.1676,2021-09-28 10:01:00+00:00,2021-09-28 10:12:00+00:00,2021-09-28 10:20:00+00:00,2021-09-28 10:27:00+00:00,2021-09-28 10:27:00+00:00,2021-09-28 10:44:00+00:00,2.6918352127844067,0.6109589041083243,0.3856502242151922,0.46188340807169753,0.0008627186682682497,1020.0,1.0,1.1432137765220067,-1
2021-09-30 23:39:00+00:00,1,0.001041488340677521,2.5,1.1573085116593225,DC:-1:2021-09-30 22:11:00+00:00,1.16,1.1579,1.15888,1.1574,2021-09-30 22:01:00+00:00,2021-09-30 22:08:00+00:00,2021-09-30 22:11:00+00:00,2021-09-30 23:32:00+00:00,2021-09-30 22:22:00+00:00,2021-09-30 23:39:00+00:00,2.2376582635348146,0.7291666666672835,0.4666666666666596,0.7047619047618725,0.0009148834067758192,420.0,0.0,1.138383681422178,-1
2021-10-03 23:12:00+00:00,-1,0.0006860401000736704,2.5,1.1614760401000737,DC:1:2021-10-03 23:03:00+00:00,1.16,1.16117,1.1607,1.16144,2021-10-03 23:01:00+00:00,2021-10-03 23:02:00+00:00,2021-10-03 23:03:00+00:00,2021-10-03 23:11:00+00:00,2021-10-03 23:08:00+00:00,2021-10-03 23:12:00+00:00,4.982054217986548,0.9999999999984818,0.40170940170933683,0.6324786324785384,0.0003604010007372204,60.0,0.0,1.903546601342219,1
2021-10-04 13:45:00+00:00,-1,0.0010618795897820998,2.5,1.1638318795897822,DC:1:2021-10-04 13:16:00+00:00,1.16,1.1636,1.1623,1.16374,2021-10-04 13:01:00+00:00,2021-10-04 13:09:00+00:00,2021-10-04 13:16:00+00:00,2021-10-04 13:41:00+00:00,2021-10-04 13:41:00+00:00,2021-10-04 13:45:00+00:00,2.833041954999054,0.8071748878920825,0.3611111111110666,0.399999999999963,0.0009187958978226893,240.0,1.0,1.1557295720393204,1
2021-10-08 03:55:00+00:00,1,0.001262438033798663,2.5,1.1548075619662015,DC:-1:2021-10-08 03:10:00+00:00,1.16,1.1551,1.1562,1.1549,2021-10-08 02:01:00+00:00,2021-10-08 02:15:00+00:00,2021-10-08 03:10:00+00:00,2021-10-08 03:34:00+00:00,2021-10-08 03:17:00+00:00,2021-10-08 03:55:00+00:00,4.572389763701801,0.6171284634756743,0.224489795918347,0.2653061224489556,0.0009243803379855003,1260.0,0.0,1.3657127720283309,-1
2021-10-11 03:09:00+00:00,1,0.0008840000883414412,2.5,1.1569259999116586,DC:-1:2021-10-11 02:18:00+00:00,1.16,1.1572,1.15821,1.157,2021-10-11 02:01:00+00:00,2021-10-11 02:08:00+00:00,2021-10-11 02:18:00+00:00,2021-10-11 02:29:00+00:00,2021-10-11 02:24:00+00:00,2021-10-11 03:09:00+00:00,3.4517250413804517,0.9999999999997621,0.3607142857142809,0.43214285714284667,0.0007400008834152778,2400.0,0.0,1.194593287864162,-1
2021-10-14 16:03:00+00:00,-1,0.0006216930960352141,2.5,1.160041693096035,DC:1:2021-10-14 15:47:00+00:00,1.15875,1.15969,1.15929,1.16,2021-10-14 15:38:00+00:00,2021-10-14 15:46:00+00:00,2021-10-14 15:47:00+00:00,2021-10-14 16:01:00+00:00,2021-10-14 15:48:00+00:00,2021-10-14 16:03:00+00:00,2.8019212807519387,0.635135135134896,0.4255319148937326,0.755319148936027,0.00041693096035188074,120.0,0.0,1.491117607362424,1
2021-10-22 06:12:00+00:00,1,0.00030301022719370074,2.5,1.1622769897728062,DC:-1:2021-10-22 05:59:00+00:00,1.16285,1.1624,1.1626,1.1623,2021-10-22 05:49:00+00:00,2021-10-22 05:57:00+00:00,2021-10-22 05:59:00+00:00,2021-10-22 06:07:00+00:00,2021-10-22 06:07:00+00:00,2021-10-22 06:12:00+00:00,2.3544854118580334,0.7894736842056876,0.4444444444445541,0.6666666666668312,0.0002301022719388319,300.0,1.0,1.3168502189941436,-1
2021-10-22 12:23:00+00:00,1,0.0004378493949226403,2.5,1.1624721506050775,DC:-1:2021-10-22 12:14:00+00:00,1.16409,1.16282,1.1631,1.1625,2021-10-22 11:49:00+00:00,2021-10-22 12:02:00+00:00,2021-10-22 12:14:00+00:00,2021-10-22 12:20:00+00:00,2021-10-22 12:15:00+00:00,2021-10-22 12:23:00+00:00,4.978309193007652,0.6018957345966831,0.22047244094490942,0.4724409448817989,0.0002784939492257704,180.0,1.0,1.5722043374367287,-1
2021-10-22 15:38:00+00:00,1,0.0005122685839218377,2.5,1.1627177314160781,DC:-1:2021-10-22 15:24:00+00:00,1.16538,1.16277,1.16353,1.16276,2021-10-22 15:12:00+00:00,2021-10-22 15:23:00+00:00,2021-10-22 15:30:00+00:00,2021-10-22 15:34:00+00:00,2021-10-22 15:34:00+00:00,2021-10-22 15:38:00+00:00,7.715525419522467,0.8907849829353939,0.2911877394635523,0.2950191570880985,0.0004226858392192538,240.0,1.0,1.2119369432107139,-1
2021-10-24 23:27:00+00:00,1,0.000226510392345336,2.5,1.1637834896076547,DC:-1:2021-10-24 23:21:00+00:00,1.16438,1.1639,1.1640700000000002,1.1638,2021-10-24 23:06:00+00:00,2021-10-24 23:20:00+00:00,2021-10-24 23:21:00+00:00,2021-10-24 23:23:00+00:00,2021-10-24 23:22:00+00:00,2021-10-24 23:27:00+00:00,3.0844778941077275,0.6315789473628546,0.35416666666711,0.5625000000004048,0.000165103923452411,240.0,0.0,1.371926163890494,-1
2021-10-26 11:11:00+00:00,-1,0.00032766548122187267,2.5,1.162417665481222,DC:1:2021-10-26 10:52:00+00:00,1.1616,1.1623,1.16195,1.16239,2021-10-26 10:41:00+00:00,2021-10-26 10:48:00+00:00,2021-10-26 10:52:00+00:00,2021-10-26 11:01:00+00:00,2021-10-26 10:56:00+00:00,2021-10-26 11:11:00+00:00,2.694235126863176,0.8974358974373573,0.5,0.6285714285712927,0.00027665481221875263,600.0,1.0,1.1843838124268216,1
2021-10-27 09:20:00+00:00,1,0.0004815917639058309,2.5,1.1590684082360942,DC:-1:2021-10-27 08:40:00+00:00,1.16052,1.15929,1.15985,1.1591,2021-10-27 08:26:00+00:00,2021-10-27 08:33:00+00:00,2021-10-27 08:44:00+00:00,2021-10-27 09:09:00+00:00,2021-10-27 08:46:00+00:00,2021-10-27 09:20:00+00:00,3.828870974293462,0.9999999999945843,0.4552845528455989,0.6097560975609668,0.00031591763905863417,660.0,0.0,1.5244218883784697,-1
2021-10-28 08:11:00+00:00,-1,0.00040214929256543464,2.5,1.1614021492925655,DC:1:2021-10-28 07:48:00+00:00,1.1596,1.16134,1.16086,1.16137,2021-10-28 07:25:00+00:00,2021-10-28 07:41:00+00:00,2021-10-28 08:00:00+00:00,2021-10-28 08:09:00+00:00,2021-10-28 08:03:00+00:00,2021-10-28 08:11:00+00:00,5.82255574100922,0.7981651376111102,0.27586206896552606,0.2931034482758555,0.0003214929256555111,120.0,0.0,1.2508806896620461,1
2021-10-28 13:05:00+00:00,-1,0.001149627629464911,2.5,1.163809627629465,DC:1:2021-10-28 12:48:00+00:00,1.15906,1.16356,1.16196,1.16373,2021-10-28 12:35:00+00:00,2021-10-28 12:47:00+00:00,2021-10-28 12:50:00+00:00,2021-10-28 13:02:00+00:00,2021-10-28 12:57:00+00:00,2021-10-28 13:05:00+00:00,7.994554815995338,0.9297520661154018,0.3555555555555205,0.39333333333329945,0.0007962762946490847,180.0,0.0,1.4437546831298633,1
2021-10-28 14:58:00+00:00,-1,0.0008725286428252765,2.5,1.168652528642825,DC:1:2021-10-28 14:31:00+00:00,1.16294,1.1681700000000002,1.1669,1.1686,2021-10-28 13:34:00+00:00,2021-10-28 14:21:00+00:00,2021-10-28 14:43:00+00:00,2021-10-28 14:57:00+00:00,2021-10-28 14:45:00+00:00,2021-10-28 14:58:00+00:00,7.2345004782357405,0.6263473053892237,0.24282982791588678,0.32504780114723,0.0005252864282492858,60.0,0.0,1.661053086281528,1
2021-10-29 14:41:00+00:00,1,0.0006279652648948364,2.5,1.1591920347351052,DC:-1:2021-10-29 14:21:00+00:00,1.1610200000000002,1.15975,1.16023,1.15924,2021-10-29 14:11:00+00:00,2021-10-29 14:19:00+00:00,2021-10-29 14:21:00+00:00,2021-10-29 14:38:00+00:00,2021-10-29 14:29:00+00:00,2021-10-29 14:41:00+00:00,2.7995564257668426,0.6018957345946562,0.37795275590550903,0.7795275590550905,0.00047965264894753504,180.0,1.0,1.3092083745867604,-1
2021-10-31 21:19:00+00:00,-1,0.00021276184283047783,2.5,1.1563027618428305,DC:1:2021-10-31 21:14:00+00:00,1.15579,1.15619,1.15601,1.15629,2021-10-31 21:09:00+00:00,2021-10-31 21:11:00+00:00,2021-10-31 21:14:00+00:00,2021-10-31 21:16:00+00:00,2021-10-31 21:15:00+00:00,2021-10-31 21:19:00+00:00,4.519585836609296,1.0000000000022204,0.45000000000022206,0.700000000000222,0.00012761842830465465,180.0,0.0,1.667171784333264,1
2021-11-02 14:55:00+00:00,-1,0.0005253195047458803,2.5,1.1598553195047459,DC:1:2021-11-02 14:49:00+00:00,1.15836,1.15967,1.1593,1.15982,2021-11-02 14:31:00+00:00,2021-11-02 14:45:00+00:00,2021-11-02 14:49:00+00:00,2021-11-02 14:53:00+00:00,2021-11-02 14:52:00+00:00,2021-11-02 14:55:00+00:00,3.988458546682367,0.7237569060748722,0.28244274809160563,0.3969465648855777,0.00035319504745717377,120.0,1.0,1.4873354213993537,1
2021-11-02 17:07:00+00:00,1,0.0004252167428393516,2.5,1.1574647832571607,DC:-1:2021-11-02 16:21:00+00:00,1.15908,1.15785,1.1584299999999998,1.1575,2021-11-02 15:45:00+00:00,2021-11-02 16:02:00+00:00,2021-11-02 16:24:00+00:00,2021-11-02 16:50:00+00:00,2021-11-02 16:31:00+00:00,2021-11-02 17:07:00+00:00,3.3948102096323436,0.6871508379862363,0.4715447154469695,0.7560975609754689,0.00035216742839287,1020.0,0.0,1.207427798703148,-1
2021-11-03 10:23:00+00:00,1,0.0004985320971682139,2.5,1.1578614679028318,DC:-1:2021-11-03 10:09:00+00:00,1.15918,1.15809,1.15842,1.1579,2021-11-03 09:58:00+00:00,2021-11-03 10:07:00+00:00,2021-11-03 10:09:00+00:00,2021-11-03 10:17:00+00:00,2021-11-03 10:10:00+00:00,2021-11-03 10:23:00+00:00,3.453892944970329,0.7032258064508569,0.3027522935779181,0.47706422018354044,0.0003853209716804878,360.0,1.0,1.2938099242145635,-1
2021-11-03 19:59:00+00:00,-1,0.0009794880058011657,2.5,1.1615794880058012,DC:1:2021-11-03 19:02:00+00:00,1.15755,1.1614,1.15967,1.16152,2021-11-03 18:37:00+00:00,2021-11-03 18:54:00+00:00,2021-11-03 19:28:00+00:00,2021-11-03 19:48:00+00:00,2021-11-03 19:38:00+00:00,2021-11-03 19:59:00+00:00,4.6674429646213635,0.6987295825760863,0.4493506493506624,0.4805194805195255,0.0005948800580115957,660.0,0.0,1.6465302418694845,1
2021-11-08 14:14:00+00:00,1,0.0005301850023324839,2.5,1.1564698149976675,DC:-1:2021-11-08 14:02:00+00:00,1.15819,1.15679,1.15719,1.1565,2021-11-08 13:34:00+00:00,2021-11-08 13:48:00+00:00,2021-11-08 14:02:00+00:00,2021-11-08 14:10:00+00:00,2021-11-08 14:05:00+00:00,2021-11-08 14:14:00+00:00,5.431181439253418,0.6999999999966915,0.2857142857142404,0.4928571428570171,0.0003018500233254866,240.0,0.0,1.7564517520702072,-1
2021-11-10 09:25:00+00:00,1,0.00031573477259949634,2.5,1.1558742652274006,DC:-1:2021-11-10 09:19:00+00:00,1.1569,1.15599,1.15632,1.1559,2021-11-10 08:55:00+00:00,2021-11-10 09:06:00+00:00,2021-11-10 09:19:00+00:00,2021-11-10 09:23:00+00:00,2021-11-10 09:23:00+00:00,2021-11-10 09:25:00+00:00,3.01468716805093,0.8834951456187717,0.36263736263731167,0.46153846153857414,0.00025734772599386626,120.0,1.0,1.2268799787530342,-1
2021-11-10 10:00:00+00:00,-1,0.0004581522224424983,2.5,1.1582281522224425,DC:1:2021-11-10 09:44:00+00:00,1.1559,1.1579700000000002,1.1574,1.15819,2021-11-10 09:23:00+00:00,2021-11-10 09:41:00+00:00,2021-11-10 09:44:00+00:00,2021-11-10 09:55:00+00:00,2021-11-10 09:51:00+00:00,2021-11-10 10:00:00+00:00,7.4065955132043735,0.6571428571389056,0.27536231884063567,0.3816425120772838,0.0003815222244247566,300.0,0.0,1.2008533005732007,1
2021-11-10 18:25:00+00:00,1,0.0006599669626337068,2.5,1.1482700330373663,DC:-1:2021-11-10 18:10:00+00:00,1.1514799999999998,1.1485,1.14947,1.14833,2021-11-10 17:51:00+00:00,2021-11-10 18:09:00+00:00,2021-11-10 18:17:00+00:00,2021-11-10 18:22:00+00:00,2021-11-10 18:20:00+00:00,2021-11-10 18:25:00+00:00,8.36136113784008,0.7602040816310566,0.32550335570469574,0.3825503355704733,0.0005996696263378512,180.0,0.0,1.1005509261225852,-1
2021-11-11 11:08:00+00:00,1,0.0004477906812723198,2.5,1.1458522093187278,DC:-1:2021-11-11 10:59:00+00:00,1.14734,1.14599,1.1464299999999998,1.14589,2021-11-11 10:34:00+00:00,2021-11-11 10:53:00+00:00,2021-11-11 10:59:00+00:00,2021-11-11 11:02:00+00:00,2021-11-11 11:01:00+00:00,2021-11-11 11:08:00+00:00,3.291389392282623,0.7068062827216427,0.3259259259257675,0.39999999999983554,0.0003779068127235727,360.0,1.0,1.1849235478055935,-1
2021-11-11 15:49:00+00:00,-1,0.0004996604683966677,2.5,1.1475196604683968,DC:1:2021-11-11 15:41:00+00:00,1.14609,1.14742,1.147,1.1474799999999998,2021-11-11 15:27:00+00:00,2021-11-11 15:39:00+00:00,2021-11-11 15:41:00+00:00,2021-11-11 15:45:00+00:00,2021-11-11 15:44:00+00:00,2021-11-11 15:49:00+00:00,3.6459986749606696,0.8159509202425314,0.31578947368426324,0.36090225563894335,0.0003966046839696311,240.0,0.0,1.2598451016653343,1
2021-11-12 15:14:00+00:00,-1,0.000472665773833425,2.5,1.1452826657738335,DC:1:2021-11-12 15:05:00+00:00,1.14362,1.14501,1.1445,1.14524,2021-11-12 15:00:00+00:00,2021-11-12 15:03:00+00:00,2021-11-12 15:06:00+00:00,2021-11-12 15:12:00+00:00,2021-11-12 15:12:00+00:00,2021-11-12 15:14:00+00:00,3.666904730502764,0.9999999999995207,0.36690647482015076,0.5323741007193968,0.00042665773833458866,120.0,1.0,1.10783358970219,1
2021-11-14 22:08:00+00:00,1,8.370796410162029e-05,2.5,1.1444962920358983,DC:-1:2021-11-14 22:03:00+00:00,1.1452,1.1445299999999998,1.14467,1.1445,2021-11-14 19:31:00+00:00,2021-11-14 22:02:00+00:00,2021-11-14 22:04:00+00:00,2021-11-14 22:07:00+00:00,2021-11-14 22:06:00+00:00,2021-11-14 22:08:00+00:00,15.640334275784602,0.9999999999903891,0.20895522388091853,0.25373134328352276,3.7079641017295256e-05,60.0,0.0,2.2575181907121467,-1
2021-11-14 22:12:00+00:00,1,0.00013939040838883976,2.5,1.1442506095916112,DC:-1:2021-11-14 22:10:00+00:00,1.14458,1.14429,1.14442,1.14426,2021-11-14 22:08:00+00:00,2021-11-14 22:09:00+00:00,2021-11-14 22:10:00+00:00,2021-11-14 22:11:00+00:00,2021-11-14 22:11:00+00:00,2021-11-14 22:12:00+00:00,5.068303632835061,1.0000000000007656,0.4482758620689919,0.551724137931008,9.390408388899565e-05,60.0,1.0,1.484391334391949,-1
2021-11-16 11:41:00+00:00,-1,0.0004822369562142992,2.5,1.1372522369562144,DC:1:2021-11-16 11:21:00+00:00,1.13589,1.13694,1.13645,1.13721,2021-11-16 11:19:00+00:00,2021-11-16 11:20:00+00:00,2021-11-16 11:23:00+00:00,2021-11-16 11:30:00+00:00,2021-11-16 11:29:00+00:00,2021-11-16 11:41:00+00:00,2.982149047732202,1.0000000000006344,0.4666666666667654,0.7238095238096165,0.0004223695621426704,660.0,1.0,1.141741733869086,1
2021-11-17 04:11:00+00:00,-1,0.0007841521233782345,2.5,1.1295841521233783,DC:1:2021-11-17 03:56:00+00:00,1.12698,1.12927,1.1286,1.12952,2021-11-17 03:43:00+00:00,2021-11-17 03:55:00+00:00,2021-11-17 03:56:00+00:00,2021-11-17 04:02:00+00:00,2021-11-17 04:01:00+00:00,2021-11-17 04:11:00+00:00,3.6876934286770515,0.74592833876021,0.29257641921396366,0.4017467248908606,0.0006415212337820578,540.0,1.0,1.2223322971794761,1
2021-11-17 15:01:00+00:00,-1,0.0007952586600838973,2.5,1.1320952586600839,DC:1:2021-11-17 14:29:00+00:00,1.12979,1.13145,1.13071,1.13205,2021-11-17 14:10:00+00:00,2021-11-17 14:27:00+00:00,2021-11-17 14:34:00+00:00,2021-11-17 14:51:00+00:00,2021-11-17 14:42:00+00:00,2021-11-17 15:01:00+00:00,3.4795673582870186,0.6014492753603122,0.44578313253009955,0.807228915662591,0.00045258660083974725,600.0,0.0,1.7571414147222713,1
2021-11-18 08:00:00+00:00,-1,0.0004502763942761945,2.5,1.1338902763942762,DC:1:2021-11-18 07:49:00+00:00,1.1326,1.13364,1.1333,1.13386,2021-11-18 07:32:00+00:00,2021-11-18 07:45:00+00:00,2021-11-18 07:49:00+00:00,2021-11-18 07:55:00+00:00,2021-11-18 07:50:00+00:00,2021-11-18 08:00:00+00:00,3.87210841050592,0.7878787878788746,0.3269230769231057,0.5384615384616863,0.0003027639427608354,300.0,0.0,1.4872193503963076,1
2021-11-22 07:10:00+00:00,1,0.00047256552942820385,2.5,1.1261674344705719,DC:-1:2021-11-22 07:04:00+00:00,1.12734,1.12657,1.12691,1.1262,2021-11-22 06:54:00+00:00,2021-11-22 07:01:00+00:00,2021-11-22 07:04:00+00:00,2021-11-22 07:09:00+00:00,2021-11-22 07:08:00+00:00,2021-11-22 07:10:00+00:00,2.388056396690377,0.9277108433648591,0.4415584415584865,0.922077922077982,0.0003256552942813826,60.0,1.0,1.4511219001398556,-1
2021-11-23 07:38:00+00:00,-1,0.0006263045626477837,2.5,1.1259263045626478,DC:1:2021-11-23 07:25:00+00:00,1.12342,1.12571,1.125,1.12588,2021-11-23 07:08:00+00:00,2021-11-23 07:23:00+00:00,2021-11-23 07:25:00+00:00,2021-11-23 07:31:00+00:00,2021-11-23 07:29:00+00:00,2021-11-23 07:38:00+00:00,7.276968581121533,0.7459283387619365,0.3100436681222788,0.38427947598254547,0.0004630456264778859,420.0,0.0,1.3525763484944495,1
2021-11-23 11:35:00+00:00,1,0.0005664689554365498,2.5,1.1244335310445635,DC:-1:2021-11-23 11:23:00+00:00,1.12589,1.12474,1.1251799999999998,1.12447,2021-11-23 11:08:00+00:00,2021-11-23 11:20:00+00:00,2021-11-23 11:23:00+00:00,2021-11-23 11:32:00+00:00,2021-11-23 11:30:00+00:00,2021-11-23 11:35:00+00:00,3.448524521295642,0.6084656084623289,0.3826086956519825,0.6173913043476313,0.0003646895543663296,180.0,1.0,1.553290870699119,-1
2021-11-23 15:26:00+00:00,1,0.0005579814163061414,2.5,1.1242420185836939,DC:-1:2021-11-23 15:13:00+00:00,1.12558,1.12445,1.12493,1.12429,2021-11-23 15:02:00+00:00,2021-11-23 15:07:00+00:00,2021-11-23 15:13:00+00:00,2021-11-23 15:19:00+00:00,2021-11-23 15:16:00+00:00,2021-11-23 15:26:00+00:00,2.5761661530939484,0.7483443708628972,0.4247787610619504,0.5663716814158684,0.00047981416306233833,420.0,1.0,1.1629115171276163,-1
2021-11-23 17:45:00+00:00,1,0.0003270086119053772,2.5,1.1257629913880947,DC:-1:2021-11-23 17:42:00+00:00,1.12663,1.12594,1.12622,1.12579,2021-11-23 17:28:00+00:00,2021-11-23 17:37:00+00:00,2021-11-23 17:42:00+00:00,2021-11-23 17:43:00+00:00,2021-11-23 17:43:00+00:00,2021-11-23 17:45:00+00:00,2.5028081410089222,0.6216216216153825,0.4057971014493127,0.6231884057969289,0.00027008611905444827,120.0,1.0,1.2107568247128377,-1
2021-11-24 08:38:00+00:00,1,0.0004726001032060445,2.5,1.123357399896794,DC:-1:2021-11-24 08:30:00+00:00,1.12541,1.1235700000000002,1.12412,1.1234,2021-11-24 08:15:00+00:00,2021-11-24 08:25:00+00:00,2021-11-24 08:33:00+00:00,2021-11-24 08:37:00+00:00,2021-11-24 08:37:00+00:00,2021-11-24 08:38:00+00:00,4.5784197154949124,0.9999999999991552,0.2989130434781933,0.3913043478261499,0.0004260010320582883,60.0,1.0,1.1093872259478006,-1
2021-11-25 10:49:00+00:00,1,0.00041641668316128033,2.5,1.1217635833168387,DC:-1:2021-11-25 10:33:00+00:00,1.12284,1.12189,1.12222,1.12179,2021-11-25 10:17:00+00:00,2021-11-25 10:31:00+00:00,2021-11-25 10:33:00+00:00,2021-11-25 10:42:00+00:00,2021-11-25 10:42:00+00:00,2021-11-25 10:49:00+00:00,3.1047672866485683,0.7142857142803242,0.3473684210525676,0.45263157894729217,0.0002641668316142906,420.0,1.0,1.576339772168254,-1
2021-11-29 02:47:00+00:00,1,0.00034992607050110536,2.5,1.127570073929499,DC:-1:2021-11-29 02:29:00+00:00,1.12832,1.12769,1.12799,1.1276,2021-11-29 02:21:00+00:00,2021-11-29 02:26:00+00:00,2021-11-29 02:29:00+00:00,2021-11-29 02:32:00+00:00,2021-11-29 02:32:00+00:00,2021-11-29 02:47:00+00:00,2.2697507174783613,0.8400000000038251,0.476190476190493,0.6190476190478876,0.0002992607050091132,900.0,1.0,1.1693017647955126,-1
2021-11-29 09:43:00+00:00,1,0.000504012996712655,2.5,1.1277459870032873,DC:-1:2021-11-29 09:37:00+00:00,1.12893,1.12799,1.1284,1.12779,2021-11-29 09:26:00+00:00,2021-11-29 09:34:00+00:00,2021-11-29 09:37:00+00:00,2021-11-29 09:39:00+00:00,2021-11-29 09:39:00+00:00,2021-11-29 09:43:00+00:00,2.3253000913049577,0.701492537310188,0.4361702127660077,0.6489361702128061,0.0004401299671276901,240.0,1.0,1.1451458304506479,-1
2021-11-29 10:44:00+00:00,-1,0.0004125719973684383,2.5,1.1293125719973685,DC:1:2021-11-29 09:56:00+00:00,1.12779,1.12896,1.1284,1.1292799999999998,2021-11-29 09:39:00+00:00,2021-11-29 09:48:00+00:00,2021-11-29 09:56:00+00:00,2021-11-29 10:41:00+00:00,2021-11-29 10:27:00+00:00,2021-11-29 10:44:00+00:00,2.5969525819638233,0.8540145985391795,0.4786324786324316,0.752136752136624,0.0003257199736868869,180.0,0.0,1.2666462934356058,1
2021-11-30 06:11:00+00:00,-1,0.00038857756732646465,2.5,1.1315285775673265,DC:1:2021-11-30 05:29:00+00:00,1.1294,1.13127,1.1307,1.1315,2021-11-30 05:01:00+00:00,2021-11-30 05:25:00+00:00,2021-11-30 05:35:00+00:00,2021-11-30 06:09:00+00:00,2021-11-30 05:36:00+00:00,2021-11-30 06:11:00+00:00,8.247623369484774,0.7570850202400125,0.304812834224571,0.4278074866309602,0.0002857756732660625,120.0,0.0,1.3597293390494145,1
2021-12-02 10:14:00+00:00,-1,0.00044420530529820645,2.5,1.1329442053052983,DC:1:2021-12-02 10:05:00+00:00,1.1313,1.13276,1.1324,1.13291,2021-12-02 09:47:00+00:00,2021-12-02 10:03:00+00:00,2021-12-02 10:05:00+00:00,2021-12-02 10:09:00+00:00,2021-12-02 10:08:00+00:00,2021-12-02 10:14:00+00:00,4.602644253661477,0.7934782608628441,0.24657534246569301,0.3493150684931538,0.0003420530529825928,300.0,1.0,1.298644468818152,1
2021-12-02 12:48:00+00:00,-1,0.000369556395727777,2.5,1.1347495563957277,DC:1:2021-12-02 12:33:00+00:00,1.13337,1.13442,1.13415,1.1347200000000002,2021-12-02 12:16:00+00:00,2021-12-02 12:26:00+00:00,2021-12-02 12:33:00+00:00,2021-12-02 12:45:00+00:00,2021-12-02 12:37:00+00:00,2021-12-02 12:48:00+00:00,3.9873368539931024,0.9459459459363386,0.2571428571428511,0.5428571428573181,0.0002955639572747334,180.0,1.0,1.2503432391936273,1
2021-12-02 17:36:00+00:00,1,0.0006002219647840423,2.5,1.129599778035216,DC:-1:2021-12-02 17:04:00+00:00,1.13203,1.13018,1.13094,1.12964,2021-12-02 16:40:00+00:00,2021-12-02 17:01:00+00:00,2021-12-02 17:06:00+00:00,2021-12-02 17:29:00+00:00,2021-12-02 17:19:00+00:00,2021-12-02 17:36:00+00:00,4.697858080998445,0.6271186440636377,0.41081081081083287,0.7027027027026962,0.00040221964783999367,420.0,0.0,1.492274104478396,-1
2021-12-03 01:22:00+00:00,1,0.0004773963851898433,2.5,1.1289726036148102,DC:-1:2021-12-03 01:09:00+00:00,1.1302,1.1293,1.1296,1.129,2021-12-03 00:56:00+00:00,2021-12-03 01:08:00+00:00,2021-12-03 01:09:00+00:00,2021-12-03 01:19:00+00:00,2021-12-03 01:11:00+00:00,2021-12-03 01:22:00+00:00,3.931709408112919,0.8181818181706242,0.3333333333332511,0.6666666666665022,0.00027396385189680576,180.0,0.0,1.742552464073489,-1
2021-12-03 07:18:00+00:00,1,0.0003504843357657883,2.5,1.1281695156642342,DC:-1:2021-12-03 07:06:00+00:00,1.12952,1.12827,1.12859,1.1282,2021-12-03 06:41:00+00:00,2021-12-03 07:00:00+00:00,2021-12-03 07:06:00+00:00,2021-12-03 07:10:00+00:00,2021-12-03 07:09:00+00:00,2021-12-03 07:18:00+00:00,4.722537720602739,0.6038647342964548,0.2559999999999062,0.311999999999919,0.000304843357659462,480.0,0.0,1.1497194442967376,-1
2021-12-03 08:32:00+00:00,-1,0.000405401648687187,2.5,1.1299054016486871,DC:1:2021-12-03 08:19:00+00:00,1.1289,1.1296700000000002,1.1293,1.1298700000000002,2021-12-03 08:09:00+00:00,2021-12-03 08:15:00+00:00,2021-12-03 08:19:00+00:00,2021-12-03 08:25:00+00:00,2021-12-03 08:23:00+00:00,2021-12-03 08:32:00+00:00,2.2711154265998332,0.9746835442926828,0.4805194805196453,0.7402597402598227,0.00035401648687093253,420.0,0.0,1.1451490643004671,1
2021-12-06 01:58:00+00:00,-1,0.0002728923745898282,2.5,1.1294728923745898,DC:1:2021-12-06 01:47:00+00:00,1.1288,1.12934,1.1291,1.12945,2021-12-06 01:36:00+00:00,2021-12-06 01:42:00+00:00,2021-12-06 01:47:00+00:00,2021-12-06 01:54:00+00:00,2021-12-06 01:53:00+00:00,2021-12-06 01:58:00+00:00,2.399144565528495,0.9999999999851971,0.4444444444444901,0.6481481481483005,0.00022892374589750757,240.0,1.0,1.1920667011626045,1
2021-12-06 11:09:00+00:00,1,0.0003272782100838256,2.5,1.1296627217899162,DC:-1:2021-12-06 10:50:00+00:00,1.13099,1.12979,1.13019,1.12969,2021-12-06 10:29:00+00:00,2021-12-06 10:46:00+00:00,2021-12-06 10:51:00+00:00,2021-12-06 11:04:00+00:00,2021-12-06 10:57:00+00:00,2021-12-06 11:09:00+00:00,3.8671288884499098,0.8333333333360061,0.3333333333333333,0.4166666666666667,0.0002727821008386426,300.0,0.0,1.199778904398932,-1
2021-12-08 13:12:00+00:00,-1,0.0006520299166714594,2.5,1.1301520299166714,DC:1:2021-12-08 12:54:00+00:00,1.12687,1.12999,1.12867,1.1301,2021-12-08 12:24:00+00:00,2021-12-08 12:51:00+00:00,2021-12-08 12:57:00+00:00,2021-12-08 13:07:00+00:00,2021-12-08 13:02:00+00:00,2021-12-08 13:12:00+00:00,5.669848211503587,0.6527196652714526,0.4230769230769176,0.4583333333333452,0.0005202991667124142,300.0,0.0,1.2531827040804333,1
2021-12-08 13:32:00+00:00,-1,0.0008984091451746945,2.5,1.1307184091451747,DC:1:2021-12-08 13:12:00+00:00,1.12867,1.1301,1.1295,1.13066,2021-12-08 12:57:00+00:00,2021-12-08 13:07:00+00:00,2021-12-08 13:12:00+00:00,2021-12-08 13:24:00+00:00,2021-12-08 13:16:00+00:00,2021-12-08 13:32:00+00:00,2.748418778057449,0.6908212560375508,0.41958041958051623,0.811188811188822,0.000584091451748237,480.0,0.0,1.538130959605173,1
2021-12-09 03:18:00+00:00,1,0.00023085892918039974,2.5,1.1327791410708197,DC:-1:2021-12-09 03:11:00+00:00,1.13357,1.1329,1.13311,1.1328,2021-12-09 02:56:00+00:00,2021-12-09 03:10:00+00:00,2021-12-09 03:11:00+00:00,2021-12-09 03:16:00+00:00,2021-12-09 03:15:00+00:00,2021-12-09 03:18:00+00:00,3.579479894730529,0.6261682242998529,0.3134328358209846,0.4626865671642632,0.0002085892918038748,120.0,0.0,1.1067630902043806,-1
2021-12-09 07:55:00+00:00,1,0.00042393951278207886,2.5,1.131566060487218,DC:-1:2021-12-09 07:46:00+00:00,1.133,1.13189,1.13227,1.1316,2021-12-09 07:27:00+00:00,2021-12-09 07:44:00+00:00,2021-12-09 07:46:00+00:00,2021-12-09 07:52:00+00:00,2021-12-09 07:48:00+00:00,2021-12-09 07:55:00+00:00,3.0916585601413877,0.8345864661546094,0.3423423423424018,0.6036036036037874,0.00033939512782074,180.0,1.0,1.249103119140806,-1
2021-12-09 11:46:00+00:00,-1,0.0005349762873205766,2.5,1.1322349762873205,DC:1:2021-12-09 11:23:00+00:00,1.1312,1.13194,1.13158,1.1322,2021-12-09 11:14:00+00:00,2021-12-09 11:20:00+00:00,2021-12-09 11:31:00+00:00,2021-12-09 11:42:00+00:00,2021-12-09 11:37:00+00:00,2021-12-09 11:46:00+00:00,2.3398805365962976,0.755102040817501,0.4864864864863973,0.8378378378379676,0.00034976287320409935,240.0,1.0,1.5295399492226793,1
2021-12-09 12:14:00+00:00,1,0.0004370582093131681,2.5,1.1309029417906868,DC:-1:2021-12-09 11:58:00+00:00,1.1322,1.1312799999999998,1.13171,1.13094,2021-12-09 11:42:00+00:00,2021-12-09 11:54:00+00:00,2021-12-09 12:00:00+00:00,2021-12-09 12:06:00+00:00,2021-12-09 12:02:00+00:00,2021-12-09 12:14:00+00:00,2.940501234190736,0.6052631578866946,0.4673913043478628,0.8369565217388314,0.0003705820931313226,480.0,1.0,1.1793829691557396,-1
2021-12-10 07:26:00+00:00,1,0.000329962803513828,2.5,1.1284700371964862,DC:-1:2021-12-10 07:14:00+00:00,1.12974,1.1287,1.12911,1.1285,2021-12-10 07:01:00+00:00,2021-12-10 07:13:00+00:00,2021-12-10 07:16:00+00:00,2021-12-10 07:21:00+00:00,2021-12-10 07:21:00+00:00,2021-12-10 07:26:00+00:00,3.6540011272793667,0.8813559321995467,0.39423076923081646,0.5865384615385005,0.000299628035138165,300.0,1.0,1.1012414220908098,-1
2021-12-10 09:08:00+00:00,1,0.00042505289927596834,2.5,1.128264947100724,DC:-1:2021-12-10 08:45:00+00:00,1.1292799999999998,1.1285,1.12887,1.1283,2021-12-10 08:35:00+00:00,2021-12-10 08:43:00+00:00,2021-12-10 08:45:00+00:00,2021-12-10 09:01:00+00:00,2021-12-10 08:53:00+00:00,2021-12-10 09:08:00+00:00,2.3328126400467806,0.6610169491455385,0.47435897435908386,0.730769230769384,0.00035052899276168055,420.0,0.0,1.2126041156457363,-1
2021-12-12 22:18:00+00:00,1,0.00021106563824080382,2.5,1.1307889343617592,DC:-1:2021-12-12 22:15:00+00:00,1.13145,1.13091,1.1311,1.1308,2021-12-12 22:09:00+00:00,2021-12-12 22:14:00+00:00,2021-12-12 22:15:00+00:00,2021-12-12 22:17:00+00:00,2021-12-12 22:17:00+00:00,2021-12-12 22:18:00+00:00,9.023550257962322,0.9999999999983552,0.35185185185169954,0.5555555555555098,0.00011065638240870735,60.0,1.0,1.9073968771293885,-1
2021-12-13 16:09:00+00:00,1,0.0007103688089276083,2.5,1.1273496311910725,DC:-1:2021-12-13 15:51:00+00:00,1.129,1.12768,1.12816,1.1274,2021-12-13 15:44:00+00:00,2021-12-13 15:49:00+00:00,2021-12-13 15:51:00+00:00,2021-12-13 15:57:00+00:00,2021-12-13 15:52:00+00:00,2021-12-13 16:09:00+00:00,2.868079015285687,1.0000000000001683,0.36363636363639423,0.5757575757576522,0.0005036880892741633,720.0,1.0,1.410334737022035,-1
2021-12-14 08:44:00+00:00,-1,0.00038751222069088875,2.5,1.128277512220691,DC:1:2021-12-14 08:31:00+00:00,1.1265,1.12799,1.12766,1.12825,2021-12-14 08:06:00+00:00,2021-12-14 08:26:00+00:00,2021-12-14 08:32:00+00:00,2021-12-14 08:37:00+00:00,2021-12-14 08:36:00+00:00,2021-12-14 08:44:00+00:00,6.028127260149692,0.6340425531915256,0.22147651006707608,0.3959731543623301,0.0002751222069086348,420.0,0.0,1.4085094222131531,1
2021-12-15 19:16:00+00:00,-1,0.0015054721568696916,2.5,1.1256054721568698,DC:1:2021-12-15 19:07:00+00:00,1.1224299999999998,1.12461,1.1236,1.12549,2021-12-15 19:03:00+00:00,2021-12-15 19:06:00+00:00,2021-12-15 19:07:00+00:00,2021-12-15 19:14:00+00:00,2021-12-15 19:12:00+00:00,2021-12-15 19:16:00+00:00,2.1960166255927316,1.000000000002139,0.46330275229359713,0.8669724770641815,0.0011547215686966861,120.0,1.0,1.303753387553756,1
2021-12-16 15:03:00+00:00,1,0.0018135632843021554,2.5,1.1323564367156977,DC:-1:2021-12-16 13:56:00+00:00,1.14,1.13379,1.13624,1.1325,2021-12-16 13:48:00+00:00,2021-12-16 13:49:00+00:00,2021-12-16 13:59:00+00:00,2021-12-16 14:57:00+00:00,2021-12-16 14:17:00+00:00,2021-12-16 15:03:00+00:00,4.694431029895243,0.9999999999994994,0.3945249597423365,0.6022544283413782,0.0014356328430228029,360.0,0.0,1.2632500664192103,-1
2021-12-21 17:12:00+00:00,-1,0.0005487704738520449,2.5,1.127248770473852,DC:1:2021-12-21 17:02:00+00:00,1.1261,1.12705,1.1266,1.1272,2021-12-21 16:55:00+00:00,2021-12-21 17:00:00+00:00,2021-12-21 17:02:00+00:00,2021-12-21 17:08:00+00:00,2021-12-21 17:08:00+00:00,2021-12-21 17:12:00+00:00,2.3389850095993285,0.9999999999892484,0.4736842105263773,0.6315789473683472,0.00048770473852005733,240.0,1.0,1.125210461389594,1
2021-12-21 23:39:00+00:00,-1,0.00036775056190219146,2.5,1.1285677505619023,DC:1:2021-12-21 23:06:00+00:00,1.12751,1.1282299999999998,1.12794,1.12854,2021-12-21 22:52:00+00:00,2021-12-21 23:01:00+00:00,2021-12-21 23:06:00+00:00,2021-12-21 23:21:00+00:00,2021-12-21 23:14:00+00:00,2021-12-21 23:39:00+00:00,2.7403682622445293,0.6666666666654331,0.40277777777773494,0.8333333333337445,0.00027750561902176163,1080.0,1.0,1.3252004164764424,1
2021-12-22 10:48:00+00:00,-1,0.0005034405774178019,2.5,1.1299034405774178,DC:1:2021-12-22 10:27:00+00:00,1.12799,1.12969,1.1291,1.12986,2021-12-22 10:15:00+00:00,2021-12-22 10:25:00+00:00,2021-12-22 10:29:00+00:00,2021-12-22 10:39:00+00:00,2021-12-22 10:36:00+00:00,2021-12-22 10:48:00+00:00,4.79552824644022,0.9239130434775787,0.3470588235294579,0.44705882352945786,0.00043440577417659323,540.0,0.0,1.1589177845807015,1
2021-12-22 14:57:00+00:00,1,0.000424685838948502,2.5,1.1305653141610514,DC:-1:2021-12-22 14:50:00+00:00,1.13182,1.1307200000000002,1.13107,1.1306,2021-12-22 14:35:00+00:00,2021-12-22 14:48:00+00:00,2021-12-22 14:50:00+00:00,2021-12-22 14:53:00+00:00,2021-12-22 14:51:00+00:00,2021-12-22 14:57:00+00:00,3.3389015852313295,0.7971014492726176,0.31818181818171726,0.42727272727274745,0.0003468583894868332,240.0,1.0,1.2243781664811746,-1
2021-12-23 19:53:00+00:00,-1,0.00023051405815111004,2.5,1.133430514058151,DC:1:2021-12-23 19:45:00+00:00,1.1328,1.1332799999999998,1.13304,1.13341,2021-12-23 19:19:00+00:00,2021-12-23 19:35:00+00:00,2021-12-23 19:45:00+00:00,2021-12-23 19:52:00+00:00,2021-12-23 19:51:00+00:00,2021-12-23 19:53:00+00:00,2.343818116103858,0.6486486486480404,0.4999999999997687,0.7708333333335935,0.00020514058151059134,60.0,1.0,1.1236882359096203,1
2021-12-23 21:50:00+00:00,1,0.00025108533278017653,2.5,1.1323789146672198,DC:-1:2021-12-23 21:25:00+00:00,1.13351,1.1326,1.13294,1.1324,2021-12-23 20:58:00+00:00,2021-12-23 21:18:00+00:00,2021-12-23 21:29:00+00:00,2021-12-23 21:46:00+00:00,2021-12-23 21:30:00+00:00,2021-12-23 21:50:00+00:00,3.8696911972642196,0.6107382550260749,0.37362637362639506,0.5934065934065987,0.00021085332780256325,240.0,0.0,1.1908056438895065,-1
2021-12-23 22:18:00+00:00,-1,0.0004710773802296675,2.5,1.1329010773802295,DC:1:2021-12-23 22:09:00+00:00,1.13189,1.1328,1.13237,1.13286,2021-12-23 22:05:00+00:00,2021-12-23 22:06:00+00:00,2021-12-23 22:09:00+00:00,2021-12-23 22:15:00+00:00,2021-12-23 22:15:00+00:00,2021-12-23 22:18:00+00:00,3.003134150407783,1.000000000002684,0.47252747252741356,0.5384615384614259,0.00041077380229513903,180.0,1.0,1.146804829318693,1
2021-12-24 14:53:00+00:00,-1,0.0008474389656583092,2.5,1.1329574389656583,DC:1:2021-12-24 14:18:00+00:00,1.13,1.1325,1.13179,1.13289,2021-12-24 14:01:00+00:00,2021-12-24 14:02:00+00:00,2021-12-24 14:18:00+00:00,2021-12-24 14:52:00+00:00,2021-12-24 14:52:00+00:00,2021-12-24 14:53:00+00:00,3.6637318841081306,1.000000000000977,0.2839999999999762,0.43999999999992184,0.0006743896565840722,60.0,1.0,1.2566013689337538,1
2021-12-27 10:47:00+00:00,-1,0.0009135136556484014,2.5,1.1327035136556485,DC:1:2021-12-27 10:19:00+00:00,1.13,1.13225,1.1313,1.13263,2021-12-27 10:01:00+00:00,2021-12-27 10:12:00+00:00,2021-12-27 10:19:00+00:00,2021-12-27 10:42:00+00:00,2021-12-27 10:42:00+00:00,2021-12-27 10:47:00+00:00,2.6570905960853497,0.6130790190736565,0.42222222222220906,0.5911111111111125,0.0007351365564851611,300.0,1.0,1.2426448495720277,1
2021-12-29 09:47:00+00:00,1,0.0009948535347974463,2.5,1.1274151464652025,DC:-1:2021-12-29 09:11:00+00:00,1.13,1.1276700000000002,1.12854,1.1275,2021-12-29 09:01:00+00:00,2021-12-29 09:07:00+00:00,2021-12-29 09:11:00+00:00,2021-12-29 09:25:00+00:00,2021-12-29 09:23:00+00:00,2021-12-29 09:47:00+00:00,3.1482150003144955,0.7792642140456753,0.37339055793992726,0.4463519313305907,0.0008485353479743168,1320.0,1.0,1.1724361715424474,-1
2021-12-31 21:27:00+00:00,1,0.0003909133792345809,2.5,1.1373790866207656,DC:-1:2021-12-31 21:04:00+00:00,1.13848,1.1376,1.1378700000000002,1.1374,2021-12-31 20:45:00+00:00,2021-12-31 21:00:00+00:00,2021-12-31 21:19:00+00:00,2021-12-31 21:23:00+00:00,2021-12-31 21:21:00+00:00,2021-12-31 21:27:00+00:00,4.252866610592165,0.7333333333306935,0.3068181818184284,0.5340909090911328,0.00020913379234376988,240.0,0.0,1.8692023649243898,-1
