time,side,distance,rr,stop_price,setup_id,a,b,c,d,a_time,b_time,c_time,d_time,c_confirmation_time,signal_time,ab_thresholds,efficiency,retrace,cd_ab_ratio,threshold,confirmation_lag_seconds,late_C_confirmation,risk_thresholds,direction
2021-01-11 09:31:00+00:00,1,0.0005330868318782489,2.5,1.2177669131681217,DC:-1:2021-01-11 09:20:00+00:00,1.2193,1.2179,1.2185,1.2178,2021-01-11 09:09:00+00:00,2021-01-11 09:17:00+00:00,2021-01-11 09:24:00+00:00,2021-01-11 09:29:00+00:00,2021-01-11 09:28:00+00:00,2021-01-11 09:31:00+00:00,4.719132800277335,0.7777777777778052,0.4285714285713606,0.4999999999999207,0.00033086831878403926,120.0,0.0,1.6111752066120284,-1
2021-01-11 11:46:00+00:00,-1,0.00032975026480830394,2.5,1.2168297502648082,DC:1:2021-01-11 11:39:00+00:00,1.2159,1.2167,1.2164,1.2168,2021-01-11 11:28:00+00:00,2021-01-11 11:38:00+00:00,2021-01-11 11:39:00+00:00,2021-01-11 11:45:00+00:00,2021-01-11 11:45:00+00:00,2021-01-11 11:46:00+00:00,2.9070920135496654,0.5,0.375,0.5000000000002776,0.00029750264808024604,60.0,1.0,1.1083943855160565,1
2021-01-11 13:22:00+00:00,1,0.00042761630953336294,2.5,1.2155723836904666,DC:-1:2021-01-11 13:13:00+00:00,1.2169,1.2157,1.2162,1.2156,2021-01-11 12:52:00+00:00,2021-01-11 13:10:00+00:00,2021-01-11 13:15:00+00:00,2021-01-11 13:20:00+00:00,2021-01-11 13:19:00+00:00,2021-01-11 13:22:00+00:00,3.875732055395333,0.4615384615385075,0.4166666666665896,0.49999999999990746,0.00027616309533380287,120.0,0.0,1.5484194548750116,-1
2021-01-11 14:01:00+00:00,1,0.0005352601595949302,2.5,1.214064739840405,DC:-1:2021-01-11 13:55:00+00:00,1.2155,1.2143,1.2147,1.2141,2021-01-11 13:48:00+00:00,2021-01-11 13:53:00+00:00,2021-01-11 13:55:00+00:00,2021-01-11 13:59:00+00:00,2021-01-11 13:57:00+00:00,2021-01-11 14:01:00+00:00,3.7062462772912195,1.0,0.33333333333327164,0.49999999999990746,0.0003526015959487973,120.0,0.0,1.5180310178535255,-1
2021-01-11 14:14:00+00:00,-1,0.0006378488004661342,2.5,1.2155378488004662,DC:1:2021-01-11 14:05:00+00:00,1.2141,1.2152,1.2147,1.2155,2021-01-11 13:59:00+00:00,2021-01-11 14:03:00+00:00,2021-01-11 14:05:00+00:00,2021-01-11 14:08:00+00:00,2021-01-11 14:06:00+00:00,2021-01-11 14:14:00+00:00,3.119688947398479,1.0,0.45454545454556466,0.7272727272727824,0.00037848800466190705,360.0,1.0,1.6852549951640001,1
2021-01-11 17:17:00+00:00,-1,0.00043048815150381614,2.5,1.217230488151504,DC:1:2021-01-11 16:49:00+00:00,1.215,1.217,1.2166,1.2172,2021-01-11 16:23:00+00:00,2021-01-11 16:47:00+00:00,2021-01-11 16:49:00+00:00,2021-01-11 17:09:00+00:00,2021-01-11 16:54:00+00:00,2021-01-11 17:17:00+00:00,6.309490431372365,0.555555555555583,0.20000000000008883,0.3000000000000777,0.0003048815150386725,480.0,0.0,1.4119850836126,1
2021-01-12 01:03:00+00:00,-1,0.00021664411831956443,2.5,1.2160166441183196,DC:1:2021-01-12 00:57:00+00:00,1.2151,1.2159,1.2157,1.216,2021-01-12 00:43:00+00:00,2021-01-12 00:49:00+00:00,2021-01-12 00:57:00+00:00,2021-01-12 00:59:00+00:00,2021-01-12 00:58:00+00:00,2021-01-12 01:03:00+00:00,5.2940904793606425,1.0,0.25,0.375,0.00016644118319545056,240.0,0.0,1.3016256803771995,1
2021-01-12 07:08:00+00:00,1,0.00021997620748082092,2.5,1.2154800237925192,DC:-1:2021-01-12 07:06:00+00:00,1.2161,1.2156,1.2158,1.2155,2021-01-12 06:59:00+00:00,2021-01-12 07:05:00+00:00,2021-01-12 07:06:00+00:00,2021-01-12 07:07:00+00:00,2021-01-12 07:07:00+00:00,2021-01-12 07:08:00+00:00,2.803410918097418,0.7142857142857143,0.4,0.6,0.00019976207480795565,60.0,1.0,1.1011910428558496,-1
2021-01-12 09:10:00+00:00,1,0.0003295564093317438,2.5,1.2148704435906683,DC:-1:2021-01-12 09:02:00+00:00,1.2166,1.2151,1.2155,1.2149,2021-01-12 08:37:00+00:00,2021-01-12 08:59:00+00:00,2021-01-12 09:02:00+00:00,2021-01-12 09:09:00+00:00,2021-01-12 09:07:00+00:00,2021-01-12 09:10:00+00:00,4.379138207835515,0.45454545454545453,0.26666666666666666,0.4,0.0002955640933181843,60.0,0.0,1.1150082732714277,-1
2021-01-12 10:28:00+00:00,1,0.0005303742046798288,2.5,1.2150696257953202,DC:-1:2021-01-12 10:24:00+00:00,1.2166,1.2154,1.2158,1.2151,2021-01-12 10:03:00+00:00,2021-01-12 10:14:00+00:00,2021-01-12 10:24:00+00:00,2021-01-12 10:27:00+00:00,2021-01-12 10:27:00+00:00,2021-01-12 10:28:00+00:00,3.3052730525170353,1.0,0.3333333333333333,0.5833333333333334,0.00030374204679836853,60.0,1.0,1.746133636321692,-1
2021-01-12 12:31:00+00:00,-1,0.000328892691136895,2.5,1.215928892691137,DC:1:2021-01-12 12:24:00+00:00,1.2148,1.2157,1.2153,1.2159,2021-01-12 12:17:00+00:00,2021-01-12 12:23:00+00:00,2021-01-12 12:25:00+00:00,2021-01-12 12:26:00+00:00,2021-01-12 12:26:00+00:00,2021-01-12 12:31:00+00:00,3.567180181744982,0.8181818181818182,0.4444444444444444,0.6666666666666666,0.00028892691136865183,300.0,1.0,1.1383248780078137,1
2021-01-12 14:06:00+00:00,1,0.00032971082136024066,2.5,1.2140702891786397,DC:-1:2021-01-12 14:00:00+00:00,1.2151,1.2143,1.2146,1.2141,2021-01-12 13:53:00+00:00,2021-01-12 13:57:00+00:00,2021-01-12 14:00:00+00:00,2021-01-12 14:05:00+00:00,2021-01-12 14:05:00+00:00,2021-01-12 14:06:00+00:00,2.860672153505309,0.8000000000000445,0.3749999999998959,0.6249999999998266,0.00029710821360175724,60.0,1.0,1.1097331082276434,-1
2021-01-13 00:46:00+00:00,1,0.0003224525130693934,2.5,1.2207775474869307,DC:-1:2021-01-13 00:36:00+00:00,1.2216,1.2209,1.2212,1.2208,2021-01-13 00:19:00+00:00,2021-01-13 00:32:00+00:00,2021-01-13 00:36:00+00:00,2021-01-13 00:39:00+00:00,2021-01-13 00:38:00+00:00,2021-01-13 00:46:00+00:00,3.3492010610073732,0.4666666666666667,0.42857142857142855,0.5714285714285714,0.00022452513069508412,420.0,0.0,1.4361533253366605,-1
2021-01-13 02:37:00+00:00,-1,0.00021368899567941746,2.5,1.2218136889956794,DC:1:2021-01-13 02:28:00+00:00,1.2212,1.2217,1.2215,1.2218,2021-01-13 02:10:00+00:00,2021-01-13 02:17:00+00:00,2021-01-13 02:28:00+00:00,2021-01-13 02:35:00+00:00,2021-01-13 02:31:00+00:00,2021-01-13 02:37:00+00:00,3.0941734607764095,0.7142857142857143,0.4,0.6,0.00013688995679361185,120.0,0.0,1.561027563195122,1
2021-01-14 09:30:00+00:00,1,0.0004292376769277073,2.5,1.2148707623230723,DC:-1:2021-01-14 09:21:00+00:00,1.2159,1.2151,1.2155,1.2149,2021-01-14 09:12:00+00:00,2021-01-14 09:20:00+00:00,2021-01-14 09:28:00+00:00,2021-01-14 09:29:00+00:00,2021-01-14 09:29:00+00:00,2021-01-14 09:30:00+00:00,2.6776383639631556,0.6666666666666666,0.5,0.75,0.0002923767692785392,60.0,1.0,1.4680977493077931,-1
2021-01-14 10:26:00+00:00,1,0.00032539591776159504,2.5,1.2155746040822384,DC:-1:2021-01-14 10:22:00+00:00,1.2164,1.2157,1.216,1.2156,2021-01-14 10:10:00+00:00,2021-01-14 10:21:00+00:00,2021-01-14 10:22:00+00:00,2021-01-14 10:25:00+00:00,2021-01-14 10:25:00+00:00,2021-01-14 10:26:00+00:00,2.855336369467741,0.6363636363636364,0.42857142857142855,0.5714285714285714,0.00025395917761633874,60.0,1.0,1.281292217181366,-1
2021-01-15 02:58:00+00:00,-1,0.0002157085541918402,2.5,1.215015708554192,DC:1:2021-01-15 02:42:00+00:00,1.2142,1.2149,1.2146,1.215,2021-01-15 02:19:00+00:00,2021-01-15 02:36:00+00:00,2021-01-15 02:46:00+00:00,2021-01-15 02:54:00+00:00,2021-01-15 02:49:00+00:00,2021-01-15 02:58:00+00:00,3.836253745884987,0.5384615384614333,0.42857142857160985,0.5714285714287074,0.00015708554191821934,240.0,0.0,1.3731916480521213,1
2021-01-15 04:34:00+00:00,-1,0.00021429759973257134,2.5,1.2148142975997325,DC:1:2021-01-15 04:27:00+00:00,1.2143,1.2147,1.2145,1.2148,2021-01-15 04:18:00+00:00,2021-01-15 04:23:00+00:00,2021-01-15 04:27:00+00:00,2021-01-15 04:29:00+00:00,2021-01-15 04:29:00+00:00,2021-01-15 04:34:00+00:00,2.7501512749446873,1.0,0.5,0.7500000000005551,0.00014297599732279362,300.0,1.0,1.4988361945030295,1
2021-01-15 05:18:00+00:00,1,0.000215204160153748,2.5,1.2142847958398462,DC:-1:2021-01-15 05:08:00+00:00,1.2149,1.2144,1.2146,1.2143,2021-01-15 04:54:00+00:00,2021-01-15 05:05:00+00:00,2021-01-15 05:08:00+00:00,2021-01-15 05:17:00+00:00,2021-01-15 05:09:00+00:00,2021-01-15 05:18:00+00:00,3.3809495585151397,0.5555555555556652,0.3999999999998224,0.5999999999997335,0.00015204160153778373,60.0,0.0,1.4154294481058054,-1
2021-01-15 06:49:00+00:00,1,0.0002178034477926527,2.5,1.2134821965522073,DC:-1:2021-01-15 06:45:00+00:00,1.214,1.2136,1.2138,1.2135,2021-01-15 06:36:00+00:00,2021-01-15 06:42:00+00:00,2021-01-15 06:45:00+00:00,2021-01-15 06:47:00+00:00,2021-01-15 06:46:00+00:00,2021-01-15 06:49:00+00:00,2.3186352021988967,0.6666666666666666,0.5,0.75,0.00017803447792699367,120.0,0.0,1.2233779115636638,-1
2021-01-18 10:57:00+00:00,-1,0.00032224890773857595,2.5,1.2065222489077385,DC:1:2021-01-18 10:53:00+00:00,1.2057,1.2064,1.2061,1.2065,2021-01-18 10:40:00+00:00,2021-01-18 10:48:00+00:00,2021-01-18 10:53:00+00:00,2021-01-18 10:55:00+00:00,2021-01-18 10:55:00+00:00,2021-01-18 10:57:00+00:00,3.2028518776536012,0.7777777777777778,0.42857142857142855,0.5714285714285714,0.000222489077386377,120.0,1.0,1.4483807992918005,1
2021-01-18 12:36:00+00:00,1,0.0006253481282756379,2.5,1.2057746518717243,DC:-1:2021-01-18 12:00:00+00:00,1.2071,1.2062,1.2066,1.2058,2021-01-18 11:45:00+00:00,2021-01-18 11:59:00+00:00,2021-01-18 12:01:00+00:00,2021-01-18 12:35:00+00:00,2021-01-18 12:02:00+00:00,2021-01-18 12:36:00+00:00,3.4686854349260754,0.5999999999998816,0.4444444444443348,0.8888888888886696,0.0002534812827571703,60.0,0.0,2.467038676282494,-1
2021-01-18 14:20:00+00:00,1,0.0002188585602953541,2.5,1.2062811414397046,DC:-1:2021-01-18 14:16:00+00:00,1.2068,1.2064,1.2066,1.2063,2021-01-18 14:10:00+00:00,2021-01-18 14:14:00+00:00,2021-01-18 14:16:00+00:00,2021-01-18 14:19:00+00:00,2021-01-18 14:18:00+00:00,2021-01-18 14:20:00+00:00,2.0613951515330884,1.0,0.49999999999972244,0.7499999999995837,0.00018858560295426623,60.0,0.0,1.160526343829276,-1
2021-01-18 15:03:00+00:00,-1,0.00032303919262788305,2.5,1.207223039192628,DC:1:2021-01-18 14:52:00+00:00,1.2065,1.2071,1.2068,1.2072,2021-01-18 14:45:00+00:00,2021-01-18 14:50:00+00:00,2021-01-18 14:52:00+00:00,2021-01-18 14:55:00+00:00,2021-01-18 14:55:00+00:00,2021-01-18 15:03:00+00:00,2.668091021441824,1.0,0.499999999999815,0.6666666666664199,0.00023039192628003044,480.0,1.0,1.4021289627799034,1
2021-01-19 04:31:00+00:00,1,0.00021352021597165205,2.5,1.2092864797840284,DC:-1:2021-01-19 04:09:00+00:00,1.2098,1.2094,1.2096,1.2093,2021-01-19 03:57:00+00:00,2021-01-19 04:07:00+00:00,2021-01-19 04:09:00+00:00,2021-01-19 04:30:00+00:00,2021-01-19 04:18:00+00:00,2021-01-19 04:31:00+00:00,2.5816764516778745,0.6666666666666666,0.5,0.75,0.00013520215971606837,60.0,0.0,1.5792663106865727,-1
2021-01-19 06:08:00+00:00,-1,0.00020981919899742962,2.5,1.2097098191989974,DC:1:2021-01-19 06:01:00+00:00,1.2092,1.2096,1.2094,1.2097,2021-01-19 05:51:00+00:00,2021-01-19 06:00:00+00:00,2021-01-19 06:04:00+00:00,2021-01-19 06:07:00+00:00,2021-01-19 06:05:00+00:00,2021-01-19 06:08:00+00:00,4.09308334498508,1.0,0.5,0.75,9.819198997373872e-05,60.0,0.0,2.1368260186349763,1
2021-01-19 07:56:00+00:00,-1,0.0003240051181327974,2.5,1.2107240051181327,DC:1:2021-01-19 07:50:00+00:00,1.2098,1.2105,1.2102,1.2107,2021-01-19 07:44:00+00:00,2021-01-19 07:48:00+00:00,2021-01-19 07:50:00+00:00,2021-01-19 07:54:00+00:00,2021-01-19 07:51:00+00:00,2021-01-19 07:56:00+00:00,3.322115841149565,1.0,0.42857142857142855,0.7142857142860315,0.00024005118132512974,120.0,0.0,1.3497334874347438,1
2021-01-19 09:43:00+00:00,-1,0.0004309966957596334,2.5,1.2119309966957597,DC:1:2021-01-19 09:34:00+00:00,1.2103,1.2117,1.211,1.2119,2021-01-19 09:15:00+00:00,2021-01-19 09:32:00+00:00,2021-01-19 09:36:00+00:00,2021-01-19 09:42:00+00:00,2021-01-19 09:40:00+00:00,2021-01-19 09:43:00+00:00,4.795177978095588,0.5833333333333719,0.4999999999999207,0.6428571428570409,0.0003099669575975686,60.0,0.0,1.3904601287186173,1
2021-01-19 10:39:00+00:00,1,0.00032442634773999224,2.5,1.21227557365226,DC:-1:2021-01-19 10:30:00+00:00,1.213,1.2124,1.2127,1.2123,2021-01-19 10:23:00+00:00,2021-01-19 10:27:00+00:00,2021-01-19 10:30:00+00:00,2021-01-19 10:34:00+00:00,2021-01-19 10:34:00+00:00,2021-01-19 10:39:00+00:00,2.3162513053734326,1.0,0.499999999999815,0.6666666666664199,0.00024426347740077987,300.0,1.0,1.3281819746129448,-1
2021-01-19 12:24:00+00:00,-1,0.0003221542489422191,2.5,1.2133221542489423,DC:1:2021-01-19 12:19:00+00:00,1.2123,1.2131,1.2128,1.2133,2021-01-19 12:06:00+00:00,2021-01-19 12:16:00+00:00,2021-01-19 12:19:00+00:00,2021-01-19 12:22:00+00:00,2021-01-19 12:21:00+00:00,2021-01-19 12:24:00+00:00,3.918133869626852,0.8000000000000445,0.3749999999998959,0.6249999999998266,0.00022154248942328128,120.0,0.0,1.4541420464347496,1
2021-01-19 17:46:00+00:00,-1,0.00021627673952018256,2.5,1.2125162767395201,DC:1:2021-01-19 17:41:00+00:00,1.2117,1.2124,1.2122,1.2125,2021-01-19 17:26:00+00:00,2021-01-19 17:37:00+00:00,2021-01-19 17:41:00+00:00,2021-01-19 17:45:00+00:00,2021-01-19 17:42:00+00:00,2021-01-19 17:46:00+00:00,4.4318082826073635,0.7777777777777778,0.2857142857142857,0.42857142857142855,0.00016276739520229612,60.0,0.0,1.3287473160787646,1
2021-01-19 20:39:00+00:00,1,0.00021822895602929826,2.5,1.2122817710439706,DC:-1:2021-01-19 20:34:00+00:00,1.2128,1.2124,1.2126,1.2123,2021-01-19 20:26:00+00:00,2021-01-19 20:32:00+00:00,2021-01-19 20:34:00+00:00,2021-01-19 20:38:00+00:00,2021-01-19 20:36:00+00:00,2021-01-19 20:39:00+00:00,2.163544240201044,1.0,0.49999999999972244,0.7499999999995837,0.00018228956029303986,60.0,0.0,1.1971555347354175,-1
2021-01-19 23:29:00+00:00,-1,0.0003181223741561823,2.5,1.2138181223741562,DC:1:2021-01-19 23:15:00+00:00,1.2127,1.2136,1.2133,1.2138,2021-01-19 23:00:00+00:00,2021-01-19 23:13:00+00:00,2021-01-19 23:16:00+00:00,2021-01-19 23:23:00+00:00,2021-01-19 23:19:00+00:00,2021-01-19 23:29:00+00:00,5.718283662910612,0.6923076923077449,0.3333333333332511,0.5555555555554185,0.00018122374156215258,360.0,0.0,1.7554122402173165,1
2021-01-20 05:58:00+00:00,-1,0.00021105684513433864,2.5,1.2144110568451343,DC:1:2021-01-20 05:50:00+00:00,1.2139,1.2143,1.2141,1.2144,2021-01-20 05:46:00+00:00,2021-01-20 05:49:00+00:00,2021-01-20 05:51:00+00:00,2021-01-20 05:56:00+00:00,2021-01-20 05:53:00+00:00,2021-01-20 05:58:00+00:00,4.7476520203074815,1.0,0.5,0.75,0.0001105684513430386,120.0,0.0,1.9088342340939082,1
2021-01-20 09:28:00+00:00,1,0.0003280696475065348,2.5,1.2122719303524934,DC:-1:2021-01-20 09:19:00+00:00,1.213,1.2124,1.2127,1.2123,2021-01-20 09:09:00+00:00,2021-01-20 09:16:00+00:00,2021-01-20 09:19:00+00:00,2021-01-20 09:24:00+00:00,2021-01-20 09:24:00+00:00,2021-01-20 09:28:00+00:00,2.0468409837871775,0.749999999999653,0.499999999999815,0.6666666666664199,0.0002806964750646318,240.0,1.0,1.1687701009818348,-1
2021-01-20 11:55:00+00:00,1,0.0003215826920415221,2.5,1.2111784173079585,DC:-1:2021-01-20 11:32:00+00:00,1.2119,1.2113,1.2116,1.2112,2021-01-20 11:27:00+00:00,2021-01-20 11:31:00+00:00,2021-01-20 11:39:00+00:00,2021-01-20 11:51:00+00:00,2021-01-20 11:50:00+00:00,2021-01-20 11:55:00+00:00,3.0915440994213172,0.75,0.5,0.6666666666666666,0.0002158269204150391,240.0,0.0,1.4900026902256343,-1
2021-01-20 13:03:00+00:00,1,0.00032397952741214375,2.5,1.2095760204725878,DC:-1:2021-01-20 12:54:00+00:00,1.2111,1.2098,1.2101,1.2096,2021-01-20 12:41:00+00:00,2021-01-20 12:51:00+00:00,2021-01-20 12:54:00+00:00,2021-01-20 12:58:00+00:00,2021-01-20 12:55:00+00:00,2021-01-20 13:03:00+00:00,5.980684399549248,0.8666666666666865,0.23076923076919134,0.3846153846153189,0.00023979527412219484,300.0,1.0,1.3510671909532725,-1
2021-01-20 15:50:00+00:00,-1,0.0005328510251629837,2.5,1.211532851025163,DC:1:2021-01-20 15:37:00+00:00,1.2101,1.2112,1.2108,1.2115,2021-01-20 15:28:00+00:00,2021-01-20 15:35:00+00:00,2021-01-20 15:37:00+00:00,2021-01-20 15:47:00+00:00,2021-01-20 15:42:00+00:00,2021-01-20 15:50:00+00:00,3.321597031807754,1.0,0.36363636363629026,0.6363636363635079,0.00032851025163145706,180.0,1.0,1.6220225168521334,1
2021-01-21 14:35:00+00:00,1,0.0006538996470777381,2.5,1.2142461003529224,DC:-1:2021-01-21 14:04:00+00:00,1.2169,1.2147,1.2156,1.2143,2021-01-21 13:51:00+00:00,2021-01-21 14:02:00+00:00,2021-01-21 14:05:00+00:00,2021-01-21 14:21:00+00:00,2021-01-21 14:09:00+00:00,2021-01-21 14:35:00+00:00,4.394901376987238,0.6875000000000434,0.40909090909092743,0.5909090909090725,0.0005389964707765673,840.0,0.0,1.2131798305388202,-1
2021-01-21 16:09:00+00:00,1,0.0005318605442863333,2.5,1.2144681394557137,DC:-1:2021-01-21 16:03:00+00:00,1.2165,1.2148,1.2153,1.2145,2021-01-21 15:46:00+00:00,2021-01-21 16:02:00+00:00,2021-01-21 16:03:00+00:00,2021-01-21 16:08:00+00:00,2021-01-21 16:05:00+00:00,2021-01-21 16:09:00+00:00,6.737641350796373,0.6296296296296297,0.29411764705882354,0.47058823529424826,0.00031860544286228896,60.0,0.0,1.6693391660487726,-1
2021-01-22 00:38:00+00:00,1,0.00032032129381298624,2.5,1.216979678706187,DC:-1:2021-01-22 00:19:00+00:00,1.2177,1.2172,1.2174,1.217,2021-01-22 00:16:00+00:00,2021-01-22 00:18:00+00:00,2021-01-22 00:19:00+00:00,2021-01-22 00:29:00+00:00,2021-01-22 00:20:00+00:00,2021-01-22 00:38:00+00:00,2.84891895518391,1.0,0.4,0.8,0.00020321293812975184,540.0,0.0,1.5762839549539926,-1
2021-01-22 01:11:00+00:00,1,0.00031439000883959345,2.5,1.2162856099911603,DC:-1:2021-01-22 01:04:00+00:00,1.2173,1.2165,1.2167,1.2163,2021-01-22 00:38:00+00:00,2021-01-22 01:02:00+00:00,2021-01-22 01:04:00+00:00,2021-01-22 01:10:00+00:00,2021-01-22 01:07:00+00:00,2021-01-22 01:11:00+00:00,5.7034731142421,0.5000000000000694,0.2499999999999306,0.4999999999998612,0.0001439000883954683,60.0,0.0,2.18477981733814,-1
2021-01-22 02:11:00+00:00,-1,0.00021537893484424586,2.5,1.2174153789348443,DC:1:2021-01-22 02:01:00+00:00,1.2168,1.2173,1.2171,1.2174,2021-01-22 01:53:00+00:00,2021-01-22 01:58:00+00:00,2021-01-22 02:01:00+00:00,2021-01-22 02:06:00+00:00,2021-01-22 02:05:00+00:00,2021-01-22 02:11:00+00:00,3.3572824187170807,1.0,0.4,0.6,0.00015378934844356183,300.0,0.0,1.4004801829515936,1
2021-01-22 05:18:00+00:00,1,0.0002135960564464412,2.5,1.2170864039435536,DC:-1:2021-01-22 05:01:00+00:00,1.2176,1.2172,1.2174,1.2171,2021-01-22 04:50:00+00:00,2021-01-22 04:59:00+00:00,2021-01-22 05:01:00+00:00,2021-01-22 05:09:00+00:00,2021-01-22 05:04:00+00:00,2021-01-22 05:18:00+00:00,3.307928146584721,0.5,0.5,0.75,0.00013596056446367943,540.0,0.0,1.571014781300804,-1
2021-01-22 07:35:00+00:00,1,0.0002193950825097879,2.5,1.2153806049174902,DC:-1:2021-01-22 07:25:00+00:00,1.216,1.2155,1.2157,1.2154,2021-01-22 07:21:00+00:00,2021-01-22 07:24:00+00:00,2021-01-22 07:25:00+00:00,2021-01-22 07:32:00+00:00,2021-01-22 07:27:00+00:00,2021-01-22 07:35:00+00:00,2.7812654376458292,1.0,0.4,0.6,0.00019395082509801256,180.0,0.0,1.1311892197360705,-1
2021-01-22 07:55:00+00:00,-1,0.0002192134055296613,2.5,1.2160192134055297,DC:1:2021-01-22 07:48:00+00:00,1.2154,1.2159,1.2157,1.216,2021-01-22 07:37:00+00:00,2021-01-22 07:47:00+00:00,2021-01-22 07:48:00+00:00,2021-01-22 07:54:00+00:00,2021-01-22 07:51:00+00:00,2021-01-22 07:55:00+00:00,2.5606114800652118,0.5555555555555556,0.4,0.6,0.0001921340552957488,60.0,0.0,1.1409398775882271,1
2021-01-22 10:10:00+00:00,-1,0.00032659273202084727,2.5,1.217626592732021,DC:1:2021-01-22 10:02:00+00:00,1.2161,1.2174,1.2171,1.2176,2021-01-22 09:46:00+00:00,2021-01-22 10:00:00+00:00,2021-01-22 10:02:00+00:00,2021-01-22 10:08:00+00:00,2021-01-22 10:05:00+00:00,2021-01-22 10:10:00+00:00,4.363739749896585,0.7647058823529719,0.23076923076919134,0.3846153846153189,0.0002659273202089155,120.0,1.0,1.2281277898196858,1
2021-01-22 11:55:00+00:00,-1,0.00042328482170139736,2.5,1.2186232848217013,DC:1:2021-01-22 11:40:00+00:00,1.2176,1.2183,1.218,1.2186,2021-01-22 11:25:00+00:00,2021-01-22 11:37:00+00:00,2021-01-22 11:40:00+00:00,2021-01-22 11:46:00+00:00,2021-01-22 11:43:00+00:00,2021-01-22 11:55:00+00:00,2.955766886727889,0.5384615384615384,0.42857142857142855,0.8571428571428571,0.00023284821701383213,540.0,0.0,1.8178572596768157,1
2021-01-22 20:43:00+00:00,-1,0.00021343964933251414,2.5,1.2171134396493326,DC:1:2021-01-22 20:29:00+00:00,1.2165,1.217,1.2168,1.2171,2021-01-22 20:12:00+00:00,2021-01-22 20:26:00+00:00,2021-01-22 20:29:00+00:00,2021-01-22 20:41:00+00:00,2021-01-22 20:41:00+00:00,2021-01-22 20:43:00+00:00,2.925134964112235,0.555555555555391,0.3999999999998224,0.5999999999997335,0.00013439649332537987,120.0,1.0,1.5881340654905873,1
2021-01-25 04:22:00+00:00,-1,0.0002151738668543235,2.5,1.2178151738668543,DC:1:2021-01-25 04:08:00+00:00,1.2173,1.2177,1.2175,1.2178,2021-01-25 03:57:00+00:00,2021-01-25 04:07:00+00:00,2021-01-25 04:08:00+00:00,2021-01-25 04:17:00+00:00,2021-01-25 04:10:00+00:00,2021-01-25 04:22:00+00:00,2.635819267090628,0.6666666666666666,0.5,0.75,0.0001517386685435456,300.0,0.0,1.4180555880689925,1
2021-01-25 07:48:00+00:00,-1,0.0003250393651741401,2.5,1.2183250393651741,DC:1:2021-01-25 07:44:00+00:00,1.2175,1.2182,1.2179,1.2183,2021-01-25 07:39:00+00:00,2021-01-25 07:43:00+00:00,2021-01-25 07:44:00+00:00,2021-01-25 07:46:00+00:00,2021-01-25 07:46:00+00:00,2021-01-25 07:48:00+00:00,3.045905868989385,1.0,0.42857142857142855,0.5714285714285714,0.00025039365174222785,120.0,1.0,1.298113442223997,1
2021-01-25 10:03:00+00:00,1,0.0005229714263250695,2.5,1.2141770285736748,DC:-1:2021-01-25 09:52:00+00:00,1.2159,1.2144,1.215,1.2142,2021-01-25 09:36:00+00:00,2021-01-25 09:51:00+00:00,2021-01-25 09:57:00+00:00,2021-01-25 10:01:00+00:00,2021-01-25 10:01:00+00:00,2021-01-25 10:03:00+00:00,6.032410541565099,0.789473684210551,0.40000000000008884,0.5333333333334024,0.00022971426325227418,120.0,1.0,2.27661712825702,-1
2021-01-25 10:46:00+00:00,-1,0.0003253772209528272,2.5,1.215325377220953,DC:1:2021-01-25 10:37:00+00:00,1.214,1.2152,1.2149,1.2153,2021-01-25 10:14:00+00:00,2021-01-25 10:33:00+00:00,2021-01-25 10:37:00+00:00,2021-01-25 10:41:00+00:00,2021-01-25 10:38:00+00:00,2021-01-25 10:46:00+00:00,4.086958358648262,0.6666666666667078,0.24999999999995373,0.33333333333327164,0.0002537722095282277,300.0,0.0,1.2821625407987578,1
2021-01-25 23:03:00+00:00,-1,0.00021724185709448562,2.5,1.2143172418570944,DC:1:2021-01-25 22:57:00+00:00,1.2137,1.2142,1.214,1.2143,2021-01-25 22:46:00+00:00,2021-01-25 22:51:00+00:00,2021-01-25 22:57:00+00:00,2021-01-25 23:02:00+00:00,2021-01-25 23:00:00+00:00,2021-01-25 23:03:00+00:00,2.562165251913076,1.0,0.4,0.6,0.00017241857094435652,60.0,0.0,1.2599678555774285,1
2021-01-26 08:43:00+00:00,-1,0.0006249902249262362,2.5,1.2132249902249261,DC:1:2021-01-26 08:25:00+00:00,1.2108,1.213,1.2125,1.2132,2021-01-26 07:57:00+00:00,2021-01-26 08:23:00+00:00,2021-01-26 08:27:00+00:00,2021-01-26 08:38:00+00:00,2021-01-26 08:32:00+00:00,2021-01-26 08:43:00+00:00,9.925145342033163,0.5789473684210096,0.22727272727280526,0.318181818181887,0.00024990224926138067,300.0,0.0,2.5009387741546063,1
2021-01-26 11:34:00+00:00,-1,0.0004296968019319447,2.5,1.214129696801932,DC:1:2021-01-26 11:21:00+00:00,1.2124,1.2139,1.2134,1.2141,2021-01-26 10:59:00+00:00,2021-01-26 11:20:00+00:00,2021-01-26 11:28:00+00:00,2021-01-26 11:31:00+00:00,2021-01-26 11:29:00+00:00,2021-01-26 11:34:00+00:00,5.687921117198015,0.5555555555555921,0.33333333333328397,0.46666666666659756,0.00029696801932026576,180.0,0.0,1.4469463847167237,1
2021-01-26 15:48:00+00:00,-1,0.0005255911762478416,2.5,1.217425591176248,DC:1:2021-01-26 15:40:00+00:00,1.2162,1.2173,1.2168,1.2174,2021-01-26 15:25:00+00:00,2021-01-26 15:36:00+00:00,2021-01-26 15:40:00+00:00,2021-01-26 15:47:00+00:00,2021-01-26 15:41:00+00:00,2021-01-26 15:48:00+00:00,4.15852038147492,0.8461538461538725,0.45454545454536277,0.5454545454544354,0.00025591176247827084,60.0,0.0,2.0537984309825106,1
2021-01-27 00:24:00+00:00,-1,0.00021796419750308438,2.5,1.216817964197503,DC:1:2021-01-27 00:16:00+00:00,1.2161,1.2167,1.2165,1.2168,2021-01-26 23:57:00+00:00,2021-01-27 00:15:00+00:00,2021-01-27 00:16:00+00:00,2021-01-27 00:18:00+00:00,2021-01-27 00:18:00+00:00,2021-01-27 00:24:00+00:00,3.002753939036416,0.5,0.3333333333333333,0.50000000000037,0.00017964197502948583,360.0,1.0,1.213325546366925,1
2021-01-27 01:31:00+00:00,-1,0.00021828476263907604,2.5,1.216718284762639,DC:1:2021-01-27 01:29:00+00:00,1.2162,1.2166,1.2164,1.2167,2021-01-27 01:27:00+00:00,2021-01-27 01:28:00+00:00,2021-01-27 01:29:00+00:00,2021-01-27 01:30:00+00:00,2021-01-27 01:30:00+00:00,2021-01-27 01:31:00+00:00,2.5920740201796897,1.0,0.5,0.75,0.00018284762639042787,60.0,1.0,1.1938069251879735,1
2021-01-27 03:01:00+00:00,-1,0.0002130287067885206,2.5,1.2160130287067885,DC:1:2021-01-27 02:55:00+00:00,1.2154,1.2159,1.2157,1.216,2021-01-27 02:37:00+00:00,2021-01-27 02:54:00+00:00,2021-01-27 02:55:00+00:00,2021-01-27 02:58:00+00:00,2021-01-27 02:56:00+00:00,2021-01-27 03:01:00+00:00,2.977127546073027,1.0,0.4,0.6,0.00013028706788545757,180.0,0.0,1.635071770713312,1
2021-01-27 06:30:00+00:00,1,0.00021324657769872246,2.5,1.2159867534223012,DC:-1:2021-01-27 06:18:00+00:00,1.2165,1.2161,1.2163,1.216,2021-01-27 06:07:00+00:00,2021-01-27 06:14:00+00:00,2021-01-27 06:18:00+00:00,2021-01-27 06:29:00+00:00,2021-01-27 06:26:00+00:00,2021-01-27 06:30:00+00:00,2.576481363810867,0.6666666666666666,0.5,0.75,0.0001324657769872781,60.0,0.0,1.6098239299891206,-1
2021-01-27 11:54:00+00:00,1,0.0003232416870728727,2.5,1.2113767583129271,DC:-1:2021-01-27 11:45:00+00:00,1.2122,1.2115,1.2118,1.2114,2021-01-27 11:33:00+00:00,2021-01-27 11:44:00+00:00,2021-01-27 11:45:00+00:00,2021-01-27 11:51:00+00:00,2021-01-27 11:51:00+00:00,2021-01-27 11:54:00+00:00,3.362844810359814,0.6363636363636364,0.42857142857142855,0.5714285714285714,0.00023241687072940418,180.0,1.0,1.3907840943664243,-1
2021-01-27 20:20:00+00:00,-1,0.0004324306198808525,2.5,1.2105324306198808,DC:1:2021-01-27 20:09:00+00:00,1.2094,1.2102,1.2098,1.2105,2021-01-27 20:03:00+00:00,2021-01-27 20:08:00+00:00,2021-01-27 20:09:00+00:00,2021-01-27 20:15:00+00:00,2021-01-27 20:12:00+00:00,2021-01-27 20:20:00+00:00,2.520415583408144,1.0,0.5,0.875,0.0003243061988081781,300.0,0.0,1.3334022644958083,1
2021-01-27 21:03:00+00:00,-1,0.00043140940590569166,2.5,1.2108314094059056,DC:1:2021-01-27 20:51:00+00:00,1.2095,1.2107,1.2103,1.2108,2021-01-27 20:45:00+00:00,2021-01-27 20:50:00+00:00,2021-01-27 20:58:00+00:00,2021-01-27 21:01:00+00:00,2021-01-27 21:01:00+00:00,2021-01-27 21:03:00+00:00,4.05672072329731,1.0,0.3333333333334567,0.4166666666667746,0.0003140940590552512,120.0,1.0,1.3735038707936973,1
2021-01-28 06:22:00+00:00,1,0.00042200633123035125,2.5,1.2091779936687697,DC:-1:2021-01-28 06:14:00+00:00,1.2105,1.2093,1.2097,1.2092,2021-01-28 06:00:00+00:00,2021-01-28 06:06:00+00:00,2021-01-28 06:18:00+00:00,2021-01-28 06:21:00+00:00,2021-01-28 06:20:00+00:00,2021-01-28 06:22:00+00:00,5.628237388901839,1.0,0.3333333333333333,0.4166666666666667,0.00022006331230358346,60.0,0.0,1.9176587265403957,-1
2021-01-28 08:54:00+00:00,1,0.00043323282582430345,2.5,1.2089667671741757,DC:-1:2021-01-28 08:49:00+00:00,1.2113,1.2091,1.2096,1.209,2021-01-28 08:24:00+00:00,2021-01-28 08:47:00+00:00,2021-01-28 08:49:00+00:00,2021-01-28 08:51:00+00:00,2021-01-28 08:50:00+00:00,2021-01-28 08:54:00+00:00,6.988549970985612,0.6111111111111351,0.22727272727270434,0.2727272727272452,0.0003323282582432499,180.0,0.0,1.3036292132196465,-1
2021-01-28 10:54:00+00:00,-1,0.0004273913207792912,2.5,1.2116273913207793,DC:1:2021-01-28 10:44:00+00:00,1.2103,1.2113,1.2108,1.2116,2021-01-28 10:31:00+00:00,2021-01-28 10:42:00+00:00,2021-01-28 10:44:00+00:00,2021-01-28 10:51:00+00:00,2021-01-28 10:45:00+00:00,2021-01-28 10:54:00+00:00,3.6725832979286084,0.8333333333333641,0.499999999999889,0.7999999999998224,0.0002739132077925958,180.0,0.0,1.560316584306177,1
2021-01-28 14:40:00+00:00,-1,0.0005448578076077126,2.5,1.2134448578076078,DC:1:2021-01-28 14:35:00+00:00,1.2121,1.2133,1.2128,1.2134,2021-01-28 14:23:00+00:00,2021-01-28 14:34:00+00:00,2021-01-28 14:35:00+00:00,2021-01-28 14:38:00+00:00,2021-01-28 14:38:00+00:00,2021-01-28 14:40:00+00:00,2.7214421372599125,0.5999999999999112,0.4166666666665896,0.49999999999990746,0.0004485780760774337,120.0,1.0,1.2146331634666405,1
2021-01-29 00:44:00+00:00,1,0.00021741397849073252,2.5,1.2109825860215093,DC:-1:2021-01-29 00:34:00+00:00,1.2121,1.2111,1.2113,1.211,2021-01-29 00:16:00+00:00,2021-01-29 00:32:00+00:00,2021-01-29 00:34:00+00:00,2021-01-29 00:36:00+00:00,2021-01-29 00:35:00+00:00,2021-01-29 00:44:00+00:00,6.259262066639553,0.7142857142857143,0.2,0.3,0.000174139784907085,480.0,0.0,1.248502624525103,-1
2021-01-29 01:34:00+00:00,-1,0.0004169144064178898,2.5,1.211616914406418,DC:1:2021-01-29 01:27:00+00:00,1.2106,1.2114,1.2111,1.2116,2021-01-29 01:10:00+00:00,2021-01-29 01:23:00+00:00,2021-01-29 01:28:00+00:00,2021-01-29 01:32:00+00:00,2021-01-29 01:30:00+00:00,2021-01-29 01:34:00+00:00,4.601407570318814,0.6666666666667284,0.3749999999998959,0.6249999999998266,0.0001691440641783164,120.0,0.0,2.4648479888621275,1
2021-01-29 03:06:00+00:00,1,0.00021771417239335733,2.5,1.2100822858276066,DC:-1:2021-01-29 03:01:00+00:00,1.2106,1.2102,1.2104,1.2101,2021-01-29 02:56:00+00:00,2021-01-29 03:00:00+00:00,2021-01-29 03:01:00+00:00,2021-01-29 03:04:00+00:00,2021-01-29 03:04:00+00:00,2021-01-29 03:06:00+00:00,2.2209137293713708,1.0,0.5,0.75,0.0001771417239332972,120.0,1.0,1.2290394807004232,-1
2021-01-29 03:25:00+00:00,-1,0.0002182781354298502,2.5,1.2106182781354298,DC:1:2021-01-29 03:18:00+00:00,1.2101,1.2105,1.2103,1.2106,2021-01-29 03:08:00+00:00,2021-01-29 03:09:00+00:00,2021-01-29 03:18:00+00:00,2021-01-29 03:19:00+00:00,2021-01-29 03:19:00+00:00,2021-01-29 03:25:00+00:00,2.0774380424150105,1.0,0.5,0.75,0.00018278135429971372,360.0,1.0,1.1942035130778768,1
2021-01-29 09:10:00+00:00,-1,0.0004326159001175611,2.5,1.2118326159001176,DC:1:2021-01-29 09:03:00+00:00,1.2105,1.2117,1.2112,1.2118,2021-01-29 08:53:00+00:00,2021-01-29 08:57:00+00:00,2021-01-29 09:03:00+00:00,2021-01-29 09:08:00+00:00,2021-01-29 09:08:00+00:00,2021-01-29 09:10:00+00:00,3.8255381837238507,1.0,0.4166666666665896,0.49999999999990746,0.00032615900117622727,120.0,1.0,1.3263957105504318,1
2021-01-29 13:12:00+00:00,1,0.0004354339264400764,2.5,1.21286456607356,DC:-1:2021-01-29 13:03:00+00:00,1.2148,1.2131,1.2137,1.2129,2021-01-29 12:47:00+00:00,2021-01-29 13:01:00+00:00,2021-01-29 13:03:00+00:00,2021-01-29 13:08:00+00:00,2021-01-29 13:04:00+00:00,2021-01-29 13:12:00+00:00,4.752104418005973,0.8095238095238296,0.35294117647054213,0.4705882352940562,0.0003543392644018216,240.0,0.0,1.2288616311690856,-1
2021-01-29 13:30:00+00:00,-1,0.00043882657545601944,2.5,1.214338826575456,DC:1:2021-01-29 13:21:00+00:00,1.2129,1.2141,1.2137,1.2143,2021-01-29 13:08:00+00:00,2021-01-29 13:20:00+00:00,2021-01-29 13:21:00+00:00,2021-01-29 13:29:00+00:00,2021-01-29 13:24:00+00:00,2021-01-29 13:30:00+00:00,3.528267086939175,0.46153846153846156,0.3333333333333333,0.5,0.000388265754560352,60.0,0.0,1.1302222003918923,1
2021-01-29 13:44:00+00:00,-1,0.00043965230921449994,2.5,1.2151396523092144,DC:1:2021-01-29 13:38:00+00:00,1.2139,1.215,1.2146,1.2151,2021-01-29 13:30:00+00:00,2021-01-29 13:37:00+00:00,2021-01-29 13:38:00+00:00,2021-01-29 13:42:00+00:00,2021-01-29 13:42:00+00:00,2021-01-29 13:44:00+00:00,3.030304325020503,0.7333333333333728,0.3636363636364921,0.45454545454556466,0.00039652309214247293,120.0,1.0,1.1087684877039405,1
2021-01-29 18:34:00+00:00,-1,0.00032424474512282586,2.5,1.213424244745123,DC:1:2021-01-29 18:28:00+00:00,1.2127,1.2133,1.213,1.2134,2021-01-29 18:19:00+00:00,2021-01-29 18:23:00+00:00,2021-01-29 18:28:00+00:00,2021-01-29 18:32:00+00:00,2021-01-29 18:29:00+00:00,2021-01-29 18:34:00+00:00,2.4133492303353243,1.0,0.499999999999815,0.6666666666664199,0.0002424474512295798,120.0,0.0,1.3373815376421099,1
2021-02-01 00:16:00+00:00,1,0.0003213547435572117,2.5,1.2119786452564427,DC:-1:2021-01-31 23:48:00+00:00,1.2128,1.2122,1.2125,1.212,2021-01-31 23:34:00+00:00,2021-01-31 23:44:00+00:00,2021-01-31 23:48:00+00:00,2021-02-01 00:12:00+00:00,2021-01-31 23:59:00+00:00,2021-02-01 00:16:00+00:00,2.2757742997189228,0.7500000000011102,0.499999999999815,0.833333333333025,0.00021354743557189257,240.0,0.0,1.504840096518157,-1
2021-02-01 01:32:00+00:00,-1,0.00021652992818954608,2.5,1.2135165299281896,DC:1:2021-02-01 01:22:00+00:00,1.2126,1.2134,1.2132,1.2135,2021-02-01 01:13:00+00:00,2021-02-01 01:20:00+00:00,2021-02-01 01:22:00+00:00,2021-02-01 01:29:00+00:00,2021-02-01 01:29:00+00:00,2021-02-01 01:32:00+00:00,4.295168538050828,1.0000000000002776,0.2499999999999306,0.3749999999998959,0.00016529928189642283,180.0,1.0,1.3099266113280792,1
2021-02-01 01:47:00+00:00,1,0.0003186321075534515,2.5,1.2124813678924466,DC:-1:2021-02-01 01:44:00+00:00,1.2135,1.2127,1.213,1.2125,2021-02-01 01:29:00+00:00,2021-02-01 01:41:00+00:00,2021-02-01 01:44:00+00:00,2021-02-01 01:46:00+00:00,2021-02-01 01:46:00+00:00,2021-02-01 01:47:00+00:00,4.943261900103793,0.6666666666668517,0.3750000000001735,0.625000000000104,0.00018632107553231118,60.0,1.0,1.7101238098971545,-1
2021-02-01 08:37:00+00:00,1,0.00032844432430589876,2.5,1.2108715556756942,DC:-1:2021-02-01 08:33:00+00:00,1.2126,1.2111,1.2114,1.2109,2021-02-01 08:18:00+00:00,2021-02-01 08:32:00+00:00,2021-02-01 08:33:00+00:00,2021-02-01 08:36:00+00:00,2021-02-01 08:36:00+00:00,2021-02-01 08:37:00+00:00,5.691993311399692,0.7894736842104341,0.2,0.3333333333333333,0.00028444324305949267,60.0,1.0,1.1546919546167707,-1
2021-02-01 10:45:00+00:00,1,0.00042938438693584935,2.5,1.2069706156130642,DC:-1:2021-02-01 10:41:00+00:00,1.2088,1.2071,1.2075,1.207,2021-02-01 10:30:00+00:00,2021-02-01 10:38:00+00:00,2021-02-01 10:41:00+00:00,2021-02-01 10:43:00+00:00,2021-02-01 10:42:00+00:00,2021-02-01 10:45:00+00:00,7.037650336974339,0.8947368421050663,0.2352941176470281,0.2941176470587851,0.00029384386935839144,120.0,0.0,1.4612671275851725,-1
2021-02-01 16:08:00+00:00,1,0.00032383855295714525,2.5,1.2078761614470428,DC:-1:2021-02-01 15:58:00+00:00,1.2092,1.208,1.2083,1.2079,2021-02-01 15:47:00+00:00,2021-02-01 15:55:00+00:00,2021-02-01 15:58:00+00:00,2021-02-01 16:05:00+00:00,2021-02-01 16:03:00+00:00,2021-02-01 16:08:00+00:00,5.224584007935824,0.8571428571432876,0.24999999999995373,0.33333333333327164,0.00023838552957090923,180.0,0.0,1.3584656482297828,-1
2021-02-01 22:06:00+00:00,-1,0.00021984435151289894,2.5,1.2063198443515128,DC:1:2021-02-01 22:04:00+00:00,1.2057,1.2062,1.206,1.2063,2021-02-01 21:56:00+00:00,2021-02-01 22:03:00+00:00,2021-02-01 22:04:00+00:00,2021-02-01 22:05:00+00:00,2021-02-01 22:05:00+00:00,2021-02-01 22:06:00+00:00,2.8770777209643263,0.5555555555559667,0.4,0.6,0.00019844351512904543,60.0,1.0,1.1078434655319263,1
2021-02-02 03:56:00+00:00,-1,0.0002172216020239759,2.5,1.208417221602024,DC:1:2021-02-02 03:42:00+00:00,1.2078,1.2083,1.2081,1.2084,2021-02-02 03:37:00+00:00,2021-02-02 03:40:00+00:00,2021-02-02 03:42:00+00:00,2021-02-02 03:52:00+00:00,2021-02-02 03:52:00+00:00,2021-02-02 03:56:00+00:00,2.6488906894042845,0.9999999999995559,0.4,0.6,0.00017221602024013364,240.0,1.0,1.2613321439032652,1
2021-02-02 05:01:00+00:00,1,0.00031532985627391596,2.5,1.207384670143726,DC:-1:2021-02-02 04:50:00+00:00,1.2082,1.2075,1.2078,1.2074,2021-02-02 04:25:00+00:00,2021-02-02 04:49:00+00:00,2021-02-02 04:52:00+00:00,2021-02-02 04:59:00+00:00,2021-02-02 04:58:00+00:00,2021-02-02 05:01:00+00:00,4.401117694178555,0.46666666666701206,0.42857142857142855,0.5714285714285714,0.00015329856273946764,120.0,0.0,2.0569655099103703,-1
2021-02-02 11:36:00+00:00,1,0.00032717752258415445,2.5,1.2029728224774159,DC:-1:2021-02-02 11:20:00+00:00,1.204,1.2032,1.2036,1.203,2021-02-02 11:07:00+00:00,2021-02-02 11:19:00+00:00,2021-02-02 11:21:00+00:00,2021-02-02 11:33:00+00:00,2021-02-02 11:28:00+00:00,2021-02-02 11:36:00+00:00,2.7703763357631037,0.6666666666674068,0.5,0.75,0.0002717752258420839,180.0,0.0,1.2038533739431507,-1
2021-02-02 13:26:00+00:00,-1,0.000527966704912286,2.5,1.2047279667049122,DC:1:2021-02-02 13:17:00+00:00,1.2034,1.2044,1.2039,1.2047,2021-02-02 13:06:00+00:00,2021-02-02 13:15:00+00:00,2021-02-02 13:18:00+00:00,2021-02-02 13:25:00+00:00,2021-02-02 13:21:00+00:00,2021-02-02 13:26:00+00:00,3.872061679036524,0.625,0.5,0.8000000000002221,0.0002796670491220808,60.0,0.0,1.8878402249019226,1
2021-02-02 13:48:00+00:00,1,0.0005318741525959236,2.5,1.203568125847404,DC:-1:2021-02-02 13:30:00+00:00,1.2047,1.204,1.2043,1.2036,2021-02-02 13:25:00+00:00,2021-02-02 13:29:00+00:00,2021-02-02 13:30:00+00:00,2021-02-02 13:39:00+00:00,2021-02-02 13:34:00+00:00,2021-02-02 13:48:00+00:00,2.341232541761756,0.6363636363637097,0.4285714285712926,0.9999999999996828,0.000318741525960537,540.0,1.0,1.6686691543974548,-1
2021-02-02 14:04:00+00:00,-1,0.00042984995739381304,2.5,1.2049298499573937,DC:1:2021-02-02 13:57:00+00:00,1.2036,1.2047,1.2043,1.2049,2021-02-02 13:39:00+00:00,2021-02-02 13:56:00+00:00,2021-02-02 13:57:00+00:00,2021-02-02 13:59:00+00:00,2021-02-02 13:58:00+00:00,2021-02-02 14:04:00+00:00,3.6760945665130937,0.5238095238095741,0.3636363636364921,0.5454545454546372,0.00029849957393699106,300.0,1.0,1.4400354135331133,1
2021-02-02 14:50:00+00:00,1,0.00042958287639049964,2.5,1.2024704171236096,DC:-1:2021-02-02 14:46:00+00:00,1.204,1.2027,1.203,1.2025,2021-02-02 14:35:00+00:00,2021-02-02 14:41:00+00:00,2021-02-02 14:46:00+00:00,2021-02-02 14:48:00+00:00,2021-02-02 14:48:00+00:00,2021-02-02 14:50:00+00:00,4.399633487603896,1.0000000000001708,0.23076923076923078,0.38461538461555544,0.00029582876390231086,120.0,1.0,1.4521335610635797,-1
2021-02-02 17:43:00+00:00,1,0.0003220852451375489,2.5,1.2011779147548625,DC:-1:2021-02-02 17:30:00+00:00,1.2024,1.2014,1.2017,1.2012,2021-02-02 17:16:00+00:00,2021-02-02 17:27:00+00:00,2021-02-02 17:30:00+00:00,2021-02-02 17:39:00+00:00,2021-02-02 17:35:00+00:00,2021-02-02 17:43:00+00:00,4.1835057274180345,0.7142857142859409,0.3,0.5,0.0002208524513758282,240.0,0.0,1.4583729686090339,-1
2021-02-03 00:57:00+00:00,-1,0.00021661656351490421,2.5,1.2044166165635148,DC:1:2021-02-03 00:46:00+00:00,1.2037,1.2043,1.2041,1.2044,2021-02-03 00:34:00+00:00,2021-02-03 00:44:00+00:00,2021-02-03 00:46:00+00:00,2021-02-03 00:48:00+00:00,2021-02-03 00:48:00+00:00,2021-02-03 00:57:00+00:00,3.7710473461393517,0.6000000000007993,0.3333333333333333,0.5,0.00016616563514904297,540.0,1.0,1.3036183042336587,1
2021-02-03 01:23:00+00:00,-1,0.0002199293111682099,2.5,1.2049199293111683,DC:1:2021-02-03 01:13:00+00:00,1.2041,1.2048,1.2046,1.2049,2021-02-03 01:06:00+00:00,2021-02-03 01:11:00+00:00,2021-02-03 01:13:00+00:00,2021-02-03 01:18:00+00:00,2021-02-03 01:16:00+00:00,2021-02-03 01:23:00+00:00,3.93140935021487,0.7777777777778326,0.2857142857145123,0.42857142857160985,0.00019929311168182572,300.0,0.0,1.103546978178203,1
2021-02-03 05:58:00+00:00,1,0.00021697934616660142,2.5,1.2039830206538333,DC:-1:2021-02-03 05:38:00+00:00,1.2045,1.2041,1.2043,1.204,2021-02-03 05:29:00+00:00,2021-02-03 05:37:00+00:00,2021-02-03 05:38:00+00:00,2021-02-03 05:56:00+00:00,2021-02-03 05:45:00+00:00,2021-02-03 05:58:00+00:00,2.312127586694162,0.6666666666671601,0.5,0.75,0.0001697934616658591,120.0,0.0,1.277901657918964,-1
2021-02-03 07:42:00+00:00,1,0.0003225468935585951,2.5,1.2028774531064415,DC:-1:2021-02-03 07:36:00+00:00,1.2038,1.203,1.2033,1.2029,2021-02-03 07:24:00+00:00,2021-02-03 07:35:00+00:00,2021-02-03 07:36:00+00:00,2021-02-03 07:37:00+00:00,2021-02-03 07:37:00+00:00,2021-02-03 07:42:00+00:00,3.501683587627871,0.8000000000007106,0.375,0.5,0.00022546893558569712,300.0,1.0,1.4305602353633333,-1
2021-02-03 16:32:00+00:00,-1,0.00043003099782401577,2.5,1.202430030997824,DC:1:2021-02-03 16:11:00+00:00,1.2007,1.2021,1.2017,1.2024,2021-02-03 15:58:00+00:00,2021-02-03 16:10:00+00:00,2021-02-03 16:11:00+00:00,2021-02-03 16:23:00+00:00,2021-02-03 16:14:00+00:00,2021-02-03 16:32:00+00:00,4.863776591118314,0.8750000000002429,0.2857142857142857,0.5,0.00030030997824024403,540.0,0.0,1.4319570743000642,1
2021-02-03 20:57:00+00:00,-1,0.0003153262943611512,2.5,1.2036153262943612,DC:1:2021-02-03 20:46:00+00:00,1.2026,1.2034,1.2031,1.2036,2021-02-03 20:32:00+00:00,2021-02-03 20:45:00+00:00,2021-02-03 20:47:00+00:00,2021-02-03 20:55:00+00:00,2021-02-03 20:53:00+00:00,2021-02-03 20:57:00+00:00,5.001051798626589,0.7999999999998668,0.3749999999998959,0.6249999999998266,0.00015326294361172403,120.0,0.0,2.0574203191607627,1
2021-02-04 05:20:00+00:00,1,0.00021658758867837413,2.5,1.2011834124113216,DC:-1:2021-02-04 05:13:00+00:00,1.202,1.2013,1.2015,1.2012,2021-02-04 05:00:00+00:00,2021-02-04 05:06:00+00:00,2021-02-04 05:13:00+00:00,2021-02-04 05:19:00+00:00,2021-02-04 05:19:00+00:00,2021-02-04 05:20:00+00:00,3.821747251070472,1.0000000000003173,0.2857142857142857,0.42857142857142855,0.00016587588678504089,60.0,1.0,1.305720758310403,-1
2021-02-04 08:31:00+00:00,1,0.0004366545346179418,2.5,1.199463345465382,DC:-1:2021-02-04 08:27:00+00:00,1.2009,1.1997,1.2001,1.1995,2021-02-04 08:17:00+00:00,2021-02-04 08:24:00+00:00,2021-02-04 08:27:00+00:00,2021-02-04 08:29:00+00:00,2021-02-04 08:29:00+00:00,2021-02-04 08:31:00+00:00,3.3101261772960027,0.8571428571427439,0.33333333333327164,0.49999999999990746,0.0003665453461794457,120.0,1.0,1.1912701638944654,-1
2021-02-04 14:52:00+00:00,1,0.00032524055512306305,2.5,1.197574759444877,DC:-1:2021-02-04 14:47:00+00:00,1.1985,1.1977,1.198,1.1976,2021-02-04 14:33:00+00:00,2021-02-04 14:43:00+00:00,2021-02-04 14:47:00+00:00,2021-02-04 14:49:00+00:00,2021-02-04 14:49:00+00:00,2021-02-04 14:52:00+00:00,3.171003048974799,0.5714285714291152,0.375,0.5,0.0002524055512319607,180.0,1.0,1.2885633994007009,-1
2021-02-04 19:31:00+00:00,1,0.00021637649039174534,2.5,1.1957836235096082,DC:-1:2021-02-04 19:24:00+00:00,1.1966,1.1959,1.1962,1.1958,2021-02-04 19:07:00+00:00,2021-02-04 19:17:00+00:00,2021-02-04 19:27:00+00:00,2021-02-04 19:29:00+00:00,2021-02-04 19:28:00+00:00,2021-02-04 19:31:00+00:00,3.7506932221791014,0.6363636363642236,0.4285714285712926,0.5714285714283902,0.00016376490391874194,120.0,0.0,1.321262890973933,-1
2021-02-04 20:00:00+00:00,-1,0.00021534062608585813,2.5,1.1967153406260858,DC:1:2021-02-04 19:57:00+00:00,1.1957,1.1966,1.1964,1.1967,2021-02-04 19:33:00+00:00,2021-02-04 19:50:00+00:00,2021-02-04 19:57:00+00:00,2021-02-04 19:59:00+00:00,2021-02-04 19:58:00+00:00,2021-02-04 20:00:00+00:00,4.934954122873604,0.8181818181825156,0.2222222222224141,0.3333333333334978,0.00015340626085739542,60.0,0.0,1.4037277545408406,1
2021-02-05 03:03:00+00:00,1,0.00032030400313742824,2.5,1.1951796959968626,DC:-1:2021-02-05 02:50:00+00:00,1.1961,1.1954,1.1957,1.1952,2021-02-05 02:41:00+00:00,2021-02-05 02:47:00+00:00,2021-02-05 02:50:00+00:00,2021-02-05 03:01:00+00:00,2021-02-05 02:53:00+00:00,2021-02-05 03:03:00+00:00,4.013121181220156,0.7777777777775858,0.42857142857142855,0.7142857142857143,0.000203040031374674,120.0,0.0,1.5775411428417512,-1
2021-02-05 06:17:00+00:00,1,0.00021523058411387908,2.5,1.195884769415886,DC:-1:2021-02-05 06:13:00+00:00,1.1964,1.196,1.1962,1.1959,2021-02-05 06:03:00+00:00,2021-02-05 06:10:00+00:00,2021-02-05 06:13:00+00:00,2021-02-05 06:15:00+00:00,2021-02-05 06:14:00+00:00,2021-02-05 06:17:00+00:00,3.0243434843274284,0.6666666666671601,0.5,0.75,0.00015230584113969052,120.0,0.0,1.4131472732977837,-1
2021-02-05 06:37:00+00:00,-1,0.00021676812471183027,2.5,1.1965167681247117,DC:1:2021-02-05 06:28:00+00:00,1.1959,1.1964,1.1962,1.1965,2021-02-05 06:20:00+00:00,2021-02-05 06:27:00+00:00,2021-02-05 06:28:00+00:00,2021-02-05 06:34:00+00:00,2021-02-05 06:34:00+00:00,2021-02-05 06:37:00+00:00,3.092499799367581,0.714285714286394,0.4,0.6,0.0001676812471192061,180.0,1.0,1.2927392206102084,1
2021-02-05 12:20:00+00:00,-1,0.0002192484931657912,2.5,1.1983192484931657,DC:1:2021-02-05 12:15:00+00:00,1.1977,1.1982,1.198,1.1983,2021-02-05 12:08:00+00:00,2021-02-05 12:13:00+00:00,2021-02-05 12:15:00+00:00,2021-02-05 12:19:00+00:00,2021-02-05 12:19:00+00:00,2021-02-05 12:20:00+00:00,2.8092408392884933,0.7142857142854877,0.4,0.6,0.00019248493165770946,60.0,1.0,1.1390423721877339,1
2021-02-05 13:23:00+00:00,1,0.0003180764676611325,2.5,1.1980819235323388,DC:-1:2021-02-05 13:18:00+00:00,1.1992,1.1982,1.1985,1.1981,2021-02-05 12:52:00+00:00,2021-02-05 13:11:00+00:00,2021-02-05 13:18:00+00:00,2021-02-05 13:22:00+00:00,2021-02-05 13:19:00+00:00,2021-02-05 13:23:00+00:00,4.574645797714449,0.7142857142860994,0.2999999999999334,0.3999999999999112,0.00018076467661257327,60.0,0.0,1.7596162791409458,-1
2021-02-08 00:50:00+00:00,1,0.00032119569863153785,2.5,1.2034788043013684,DC:-1:2021-02-08 00:39:00+00:00,1.2045,1.2036,1.2039,1.2035,2021-02-08 00:29:00+00:00,2021-02-08 00:37:00+00:00,2021-02-08 00:44:00+00:00,2021-02-08 00:48:00+00:00,2021-02-08 00:46:00+00:00,2021-02-08 00:50:00+00:00,4.803499630351442,0.8181818181823136,0.3333333333333333,0.4444444444444444,0.0002119569863152462,120.0,0.0,1.5153815130859598,-1
2021-02-08 09:26:00+00:00,1,0.0004225102011767845,2.5,1.2023774897988233,DC:-1:2021-02-08 09:18:00+00:00,1.2034,1.2027,1.203,1.2024,2021-02-08 09:05:00+00:00,2021-02-08 09:16:00+00:00,2021-02-08 09:18:00+00:00,2021-02-08 09:24:00+00:00,2021-02-08 09:22:00+00:00,2021-02-08 09:26:00+00:00,3.1442291690714925,0.6363636363640217,0.42857142857142855,0.8571428571431744,0.00022510201176665137,120.0,0.0,1.8769721241530857,-1
2021-02-08 13:11:00+00:00,1,0.0002198999641178645,2.5,1.202280100035882,DC:-1:2021-02-08 13:06:00+00:00,1.2029,1.2024,1.2026,1.2023,2021-02-08 12:58:00+00:00,2021-02-08 13:04:00+00:00,2021-02-08 13:06:00+00:00,2021-02-08 13:10:00+00:00,2021-02-08 13:10:00+00:00,2021-02-08 13:11:00+00:00,2.500766527731201,0.7142857142848986,0.3999999999998224,0.5999999999997335,0.0001989996411784343,60.0,1.0,1.105026937815882,-1
2021-02-08 21:07:00+00:00,1,0.00021422256672254392,2.5,1.2048857774332775,DC:-1:2021-02-08 21:00:00+00:00,1.2057,1.205,1.2052,1.2049,2021-02-08 20:38:00+00:00,2021-02-08 20:58:00+00:00,2021-02-08 21:00:00+00:00,2021-02-08 21:02:00+00:00,2021-02-08 21:01:00+00:00,2021-02-08 21:07:00+00:00,4.350560343996378,0.777777777779121,0.2857142857142857,0.42857142857142855,0.00014222566722615725,300.0,0.0,1.5062159376753161,-1
2021-02-08 22:21:00+00:00,1,0.00032200933837400747,2.5,1.204677990661626,DC:-1:2021-02-08 22:15:00+00:00,1.2054,1.2048,1.2051,1.2047,2021-02-08 22:12:00+00:00,2021-02-08 22:14:00+00:00,2021-02-08 22:15:00+00:00,2021-02-08 22:20:00+00:00,2021-02-08 22:20:00+00:00,2021-02-08 22:21:00+00:00,2.792883205334357,0.9999999999992598,0.5,0.6666666666666666,0.00022009338373981145,60.0,1.0,1.4630577843933663,-1
2021-02-09 04:10:00+00:00,1,0.00021477103110201234,2.5,1.207485228968898,DC:-1:2021-02-09 03:43:00+00:00,1.2081,1.2076,1.2078,1.2075,2021-02-09 03:32:00+00:00,2021-02-09 03:42:00+00:00,2021-02-09 03:43:00+00:00,2021-02-09 04:07:00+00:00,2021-02-09 03:58:00+00:00,2021-02-09 04:10:00+00:00,3.1023119602745166,0.4545454545455463,0.4,0.6,0.0001477103110196995,180.0,0.0,1.4540016172152614,-1
2021-02-09 05:01:00+00:00,1,0.00021597480907353805,2.5,1.2073840251909265,DC:-1:2021-02-09 04:55:00+00:00,1.2079,1.2075,1.2077,1.2074,2021-02-09 04:50:00+00:00,2021-02-09 04:54:00+00:00,2021-02-09 04:55:00+00:00,2021-02-09 05:00:00+00:00,2021-02-09 04:59:00+00:00,2021-02-09 05:01:00+00:00,2.7234545693534904,0.9999999999988898,0.5,0.75,0.0001597480907346804,60.0,0.0,1.3519711445706257,-1
2021-02-09 05:20:00+00:00,-1,0.00021693261451560808,2.5,1.2080169326145156,DC:1:2021-02-09 05:12:00+00:00,1.2074,1.2079,1.2077,1.208,2021-02-09 05:00:00+00:00,2021-02-09 05:11:00+00:00,2021-02-09 05:12:00+00:00,2021-02-09 05:14:00+00:00,2021-02-09 05:13:00+00:00,2021-02-09 05:20:00+00:00,3.0798742559595427,0.5555555555562409,0.4,0.6,0.0001693261451568451,360.0,0.0,1.2811525019639796,1
2021-02-09 06:45:00+00:00,-1,0.00021955286766095483,2.5,1.208119552867661,DC:1:2021-02-09 06:43:00+00:00,1.2075,1.208,1.2078,1.2081,2021-02-09 06:34:00+00:00,2021-02-09 06:41:00+00:00,2021-02-09 06:43:00+00:00,2021-02-09 06:44:00+00:00,2021-02-09 06:44:00+00:00,2021-02-09 06:45:00+00:00,2.8964412543333893,0.5555555555554185,0.4,0.6,0.0001955286766090061,60.0,1.0,1.1228678650548498,1
2021-02-09 07:07:00+00:00,-1,0.0002198961065238425,2.5,1.2080198961065238,DC:1:2021-02-09 07:05:00+00:00,1.2074,1.2079,1.2077,1.208,2021-02-09 06:56:00+00:00,2021-02-09 07:03:00+00:00,2021-02-09 07:05:00+00:00,2021-02-09 07:06:00+00:00,2021-02-09 07:06:00+00:00,2021-02-09 07:07:00+00:00,2.5154369262929337,0.714285714286394,0.4,0.6,0.00019896106523883164,60.0,1.0,1.105221799349941,1
2021-02-09 13:31:00+00:00,1,0.00032444917902352266,2.5,1.2094755508209765,DC:-1:2021-02-09 13:24:00+00:00,1.2105,1.2097,1.2101,1.2095,2021-02-09 13:06:00+00:00,2021-02-09 13:20:00+00:00,2021-02-09 13:24:00+00:00,2021-02-09 13:28:00+00:00,2021-02-09 13:26:00+00:00,2021-02-09 13:31:00+00:00,3.1134310481615843,0.5000000000002776,0.5,0.75,0.00024449179023484983,180.0,0.0,1.3270350661339945,-1
2021-02-09 15:08:00+00:00,1,0.00032762772017802533,2.5,1.208972372279822,DC:-1:2021-02-09 15:01:00+00:00,1.2101,1.2091,1.2096,1.209,2021-02-09 14:51:00+00:00,2021-02-09 15:00:00+00:00,2021-02-09 15:02:00+00:00,2021-02-09 15:07:00+00:00,2021-02-09 15:03:00+00:00,2021-02-09 15:08:00+00:00,3.593536846567506,0.9999999999995559,0.5,0.6,0.0002762772017810293,60.0,0.0,1.1858659276478962,-1
2021-02-09 15:54:00+00:00,-1,0.00032763532343871304,2.5,1.2103276353234387,DC:1:2021-02-09 15:52:00+00:00,1.2094,1.2101,1.2098,1.2103,2021-02-09 15:46:00+00:00,2021-02-09 15:51:00+00:00,2021-02-09 15:52:00+00:00,2021-02-09 15:53:00+00:00,2021-02-09 15:53:00+00:00,2021-02-09 15:54:00+00:00,2.7596373817859905,0.7777777777779696,0.42857142857142855,0.7142857142857143,0.0002763532343872231,60.0,1.0,1.1855671751597237,1
2021-02-09 16:27:00+00:00,1,0.0003299137683472342,2.5,1.2091700862316528,DC:-1:2021-02-09 16:00:00+00:00,1.2103,1.2094,1.2098,1.2092,2021-02-09 15:53:00+00:00,2021-02-09 15:58:00+00:00,2021-02-09 16:00:00+00:00,2021-02-09 16:25:00+00:00,2021-02-09 16:11:00+00:00,2021-02-09 16:27:00+00:00,2.9992066313670978,0.9999999999992598,0.4444444444444444,0.6666666666666666,0.00029913768347352457,120.0,0.0,1.1028826743469566,-1
2021-02-09 21:38:00+00:00,-1,0.0002110433568274228,2.5,1.2119110433568274,DC:1:2021-02-09 21:27:00+00:00,1.2114,1.2118,1.2116,1.2119,2021-02-09 21:07:00+00:00,2021-02-09 21:12:00+00:00,2021-02-09 21:27:00+00:00,2021-02-09 21:30:00+00:00,2021-02-09 21:29:00+00:00,2021-02-09 21:38:00+00:00,3.4839188097684333,1.0,0.5,0.75,0.00011043356827404958,480.0,0.0,1.9110435361800693,1
2021-02-10 00:50:00+00:00,1,0.0002145378201754422,2.5,1.2111854621798246,DC:-1:2021-02-10 00:35:00+00:00,1.2117,1.2113,1.2115,1.2112,2021-02-10 00:25:00+00:00,2021-02-10 00:34:00+00:00,2021-02-10 00:35:00+00:00,2021-02-10 00:45:00+00:00,2021-02-10 00:38:00+00:00,2021-02-10 00:50:00+00:00,2.907430301080913,0.5,0.5,0.75,0.00014537820175501587,300.0,0.0,1.4757220655196348,-1
2021-02-10 02:04:00+00:00,-1,0.0002162958680109739,2.5,1.211816295868011,DC:1:2021-02-10 01:59:00+00:00,1.2113,1.2117,1.2115,1.2118,2021-02-10 01:52:00+00:00,2021-02-10 01:56:00+00:00,2021-02-10 01:59:00+00:00,2021-02-10 02:02:00+00:00,2021-02-10 02:02:00+00:00,2021-02-10 02:04:00+00:00,2.63417242206936,1.0,0.5,0.75,0.00016295868010937268,120.0,1.0,1.3273049822556429,1
2021-02-10 03:23:00+00:00,-1,0.0002171268890300837,2.5,1.21291712688903,DC:1:2021-02-10 03:07:00+00:00,1.2123,1.2128,1.2126,1.2129,2021-02-10 03:01:00+00:00,2021-02-10 03:06:00+00:00,2021-02-10 03:07:00+00:00,2021-02-10 03:21:00+00:00,2021-02-10 03:19:00+00:00,2021-02-10 03:23:00+00:00,2.820958354963376,0.7142857142858049,0.4000000000002665,0.6000000000001776,0.00017126889029855312,120.0,0.0,1.2677543986627793,1
2021-02-10 06:18:00+00:00,1,0.0002140629653639703,2.5,1.212185937034636,DC:-1:2021-02-10 06:14:00+00:00,1.2127,1.2123,1.2125,1.2122,2021-02-10 06:07:00+00:00,2021-02-10 06:13:00+00:00,2021-02-10 06:14:00+00:00,2021-02-10 06:17:00+00:00,2021-02-10 06:17:00+00:00,2021-02-10 06:18:00+00:00,3.0172977394797966,1.0000000000022204,0.5,0.75,0.00014062965363979176,60.0,1.0,1.5221751588201329,-1
2021-02-10 07:24:00+00:00,-1,0.0002176130927975528,2.5,1.2129176130927974,DC:1:2021-02-10 07:21:00+00:00,1.2123,1.2128,1.2126,1.2129,2021-02-10 07:14:00+00:00,2021-02-10 07:19:00+00:00,2021-02-10 07:21:00+00:00,2021-02-10 07:23:00+00:00,2021-02-10 07:22:00+00:00,2021-02-10 07:24:00+00:00,3.2187594463874305,0.7142857142853518,0.4000000000002665,0.6000000000001776,0.00017613092797372492,60.0,0.0,1.2355189136913884,1
2021-02-10 10:36:00+00:00,-1,0.0004237601270533631,2.5,1.2128237601270533,DC:1:2021-02-10 10:28:00+00:00,1.2117,1.2126,1.2123,1.2128,2021-02-10 10:17:00+00:00,2021-02-10 10:23:00+00:00,2021-02-10 10:28:00+00:00,2021-02-10 10:35:00+00:00,2021-02-10 10:34:00+00:00,2021-02-10 10:36:00+00:00,3.391853374470364,1.0000000000002467,0.3333333333333333,0.5555555555558023,0.00023760127053143454,60.0,1.0,1.783492681270405,1
2021-02-11 02:16:00+00:00,-1,0.00021722829947190547,2.5,1.212017228299472,DC:1:2021-02-11 02:06:00+00:00,1.2113,1.2119,1.2116,1.212,2021-02-11 01:49:00+00:00,2021-02-11 02:05:00+00:00,2021-02-11 02:10:00+00:00,2021-02-11 02:15:00+00:00,2021-02-11 02:11:00+00:00,2021-02-11 02:16:00+00:00,3.4826635868338913,0.5000000000011102,0.5,0.6666666666666666,0.0001722829947200037,60.0,0.0,1.260880679633805,1
2021-02-11 20:05:00+00:00,-1,0.0002136634715230734,2.5,1.2132136634715232,DC:1:2021-02-11 19:55:00+00:00,1.2127,1.2131,1.2129,1.2132,2021-02-11 19:40:00+00:00,2021-02-11 19:49:00+00:00,2021-02-11 19:55:00+00:00,2021-02-11 20:04:00+00:00,2021-02-11 19:59:00+00:00,2021-02-11 20:05:00+00:00,2.376489454098036,1.0000000000005551,0.49999999999972244,0.7499999999995837,0.000136634715230724,60.0,0.0,1.5637568473156853,1
2021-02-12 04:28:00+00:00,-1,0.00021317674056264835,2.5,1.2123131767405626,DC:1:2021-02-12 04:10:00+00:00,1.2118,1.2122,1.212,1.2123,2021-02-12 04:01:00+00:00,2021-02-12 04:04:00+00:00,2021-02-12 04:10:00+00:00,2021-02-12 04:20:00+00:00,2021-02-12 04:12:00+00:00,2021-02-12 04:28:00+00:00,3.075195088697164,1.0,0.5,0.75,0.00013176740562726038,480.0,0.0,1.6178260439131376,1
2021-02-12 13:51:00+00:00,1,0.00032309628993010264,2.5,1.2082769037100698,DC:-1:2021-02-12 13:41:00+00:00,1.2099,1.2085,1.209,1.2083,2021-02-12 13:26:00+00:00,2021-02-12 13:39:00+00:00,2021-02-12 13:45:00+00:00,2021-02-12 13:50:00+00:00,2021-02-12 13:48:00+00:00,2021-02-12 13:51:00+00:00,6.319396946623733,0.7000000000004218,0.3571428571429591,0.5000000000000793,0.00023096289930098267,60.0,0.0,1.3989099154364832,-1
2021-02-12 20:14:00+00:00,1,0.0002132852433966992,2.5,1.2111867147566033,DC:-1:2021-02-12 20:02:00+00:00,1.2119,1.2113,1.2116,1.2112,2021-02-12 19:47:00+00:00,2021-02-12 20:01:00+00:00,2021-02-12 20:08:00+00:00,2021-02-12 20:12:00+00:00,2021-02-12 20:12:00+00:00,2021-02-12 20:14:00+00:00,4.058300952874832,0.750000000001249,0.5,0.6666666666666666,0.00013285243396719075,120.0,1.0,1.6054297014187344,-1
2021-02-15 00:01:00+00:00,1,0.00021038522804772697,2.5,1.2118896147719522,DC:-1:2021-02-14 23:38:00+00:00,1.2124,1.212,1.2122,1.2119,2021-02-14 23:22:00+00:00,2021-02-14 23:36:00+00:00,2021-02-14 23:38:00+00:00,2021-02-15 00:00:00+00:00,2021-02-15 00:00:00+00:00,2021-02-15 00:01:00+00:00,2.488934615688264,0.5000000000008327,0.5,0.75,0.00010385228047742324,60.0,1.0,2.0258123084111115,-1
2021-02-15 02:28:00+00:00,-1,0.00021637769746285507,2.5,1.213216377697463,DC:1:2021-02-15 02:26:00+00:00,1.2126,1.2131,1.2129,1.2132,2021-02-15 02:06:00+00:00,2021-02-15 02:21:00+00:00,2021-02-15 02:26:00+00:00,2021-02-15 02:27:00+00:00,2021-02-15 02:27:00+00:00,2021-02-15 02:28:00+00:00,3.782534549438257,0.5555555555562135,0.3999999999998224,0.5999999999997335,0.00016377697462784693,60.0,1.0,1.3211728813194505,1
2021-02-15 07:45:00+00:00,1,0.0002143393689280071,2.5,1.212985660631072,DC:-1:2021-02-15 07:36:00+00:00,1.2137,1.2131,1.2133,1.213,2021-02-15 07:21:00+00:00,2021-02-15 07:35:00+00:00,2021-02-15 07:36:00+00:00,2021-02-15 07:44:00+00:00,2021-02-15 07:42:00+00:00,2021-02-15 07:45:00+00:00,4.700698669858297,0.6000000000007993,0.3333333333333333,0.5,0.00014339368928100149,60.0,0.0,1.4947615198600328,-1
2021-02-15 09:34:00+00:00,-1,0.00032217824976044085,2.5,1.2141221782497604,DC:1:2021-02-15 09:19:00+00:00,1.2134,1.214,1.2137,1.2141,2021-02-15 09:04:00+00:00,2021-02-15 09:14:00+00:00,2021-02-15 09:19:00+00:00,2021-02-15 09:30:00+00:00,2021-02-15 09:23:00+00:00,2021-02-15 09:34:00+00:00,2.373858014487629,0.6000000000005329,0.5,0.6666666666666666,0.0002217824976048272,240.0,0.0,1.4526766234479833,1
2021-02-15 12:55:00+00:00,-1,0.0002148123084986242,2.5,1.2133148123084987,DC:1:2021-02-15 12:42:00+00:00,1.2125,1.2132,1.213,1.2133,2021-02-15 12:24:00+00:00,2021-02-15 12:38:00+00:00,2021-02-15 12:42:00+00:00,2021-02-15 12:48:00+00:00,2021-02-15 12:47:00+00:00,2021-02-15 12:55:00+00:00,4.154759116022943,0.5384615384618012,0.2857142857141951,0.4285714285712926,0.0001481230849870746,420.0,0.0,1.450228426699113,1
2021-02-15 14:50:00+00:00,1,0.00021701611701763213,2.5,1.2121829838829823,DC:-1:2021-02-15 14:40:00+00:00,1.2127,1.2123,1.2125,1.2122,2021-02-15 14:32:00+00:00,2021-02-15 14:33:00+00:00,2021-02-15 14:40:00+00:00,2021-02-15 14:48:00+00:00,2021-02-15 14:48:00+00:00,2021-02-15 14:50:00+00:00,2.339823953908181,1.0,0.5,0.75,0.0001701611701757175,120.0,1.0,1.2753562801285963,-1
2021-02-16 00:55:00+00:00,1,0.0002147658575653022,2.5,1.2134852341424347,DC:-1:2021-02-16 00:50:00+00:00,1.214,1.2136,1.2138,1.2135,2021-02-16 00:42:00+00:00,2021-02-16 00:48:00+00:00,2021-02-16 00:50:00+00:00,2021-02-16 00:53:00+00:00,2021-02-16 00:53:00+00:00,2021-02-16 00:55:00+00:00,2.667479612824709,1.0,0.5,0.75,0.00014765857565230065,120.0,1.0,1.4544760208917535,-1
2021-02-16 09:39:00+00:00,1,0.00032449241183529764,2.5,1.2143755075881646,DC:-1:2021-02-16 09:29:00+00:00,1.2153,1.2146,1.2149,1.2144,2021-02-16 09:21:00+00:00,2021-02-16 09:26:00+00:00,2021-02-16 09:29:00+00:00,2021-02-16 09:38:00+00:00,2021-02-16 09:31:00+00:00,2021-02-16 09:39:00+00:00,2.9048606147752962,0.7777777777778326,0.42857142857160985,0.7142857142858049,0.0002449241183522696,60.0,1.0,1.3248691636345364,-1
2021-02-16 15:41:00+00:00,-1,0.00032919103559292395,2.5,1.211529191035593,DC:1:2021-02-16 15:29:00+00:00,1.2097,1.2114,1.211,1.2115,2021-02-16 15:00:00+00:00,2021-02-16 15:25:00+00:00,2021-02-16 15:29:00+00:00,2021-02-16 15:33:00+00:00,2021-02-16 15:32:00+00:00,2021-02-16 15:41:00+00:00,4.901778676306408,0.5151515151516171,0.2352941176470281,0.2941176470587851,0.0002919103559306216,480.0,0.0,1.1277127683375607,1
2021-02-16 16:06:00+00:00,-1,0.00043341716531752894,2.5,1.2122334171653175,DC:1:2021-02-16 16:01:00+00:00,1.2107,1.2119,1.2116,1.2122,2021-02-16 15:54:00+00:00,2021-02-16 15:59:00+00:00,2021-02-16 16:01:00+00:00,2021-02-16 16:04:00+00:00,2021-02-16 16:03:00+00:00,2021-02-16 16:06:00+00:00,4.036037204391137,1.0,0.25,0.5,0.00033417165317511477,120.0,1.0,1.2969896195546153,1
2021-02-16 17:12:00+00:00,1,0.0003219383871917447,2.5,1.2103780616128084,DC:-1:2021-02-16 17:01:00+00:00,1.2114,1.2105,1.2108,1.2104,2021-02-16 16:40:00+00:00,2021-02-16 16:56:00+00:00,2021-02-16 17:01:00+00:00,2021-02-16 17:10:00+00:00,2021-02-16 17:10:00+00:00,2021-02-16 17:12:00+00:00,3.3457949491012964,0.5294117647058055,0.3333333333334978,0.44444444444458153,0.0002193838719152479,120.0,1.0,1.467466064762115,-1
2021-02-17 07:15:00+00:00,1,0.0002177243026162401,2.5,1.2076822756973837,DC:-1:2021-02-17 07:05:00+00:00,1.2087,1.2078,1.208,1.2077,2021-02-17 06:58:00+00:00,2021-02-17 07:04:00+00:00,2021-02-17 07:05:00+00:00,2021-02-17 07:11:00+00:00,2021-02-17 07:10:00+00:00,2021-02-17 07:15:00+00:00,5.69699511698624,0.9999999999995066,0.2222222222221674,0.3333333333332511,0.0001772430261620768,240.0,0.0,1.228394184700649,-1
2021-02-17 07:36:00+00:00,1,0.00021703216661150826,2.5,1.2071829678333885,DC:-1:2021-02-17 07:19:00+00:00,1.2079,1.2073,1.2076,1.2072,2021-02-17 07:15:00+00:00,2021-02-17 07:17:00+00:00,2021-02-17 07:22:00+00:00,2021-02-17 07:34:00+00:00,2021-02-17 07:31:00+00:00,2021-02-17 07:36:00+00:00,3.5187468479839725,1.0,0.5,0.6666666666666666,0.00017032166611626818,120.0,0.0,1.274248729244779,-1
2021-02-17 07:59:00+00:00,1,0.00021726802173693827,2.5,1.207082731978263,DC:-1:2021-02-17 07:53:00+00:00,1.2077,1.2072,1.2074,1.2071,2021-02-17 07:46:00+00:00,2021-02-17 07:50:00+00:00,2021-02-17 07:53:00+00:00,2021-02-17 07:55:00+00:00,2021-02-17 07:55:00+00:00,2021-02-17 07:59:00+00:00,2.8676446358223493,1.000000000000444,0.4,0.6,0.0001726802173699274,240.0,1.0,1.2582102631449195,-1
2021-02-17 15:33:00+00:00,1,0.0005287300264931183,2.5,1.202771269973507,DC:-1:2021-02-17 15:30:00+00:00,1.204,1.2031,1.2035,1.2028,2021-02-17 15:09:00+00:00,2021-02-17 15:18:00+00:00,2021-02-17 15:30:00+00:00,2021-02-17 15:32:00+00:00,2021-02-17 15:31:00+00:00,2021-02-17 15:33:00+00:00,2.9983907950065714,0.4736842105262604,0.4444444444444444,0.7777777777777778,0.00028730026493124794,60.0,0.0,1.8403395020176727,-1
2021-02-17 18:07:00+00:00,1,0.00021780170243657082,2.5,1.2039821982975634,DC:-1:2021-02-17 18:05:00+00:00,1.2046,1.2041,1.2043,1.204,2021-02-17 17:51:00+00:00,2021-02-17 18:03:00+00:00,2021-02-17 18:05:00+00:00,2021-02-17 18:06:00+00:00,2021-02-17 18:06:00+00:00,2021-02-17 18:07:00+00:00,3.3192069574631087,0.5555555555554185,0.4,0.6,0.00017801702436643857,60.0,1.0,1.2234880524024354,-1
2021-02-17 18:29:00+00:00,1,0.00021841424215707228,2.5,1.2037815857578429,DC:-1:2021-02-17 18:25:00+00:00,1.2043,1.2039,1.2041,1.2038,2021-02-17 18:10:00+00:00,2021-02-17 18:24:00+00:00,2021-02-17 18:25:00+00:00,2021-02-17 18:28:00+00:00,2021-02-17 18:27:00+00:00,2021-02-17 18:29:00+00:00,2.017661956043795,0.5000000000002776,0.5,0.75,0.00018414242157076935,60.0,0.0,1.186115835199504,-1
2021-02-18 03:36:00+00:00,1,0.0002169586956759506,2.5,1.203483041304324,DC:-1:2021-02-18 03:25:00+00:00,1.2044,1.2036,1.204,1.2035,2021-02-18 03:05:00+00:00,2021-02-18 03:24:00+00:00,2021-02-18 03:27:00+00:00,2021-02-18 03:34:00+00:00,2021-02-18 03:29:00+00:00,2021-02-18 03:36:00+00:00,4.4260155474789356,0.6666666666674068,0.5,0.625,0.00016958695675948522,120.0,0.0,1.279335980913024,-1
2021-02-18 08:55:00+00:00,-1,0.0003252718066932836,2.5,1.2066252718066932,DC:1:2021-02-18 08:49:00+00:00,1.2054,1.2065,1.2062,1.2066,2021-02-18 08:36:00+00:00,2021-02-18 08:48:00+00:00,2021-02-18 08:49:00+00:00,2021-02-18 08:53:00+00:00,2021-02-18 08:53:00+00:00,2021-02-18 08:55:00+00:00,4.0489469026017675,1.0000000000006055,0.2727272727272727,0.36363636363636365,0.0002527180669339615,120.0,1.0,1.2870936005468945,1
2021-02-18 13:16:00+00:00,-1,0.0004253265202347478,2.5,1.2086253265202347,DC:1:2021-02-18 12:52:00+00:00,1.2065,1.2085,1.2075,1.2086,2021-02-18 12:31:00+00:00,2021-02-18 12:51:00+00:00,2021-02-18 13:02:00+00:00,2021-02-18 13:14:00+00:00,2021-02-18 13:05:00+00:00,2021-02-18 13:16:00+00:00,8.91303650661914,0.7692307692307232,0.4999999999999445,0.549999999999939,0.0002532652023485386,120.0,0.0,1.6793721217548938,1
2021-02-18 15:51:00+00:00,-1,0.000324638715110126,2.5,1.20822463871511,DC:1:2021-02-18 15:46:00+00:00,1.2062,1.208,1.2075,1.2082,2021-02-18 15:19:00+00:00,2021-02-18 15:44:00+00:00,2021-02-18 15:47:00+00:00,2021-02-18 15:50:00+00:00,2021-02-18 15:48:00+00:00,2021-02-18 15:51:00+00:00,6.041041858028436,0.75000000000037,0.2777777777777435,0.38888888888884093,0.00024638715110060147,60.0,0.0,1.317595960909398,1
2021-02-18 17:51:00+00:00,-1,0.00031727680941751046,2.5,1.2084172768094175,DC:1:2021-02-18 17:39:00+00:00,1.2077,1.2083,1.208,1.2084,2021-02-18 17:26:00+00:00,2021-02-18 17:37:00+00:00,2021-02-18 17:39:00+00:00,2021-02-18 17:46:00+00:00,2021-02-18 17:43:00+00:00,2021-02-18 17:51:00+00:00,3.011952484041235,0.7500000000004163,0.5,0.6666666666666666,0.00017276809417480536,300.0,0.0,1.8364317261987757,1
2021-02-19 01:50:00+00:00,1,0.00021811408230720808,2.5,1.2085818859176929,DC:-1:2021-02-19 01:40:00+00:00,1.2093,1.2087,1.2089,1.2086,2021-02-19 01:26:00+00:00,2021-02-19 01:39:00+00:00,2021-02-19 01:40:00+00:00,2021-02-19 01:46:00+00:00,2021-02-19 01:41:00+00:00,2021-02-19 01:50:00+00:00,3.565737618920759,0.5000000000011102,0.3333333333333333,0.50000000000037,0.00018114082306939057,240.0,0.0,1.2041133445863497,-1
2021-02-19 02:15:00+00:00,1,0.0002175776519648398,2.5,1.208282422348035,DC:-1:2021-02-19 02:09:00+00:00,1.2088,1.2084,1.2086,1.2083,2021-02-19 02:03:00+00:00,2021-02-19 02:08:00+00:00,2021-02-19 02:09:00+00:00,2021-02-19 02:14:00+00:00,2021-02-19 02:11:00+00:00,2021-02-19 02:15:00+00:00,2.4160812352471264,1.0000000000027756,0.49999999999972244,0.7499999999995837,0.00017577651964881103,60.0,0.0,1.2378083967047728,-1
2021-02-19 10:17:00+00:00,1,0.00042140082576103133,2.5,1.212978599174239,DC:-1:2021-02-19 09:54:00+00:00,1.214,1.2131,1.2135,1.213,2021-02-19 09:39:00+00:00,2021-02-19 09:53:00+00:00,2021-02-19 09:54:00+00:00,2021-02-19 10:11:00+00:00,2021-02-19 10:08:00+00:00,2021-02-19 10:17:00+00:00,3.4993365771820484,0.6923076923092295,0.4444444444444444,0.5555555555555556,0.00021400825761053275,360.0,0.0,1.9690867561191314,-1
2021-02-19 16:06:00+00:00,1,0.00042439063435995017,2.5,1.21227560936564,DC:-1:2021-02-19 16:00:00+00:00,1.2132,1.2125,1.2128,1.2123,2021-02-19 15:49:00+00:00,2021-02-19 15:54:00+00:00,2021-02-19 16:00:00+00:00,2021-02-19 16:03:00+00:00,2021-02-19 16:02:00+00:00,2021-02-19 16:06:00+00:00,2.667508185501583,1.0000000000012688,0.42857142857160985,0.7142857142858049,0.00024390634360031482,180.0,0.0,1.739973746051443,-1
2021-02-19 18:49:00+00:00,1,0.00032084810032895206,2.5,1.2107791518996711,DC:-1:2021-02-19 18:31:00+00:00,1.2117,1.2109,1.2113,1.2108,2021-02-19 18:16:00+00:00,2021-02-19 18:24:00+00:00,2021-02-19 18:31:00+00:00,2021-02-19 18:35:00+00:00,2021-02-19 18:34:00+00:00,2021-02-19 18:49:00+00:00,3.70367931589755,0.8000000000003553,0.5,0.625,0.00020848100329037207,840.0,0.0,1.5389800282286403,-1
2021-02-19 19:21:00+00:00,-1,0.0002194950908211979,2.5,1.2115194950908212,DC:1:2021-02-19 19:07:00+00:00,1.2108,1.2114,1.2111,1.2115,2021-02-19 18:52:00+00:00,2021-02-19 19:06:00+00:00,2021-02-19 19:09:00+00:00,2021-02-19 19:20:00+00:00,2021-02-19 19:11:00+00:00,2021-02-19 19:21:00+00:00,3.1857176499879634,0.5000000000007402,0.5,0.6666666666666666,0.0001949509082123246,60.0,0.0,1.1258992986179976,1
2021-02-19 20:11:00+00:00,-1,0.00021501434522908092,2.5,1.211715014345229,DC:1:2021-02-19 19:55:00+00:00,1.211,1.2116,1.2114,1.2117,2021-02-19 19:42:00+00:00,2021-02-19 19:53:00+00:00,2021-02-19 19:55:00+00:00,2021-02-19 20:06:00+00:00,2021-02-19 19:59:00+00:00,2021-02-19 20:11:00+00:00,3.4024956802484394,1.0000000000022204,0.3333333333333333,0.5,0.00015014345229204793,300.0,0.0,1.4320594201527412,1
2021-02-19 21:10:00+00:00,1,0.00021245596788443954,2.5,1.2113875440321156,DC:-1:2021-02-19 21:00:00+00:00,1.2119,1.2115,1.2117,1.2114,2021-02-19 20:50:00+00:00,2021-02-19 20:56:00+00:00,2021-02-19 21:00:00+00:00,2021-02-19 21:04:00+00:00,2021-02-19 21:03:00+00:00,2021-02-19 21:10:00+00:00,3.057150425361658,1.0000000000022204,0.5,0.75,0.00012455967884462174,360.0,0.0,1.7056560345620466,-1
2021-02-22 01:02:00+00:00,-1,0.00021855929715441924,2.5,1.2127185592971543,DC:1:2021-02-22 00:59:00+00:00,1.2122,1.2126,1.2124,1.2127,2021-02-22 00:53:00+00:00,2021-02-22 00:57:00+00:00,2021-02-22 00:59:00+00:00,2021-02-22 01:01:00+00:00,2021-02-22 01:01:00+00:00,2021-02-22 01:02:00+00:00,2.097242975756925,1.0,0.5,0.75,0.00018559297154485476,60.0,1.0,1.1776270153721693,1
2021-02-22 02:22:00+00:00,1,0.00032084825589540067,2.5,1.2118791517441045,DC:-1:2021-02-22 02:12:00+00:00,1.2128,1.212,1.2123,1.2119,2021-02-22 02:02:00+00:00,2021-02-22 02:11:00+00:00,2021-02-22 02:13:00+00:00,2021-02-22 02:17:00+00:00,2021-02-22 02:17:00+00:00,2021-02-22 02:22:00+00:00,4.032530577851784,0.8000000000005774,0.3749999999998959,0.4999999999998612,0.0002084825589548998,300.0,1.0,1.5389692907827772,-1
2021-02-22 03:37:00+00:00,1,0.00021506742934929157,2.5,1.2114849325706507,DC:-1:2021-02-22 03:25:00+00:00,1.212,1.2116,1.2118,1.2115,2021-02-22 03:18:00+00:00,2021-02-22 03:24:00+00:00,2021-02-22 03:25:00+00:00,2021-02-22 03:33:00+00:00,2021-02-22 03:32:00+00:00,2021-02-22 03:37:00+00:00,2.5870676611313868,0.666666666668147,0.5,0.75,0.000150674293492385,240.0,0.0,1.4273664363334877,-1
2021-02-22 05:12:00+00:00,1,0.00021449372817583523,2.5,1.2117855062718241,DC:-1:2021-02-22 04:57:00+00:00,1.2123,1.2119,1.2121,1.2118,2021-02-22 04:47:00+00:00,2021-02-22 04:55:00+00:00,2021-02-22 04:57:00+00:00,2021-02-22 05:10:00+00:00,2021-02-22 05:08:00+00:00,2021-02-22 05:12:00+00:00,2.8918926852042635,0.666666666668147,0.5,0.75,0.00014493728175845518,120.0,0.0,1.4799072093355468,-1
2021-02-22 06:38:00+00:00,-1,0.00021551626242422017,2.5,1.2124155162624242,DC:1:2021-02-22 06:21:00+00:00,1.2119,1.2123,1.2121,1.2124,2021-02-22 06:07:00+00:00,2021-02-22 06:20:00+00:00,2021-02-22 06:21:00+00:00,2021-02-22 06:31:00+00:00,2021-02-22 06:27:00+00:00,2021-02-22 06:38:00+00:00,2.491265725689319,0.5000000000011102,0.5,0.75,0.00015516262424218307,420.0,0.0,1.3889702077211268,1
2021-02-22 09:08:00+00:00,-1,0.0006228870032938261,2.5,1.2105228870032938,DC:1:2021-02-22 09:04:00+00:00,1.2092,1.2102,1.2098,1.2105,2021-02-22 08:46:00+00:00,2021-02-22 09:02:00+00:00,2021-02-22 09:04:00+00:00,2021-02-22 09:06:00+00:00,2021-02-22 09:06:00+00:00,2021-02-22 09:08:00+00:00,4.598595371784863,0.5555555555562409,0.4,0.7,0.00022887003293815453,120.0,1.0,2.7215751896280067,1
2021-02-22 10:58:00+00:00,1,0.0003268838606169666,2.5,1.2126731161393831,DC:-1:2021-02-22 10:47:00+00:00,1.2135,1.2129,1.2132,1.2127,2021-02-22 10:42:00+00:00,2021-02-22 10:46:00+00:00,2021-02-22 10:47:00+00:00,2021-02-22 10:55:00+00:00,2021-02-22 10:51:00+00:00,2021-02-22 10:58:00+00:00,2.2382145657273154,0.9999999999992598,0.5,0.8333333333337034,0.000268838606168459,180.0,1.0,1.2159111567932153,-1
2021-02-22 12:14:00+00:00,1,0.0003232486151485414,2.5,1.2133767513848515,DC:-1:2021-02-22 12:04:00+00:00,1.2142,1.2135,1.2138,1.2134,2021-02-22 11:47:00+00:00,2021-02-22 11:55:00+00:00,2021-02-22 12:04:00+00:00,2021-02-22 12:07:00+00:00,2021-02-22 12:05:00+00:00,2021-02-22 12:14:00+00:00,2.5430598316833843,0.9999999999996828,0.42857142857142855,0.5714285714285714,0.0002324861514867986,420.0,0.0,1.3903994413486458,-1
2021-02-22 13:09:00+00:00,-1,0.00021966644350368547,2.5,1.2139196664435037,DC:1:2021-02-22 12:59:00+00:00,1.2131,1.2138,1.2135,1.2139,2021-02-22 12:44:00+00:00,2021-02-22 12:58:00+00:00,2021-02-22 12:59:00+00:00,2021-02-22 13:05:00+00:00,2021-02-22 13:05:00+00:00,2021-02-22 13:09:00+00:00,3.042762223115425,0.6363636363645355,0.42857142857142855,0.5714285714285714,0.0001966644350374506,240.0,1.0,1.1169606922667772,1
2021-02-22 14:23:00+00:00,1,0.00042468625919256375,2.5,1.2138753137408074,DC:-1:2021-02-22 14:11:00+00:00,1.2153,1.2141,1.2146,1.2139,2021-02-22 13:49:00+00:00,2021-02-22 14:03:00+00:00,2021-02-22 14:14:00+00:00,2021-02-22 14:18:00+00:00,2021-02-22 14:15:00+00:00,2021-02-22 14:23:00+00:00,4.704782845922903,0.5999999999998445,0.4166666666665896,0.5833333333332253,0.0002468625919253424,300.0,0.0,1.7203346034744698,-1
2021-02-22 15:16:00+00:00,-1,0.0006292840786441545,2.5,1.2154292840786443,DC:1:2021-02-22 15:10:00+00:00,1.2137,1.215,1.2144,1.2154,2021-02-22 14:41:00+00:00,2021-02-22 15:03:00+00:00,2021-02-22 15:11:00+00:00,2021-02-22 15:14:00+00:00,2021-02-22 15:12:00+00:00,2021-02-22 15:16:00+00:00,3.7872152755296558,0.48148148148199926,0.4615384615385535,0.7692307692308087,0.000292840786441313,120.0,0.0,2.1488949209958044,1
2021-02-22 19:28:00+00:00,-1,0.00021426714635763844,2.5,1.2168142671463575,DC:1:2021-02-22 19:09:00+00:00,1.2163,1.2167,1.2165,1.2168,2021-02-22 19:02:00+00:00,2021-02-22 19:07:00+00:00,2021-02-22 19:09:00+00:00,2021-02-22 19:25:00+00:00,2021-02-22 19:13:00+00:00,2021-02-22 19:28:00+00:00,2.7450788657649623,1.0000000000022204,0.5,0.7500000000005551,0.00014267146357329263,180.0,0.0,1.5018220251701977,1
2021-02-22 20:44:00+00:00,1,0.0002142809963732173,2.5,1.2154857190036268,DC:-1:2021-02-22 20:30:00+00:00,1.2161,1.2156,1.2158,1.2155,2021-02-22 20:18:00+00:00,2021-02-22 20:26:00+00:00,2021-02-22 20:30:00+00:00,2021-02-22 20:43:00+00:00,2021-02-22 20:37:00+00:00,2021-02-22 20:44:00+00:00,3.3026343431246756,0.7142857142873004,0.4,0.6,0.00014280996373307347,60.0,0.0,1.5004625081603589,-1
2021-02-23 01:00:00+00:00,-1,0.0003170531525831244,2.5,1.2173170531525832,DC:1:2021-02-23 00:56:00+00:00,1.2164,1.2171,1.2169,1.2173,2021-02-23 00:46:00+00:00,2021-02-23 00:53:00+00:00,2021-02-23 00:56:00+00:00,2021-02-23 00:59:00+00:00,2021-02-23 00:58:00+00:00,2021-02-23 01:00:00+00:00,4.164082681191642,1.0,0.2857142857141951,0.5714285714283902,0.0001705315258320188,60.0,1.0,1.859205510747825,1
2021-02-23 07:08:00+00:00,-1,0.0003172604837409221,2.5,1.217317260483741,DC:1:2021-02-23 07:00:00+00:00,1.2165,1.2172,1.2169,1.2173,2021-02-23 06:54:00+00:00,2021-02-23 06:59:00+00:00,2021-02-23 07:00:00+00:00,2021-02-23 07:05:00+00:00,2021-02-23 07:01:00+00:00,2021-02-23 07:08:00+00:00,5.194541807339006,1.0000000000012688,0.4285714285712926,0.5714285714283902,0.00017260483740890256,180.0,0.0,1.838074114859996,1
2021-02-23 08:42:00+00:00,1,0.0004292481695939987,2.5,1.215470751830406,DC:-1:2021-02-23 08:30:00+00:00,1.2166,1.2158,1.2162,1.2155,2021-02-23 08:21:00+00:00,2021-02-23 08:29:00+00:00,2021-02-23 08:30:00+00:00,2021-02-23 08:38:00+00:00,2021-02-23 08:31:00+00:00,2021-02-23 08:42:00+00:00,3.051580303234495,0.666666666668147,0.5,0.875,0.0002924816959404022,240.0,0.0,1.4676069496036594,-1
2021-02-23 09:29:00+00:00,1,0.0003280071140421281,2.5,1.214971992885958,DC:-1:2021-02-23 09:07:00+00:00,1.2159,1.2151,1.2155,1.215,2021-02-23 09:00:00+00:00,2021-02-23 09:06:00+00:00,2021-02-23 09:09:00+00:00,2021-02-23 09:26:00+00:00,2021-02-23 09:10:00+00:00,2021-02-23 09:29:00+00:00,3.154414477645939,0.8000000000003553,0.5,0.625,0.0002800711404225791,180.0,0.0,1.1711564195697632,-1
2021-02-23 12:55:00+00:00,1,0.0003247005736637387,2.5,1.2144752994263364,DC:-1:2021-02-23 12:48:00+00:00,1.2157,1.2146,1.2149,1.2145,2021-02-23 12:32:00+00:00,2021-02-23 12:47:00+00:00,2021-02-23 12:48:00+00:00,2021-02-23 12:53:00+00:00,2021-02-23 12:51:00+00:00,2021-02-23 12:55:00+00:00,4.93586078914662,0.5789473684221844,0.27272727272741953,0.3636363636364921,0.00024700573663638255,120.0,0.0,1.314546690637112,-1
2021-02-23 14:53:00+00:00,1,0.0003294425346707097,2.5,1.2135705574653293,DC:-1:2021-02-23 14:49:00+00:00,1.2145,1.2137,1.214,1.2136,2021-02-23 14:41:00+00:00,2021-02-23 14:48:00+00:00,2021-02-23 14:49:00+00:00,2021-02-23 14:51:00+00:00,2021-02-23 14:50:00+00:00,2021-02-23 14:53:00+00:00,2.8412680954107064,0.6666666666676535,0.375,0.5,0.0002944253467067681,120.0,0.0,1.1189340128342173,-1
2021-02-23 16:25:00+00:00,1,0.00043245872886021886,2.5,1.2154675412711398,DC:-1:2021-02-23 16:14:00+00:00,1.2165,1.2157,1.2161,1.2155,2021-02-23 16:05:00+00:00,2021-02-23 16:11:00+00:00,2021-02-23 16:14:00+00:00,2021-02-23 16:23:00+00:00,2021-02-23 16:21:00+00:00,2021-02-23 16:25:00+00:00,2.307939039834583,0.5714285714287527,0.5,0.75,0.0003245872886016868,120.0,0.0,1.3323341487685463,-1
2021-02-23 20:26:00+00:00,-1,0.00021713882350460345,2.5,1.2147171388235045,DC:1:2021-02-23 20:15:00+00:00,1.2142,1.2146,1.2144,1.2147,2021-02-23 20:07:00+00:00,2021-02-23 20:13:00+00:00,2021-02-23 20:15:00+00:00,2021-02-23 20:25:00+00:00,2021-02-23 20:18:00+00:00,2021-02-23 20:26:00+00:00,2.24149841731644,1.0000000000022204,0.5,0.75,0.00017138823504572075,60.0,0.0,1.2669412427677895,1
2021-02-24 01:21:00+00:00,-1,0.0002190656111606959,2.5,1.2162190656111607,DC:1:2021-02-24 01:09:00+00:00,1.2152,1.2161,1.2159,1.2162,2021-02-24 01:04:00+00:00,2021-02-24 01:08:00+00:00,2021-02-24 01:09:00+00:00,2021-02-24 01:19:00+00:00,2021-02-24 01:14:00+00:00,2021-02-24 01:21:00+00:00,5.603505811292109,1.0000000000002467,0.2222222222222222,0.3333333333333333,0.00019065611160728582,120.0,0.0,1.1490091207352853,1
2021-02-24 17:28:00+00:00,-1,0.00032584828418857903,2.5,1.2146258482841885,DC:1:2021-02-24 17:03:00+00:00,1.2134,1.2144,1.214,1.2146,2021-02-24 16:56:00+00:00,2021-02-24 17:01:00+00:00,2021-02-24 17:05:00+00:00,2021-02-24 17:25:00+00:00,2021-02-24 17:13:00+00:00,2021-02-24 17:28:00+00:00,3.8862078799193154,0.9999999999986677,0.4,0.6,0.00025848284188632095,180.0,0.0,1.2606186229254046,1
2021-02-24 19:23:00+00:00,-1,0.00021686224631833895,2.5,1.2148168622463182,DC:1:2021-02-24 19:16:00+00:00,1.2142,1.2147,1.2145,1.2148,2021-02-24 19:07:00+00:00,2021-02-24 19:13:00+00:00,2021-02-24 19:16:00+00:00,2021-02-24 19:22:00+00:00,2021-02-24 19:22:00+00:00,2021-02-24 19:23:00+00:00,2.7900561820405736,1.000000000000444,0.4,0.6000000000004441,0.0001686224631810241,60.0,1.0,1.2860815945116824,1
2021-02-24 22:46:00+00:00,1,0.0002181942360273137,2.5,1.2161818057639726,DC:-1:2021-02-24 22:33:00+00:00,1.217,1.2163,1.2166,1.2162,2021-02-24 22:06:00+00:00,2021-02-24 22:29:00+00:00,2021-02-24 22:33:00+00:00,2021-02-24 22:45:00+00:00,2021-02-24 22:34:00+00:00,2021-02-24 22:46:00+00:00,2.529632588666894,0.5384615384621692,0.4285714285712926,0.5714285714283902,0.00018194236027405935,60.0,0.0,1.1992492331013418,-1
2021-02-25 00:27:00+00:00,1,0.0002102422315604091,2.5,1.2161897577684395,DC:-1:2021-02-25 00:23:00+00:00,1.2167,1.2163,1.2165,1.2162,2021-02-25 00:07:00+00:00,2021-02-25 00:22:00+00:00,2021-02-25 00:23:00+00:00,2021-02-25 00:25:00+00:00,2021-02-25 00:25:00+00:00,2021-02-25 00:27:00+00:00,3.8093421541768255,1.0000000000022204,0.5,0.75,0.00010242231560510426,120.0,1.0,2.052699456347105,-1
2021-02-25 03:48:00+00:00,-1,0.00021280168559978385,2.5,1.2167128016855997,DC:1:2021-02-25 03:34:00+00:00,1.216,1.2166,1.2163,1.2167,2021-02-25 03:12:00+00:00,2021-02-25 03:26:00+00:00,2021-02-25 03:34:00+00:00,2021-02-25 03:46:00+00:00,2021-02-25 03:35:00+00:00,2021-02-25 03:48:00+00:00,4.192617356845205,0.6000000000013322,0.5,0.6666666666666666,0.0001280168559986009,120.0,0.0,1.6622942653904076,1
2021-02-25 07:31:00+00:00,1,0.0004205581829956895,2.5,1.2167794418170044,DC:-1:2021-02-25 07:16:00+00:00,1.2181,1.2171,1.2174,1.2168,2021-02-25 06:55:00+00:00,2021-02-25 07:14:00+00:00,2021-02-25 07:17:00+00:00,2021-02-25 07:30:00+00:00,2021-02-25 07:23:00+00:00,2021-02-25 07:31:00+00:00,5.959763445839372,0.45454545454609685,0.3,0.6,0.0002055818299568657,60.0,0.0,2.045697244177315,-1
2021-02-25 12:42:00+00:00,-1,0.00042024497401516037,2.5,1.2236202449740152,DC:1:2021-02-25 12:20:00+00:00,1.2224,1.2234,1.223,1.2236,2021-02-25 12:10:00+00:00,2021-02-25 12:19:00+00:00,2021-02-25 12:29:00+00:00,2021-02-25 12:32:00+00:00,2021-02-25 12:30:00+00:00,2021-02-25 12:42:00+00:00,4.429185908475943,0.8333333333341352,0.3999999999999112,0.5999999999998668,0.0002024497401525938,600.0,0.0,2.0757990289264203,1
2021-02-25 15:02:00+00:00,-1,0.0005349106790197844,2.5,1.2241349106790198,DC:1:2021-02-25 14:47:00+00:00,1.222,1.2238,1.2232,1.2241,2021-02-25 14:34:00+00:00,2021-02-25 14:46:00+00:00,2021-02-25 14:48:00+00:00,2021-02-25 15:00:00+00:00,2021-02-25 14:52:00+00:00,2021-02-25 15:02:00+00:00,5.1412226947383886,0.8181818181827449,0.33333333333329224,0.4999999999999383,0.0003491067901986232,120.0,0.0,1.532226510734577,1
2021-02-25 17:53:00+00:00,1,0.00032949534147230786,2.5,1.2222705046585276,DC:-1:2021-02-25 17:43:00+00:00,1.2235,1.2224,1.2229,1.2223,2021-02-25 17:24:00+00:00,2021-02-25 17:38:00+00:00,2021-02-25 17:47:00+00:00,2021-02-25 17:52:00+00:00,2021-02-25 17:51:00+00:00,2021-02-25 17:53:00+00:00,3.789475745483707,0.5789473684219137,0.45454545454556466,0.5454545454546372,0.0002949534147236959,60.0,0.0,1.1171097706428315,-1
2021-02-25 23:24:00+00:00,1,0.00021877365038092123,2.5,1.217481226349619,DC:-1:2021-02-25 23:14:00+00:00,1.2184,1.2176,1.2179,1.2175,2021-02-25 22:58:00+00:00,2021-02-25 23:12:00+00:00,2021-02-25 23:16:00+00:00,2021-02-25 23:22:00+00:00,2021-02-25 23:17:00+00:00,2021-02-25 23:24:00+00:00,4.313960973486191,0.6666666666671601,0.375,0.5,0.00018773650380884998,120.0,0.0,1.1653229177191493,-1
2021-02-26 00:36:00+00:00,1,0.0006328089936515902,2.5,1.2139671910063483,DC:-1:2021-02-26 00:21:00+00:00,1.2166,1.2142,1.2149,1.214,2021-02-26 00:04:00+00:00,2021-02-26 00:20:00+00:00,2021-02-26 00:21:00+00:00,2021-02-26 00:31:00+00:00,2021-02-26 00:25:00+00:00,2021-02-26 00:36:00+00:00,9.856478250215154,0.8571428571432084,0.2916666666667322,0.37500000000005784,0.0003280899365167313,300.0,0.0,1.9287668508519444,-1
2021-02-26 05:19:00+00:00,-1,0.00031992620496845703,2.5,1.2158199262049685,DC:1:2021-02-26 05:12:00+00:00,1.2149,1.2157,1.2153,1.2158,2021-02-26 04:53:00+00:00,2021-02-26 05:04:00+00:00,2021-02-26 05:13:00+00:00,2021-02-26 05:15:00+00:00,2021-02-26 05:14:00+00:00,2021-02-26 05:19:00+00:00,3.395687622910483,0.8000000000017764,0.5,0.625,0.00019926204968408689,240.0,0.0,1.6055551243986146,1
2021-02-26 08:37:00+00:00,-1,0.0006329513475802351,2.5,1.2158329513475803,DC:1:2021-02-26 08:25:00+00:00,1.2142,1.2155,1.2151,1.2158,2021-02-26 08:14:00+00:00,2021-02-26 08:23:00+00:00,2021-02-26 08:25:00+00:00,2021-02-26 08:34:00+00:00,2021-02-26 08:29:00+00:00,2021-02-26 08:37:00+00:00,3.6031435480225733,1.000000000001708,0.30769230769225514,0.5384615384614465,0.00032951347580194057,180.0,0.0,1.9208663501236616,1
2021-02-26 10:43:00+00:00,-1,0.00043180310883705886,2.5,1.212831803108837,DC:1:2021-02-26 10:36:00+00:00,1.2115,1.2127,1.2123,1.2128,2021-02-26 10:18:00+00:00,2021-02-26 10:34:00+00:00,2021-02-26 10:36:00+00:00,2021-02-26 10:42:00+00:00,2021-02-26 10:39:00+00:00,2021-02-26 10:43:00+00:00,3.816018173705375,0.4615384615388557,0.3333333333333333,0.4166666666668517,0.000318031088369676,60.0,0.0,1.357738675959677,1
2021-02-26 11:38:00+00:00,1,0.0006373893141728981,2.5,1.209362610685827,DC:-1:2021-02-26 11:30:00+00:00,1.2123,1.2099,1.2105,1.2094,2021-02-26 11:07:00+00:00,2021-02-26 11:27:00+00:00,2021-02-26 11:30:00+00:00,2021-02-26 11:35:00+00:00,2021-02-26 11:31:00+00:00,2021-02-26 11:38:00+00:00,6.827659002902415,0.6666666666667284,0.24999999999997688,0.4583333333332909,0.0003738931417307008,180.0,0.0,1.7047365758636523,-1
2021-02-26 15:06:00+00:00,1,0.0006506313336955838,2.5,1.2114493686663044,DC:-1:2021-02-26 14:59:00+00:00,1.2138,1.212,1.2125,1.2115,2021-02-26 14:55:00+00:00,2021-02-26 14:58:00+00:00,2021-02-26 14:59:00+00:00,2021-02-26 15:04:00+00:00,2021-02-26 15:01:00+00:00,2021-02-26 15:06:00+00:00,4.134263518554682,1.0000000000003701,0.2777777777777435,0.555555555555487,0.0005063133369557761,120.0,1.0,1.285036925172708,-1
2021-02-26 22:00:00+00:00,-1,0.00031601861009367127,2.5,1.2073160186100937,DC:1:2021-02-26 21:40:00+00:00,1.2064,1.2072,1.2069,1.2073,2021-02-26 21:15:00+00:00,2021-02-26 21:33:00+00:00,2021-02-26 21:40:00+00:00,2021-02-26 21:54:00+00:00,2021-02-26 21:46:00+00:00,2021-02-26 22:00:00+00:00,3.651538068829986,0.5000000000009714,0.3749999999998959,0.4999999999998612,0.0001601861009377856,360.0,0.0,1.9728216633252669,1
2021-03-01 04:01:00+00:00,1,0.00021553051563971692,2.5,1.2079844694843602,DC:-1:2021-03-01 03:55:00+00:00,1.2085,1.2081,1.2083,1.208,2021-03-01 03:50:00+00:00,2021-03-01 03:51:00+00:00,2021-03-01 03:55:00+00:00,2021-03-01 03:59:00+00:00,2021-03-01 03:59:00+00:00,2021-03-01 04:01:00+00:00,2.6257781062292067,1.0,0.5,0.75,0.00015530515639749096,120.0,1.0,1.3877872482745135,-1
2021-03-01 08:20:00+00:00,1,0.0004251436243190021,2.5,1.206574856375681,DC:-1:2021-03-01 08:13:00+00:00,1.2085,1.2067,1.2071,1.2066,2021-03-01 07:52:00+00:00,2021-03-01 08:11:00+00:00,2021-03-01 08:13:00+00:00,2021-03-01 08:18:00+00:00,2021-03-01 08:18:00+00:00,2021-03-01 08:20:00+00:00,8.89583398889796,0.5625000000003123,0.2222222222222222,0.27777777777790114,0.00025143624318823947,120.0,1.0,1.6908605494901363,-1
2021-03-01 08:50:00+00:00,1,0.0003284935144451939,2.5,1.2049715064855548,DC:-1:2021-03-01 08:46:00+00:00,1.207,1.2051,1.2055,1.205,2021-03-01 08:20:00+00:00,2021-03-01 08:45:00+00:00,2021-03-01 08:47:00+00:00,2021-03-01 08:49:00+00:00,2021-03-01 08:49:00+00:00,2021-03-01 08:50:00+00:00,6.597441410169574,0.48717948717962734,0.21052631578944908,0.26315789473681134,0.00028493514445160237,60.0,1.0,1.1528711738154511,-1
2021-03-01 09:43:00+00:00,1,0.00042867554135650465,2.5,1.2028713244586435,DC:-1:2021-03-01 09:36:00+00:00,1.204,1.2032,1.2035,1.2029,2021-03-01 09:28:00+00:00,2021-03-01 09:32:00+00:00,2021-03-01 09:36:00+00:00,2021-03-01 09:41:00+00:00,2021-03-01 09:37:00+00:00,2021-03-01 09:43:00+00:00,2.958824606430266,1.0,0.375,0.75,0.00028675541356469586,120.0,1.0,1.4949169957336819,-1
2021-03-01 10:18:00+00:00,-1,0.00032370731702191513,2.5,1.2042237073170219,DC:1:2021-03-01 10:07:00+00:00,1.2029,1.204,1.2037,1.2042,2021-03-01 09:41:00+00:00,2021-03-01 09:58:00+00:00,2021-03-01 10:07:00+00:00,2021-03-01 10:16:00+00:00,2021-03-01 10:09:00+00:00,2021-03-01 10:18:00+00:00,3.8929074838915354,0.4782608695657253,0.2727272727272727,0.45454545454545453,0.00023707317021887152,120.0,0.0,1.365432101502928,1
2021-03-01 18:52:00+00:00,-1,0.00021765344464408365,2.5,1.204717653444644,DC:1:2021-03-01 18:43:00+00:00,1.2033,1.2046,1.2043,1.2047,2021-03-01 18:20:00+00:00,2021-03-01 18:42:00+00:00,2021-03-01 18:43:00+00:00,2021-03-01 18:50:00+00:00,2021-03-01 18:49:00+00:00,2021-03-01 18:52:00+00:00,5.500502925337383,0.8666666666680779,0.23076923076923078,0.3076923076924785,0.00017653444643812678,120.0,0.0,1.2329233701161466,1
2021-03-01 23:01:00+00:00,-1,0.00021233487921756833,2.5,1.2050123348792177,DC:1:2021-03-01 22:47:00+00:00,1.2044,1.2049,1.2047,1.205,2021-03-01 22:30:00+00:00,2021-03-01 22:42:00+00:00,2021-03-01 22:47:00+00:00,2021-03-01 22:53:00+00:00,2021-03-01 22:48:00+00:00,2021-03-01 23:01:00+00:00,3.1959770954004783,1.0000000000026645,0.3999999999998224,0.5999999999997335,0.0001233487921769245,480.0,0.0,1.7214183898372288,1
2021-03-02 01:30:00+00:00,1,0.0003187388841563443,2.5,1.2030812611158437,DC:-1:2021-03-02 01:22:00+00:00,1.2038,1.2033,1.2035,1.2031,2021-03-02 01:10:00+00:00,2021-03-02 01:21:00+00:00,2021-03-02 01:22:00+00:00,2021-03-02 01:27:00+00:00,2021-03-02 01:24:00+00:00,2021-03-02 01:30:00+00:00,2.934933631885803,0.7142857142873004,0.4,0.8,0.0001873888415635387,180.0,1.0,1.7009491146689661,-1
2021-03-02 04:01:00+00:00,-1,0.00021828025962089548,2.5,1.2027182802596208,DC:1:2021-03-02 03:43:00+00:00,1.2017,1.2026,1.2023,1.2027,2021-03-02 03:24:00+00:00,2021-03-02 03:38:00+00:00,2021-03-02 03:43:00+00:00,2021-03-02 03:59:00+00:00,2021-03-02 03:58:00+00:00,2021-03-02 04:01:00+00:00,4.433527949911634,0.5294117647062281,0.3333333333333333,0.44444444444469117,0.00018280259620633387,120.0,0.0,1.194076365165608,1
2021-03-02 08:49:00+00:00,-1,0.0003285726089401475,2.5,1.2016285726089402,DC:1:2021-03-02 08:41:00+00:00,1.2,1.2014,1.2009999999999998,1.2016,2021-03-02 08:25:00+00:00,2021-03-02 08:39:00+00:00,2021-03-02 08:42:00+00:00,2021-03-02 08:45:00+00:00,2021-03-02 08:43:00+00:00,2021-03-02 08:49:00+00:00,5.0949146852107114,0.6363636363633519,0.285714285714399,0.4285714285715192,0.00028572608940286454,240.0,0.0,1.1499566232360068,1
2021-03-02 10:41:00+00:00,-1,0.0003284239637437736,2.5,1.2024284239637437,DC:1:2021-03-02 10:32:00+00:00,1.2005,1.2023,1.2019,1.2024,2021-03-02 10:13:00+00:00,2021-03-02 10:27:00+00:00,2021-03-02 10:32:00+00:00,2021-03-02 10:40:00+00:00,2021-03-02 10:39:00+00:00,2021-03-02 10:41:00+00:00,5.854226491429423,0.6923076923081325,0.22222222222219482,0.2777777777777435,0.0002842396374382283,60.0,0.0,1.1554474481594692,1
2021-03-02 14:34:00+00:00,-1,0.00042622362909394695,2.5,1.2046262236290939,DC:1:2021-03-02 14:26:00+00:00,1.2029,1.2043,1.204,1.2046,2021-03-02 14:00:00+00:00,2021-03-02 14:23:00+00:00,2021-03-02 14:26:00+00:00,2021-03-02 14:31:00+00:00,2021-03-02 14:27:00+00:00,2021-03-02 14:34:00+00:00,4.668115760796567,0.5000000000006344,0.21428571428571427,0.42857142857142855,0.0002622362909396021,180.0,0.0,1.6253418913407152,1
2021-03-02 16:36:00+00:00,-1,0.00043057587717965085,2.5,1.2075305758771797,DC:1:2021-03-02 16:21:00+00:00,1.206,1.2073,1.2069,1.2075,2021-03-02 16:02:00+00:00,2021-03-02 16:12:00+00:00,2021-03-02 16:21:00+00:00,2021-03-02 16:33:00+00:00,2021-03-02 16:28:00+00:00,2021-03-02 16:36:00+00:00,4.112568613761374,0.6842105263158264,0.30769230769225514,0.4615384615383827,0.0003057587717972045,180.0,0.0,1.408220848902519,1
2021-03-02 20:36:00+00:00,-1,0.0003160433268438734,2.5,1.209416043326844,DC:1:2021-03-02 20:15:00+00:00,1.2084,1.2093,1.209,1.2094,2021-03-02 20:00:00+00:00,2021-03-02 20:07:00+00:00,2021-03-02 20:17:00+00:00,2021-03-02 20:28:00+00:00,2021-03-02 20:22:00+00:00,2021-03-02 20:36:00+00:00,5.4611438243336075,1.0000000000024671,0.3333333333332511,0.4444444444443348,0.00016043326844008662,480.0,0.0,1.9699363474720888,1
2021-03-02 22:06:00+00:00,-1,0.0002133595209434791,2.5,1.2091133595209436,DC:1:2021-03-02 22:03:00+00:00,1.2086,1.209,1.2088,1.2091,2021-03-02 21:48:00+00:00,2021-03-02 21:56:00+00:00,2021-03-02 22:03:00+00:00,2021-03-02 22:04:00+00:00,2021-03-02 22:04:00+00:00,2021-03-02 22:06:00+00:00,2.937638888581822,0.6666666666675302,0.49999999999972244,0.7499999999995837,0.0001335952094358461,120.0,1.0,1.5970596688643741,1
2021-03-03 02:38:00+00:00,1,0.00021549612750648706,2.5,1.2082845038724934,DC:-1:2021-03-03 02:14:00+00:00,1.2092,1.2084,1.2087,1.2083,2021-03-03 01:53:00+00:00,2021-03-03 02:12:00+00:00,2021-03-03 02:23:00+00:00,2021-03-03 02:35:00+00:00,2021-03-03 02:26:00+00:00,2021-03-03 02:38:00+00:00,4.542104904902595,0.5714285714292738,0.3750000000001735,0.5000000000001388,0.0001549612750645546,180.0,0.0,1.3906450331975813,-1
2021-03-03 06:32:00+00:00,1,0.000312165642646578,2.5,1.2077878343573534,DC:-1:2021-03-03 06:13:00+00:00,1.2086,1.208,1.2082,1.2078,2021-03-03 05:55:00+00:00,2021-03-03 06:09:00+00:00,2021-03-03 06:13:00+00:00,2021-03-03 06:28:00+00:00,2021-03-03 06:21:00+00:00,2021-03-03 06:32:00+00:00,3.931888239320583,0.6000000000007993,0.3333333333333333,0.6666666666666666,0.00012165642646663981,240.0,1.0,2.565960974796337,-1
2021-03-03 09:53:00+00:00,-1,0.0005470442895150196,2.5,1.211047044289515,DC:1:2021-03-03 09:47:00+00:00,1.2092,1.2109,1.2103,1.211,2021-03-03 09:39:00+00:00,2021-03-03 09:44:00+00:00,2021-03-03 09:47:00+00:00,2021-03-03 09:49:00+00:00,2021-03-03 09:48:00+00:00,2021-03-03 09:53:00+00:00,3.9499094963541372,1.0000000000002611,0.35294117647067275,0.41176470588242975,0.0004704428951492237,240.0,0.0,1.1628282521760651,1
2021-03-03 13:19:00+00:00,-1,0.0006366229126630873,2.5,1.2055366229126632,DC:1:2021-03-03 13:15:00+00:00,1.2044,1.2052,1.2048,1.2055,2021-03-03 13:10:00+00:00,2021-03-03 13:14:00+00:00,2021-03-03 13:15:00+00:00,2021-03-03 13:17:00+00:00,2021-03-03 13:16:00+00:00,2021-03-03 13:19:00+00:00,2.392389232343574,1.0000000000002776,0.4999999999998612,0.8749999999997572,0.0003662291266321729,120.0,1.0,1.7383186272414868,1
2021-03-03 20:16:00+00:00,-1,0.00031871356486323776,2.5,1.2073187135648633,DC:1:2021-03-03 20:09:00+00:00,1.2065,1.2072,1.2069,1.2073,2021-03-03 20:00:00+00:00,2021-03-03 20:07:00+00:00,2021-03-03 20:10:00+00:00,2021-03-03 20:13:00+00:00,2021-03-03 20:11:00+00:00,2021-03-03 20:16:00+00:00,3.973061484723141,1.0000000000012688,0.4285714285712926,0.5714285714283902,0.0001871356486316643,180.0,0.0,1.7031151851273183,1
2021-03-04 01:31:00+00:00,1,0.000421244488382877,2.5,1.2045787555116172,DC:-1:2021-03-04 01:19:00+00:00,1.2061,1.2049,1.2053,1.2046,2021-03-04 00:57:00+00:00,2021-03-04 01:16:00+00:00,2021-03-04 01:22:00+00:00,2021-03-04 01:27:00+00:00,2021-03-04 01:23:00+00:00,2021-03-04 01:31:00+00:00,5.662766858053769,0.6000000000007993,0.3333333333333333,0.5833333333335183,0.00021244488382791906,240.0,0.0,1.9828412941404896,-1
2021-03-04 02:10:00+00:00,-1,0.0003233451014297284,2.5,1.2063233451014297,DC:1:2021-03-04 02:01:00+00:00,1.2046,1.2062,1.2058,1.2063,2021-03-04 01:27:00+00:00,2021-03-04 02:00:00+00:00,2021-03-04 02:01:00+00:00,2021-03-04 02:08:00+00:00,2021-03-04 02:03:00+00:00,2021-03-04 02:10:00+00:00,7.269903861869017,0.5000000000007633,0.2499999999999653,0.31249999999995665,0.00023345101429824724,120.0,0.0,1.3850661664576716,1
2021-03-04 09:56:00+00:00,1,0.00032754454336236805,2.5,1.2026724554566377,DC:-1:2021-03-04 09:50:00+00:00,1.2036,1.2028,1.2032,1.2027,2021-03-04 09:38:00+00:00,2021-03-04 09:47:00+00:00,2021-03-04 09:51:00+00:00,2021-03-04 09:54:00+00:00,2021-03-04 09:53:00+00:00,2021-03-04 09:56:00+00:00,2.7459064440972867,1.0000000000011102,0.5,0.625,0.00027544543362356346,120.0,0.0,1.1891449389936362,-1
2021-03-04 10:06:00+00:00,-1,0.0003283952670078971,2.5,1.203528395267008,DC:1:2021-03-04 10:03:00+00:00,1.2027,1.2034,1.2031,1.2035,2021-03-04 09:54:00+00:00,2021-03-04 10:02:00+00:00,2021-03-04 10:03:00+00:00,2021-03-04 10:05:00+00:00,2021-03-04 10:04:00+00:00,2021-03-04 10:06:00+00:00,2.3872379728741193,0.7777777777787372,0.42857142857142855,0.5714285714285714,0.0002839526700796436,60.0,0.0,1.1565141011556193,1
2021-03-04 10:37:00+00:00,-1,0.0004234438223036374,2.5,1.2043234438223036,DC:1:2021-03-04 10:28:00+00:00,1.2031,1.204,1.2037,1.2043,2021-03-04 10:08:00+00:00,2021-03-04 10:24:00+00:00,2021-03-04 10:28:00+00:00,2021-03-04 10:33:00+00:00,2021-03-04 10:30:00+00:00,2021-03-04 10:37:00+00:00,3.290791511758931,0.6923076923078105,0.3333333333333333,0.6666666666666666,0.0002344382230357268,240.0,0.0,1.8062064147240504,1
2021-03-04 11:01:00+00:00,-1,0.00042399985413821284,2.5,1.2049239998541381,DC:1:2021-03-04 10:53:00+00:00,1.2038,1.2046,1.2043,1.2049,2021-03-04 10:39:00+00:00,2021-03-04 10:51:00+00:00,2021-03-04 10:53:00+00:00,2021-03-04 11:00:00+00:00,2021-03-04 11:00:00+00:00,2021-03-04 11:01:00+00:00,3.4271961901358905,0.5000000000005551,0.375,0.7500000000002776,0.00023999854138080014,60.0,1.0,1.7666767960287812,1
2021-03-04 13:29:00+00:00,-1,0.00021909629912109096,2.5,1.2036190962991211,DC:1:2021-03-04 13:03:00+00:00,1.2028,1.2035,1.2032,1.2036,2021-03-04 12:57:00+00:00,2021-03-04 13:01:00+00:00,2021-03-04 13:03:00+00:00,2021-03-04 13:22:00+00:00,2021-03-04 13:20:00+00:00,2021-03-04 13:29:00+00:00,2.9685133697618804,0.9999999999996828,0.42857142857142855,0.5714285714285714,0.00019096299121080653,420.0,0.0,1.147323351670941,1
2021-03-04 14:48:00+00:00,-1,0.00032067475174946125,2.5,1.2042206747517494,DC:1:2021-03-04 14:18:00+00:00,1.2028,1.204,1.2034,1.2042,2021-03-04 13:48:00+00:00,2021-03-04 14:16:00+00:00,2021-03-04 14:22:00+00:00,2021-03-04 14:45:00+00:00,2021-03-04 14:24:00+00:00,2021-03-04 14:48:00+00:00,5.141142232282941,0.5000000000009251,0.5,0.6666666666666666,0.00020674751749409612,180.0,0.0,1.5510452344784185,1
2021-03-04 16:20:00+00:00,-1,0.00043112523544830417,2.5,1.2047311252354482,DC:1:2021-03-04 15:59:00+00:00,1.2029,1.2044,1.204,1.2047,2021-03-04 15:52:00+00:00,2021-03-04 15:58:00+00:00,2021-03-04 16:00:00+00:00,2021-03-04 16:19:00+00:00,2021-03-04 16:10:00+00:00,2021-03-04 16:20:00+00:00,5.632604172036939,0.8823529411770469,0.26666666666666666,0.4666666666668147,0.0003112523544820614,60.0,0.0,1.3851308407472671,1
2021-03-04 21:13:00+00:00,-1,0.0003269064892830187,2.5,1.197426906489283,DC:1:2021-03-04 21:04:00+00:00,1.1965,1.1972,1.1969,1.1974,2021-03-04 20:57:00+00:00,2021-03-04 21:02:00+00:00,2021-03-04 21:04:00+00:00,2021-03-04 21:12:00+00:00,2021-03-04 21:11:00+00:00,2021-03-04 21:13:00+00:00,2.38175180860273,1.0,0.4285714285712926,0.7142857142854877,0.00026906489283045796,60.0,0.0,1.2149726627063444,1
2021-03-05 01:28:00+00:00,1,0.000530295732756425,2.5,1.1952697042672435,DC:-1:2021-03-05 01:05:00+00:00,1.1967,1.1956,1.196,1.1953,2021-03-05 01:00:00+00:00,2021-03-05 01:04:00+00:00,2021-03-05 01:05:00+00:00,2021-03-05 01:22:00+00:00,2021-03-05 01:06:00+00:00,2021-03-05 01:28:00+00:00,4.671293996536675,0.8461538461541614,0.36363636363629026,0.6363636363635079,0.00030295732756567756,360.0,0.0,1.7503974471172452,-1
2021-03-05 06:10:00+00:00,1,0.00021885969061363753,2.5,1.1954811403093863,DC:-1:2021-03-05 06:06:00+00:00,1.196,1.1956,1.1958,1.1955,2021-03-05 05:57:00+00:00,2021-03-05 06:05:00+00:00,2021-03-05 06:06:00+00:00,2021-03-05 06:09:00+00:00,2021-03-05 06:07:00+00:00,2021-03-05 06:10:00+00:00,2.253218851135005,0.6666666666671601,0.5,0.75,0.0001885969061356637,60.0,0.0,1.1604627832876795,-1
2021-03-05 12:08:00+00:00,1,0.0003265151509463937,2.5,1.1929734848490536,DC:-1:2021-03-05 11:59:00+00:00,1.1938,1.1931,1.1934,1.193,2021-03-05 11:52:00+00:00,2021-03-05 11:58:00+00:00,2021-03-05 11:59:00+00:00,2021-03-05 12:02:00+00:00,2021-03-05 12:02:00+00:00,2021-03-05 12:08:00+00:00,2.7884668808136923,1.0000000000009517,0.42857142857142855,0.5714285714285714,0.00026515150946372667,360.0,1.0,1.2314285956990252,-1
2021-03-05 15:04:00+00:00,1,0.0005461916078057794,2.5,1.1907538083921942,DC:-1:2021-03-05 14:59:00+00:00,1.1926,1.1909999999999998,1.1916,1.1908,2021-03-05 14:44:00+00:00,2021-03-05 14:58:00+00:00,2021-03-05 14:59:00+00:00,2021-03-05 15:02:00+00:00,2021-03-05 15:01:00+00:00,2021-03-05 15:04:00+00:00,3.7418927187289523,0.5,0.3750000000000347,0.4999999999998612,0.00046191607805754745,120.0,0.0,1.1824477080395814,-1
2021-03-05 15:38:00+00:00,-1,0.0005432452066140847,2.5,1.192643245206614,DC:1:2021-03-05 15:32:00+00:00,1.1913,1.1925,1.1919,1.1926,2021-03-05 15:13:00+00:00,2021-03-05 15:23:00+00:00,2021-03-05 15:33:00+00:00,2021-03-05 15:37:00+00:00,2021-03-05 15:36:00+00:00,2021-03-05 15:38:00+00:00,2.5694279509413795,0.5454545454546555,0.5,0.5833333333335183,0.00043245206613913616,60.0,0.0,1.2561975052266305,1
2021-03-05 16:11:00+00:00,1,0.0005491434666688999,2.5,1.1905508565333311,DC:-1:2021-03-05 16:04:00+00:00,1.1925,1.1907,1.1912,1.1906,2021-03-05 15:50:00+00:00,2021-03-05 16:00:00+00:00,2021-03-05 16:04:00+00:00,2021-03-05 16:10:00+00:00,2021-03-05 16:07:00+00:00,2021-03-05 16:11:00+00:00,3.8878720182587654,0.75,0.2777777777777778,0.3333333333333333,0.0004914346666890151,60.0,0.0,1.1174292411414344,-1
2021-03-05 18:03:00+00:00,-1,0.00043309643254429986,2.5,1.1915330964325443,DC:1:2021-03-05 17:51:00+00:00,1.1905,1.1914,1.1909999999999998,1.1915,2021-03-05 17:42:00+00:00,2021-03-05 17:47:00+00:00,2021-03-05 17:51:00+00:00,2021-03-05 18:01:00+00:00,2021-03-05 17:53:00+00:00,2021-03-05 18:03:00+00:00,2.6199808762142736,0.8181818181825156,0.44444444444458153,0.5555555555556652,0.0003309643254432466,120.0,0.0,1.3085894739992656,1
2021-03-05 20:25:00+00:00,-1,0.00021770135525889245,2.5,1.1918177013552589,DC:1:2021-03-05 20:22:00+00:00,1.1912,1.1917,1.1915,1.1918,2021-03-05 20:14:00+00:00,2021-03-05 20:21:00+00:00,2021-03-05 20:22:00+00:00,2021-03-05 20:23:00+00:00,2021-03-05 20:23:00+00:00,2021-03-05 20:25:00+00:00,3.024302527206476,1.0000000000022204,0.4,0.6,0.0001770135525887416,120.0,1.0,1.22985699159816,1
2021-03-08 01:09:00+00:00,1,0.00021420766639224098,2.5,1.1924857923336079,DC:-1:2021-03-08 01:01:00+00:00,1.193,1.1926,1.1928,1.1925,2021-03-08 00:55:00+00:00,2021-03-08 01:00:00+00:00,2021-03-08 01:01:00+00:00,2021-03-08 01:07:00+00:00,2021-03-08 01:05:00+00:00,2021-03-08 01:09:00+00:00,2.8841217555052245,1.0000000000022204,0.5,0.7500000000005551,0.00014207666391952928,120.0,0.0,1.5076907106543966,-1
2021-03-08 03:16:00+00:00,1,0.0004207847854389435,2.5,1.189979215214561,DC:-1:2021-03-08 02:56:00+00:00,1.1917,1.1901,1.1906,1.19,2021-03-08 02:35:00+00:00,2021-03-08 02:47:00+00:00,2021-03-08 02:57:00+00:00,2021-03-08 03:15:00+00:00,2021-03-08 03:03:00+00:00,2021-03-08 03:16:00+00:00,7.292235371288567,0.8888888888896701,0.3125000000000954,0.3750000000000867,0.00020784785438913644,60.0,0.0,2.024484624465465,-1
2021-03-08 07:32:00+00:00,1,0.00032185887412672365,2.5,1.1882781411258734,DC:-1:2021-03-08 07:26:00+00:00,1.1898,1.1884,1.1888,1.1883,2021-03-08 07:04:00+00:00,2021-03-08 07:24:00+00:00,2021-03-08 07:27:00+00:00,2021-03-08 07:30:00+00:00,2021-03-08 07:28:00+00:00,2021-03-08 07:32:00+00:00,6.873568399639815,0.6363636363643795,0.285714285714399,0.3571428571429591,0.00021858874126432003,120.0,0.0,1.4724403108096413,-1
2021-03-08 08:31:00+00:00,-1,0.0005254398462772869,2.5,1.1895254398462773,DC:1:2021-03-08 08:08:00+00:00,1.188,1.1892,1.1887,1.1895,2021-03-08 07:53:00+00:00,2021-03-08 08:06:00+00:00,2021-03-08 08:10:00+00:00,2021-03-08 08:29:00+00:00,2021-03-08 08:12:00+00:00,2021-03-08 08:31:00+00:00,5.288151833124047,0.6666666666672835,0.4166666666665896,0.6666666666665433,0.000254398462772781,120.0,0.0,2.0654206812035247,1
2021-03-08 09:35:00+00:00,1,0.0003250919702040278,2.5,1.186474908029796,DC:-1:2021-03-08 09:31:00+00:00,1.1875,1.1866,1.1869,1.1865,2021-03-08 09:17:00+00:00,2021-03-08 09:28:00+00:00,2021-03-08 09:31:00+00:00,2021-03-08 09:34:00+00:00,2021-03-08 09:34:00+00:00,2021-03-08 09:35:00+00:00,3.618687676244598,0.6923076923082836,0.3333333333333333,0.4444444444444444,0.0002509197020405972,60.0,1.0,1.2956016110342343,-1
2021-03-08 14:16:00+00:00,-1,0.00042932348044932844,2.5,1.1878293234804493,DC:1:2021-03-08 14:04:00+00:00,1.1866,1.1875,1.1871,1.1878,2021-03-08 13:53:00+00:00,2021-03-08 14:03:00+00:00,2021-03-08 14:04:00+00:00,2021-03-08 14:12:00+00:00,2021-03-08 14:05:00+00:00,2021-03-08 14:16:00+00:00,3.230341354411767,0.6923076923092295,0.4444444444444444,0.7777777777777778,0.0002932348044926568,240.0,0.0,1.4640945545059934,1
2021-03-08 17:12:00+00:00,1,0.0003208242330403621,2.5,1.1845791757669597,DC:-1:2021-03-08 16:57:00+00:00,1.1861,1.1847,1.185,1.1846,2021-03-08 16:24:00+00:00,2021-03-08 16:53:00+00:00,2021-03-08 16:57:00+00:00,2021-03-08 17:09:00+00:00,2021-03-08 17:09:00+00:00,2021-03-08 17:12:00+00:00,6.089085780448321,0.4666666666672884,0.21428571428571427,0.2857142857142857,0.0002082423304044729,180.0,1.0,1.5406292871253375,-1
2021-03-08 18:21:00+00:00,-1,0.0003205028504973395,2.5,1.1865205028504973,DC:1:2021-03-08 18:18:00+00:00,1.1855,1.1864,1.1861,1.1865,2021-03-08 18:01:00+00:00,2021-03-08 18:15:00+00:00,2021-03-08 18:18:00+00:00,2021-03-08 18:20:00+00:00,2021-03-08 18:19:00+00:00,2021-03-08 18:21:00+00:00,4.226859758306626,0.6923076923092295,0.3333333333333333,0.44444444444469117,0.0002050285049710376,60.0,0.0,1.5632111766245083,1
2021-03-08 21:14:00+00:00,1,0.00021435452370255348,2.5,1.1843856454762975,DC:-1:2021-03-08 21:04:00+00:00,1.1851,1.1845,1.1847,1.1844,2021-03-08 20:48:00+00:00,2021-03-08 20:57:00+00:00,2021-03-08 21:04:00+00:00,2021-03-08 21:13:00+00:00,2021-03-08 21:07:00+00:00,2021-03-08 21:14:00+00:00,4.386312975999283,0.7500000000016653,0.3333333333333333,0.50000000000037,0.00014354523702365105,60.0,0.0,1.4932890017607177,-1
2021-03-09 04:49:00+00:00,1,0.00021341095068549976,2.5,1.1854865890493145,DC:-1:2021-03-09 04:32:00+00:00,1.1865,1.1856,1.1859,1.1855,2021-03-09 03:56:00+00:00,2021-03-09 04:25:00+00:00,2021-03-09 04:32:00+00:00,2021-03-09 04:45:00+00:00,2021-03-09 04:40:00+00:00,2021-03-09 04:49:00+00:00,4.3639874594858075,0.47368421052704157,0.3333333333332511,0.4444444444443348,0.00013410950685461146,240.0,0.0,1.5913185850191758,-1
2021-03-09 09:01:00+00:00,-1,0.0005300187817929292,2.5,1.189830018781793,DC:1:2021-03-09 08:51:00+00:00,1.1884,1.1894,1.189,1.1898,2021-03-09 08:44:00+00:00,2021-03-09 08:50:00+00:00,2021-03-09 08:51:00+00:00,2021-03-09 08:59:00+00:00,2021-03-09 08:52:00+00:00,2021-03-09 09:01:00+00:00,4.12871566920656,0.8333333333329016,0.3999999999999112,0.7999999999998224,0.00030018781792946774,120.0,0.0,1.765623886567784,1
2021-03-09 10:09:00+00:00,-1,0.00032621758077144847,2.5,1.1909262175807716,DC:1:2021-03-09 10:01:00+00:00,1.1896,1.1908,1.1904,1.1909,2021-03-09 09:37:00+00:00,2021-03-09 09:57:00+00:00,2021-03-09 10:01:00+00:00,2021-03-09 10:04:00+00:00,2021-03-09 10:03:00+00:00,2021-03-09 10:09:00+00:00,3.918108917475274,0.5000000000002776,0.3333333333334567,0.4166666666667746,0.00026217580771531473,300.0,0.0,1.2442703375807804,1
2021-03-09 13:03:00+00:00,1,0.0003259762003742228,2.5,1.1887740237996258,DC:-1:2021-03-09 12:47:00+00:00,1.1902,1.189,1.1893,1.1888,2021-03-09 12:25:00+00:00,2021-03-09 12:46:00+00:00,2021-03-09 12:47:00+00:00,2021-03-09 12:59:00+00:00,2021-03-09 12:52:00+00:00,2021-03-09 13:03:00+00:00,4.360735387966038,0.50000000000037,0.25,0.4166666666666667,0.0002597620037430072,240.0,0.0,1.2549033179491638,-1
2021-03-09 16:00:00+00:00,1,0.0004261144878974221,2.5,1.1881738855121027,DC:-1:2021-03-09 15:57:00+00:00,1.1898,1.1885,1.1888,1.1882,2021-03-09 15:43:00+00:00,2021-03-09 15:56:00+00:00,2021-03-09 15:57:00+00:00,2021-03-09 15:58:00+00:00,2021-03-09 15:58:00+00:00,2021-03-09 16:00:00+00:00,5.277611833676915,0.8666666666671996,0.23076923076936215,0.4615384615385535,0.00026114487897272153,120.0,1.0,1.631716806294076,-1
2021-03-09 19:46:00+00:00,-1,0.00021508438872430702,2.5,1.1900150843887243,DC:1:2021-03-09 19:40:00+00:00,1.1895,1.1899,1.1897,1.19,2021-03-09 19:34:00+00:00,2021-03-09 19:36:00+00:00,2021-03-09 19:40:00+00:00,2021-03-09 19:44:00+00:00,2021-03-09 19:41:00+00:00,2021-03-09 19:46:00+00:00,2.839348340604094,1.0,0.5,0.75,0.0001508438872443273,120.0,0.0,1.4258740785162016,1
2021-03-09 22:29:00+00:00,1,0.0002192955497832827,2.5,1.1893807044502167,DC:-1:2021-03-09 22:18:00+00:00,1.19,1.1895,1.1897,1.1894,2021-03-09 22:16:00+00:00,2021-03-09 22:17:00+00:00,2021-03-09 22:18:00+00:00,2021-03-09 22:27:00+00:00,2021-03-09 22:20:00+00:00,2021-03-09 22:29:00+00:00,3.0241902364591025,1.000000000000444,0.4,0.6,0.00019295549783203368,120.0,0.0,1.1365084293901686,-1
2021-03-10 05:30:00+00:00,-1,0.00021541818919335043,2.5,1.1877154181891934,DC:1:2021-03-10 05:22:00+00:00,1.1872,1.1876,1.1874,1.1877,2021-03-10 05:13:00+00:00,2021-03-10 05:17:00+00:00,2021-03-10 05:22:00+00:00,2021-03-10 05:26:00+00:00,2021-03-10 05:24:00+00:00,2021-03-10 05:30:00+00:00,2.7575164284476754,1.0,0.5,0.75,0.0001541818919337885,240.0,0.0,1.39716919082728,1
2021-03-10 06:19:00+00:00,1,0.00021655236443929304,2.5,1.1868834476355608,DC:-1:2021-03-10 06:07:00+00:00,1.1876,1.187,1.1872,1.1869,2021-03-10 05:58:00+00:00,2021-03-10 06:06:00+00:00,2021-03-10 06:07:00+00:00,2021-03-10 06:16:00+00:00,2021-03-10 06:09:00+00:00,2021-03-10 06:19:00+00:00,3.9437033593268667,0.7500000000016653,0.3333333333333333,0.5,0.00016552364439306971,180.0,0.0,1.3082865909177617,-1
2021-03-10 07:38:00+00:00,-1,0.0003208101507097272,2.5,1.1883208101507097,DC:1:2021-03-10 07:28:00+00:00,1.1876,1.1882,1.1879,1.1883,2021-03-10 07:14:00+00:00,2021-03-10 07:25:00+00:00,2021-03-10 07:28:00+00:00,2021-03-10 07:32:00+00:00,2021-03-10 07:30:00+00:00,2021-03-10 07:38:00+00:00,2.9359152802980337,0.5000000000011102,0.5,0.6666666666666666,0.00020810150709731396,360.0,0.0,1.5416041680068544,1
2021-03-10 09:15:00+00:00,-1,0.0003252808067255586,2.5,1.1901252808067255,DC:1:2021-03-10 09:05:00+00:00,1.1885,1.1899,1.1896,1.1901,2021-03-10 08:44:00+00:00,2021-03-10 09:03:00+00:00,2021-03-10 09:05:00+00:00,2021-03-10 09:13:00+00:00,2021-03-10 09:11:00+00:00,2021-03-10 09:15:00+00:00,4.955523368782548,0.5833333333336417,0.2142857142856803,0.3571428571428005,0.00025280806725671683,120.0,0.0,1.2866709921691244,1
2021-03-10 10:22:00+00:00,1,0.00032775150323693936,2.5,1.189572248496763,DC:-1:2021-03-10 10:05:00+00:00,1.1904,1.1898,1.1901,1.1896,2021-03-10 10:02:00+00:00,2021-03-10 10:04:00+00:00,2021-03-10 10:05:00+00:00,2021-03-10 10:16:00+00:00,2021-03-10 10:06:00+00:00,2021-03-10 10:22:00+00:00,2.4607761438636,1.00000000000074,0.5,0.8333333333333334,0.0002775150323700617,360.0,0.0,1.181022521330982,-1
2021-03-10 10:55:00+00:00,1,0.0003225874380132776,2.5,1.1891774125619867,DC:-1:2021-03-10 10:36:00+00:00,1.19,1.1894,1.1897,1.1892,2021-03-10 10:24:00+00:00,2021-03-10 10:33:00+00:00,2021-03-10 10:36:00+00:00,2021-03-10 10:52:00+00:00,2021-03-10 10:37:00+00:00,2021-03-10 10:55:00+00:00,2.8397149291535824,0.7500000000008327,0.5,0.8333333333333334,0.00022587438013341207,180.0,0.0,1.4281718795320755,-1
2021-03-10 12:39:00+00:00,-1,0.0003233735896397416,2.5,1.1896233735896398,DC:1:2021-03-10 12:22:00+00:00,1.1887,1.1894,1.1891,1.1896,2021-03-10 12:13:00+00:00,2021-03-10 12:19:00+00:00,2021-03-10 12:22:00+00:00,2021-03-10 12:31:00+00:00,2021-03-10 12:28:00+00:00,2021-03-10 12:39:00+00:00,2.7253858126364796,0.7777777777795047,0.42857142857142855,0.7142857142857143,0.00023373589639840922,480.0,0.0,1.3834999014808684,1
2021-03-11 00:47:00+00:00,1,0.00021792108597229465,2.5,1.1915820789140277,DC:-1:2021-03-11 00:39:00+00:00,1.1927,1.1917,1.192,1.1916,2021-03-11 00:15:00+00:00,2021-03-11 00:38:00+00:00,2021-03-11 00:40:00+00:00,2021-03-11 00:46:00+00:00,2021-03-11 00:42:00+00:00,2021-03-11 00:47:00+00:00,6.096557627155915,0.5000000000012212,0.2999999999999334,0.3999999999999112,0.00017921085972366003,60.0,0.0,1.21600379747257,-1
2021-03-11 04:33:00+00:00,1,0.00021527083138406233,2.5,1.192484729168616,DC:-1:2021-03-11 04:19:00+00:00,1.1931,1.1926,1.1928,1.1925,2021-03-11 04:08:00+00:00,2021-03-11 04:17:00+00:00,2021-03-11 04:19:00+00:00,2021-03-11 04:32:00+00:00,2021-03-11 04:20:00+00:00,2021-03-11 04:33:00+00:00,3.503871239862827,0.7142857142873004,0.4,0.6000000000004441,0.00015270831383897598,60.0,0.0,1.409686388201861,-1
2021-03-11 07:38:00+00:00,-1,0.000321466747580601,2.5,1.1943214667475806,DC:1:2021-03-11 07:31:00+00:00,1.1931,1.1941,1.1938,1.1943,2021-03-11 07:17:00+00:00,2021-03-11 07:29:00+00:00,2021-03-11 07:31:00+00:00,2021-03-11 07:35:00+00:00,2021-03-11 07:33:00+00:00,2021-03-11 07:38:00+00:00,5.139333276183439,0.7142857142873004,0.3,0.5,0.00021466747580731988,180.0,0.0,1.4975102603299881,1
2021-03-11 09:18:00+00:00,-1,0.00032319320466300816,2.5,1.196823193204663,DC:1:2021-03-11 08:54:00+00:00,1.194,1.1967,1.1961,1.1968,2021-03-11 08:12:00+00:00,2021-03-11 08:43:00+00:00,2021-03-11 09:04:00+00:00,2021-03-11 09:16:00+00:00,2021-03-11 09:08:00+00:00,2021-03-11 09:18:00+00:00,10.727113490087522,0.574468085106776,0.22222222222226792,0.2592592592592989,0.00023193204662720737,120.0,0.0,1.3934823124399367,1
2021-03-11 11:39:00+00:00,1,0.00021741933023222693,2.5,1.1960825806697677,DC:-1:2021-03-11 11:36:00+00:00,1.1966,1.1962,1.1964,1.1961,2021-03-11 11:23:00+00:00,2021-03-11 11:31:00+00:00,2021-03-11 11:36:00+00:00,2021-03-11 11:38:00+00:00,2021-03-11 11:38:00+00:00,2021-03-11 11:39:00+00:00,2.3225849092693953,1.0000000000005551,0.49999999999972244,0.7499999999995837,0.0001741933023216822,60.0,1.0,1.2481497700222672,-1
2021-03-12 04:24:00+00:00,-1,0.00021913924107352933,2.5,1.1967191392410734,DC:1:2021-03-12 04:14:00+00:00,1.196,1.1966,1.1964,1.1967,2021-03-12 03:59:00+00:00,2021-03-12 04:12:00+00:00,2021-03-12 04:14:00+00:00,2021-03-12 04:20:00+00:00,2021-03-12 04:15:00+00:00,2021-03-12 04:24:00+00:00,3.1247948363317644,0.5000000000009251,0.33333333333358006,0.5000000000001851,0.0001913924107329236,240.0,0.0,1.1449735140194495,1
2021-03-12 09:48:00+00:00,1,0.00032495895852813206,2.5,1.1915750410414718,DC:-1:2021-03-12 09:32:00+00:00,1.1935,1.1918,1.1924,1.1916,2021-03-12 09:08:00+00:00,2021-03-12 09:28:00+00:00,2021-03-12 09:33:00+00:00,2021-03-12 09:44:00+00:00,2021-03-12 09:38:00+00:00,2021-03-12 09:48:00+00:00,6.259895364960513,0.7391304347837756,0.35294117647054213,0.4705882352940562,0.0002495895852820393,240.0,0.0,1.3019732300164866,-1
2021-03-12 12:22:00+00:00,-1,0.0003213052453552301,2.5,1.1927213052453551,DC:1:2021-03-12 12:14:00+00:00,1.1916,1.1925,1.1923,1.1927,2021-03-12 11:59:00+00:00,2021-03-12 12:13:00+00:00,2021-03-12 12:14:00+00:00,2021-03-12 12:18:00+00:00,2021-03-12 12:15:00+00:00,2021-03-12 12:22:00+00:00,4.870420695452035,0.5294117647065046,0.2222222222222222,0.44444444444469117,0.00021305245355147958,240.0,1.0,1.5081039434150123,1
2021-03-12 17:22:00+00:00,-1,0.000421278919626511,2.5,1.1956212789196266,DC:1:2021-03-12 17:00:00+00:00,1.1937,1.1955,1.1949,1.1956,2021-03-12 16:20:00+00:00,2021-03-12 16:55:00+00:00,2021-03-12 17:07:00+00:00,2021-03-12 17:16:00+00:00,2021-03-12 17:15:00+00:00,2021-03-12 17:22:00+00:00,6.713228073856784,0.45000000000065504,0.33333333333329224,0.38888888888884093,0.0002127891962665805,360.0,0.0,1.9797946842128973,1
2021-03-12 17:45:00+00:00,1,0.00021724351188545654,2.5,1.1948827564881146,DC:-1:2021-03-12 17:34:00+00:00,1.1956,1.195,1.1953,1.1949,2021-03-12 17:16:00+00:00,2021-03-12 17:28:00+00:00,2021-03-12 17:34:00+00:00,2021-03-12 17:44:00+00:00,2021-03-12 17:41:00+00:00,2021-03-12 17:45:00+00:00,2.88706977878121,0.6000000000007993,0.5,0.6666666666666666,0.0001724351188555817,60.0,0.0,1.2598565380837699,-1
2021-03-12 20:58:00+00:00,-1,0.0002137683423815151,2.5,1.1961137683423815,DC:1:2021-03-12 20:54:00+00:00,1.1951,1.196,1.1957,1.1961,2021-03-12 20:24:00+00:00,2021-03-12 20:50:00+00:00,2021-03-12 20:54:00+00:00,2021-03-12 20:57:00+00:00,2021-03-12 20:56:00+00:00,2021-03-12 20:58:00+00:00,5.388424385995772,0.6000000000013322,0.3333333333333333,0.4444444444444444,0.00013768342381583073,60.0,0.0,1.5526076883986974,1
2021-03-12 21:40:00+00:00,1,0.00021537853405373397,2.5,1.1950846214659463,DC:-1:2021-03-12 21:32:00+00:00,1.1961,1.1952,1.1955,1.1951,2021-03-12 20:59:00+00:00,2021-03-12 21:28:00+00:00,2021-03-12 21:33:00+00:00,2021-03-12 21:36:00+00:00,2021-03-12 21:34:00+00:00,2021-03-12 21:40:00+00:00,5.3767177176545236,0.4736842105273676,0.3333333333333333,0.4444444444444444,0.00015378534053719722,240.0,0.0,1.400514075667952,-1
2021-03-12 21:44:00+00:00,1,0.00021579231583346292,2.5,1.1949842076841666,DC:-1:2021-03-12 21:40:00+00:00,1.1955,1.1951,1.1953,1.195,2021-03-12 21:33:00+00:00,2021-03-12 21:36:00+00:00,2021-03-12 21:40:00+00:00,2021-03-12 21:43:00+00:00,2021-03-12 21:42:00+00:00,2021-03-12 21:44:00+00:00,2.601028151335432,1.0000000000022204,0.5,0.75,0.000157923158334526,60.0,0.0,1.3664387041725297,-1
2021-03-15 01:51:00+00:00,1,0.0002185378343280142,2.5,1.195781462165672,DC:-1:2021-03-15 01:46:00+00:00,1.1964,1.1959,1.1961,1.1958,2021-03-15 01:34:00+00:00,2021-03-15 01:41:00+00:00,2021-03-15 01:46:00+00:00,2021-03-15 01:50:00+00:00,2021-03-15 01:50:00+00:00,2021-03-15 01:51:00+00:00,2.5176063597790184,0.714285714286394,0.4,0.6,0.00018537834328073282,60.0,1.0,1.1788746757600774,-1
2021-03-15 02:42:00+00:00,1,0.0003217775410293555,2.5,1.1944782224589707,DC:-1:2021-03-15 02:33:00+00:00,1.1961,1.1947,1.1951,1.1945,2021-03-15 02:05:00+00:00,2021-03-15 02:30:00+00:00,2021-03-15 02:35:00+00:00,2021-03-15 02:40:00+00:00,2021-03-15 02:38:00+00:00,2021-03-15 02:42:00+00:00,6.864850946407069,0.500000000000793,0.2857142857142857,0.4285714285715872,0.00021777541029075685,120.0,0.0,1.4775659960862573,-1
2021-03-15 03:19:00+00:00,-1,0.0002184215039364723,2.5,1.1951184215039365,DC:1:2021-03-15 03:07:00+00:00,1.1946,1.195,1.1948,1.1951,2021-03-15 03:02:00+00:00,2021-03-15 03:05:00+00:00,2021-03-15 03:07:00+00:00,2021-03-15 03:16:00+00:00,2021-03-15 03:12:00+00:00,2021-03-15 03:19:00+00:00,2.03497456239606,1.0000000000022204,0.5,0.75,0.00018421503936421753,180.0,0.0,1.1856876870113957,1
2021-03-15 04:02:00+00:00,-1,0.0002157706933860748,2.5,1.1954157706933861,DC:1:2021-03-15 03:46:00+00:00,1.1947,1.1953,1.1951,1.1954,2021-03-15 03:32:00+00:00,2021-03-15 03:45:00+00:00,2021-03-15 03:46:00+00:00,2021-03-15 04:01:00+00:00,2021-03-15 03:53:00+00:00,2021-03-15 04:02:00+00:00,3.1803045025676204,0.7500000000016653,0.3333333333333333,0.5,0.000157706933859921,60.0,0.0,1.3681750580334495,1
2021-03-15 06:19:00+00:00,1,0.0002194988684114385,2.5,1.1925805011315886,DC:-1:2021-03-15 06:14:00+00:00,1.1933,1.1927,1.1929,1.1926,2021-03-15 06:03:00+00:00,2021-03-15 06:08:00+00:00,2021-03-15 06:14:00+00:00,2021-03-15 06:17:00+00:00,2021-03-15 06:16:00+00:00,2021-03-15 06:19:00+00:00,3.191361987501917,0.75,0.3333333333333333,0.5,0.00019498868411357294,120.0,0.0,1.1257005472358046,-1
2021-03-15 13:30:00+00:00,1,0.0004245468772658967,2.5,1.191775453122734,DC:-1:2021-03-15 13:07:00+00:00,1.1927,1.192,1.1923,1.1918,2021-03-15 12:56:00+00:00,2021-03-15 13:05:00+00:00,2021-03-15 13:07:00+00:00,2021-03-15 13:28:00+00:00,2021-03-15 13:12:00+00:00,2021-03-15 13:30:00+00:00,3.0574015099401493,0.5384615384621692,0.4285714285712926,0.7142857142854877,0.00024546877265921486,120.0,1.0,1.7295351773942202,-1
2021-03-15 19:58:00+00:00,-1,0.00021358683717886962,2.5,1.192813586837179,DC:1:2021-03-15 19:52:00+00:00,1.192,1.1927,1.1925,1.1928,2021-03-15 19:29:00+00:00,2021-03-15 19:45:00+00:00,2021-03-15 19:52:00+00:00,2021-03-15 19:56:00+00:00,2021-03-15 19:55:00+00:00,2021-03-15 19:58:00+00:00,4.93759815029932,0.6363636363647374,0.2857142857145123,0.42857142857160985,0.00013586837178840248,120.0,0.0,1.572012929627976,1
2021-03-15 20:18:00+00:00,-1,0.00021624470918379934,2.5,1.1933162447091838,DC:1:2021-03-15 20:06:00+00:00,1.1926,1.1932,1.193,1.1933,2021-03-15 19:58:00+00:00,2021-03-15 20:02:00+00:00,2021-03-15 20:06:00+00:00,2021-03-15 20:14:00+00:00,2021-03-15 20:08:00+00:00,2021-03-15 20:18:00+00:00,4.164081492687077,1.0000000000022204,0.3333333333333333,0.5,0.00016244709183866872,240.0,0.0,1.3311700858182103,1
2021-03-16 01:01:00+00:00,1,0.00021275100615292253,2.5,1.192187248993847,DC:-1:2021-03-16 00:58:00+00:00,1.1927,1.1923,1.1925,1.1922,2021-03-16 00:43:00+00:00,2021-03-16 00:56:00+00:00,2021-03-16 00:58:00+00:00,2021-03-16 00:59:00+00:00,2021-03-16 00:59:00+00:00,2021-03-16 01:01:00+00:00,3.3834431043832893,0.5000000000013878,0.49999999999972244,0.7499999999995837,0.0001275100615301979,120.0,1.0,1.6685036741397636,-1
2021-03-16 01:44:00+00:00,-1,0.00021422733806186756,2.5,1.193014227338062,DC:1:2021-03-16 01:32:00+00:00,1.1925,1.1929,1.1927,1.193,2021-03-16 01:12:00+00:00,2021-03-16 01:22:00+00:00,2021-03-16 01:32:00+00:00,2021-03-16 01:38:00+00:00,2021-03-16 01:35:00+00:00,2021-03-16 01:44:00+00:00,2.748490958481034,0.5000000000002776,0.49999999999972244,0.7499999999995837,0.00014227338061933425,360.0,0.0,1.5057443432447342,1
2021-03-16 13:19:00+00:00,1,0.0004273727696051388,2.5,1.1920726272303948,DC:-1:2021-03-16 13:05:00+00:00,1.1936,1.1922,1.1926,1.1921,2021-03-16 12:46:00+00:00,2021-03-16 12:59:00+00:00,2021-03-16 13:06:00+00:00,2021-03-16 13:17:00+00:00,2021-03-16 13:13:00+00:00,2021-03-16 13:19:00+00:00,5.660004017932491,0.6363636363638657,0.285714285714399,0.3571428571429591,0.00027372769605188554,120.0,0.0,1.5613062754312212,-1
2021-03-16 14:27:00+00:00,-1,0.0004272814529404645,2.5,1.1913272814529405,DC:1:2021-03-16 14:13:00+00:00,1.1898,1.1911,1.1905,1.1913,2021-03-16 13:53:00+00:00,2021-03-16 14:10:00+00:00,2021-03-16 14:14:00+00:00,2021-03-16 14:26:00+00:00,2021-03-16 14:23:00+00:00,2021-03-16 14:27:00+00:00,3.7668807112087466,0.6190476190480521,0.4615384615385535,0.615384615384681,0.00027281452940409247,60.0,0.0,1.566197569732717,1
2021-03-16 15:50:00+00:00,1,0.00043056773810290494,2.5,1.1881694322618972,DC:-1:2021-03-16 15:25:00+00:00,1.1898,1.1885,1.189,1.1882,2021-03-16 15:12:00+00:00,2021-03-16 15:23:00+00:00,2021-03-16 15:25:00+00:00,2021-03-16 15:44:00+00:00,2021-03-16 15:35:00+00:00,2021-03-16 15:50:00+00:00,4.075052909118297,0.6190476190480521,0.3846153846154897,0.615384615384681,0.00030567738102656546,360.0,0.0,1.4085691805422975,-1
2021-03-16 17:32:00+00:00,-1,0.00021971323414793353,2.5,1.1906197132341478,DC:1:2021-03-16 17:14:00+00:00,1.1892,1.1905,1.1899,1.1906,2021-03-16 16:59:00+00:00,2021-03-16 17:11:00+00:00,2021-03-16 17:18:00+00:00,2021-03-16 17:27:00+00:00,2021-03-16 17:19:00+00:00,2021-03-16 17:32:00+00:00,7.066343271871267,0.8666666666670515,0.46153846153846156,0.5384615384617093,0.00019713234147637954,300.0,0.0,1.1145468698968386,1
2021-03-17 01:04:00+00:00,1,0.00021707944913607058,2.5,1.1897829205508639,DC:-1:2021-03-17 01:01:00+00:00,1.1904,1.1899,1.1901,1.1898,2021-03-17 00:47:00+00:00,2021-03-17 01:00:00+00:00,2021-03-17 01:01:00+00:00,2021-03-17 01:03:00+00:00,2021-03-17 01:03:00+00:00,2021-03-17 01:04:00+00:00,3.3373772468041043,0.45454545454646383,0.4,0.6,0.00017079449136106131,60.0,1.0,1.2709979543612,-1
2021-03-17 01:35:00+00:00,1,0.00021687401007852714,2.5,1.1891831259899215,DC:-1:2021-03-17 01:29:00+00:00,1.1901,1.1893,1.1895,1.1892,2021-03-17 01:08:00+00:00,2021-03-17 01:28:00+00:00,2021-03-17 01:29:00+00:00,2021-03-17 01:33:00+00:00,2021-03-17 01:33:00+00:00,2021-03-17 01:35:00+00:00,4.528637157447475,0.5000000000011102,0.25,0.375,0.0001687401007852902,120.0,1.0,1.2852547146127637,-1
2021-03-17 02:35:00+00:00,-1,0.0002127530141771139,2.5,1.190012753014177,DC:1:2021-03-17 02:26:00+00:00,1.1895,1.1899,1.1897,1.19,2021-03-17 02:09:00+00:00,2021-03-17 02:17:00+00:00,2021-03-17 02:26:00+00:00,2021-03-17 02:33:00+00:00,2021-03-17 02:27:00+00:00,2021-03-17 02:35:00+00:00,2.5620592190774696,0.6666666666671601,0.5,0.75,0.00012753014177127633,120.0,0.0,1.6682567056083393,1
2021-03-17 06:05:00+00:00,1,0.0002127878242597081,2.5,1.1896872121757402,DC:-1:2021-03-17 05:46:00+00:00,1.1902,1.1898,1.19,1.1897,2021-03-17 05:31:00+00:00,2021-03-17 05:45:00+00:00,2021-03-17 05:46:00+00:00,2021-03-17 05:59:00+00:00,2021-03-17 05:56:00+00:00,2021-03-17 06:05:00+00:00,2.772159752748633,0.666666666668147,0.5,0.75,0.00012787824259720038,360.0,0.0,1.663987711576251,-1
2021-03-17 08:13:00+00:00,1,0.00032010393920400837,2.5,1.188679896060796,DC:-1:2021-03-17 07:58:00+00:00,1.1901,1.1889,1.1892,1.1887,2021-03-17 07:36:00+00:00,2021-03-17 07:57:00+00:00,2021-03-17 07:58:00+00:00,2021-03-17 08:07:00+00:00,2021-03-17 08:00:00+00:00,2021-03-17 08:13:00+00:00,6.414275861403891,0.6000000000010658,0.25,0.4166666666666667,0.00020103939204111428,360.0,0.0,1.592244862830387,-1
2021-03-17 11:06:00+00:00,1,0.00021532625666909055,2.5,1.190884673743331,DC:-1:2021-03-17 10:58:00+00:00,1.1915,1.1909999999999998,1.1912,1.1909,2021-03-17 10:38:00+00:00,2021-03-17 10:52:00+00:00,2021-03-17 10:58:00+00:00,2021-03-17 11:05:00+00:00,2021-03-17 11:02:00+00:00,2021-03-17 11:06:00+00:00,3.076248035083392,0.4545454545466657,0.4000000000002665,0.5999999999997335,0.00015326256669035475,60.0,0.0,1.4049500887201418,-1
2021-03-17 14:51:00+00:00,1,0.00031873940125071165,2.5,1.1904812605987494,DC:-1:2021-03-17 14:47:00+00:00,1.1914,1.1907,1.1909,1.1905,2021-03-17 14:26:00+00:00,2021-03-17 14:46:00+00:00,2021-03-17 14:47:00+00:00,2021-03-17 14:50:00+00:00,2021-03-17 14:48:00+00:00,2021-03-17 14:51:00+00:00,3.535770626551364,0.5384615384619983,0.2857142857142857,0.5714285714288886,0.00018739401250434954,60.0,0.0,1.700904938162384,-1
2021-03-17 16:16:00+00:00,1,0.00032764814400509934,2.5,1.1896723518559948,DC:-1:2021-03-17 16:05:00+00:00,1.1909999999999998,1.1898,1.1903,1.1897,2021-03-17 15:51:00+00:00,2021-03-17 16:04:00+00:00,2021-03-17 16:05:00+00:00,2021-03-17 16:15:00+00:00,2021-03-17 16:13:00+00:00,2021-03-17 16:16:00+00:00,4.671309725665086,0.6666666666671601,0.4166666666666667,0.5,0.0002764814400521278,60.0,0.0,1.185063792865534,-1
2021-03-18 00:25:00+00:00,-1,0.0004224234597189902,2.5,1.198722423459719,DC:1:2021-03-18 00:09:00+00:00,1.1979,1.1985,1.1982,1.1987,2021-03-18 00:03:00+00:00,2021-03-18 00:08:00+00:00,2021-03-18 00:09:00+00:00,2021-03-18 00:21:00+00:00,2021-03-18 00:16:00+00:00,2021-03-18 00:25:00+00:00,2.710726369351422,0.75,0.5,0.8333333333337034,0.00022423459718844788,240.0,0.0,1.8838460479137544,1
2021-03-18 05:31:00+00:00,-1,0.00021720018786486328,2.5,1.1965172001878648,DC:1:2021-03-18 05:23:00+00:00,1.1959,1.1964,1.1962,1.1965,2021-03-18 05:11:00+00:00,2021-03-18 05:20:00+00:00,2021-03-18 05:23:00+00:00,2021-03-18 05:25:00+00:00,2021-03-18 05:24:00+00:00,2021-03-18 05:31:00+00:00,2.9336925078545013,0.5555555555567891,0.4,0.6,0.00017200187864954746,360.0,0.0,1.2627779973694766,1
2021-03-18 06:32:00+00:00,-1,0.00021775977739468821,2.5,1.1973177597773947,DC:1:2021-03-18 06:29:00+00:00,1.1965,1.1972,1.1969,1.1973,2021-03-18 06:12:00+00:00,2021-03-18 06:28:00+00:00,2021-03-18 06:29:00+00:00,2021-03-18 06:31:00+00:00,2021-03-18 06:31:00+00:00,2021-03-18 06:32:00+00:00,3.8728182129640842,0.6363636363647374,0.4285714285712926,0.5714285714283902,0.00017759777394815517,60.0,1.0,1.2261402412524451,1
2021-03-19 02:36:00+00:00,-1,0.00021746372325104346,2.5,1.1908174637232511,DC:1:2021-03-19 02:31:00+00:00,1.1902,1.1907,1.1905,1.1908,2021-03-19 02:24:00+00:00,2021-03-19 02:30:00+00:00,2021-03-19 02:31:00+00:00,2021-03-19 02:34:00+00:00,2021-03-19 02:33:00+00:00,2021-03-19 02:36:00+00:00,3.0061238763881257,1.0000000000026645,0.4000000000002665,0.6000000000001776,0.0001746372325109492,120.0,0.0,1.2452311578941746,1
2021-03-19 04:06:00+00:00,-1,0.00021702420271818568,2.5,1.1915170242027182,DC:1:2021-03-19 04:02:00+00:00,1.1909999999999998,1.1914,1.1912,1.1915,2021-03-19 03:52:00+00:00,2021-03-19 03:56:00+00:00,2021-03-19 04:02:00+00:00,2021-03-19 04:04:00+00:00,2021-03-19 04:04:00+00:00,2021-03-19 04:06:00+00:00,2.0730098212082213,1.0000000000005551,0.49999999999972244,0.7499999999995837,0.00017024202718240702,120.0,1.0,1.2747980408248638,1
2021-03-19 07:02:00+00:00,1,0.0002189810916122248,2.5,1.1921810189083877,DC:-1:2021-03-19 07:00:00+00:00,1.1927,1.1923,1.1925,1.1922,2021-03-19 06:54:00+00:00,2021-03-19 06:59:00+00:00,2021-03-19 07:00:00+00:00,2021-03-19 07:01:00+00:00,2021-03-19 07:01:00+00:00,2021-03-19 07:02:00+00:00,2.3124164397296254,0.6666666666665433,0.49999999999972244,0.7499999999995837,0.00018981091612272906,60.0,1.0,1.1536801785974982,-1
2021-03-19 15:20:00+00:00,-1,0.00021496761302386425,2.5,1.189014967613024,DC:1:2021-03-19 15:10:00+00:00,1.1879,1.1889,1.1886,1.189,2021-03-19 14:36:00+00:00,2021-03-19 15:07:00+00:00,2021-03-19 15:10:00+00:00,2021-03-19 15:17:00+00:00,2021-03-19 15:15:00+00:00,2021-03-19 15:20:00+00:00,4.4151301512960135,0.5000000000005551,0.2999999999999334,0.3999999999999112,0.00014967613023820903,180.0,0.0,1.4362184049102822,1
2021-03-21 21:13:00+00:00,-1,0.00032150578746126257,2.5,1.1880215057874612,DC:1:2021-03-21 21:07:00+00:00,1.1873,1.1878,1.1876,1.188,2021-03-21 21:04:00+00:00,2021-03-21 21:06:00+00:00,2021-03-21 21:07:00+00:00,2021-03-21 21:10:00+00:00,2021-03-21 21:09:00+00:00,2021-03-21 21:13:00+00:00,2.74533737985669,1.000000000000444,0.4,0.8,0.00021505787461290608,180.0,1.0,1.494973332364405,1
2021-03-21 22:50:00+00:00,-1,0.0003245864237508833,2.5,1.1888245864237508,DC:1:2021-03-21 22:37:00+00:00,1.188,1.1887,1.1884,1.1888,2021-03-21 22:23:00+00:00,2021-03-21 22:36:00+00:00,2021-03-21 22:37:00+00:00,2021-03-21 22:40:00+00:00,2021-03-21 22:39:00+00:00,2021-03-21 22:50:00+00:00,2.832901248970041,0.5384615384614333,0.42857142857160985,0.5714285714287074,0.00024586423750645725,600.0,0.0,1.3201855912141698,1
2021-03-22 01:27:00+00:00,1,0.00021862634302260986,2.5,1.1873813736569774,DC:-1:2021-03-22 01:21:00+00:00,1.1886,1.1875,1.1878,1.1874,2021-03-22 01:06:00+00:00,2021-03-22 01:19:00+00:00,2021-03-22 01:21:00+00:00,2021-03-22 01:26:00+00:00,2021-03-22 01:25:00+00:00,2021-03-22 01:27:00+00:00,6.3349692455304005,0.733333333333807,0.2727272727272177,0.36363636363629026,0.0001862634302271692,60.0,0.0,1.1737480768821364,-1
2021-03-22 01:52:00+00:00,-1,0.0004222698131066682,2.5,1.1885222698131066,DC:1:2021-03-22 01:40:00+00:00,1.1874,1.1883,1.188,1.1885,2021-03-22 01:26:00+00:00,2021-03-22 01:36:00+00:00,2021-03-22 01:40:00+00:00,2021-03-22 01:50:00+00:00,2021-03-22 01:43:00+00:00,2021-03-22 01:52:00+00:00,4.4988937109080585,0.8181818181829743,0.3333333333333333,0.5555555555555556,0.00022269813106747725,120.0,1.0,1.8961533762432923,1
2021-03-22 08:58:00+00:00,-1,0.0004295634264495085,2.5,1.1906295634264494,DC:1:2021-03-22 08:39:00+00:00,1.1887,1.1905,1.1896,1.1906,2021-03-22 08:26:00+00:00,2021-03-22 08:38:00+00:00,2021-03-22 08:51:00+00:00,2021-03-22 08:57:00+00:00,2021-03-22 08:53:00+00:00,2021-03-22 08:58:00+00:00,6.116738748248848,1.00000000000074,0.5,0.5555555555556789,0.0002956342644934523,60.0,0.0,1.4530231371709705,1
2021-03-22 19:29:00+00:00,1,0.00021565482987306872,2.5,1.193584345170127,DC:-1:2021-03-22 19:13:00+00:00,1.1942,1.1937,1.1939,1.1936,2021-03-22 19:00:00+00:00,2021-03-22 19:10:00+00:00,2021-03-22 19:13:00+00:00,2021-03-22 19:22:00+00:00,2021-03-22 19:16:00+00:00,2021-03-22 19:29:00+00:00,3.3336611521607757,0.7142857142854877,0.4,0.6,0.00015654829873073335,420.0,0.0,1.3775609931347765,-1
2021-03-23 00:15:00+00:00,-1,0.0002147643464647242,2.5,1.1939147643464647,DC:1:2021-03-23 00:09:00+00:00,1.1928,1.1938,1.1936,1.1939,2021-03-22 23:48:00+00:00,2021-03-23 00:05:00+00:00,2021-03-23 00:09:00+00:00,2021-03-23 00:13:00+00:00,2021-03-23 00:13:00+00:00,2021-03-23 00:15:00+00:00,7.289113897830422,0.8333333333351837,0.2,0.3,0.00014764346464809678,120.0,1.0,1.454614648718843,1
2021-03-23 04:06:00+00:00,-1,0.00021451160607854902,2.5,1.1933145116060786,DC:1:2021-03-23 03:59:00+00:00,1.1927,1.1932,1.193,1.1933,2021-03-23 03:40:00+00:00,2021-03-23 03:58:00+00:00,2021-03-23 03:59:00+00:00,2021-03-23 04:05:00+00:00,2021-03-23 04:01:00+00:00,2021-03-23 04:06:00+00:00,3.877850163521937,0.5555555555562409,0.4,0.6,0.00014511606078554994,60.0,0.0,1.4782072013073084,1
2021-03-23 07:27:00+00:00,-1,0.00031758191995345797,2.5,1.1931175819199535,DC:1:2021-03-23 07:17:00+00:00,1.1924,1.1929,1.1927,1.1931,2021-03-23 07:10:00+00:00,2021-03-23 07:15:00+00:00,2021-03-23 07:17:00+00:00,2021-03-23 07:25:00+00:00,2021-03-23 07:25:00+00:00,2021-03-23 07:27:00+00:00,2.6604698790464645,0.7142857142867112,0.3999999999998224,0.7999999999996448,0.0001758191995357127,120.0,1.0,1.8062982927467497,1
2021-03-23 14:44:00+00:00,1,0.00032133127212574664,2.5,1.1865786687278743,DC:-1:2021-03-23 14:38:00+00:00,1.1875,1.1868,1.1871,1.1866,2021-03-23 14:25:00+00:00,2021-03-23 14:36:00+00:00,2021-03-23 14:38:00+00:00,2021-03-23 14:42:00+00:00,2021-03-23 14:40:00+00:00,2021-03-23 14:44:00+00:00,3.7584076758500515,0.7777777777787372,0.42857142857142855,0.7142857142857143,0.0002133127212575684,120.0,0.0,1.5063858837455326,-1
2021-03-23 15:17:00+00:00,-1,0.0003216010077360387,2.5,1.187621601007736,DC:1:2021-03-23 15:01:00+00:00,1.1866,1.1874,1.187,1.1876,2021-03-23 14:42:00+00:00,2021-03-23 15:00:00+00:00,2021-03-23 15:01:00+00:00,2021-03-23 15:08:00+00:00,2021-03-23 15:02:00+00:00,2021-03-23 15:17:00+00:00,3.776100973262483,0.5000000000011102,0.5,0.75,0.00021601007735987378,540.0,0.0,1.488824094073398,1
2021-03-23 16:16:00+00:00,1,0.00032681463972328295,2.5,1.1863731853602768,DC:-1:2021-03-23 16:04:00+00:00,1.1872,1.1865,1.1868,1.1864,2021-03-23 15:58:00+00:00,2021-03-23 16:03:00+00:00,2021-03-23 16:04:00+00:00,2021-03-23 16:11:00+00:00,2021-03-23 16:07:00+00:00,2021-03-23 16:16:00+00:00,3.0214251544292905,0.9999999999996828,0.42857142857142855,0.5714285714288886,0.00026814639723107093,300.0,0.0,1.2187918357211998,-1
2021-03-24 01:36:00+00:00,-1,0.00021339433906630845,2.5,1.1847133943390664,DC:1:2021-03-24 01:21:00+00:00,1.1839,1.1846,1.1844,1.1847,2021-03-24 01:04:00+00:00,2021-03-24 01:15:00+00:00,2021-03-24 01:21:00+00:00,2021-03-24 01:34:00+00:00,2021-03-24 01:33:00+00:00,2021-03-24 01:36:00+00:00,3.6016744882966,1.0000000000025377,0.2857142857145123,0.42857142857160985,0.000133943390663101,120.0,0.0,1.5931681138567353,1
2021-03-24 01:57:00+00:00,-1,0.0002154241431502335,2.5,1.1850154241431503,DC:1:2021-03-24 01:42:00+00:00,1.1845,1.1849,1.1847,1.185,2021-03-24 01:36:00+00:00,2021-03-24 01:40:00+00:00,2021-03-24 01:42:00+00:00,2021-03-24 01:52:00+00:00,2021-03-24 01:44:00+00:00,2021-03-24 01:57:00+00:00,2.7761361863333502,1.0000000000022204,0.5,0.75,0.00015424143150173466,300.0,0.0,1.3966684635432132,1
2021-03-24 02:09:00+00:00,1,0.00021486140086035554,2.5,1.1843851385991397,DC:-1:2021-03-24 02:06:00+00:00,1.185,1.1845,1.1847,1.1844,2021-03-24 01:52:00+00:00,2021-03-24 02:05:00+00:00,2021-03-24 02:06:00+00:00,2021-03-24 02:08:00+00:00,2021-03-24 02:08:00+00:00,2021-03-24 02:09:00+00:00,3.7707906884703224,0.5555555555567891,0.4,0.6000000000004441,0.00014861400860135255,60.0,1.0,1.4457681539073974,-1
2021-03-24 08:10:00+00:00,1,0.00042622066136877024,2.5,1.1813737793386312,DC:-1:2021-03-24 07:54:00+00:00,1.1828,1.1817,1.1822,1.1814,2021-03-24 07:40:00+00:00,2021-03-24 07:53:00+00:00,2021-03-24 07:56:00+00:00,2021-03-24 08:06:00+00:00,2021-03-24 08:01:00+00:00,2021-03-24 08:10:00+00:00,4.2490414772801985,0.6470588235292888,0.45454545454536277,0.7272727272725805,0.00026220661368777325,240.0,0.0,1.6255145336505483,-1
2021-03-25 02:37:00+00:00,-1,0.00032150990224510956,2.5,1.182321509902245,DC:1:2021-03-25 02:21:00+00:00,1.1807,1.1822,1.1819,1.1823,2021-03-25 01:55:00+00:00,2021-03-25 02:18:00+00:00,2021-03-25 02:21:00+00:00,2021-03-25 02:31:00+00:00,2021-03-25 02:22:00+00:00,2021-03-25 02:37:00+00:00,6.340172879153226,0.652173913043919,0.2,0.26666666666666666,0.00021509902245198565,360.0,0.0,1.49470647788219,1
2021-03-25 05:41:00+00:00,-1,0.0002161471279997773,2.5,1.1825161471279997,DC:1:2021-03-25 05:23:00+00:00,1.1819,1.1824,1.1822,1.1825,2021-03-25 05:13:00+00:00,2021-03-25 05:18:00+00:00,2021-03-25 05:23:00+00:00,2021-03-25 05:29:00+00:00,2021-03-25 05:24:00+00:00,2021-03-25 05:41:00+00:00,2.8850136527366153,1.0000000000022204,0.4,0.6000000000004441,0.00016147127999566966,720.0,0.0,1.338610358483403,1
2021-03-25 10:28:00+00:00,-1,0.0004230923157699795,2.5,1.18182309231577,DC:1:2021-03-25 10:18:00+00:00,1.1808,1.1816,1.1813,1.1818,2021-03-25 10:07:00+00:00,2021-03-25 10:16:00+00:00,2021-03-25 10:18:00+00:00,2021-03-25 10:23:00+00:00,2021-03-25 10:21:00+00:00,2021-03-25 10:28:00+00:00,3.417617051228302,0.8000000000010659,0.375,0.625,0.00023092315770061636,300.0,0.0,1.8321779417138564,1
2021-03-25 10:55:00+00:00,-1,0.0003217928188128383,2.5,1.1816217928188129,DC:1:2021-03-25 10:48:00+00:00,1.1809,1.1815,1.1812,1.1816,2021-03-25 10:37:00+00:00,2021-03-25 10:45:00+00:00,2021-03-25 10:48:00+00:00,2021-03-25 10:53:00+00:00,2021-03-25 10:53:00+00:00,2021-03-25 10:55:00+00:00,2.9286178883108227,0.75,0.5,0.6666666666666666,0.00021792818812854992,120.0,1.0,1.4766002579850819,1
2021-03-25 12:04:00+00:00,1,0.00042198691341521766,2.5,1.1804780130865848,DC:-1:2021-03-25 11:46:00+00:00,1.1814,1.1807,1.181,1.1805,2021-03-25 11:29:00+00:00,2021-03-25 11:41:00+00:00,2021-03-25 11:46:00+00:00,2021-03-25 11:54:00+00:00,2021-03-25 11:53:00+00:00,2021-03-25 12:04:00+00:00,2.9073550552551706,0.538461538462734,0.42857142857142855,0.7142857142857143,0.00021986913415300178,600.0,0.0,1.9192639978359438,-1
2021-03-25 12:41:00+00:00,1,0.00021819405669742942,2.5,1.1800818059433025,DC:-1:2021-03-25 12:22:00+00:00,1.1809,1.1802,1.1805,1.1801,2021-03-25 12:09:00+00:00,2021-03-25 12:18:00+00:00,2021-03-25 12:22:00+00:00,2021-03-25 12:38:00+00:00,2021-03-25 12:36:00+00:00,2021-03-25 12:41:00+00:00,3.4716649833148594,0.7777777777789839,0.42857142857160985,0.5714285714287074,0.00018194056697550047,180.0,0.0,1.1992600678594716,-1
2021-03-25 13:27:00+00:00,-1,0.00032862322041404823,2.5,1.181228623220414,DC:1:2021-03-25 13:23:00+00:00,1.1801,1.1811,1.1808,1.1812,2021-03-25 13:13:00+00:00,2021-03-25 13:21:00+00:00,2021-03-25 13:23:00+00:00,2021-03-25 13:25:00+00:00,2021-03-25 13:24:00+00:00,2021-03-25 13:27:00+00:00,3.707056867424668,1.0000000000006661,0.2999999999999334,0.3999999999999112,0.00028623220413977364,120.0,0.0,1.1481000937741237,1
2021-03-25 15:30:00+00:00,1,0.0003271697580227162,2.5,1.1784728302419774,DC:-1:2021-03-25 15:22:00+00:00,1.1795,1.1787,1.1791,1.1785,2021-03-25 15:06:00+00:00,2021-03-25 15:18:00+00:00,2021-03-25 15:22:00+00:00,2021-03-25 15:29:00+00:00,2021-03-25 15:24:00+00:00,2021-03-25 15:30:00+00:00,2.3275467217586416,0.8000000000010659,0.5,0.75,0.00027169758022794083,60.0,0.0,1.2041688326713729,-1
2021-03-25 16:55:00+00:00,1,0.0003281199197326945,2.5,1.1764718800802674,DC:-1:2021-03-25 16:48:00+00:00,1.1775,1.1767,1.177,1.1765,2021-03-25 16:42:00+00:00,2021-03-25 16:47:00+00:00,2021-03-25 16:48:00+00:00,2021-03-25 16:50:00+00:00,2021-03-25 16:50:00+00:00,2021-03-25 16:55:00+00:00,3.5119171470952235,1.0,0.375,0.625,0.00028119919732680837,300.0,1.0,1.1668593753180423,-1
2021-03-25 19:29:00+00:00,1,0.0002199935511284501,2.5,1.1763800064488716,DC:-1:2021-03-25 19:26:00+00:00,1.1775,1.1765,1.1767,1.1764,2021-03-25 19:13:00+00:00,2021-03-25 19:25:00+00:00,2021-03-25 19:26:00+00:00,2021-03-25 19:28:00+00:00,2021-03-25 19:28:00+00:00,2021-03-25 19:29:00+00:00,5.477128266943009,0.7142857142868472,0.2,0.30000000000022203,0.00019993551128241218,60.0,1.0,1.1003225475923866,-1
2021-03-25 21:52:00+00:00,1,0.00021855660536540533,2.5,1.1766814433946347,DC:-1:2021-03-25 21:49:00+00:00,1.1773,1.1768,1.177,1.1767,2021-03-25 21:39:00+00:00,2021-03-25 21:44:00+00:00,2021-03-25 21:49:00+00:00,2021-03-25 21:50:00+00:00,2021-03-25 21:50:00+00:00,2021-03-25 21:52:00+00:00,2.869399647644263,0.714285714286394,0.4,0.6,0.00018556605365467257,120.0,1.0,1.17778333407966,-1
2021-03-26 00:24:00+00:00,1,0.000216445218520267,2.5,1.1771835547814797,DC:-1:2021-03-26 00:16:00+00:00,1.1778,1.1773,1.1775,1.1772,2021-03-26 00:02:00+00:00,2021-03-26 00:15:00+00:00,2021-03-26 00:16:00+00:00,2021-03-26 00:22:00+00:00,2021-03-26 00:19:00+00:00,2021-03-26 00:24:00+00:00,2.8692360202103355,0.5555555555567891,0.4,0.6,0.00016445218520250404,120.0,0.0,1.3161589689655961,-1
2021-03-26 07:02:00+00:00,1,0.00021880364802129293,2.5,1.1778811963519786,DC:-1:2021-03-26 06:55:00+00:00,1.1786,1.178,1.1783,1.1779,2021-03-26 06:30:00+00:00,2021-03-26 06:36:00+00:00,2021-03-26 06:55:00+00:00,2021-03-26 07:01:00+00:00,2021-03-26 07:01:00+00:00,2021-03-26 07:02:00+00:00,2.668416427017048,0.7500000000002776,0.499999999999815,0.6666666666664199,0.0001880364802123996,60.0,1.0,1.1636233978329087,-1
2021-03-26 17:58:00+00:00,1,0.00031910285372660496,2.5,1.1785808971462735,DC:-1:2021-03-26 17:51:00+00:00,1.1794,1.1788,1.179,1.1786,2021-03-26 17:46:00+00:00,2021-03-26 17:50:00+00:00,2021-03-26 17:51:00+00:00,2021-03-26 17:56:00+00:00,2021-03-26 17:56:00+00:00,2021-03-26 17:58:00+00:00,3.3765035512893493,0.7500000000016653,0.3333333333333333,0.6666666666666666,0.0001910285372666303,120.0,1.0,1.6704459882934322,-1
2021-03-29 02:56:00+00:00,1,0.00021354672272067,2.5,1.1784864532772794,DC:-1:2021-03-29 02:42:00+00:00,1.179,1.1786,1.1788,1.1785,2021-03-29 02:34:00+00:00,2021-03-29 02:37:00+00:00,2021-03-29 02:42:00+00:00,2021-03-29 02:49:00+00:00,2021-03-29 02:47:00+00:00,2021-03-29 02:56:00+00:00,2.8573589626878184,1.0000000000022204,0.5,0.75,0.00013546722720673664,420.0,0.0,1.5763718437580196,-1
2021-03-29 08:51:00+00:00,1,0.0003254690922744885,2.5,1.1763745309077256,DC:-1:2021-03-29 08:24:00+00:00,1.1787,1.1765,1.1775,1.1764,2021-03-29 08:04:00+00:00,2021-03-29 08:22:00+00:00,2021-03-29 08:33:00+00:00,2021-03-29 08:49:00+00:00,2021-03-29 08:44:00+00:00,2021-03-29 08:51:00+00:00,7.880755503344549,0.6875000000012144,0.4545454545454087,0.5000000000000505,0.0002546909227424017,120.0,0.0,1.277898280668891,-1
2021-03-29 09:36:00+00:00,-1,0.00031954667482780863,2.5,1.1777195466748278,DC:1:2021-03-29 09:27:00+00:00,1.1767,1.1776,1.1773,1.1777,2021-03-29 09:08:00+00:00,2021-03-29 09:23:00+00:00,2021-03-29 09:27:00+00:00,2021-03-29 09:35:00+00:00,2021-03-29 09:35:00+00:00,2021-03-29 09:36:00+00:00,3.477065678385122,0.6923076923092295,0.3333333333333333,0.4444444444444444,0.00019546674827902077,60.0,1.0,1.6347878994317175,1
2021-03-29 10:51:00+00:00,1,0.000319855512054934,2.5,1.176880144487945,DC:-1:2021-03-29 10:37:00+00:00,1.178,1.177,1.1773,1.1769,2021-03-29 10:18:00+00:00,2021-03-29 10:35:00+00:00,2021-03-29 10:37:00+00:00,2021-03-29 10:48:00+00:00,2021-03-29 10:47:00+00:00,2021-03-29 10:51:00+00:00,4.748143929469677,0.6250000000013878,0.3,0.4,0.00019855512054956642,180.0,0.0,1.6109154534500494,-1
2021-03-29 10:57:00+00:00,-1,0.0002193366475304881,2.5,1.1774193366475305,DC:1:2021-03-29 10:55:00+00:00,1.1769,1.1773,1.1771,1.1774,2021-03-29 10:48:00+00:00,2021-03-29 10:53:00+00:00,2021-03-29 10:55:00+00:00,2021-03-29 10:56:00+00:00,2021-03-29 10:56:00+00:00,2021-03-29 10:57:00+00:00,2.079076482824913,1.0000000000022204,0.5,0.75,0.00019336647530516005,60.0,1.0,1.1343054538504846,1
2021-03-29 12:57:00+00:00,1,0.0003216541076027646,2.5,1.1778783458923971,DC:-1:2021-03-29 12:44:00+00:00,1.1787,1.178,1.1783,1.1779,2021-03-29 12:26:00+00:00,2021-03-29 12:41:00+00:00,2021-03-29 12:44:00+00:00,2021-03-29 12:49:00+00:00,2021-03-29 12:47:00+00:00,2021-03-29 12:57:00+00:00,3.102698266080222,0.4666666666678509,0.4285714285712926,0.5714285714283902,0.0002165410760283445,480.0,0.0,1.4854184411675369,-1
2021-03-29 14:08:00+00:00,1,0.0003250605016820174,2.5,1.177374939498318,DC:-1:2021-03-29 14:00:00+00:00,1.1783,1.1775,1.1778,1.1774,2021-03-29 13:49:00+00:00,2021-03-29 13:58:00+00:00,2021-03-29 14:00:00+00:00,2021-03-29 14:01:00+00:00,2021-03-29 14:01:00+00:00,2021-03-29 14:08:00+00:00,3.0717785507517297,0.8000000000017764,0.375,0.5,0.00025060501682051757,420.0,1.0,1.2971029303648163,-1
2021-03-29 23:05:00+00:00,1,0.0002119524848414045,2.5,1.1764880475151587,DC:-1:2021-03-29 22:51:00+00:00,1.177,1.1766,1.1768,1.1765,2021-03-29 22:35:00+00:00,2021-03-29 22:47:00+00:00,2021-03-29 22:51:00+00:00,2021-03-29 23:04:00+00:00,2021-03-29 23:02:00+00:00,2021-03-29 23:05:00+00:00,3.1262525306094235,0.666666666668147,0.5,0.75,0.00011952484841479651,60.0,0.0,1.7732922287911972,-1
2021-03-30 07:00:00+00:00,1,0.00032207372641113174,2.5,1.174377926273589,DC:-1:2021-03-30 06:49:00+00:00,1.1755,1.1746,1.175,1.1744,2021-03-30 06:45:00+00:00,2021-03-30 06:47:00+00:00,2021-03-30 06:51:00+00:00,2021-03-30 06:59:00+00:00,2021-03-30 06:55:00+00:00,2021-03-30 07:00:00+00:00,4.562520028387115,1.0000000000002467,0.4444444444444444,0.6666666666666666,0.0002207372641121074,60.0,0.0,1.4590818079885137,-1
2021-03-30 09:52:00+00:00,1,0.0005160922780294008,2.5,1.1735839077219705,DC:-1:2021-03-30 09:34:00+00:00,1.1749,1.1739,1.1742,1.1736,2021-03-30 09:06:00+00:00,2021-03-30 09:32:00+00:00,2021-03-30 09:34:00+00:00,2021-03-30 09:50:00+00:00,2021-03-30 09:35:00+00:00,2021-03-30 09:52:00+00:00,6.971674289781385,0.5555555555569125,0.2999999999999334,0.5999999999998668,0.00016092278029418357,120.0,0.0,3.207080297058816,-1
2021-03-30 12:21:00+00:00,-1,0.00042776401873978465,2.5,1.1742277640187397,DC:1:2021-03-30 12:10:00+00:00,1.1733,1.1741,1.1737,1.1742,2021-03-30 12:01:00+00:00,2021-03-30 12:07:00+00:00,2021-03-30 12:10:00+00:00,2021-03-30 12:13:00+00:00,2021-03-30 12:12:00+00:00,2021-03-30 12:21:00+00:00,3.066568288961152,0.8000000000017764,0.5,0.625,0.0002776401873987983,480.0,0.0,1.5407136219993638,1
2021-03-30 12:59:00+00:00,1,0.00032645852079937754,2.5,1.1726735414792007,DC:-1:2021-03-30 12:37:00+00:00,1.1742,1.1729,1.1733,1.1727,2021-03-30 12:13:00+00:00,2021-03-30 12:35:00+00:00,2021-03-30 12:42:00+00:00,2021-03-30 12:56:00+00:00,2021-03-30 12:46:00+00:00,2021-03-30 12:59:00+00:00,5.341909071428673,0.5200000000011546,0.3076923076923077,0.46153846153846156,0.0002645852079942724,180.0,0.0,1.2338502340102269,-1
2021-03-30 13:56:00+00:00,1,0.00042819224122458976,2.5,1.1712718077587754,DC:-1:2021-03-30 13:46:00+00:00,1.1725,1.1715,1.1719,1.1713,2021-03-30 13:31:00+00:00,2021-03-30 13:41:00+00:00,2021-03-30 13:46:00+00:00,2021-03-30 13:51:00+00:00,2021-03-30 13:48:00+00:00,2021-03-30 13:56:00+00:00,3.69805570709329,0.6250000000015266,0.3999999999999112,0.5999999999998668,0.000281922412246125,300.0,0.0,1.5188300845367617,-1
2021-03-30 14:24:00+00:00,-1,0.0003284324952714801,2.5,1.1727284324952716,DC:1:2021-03-30 14:18:00+00:00,1.1715,1.1726,1.1722,1.1727,2021-03-30 14:07:00+00:00,2021-03-30 14:16:00+00:00,2021-03-30 14:18:00+00:00,2021-03-30 14:22:00+00:00,2021-03-30 14:21:00+00:00,2021-03-30 14:24:00+00:00,4.095379404608096,0.7333333333342412,0.3636363636364921,0.45454545454556466,0.00028432495271608096,120.0,0.0,1.1551307478786208,1
2021-03-31 05:25:00+00:00,-1,0.000211267189461406,2.5,1.1709112671894615,DC:1:2021-03-31 05:07:00+00:00,1.1704,1.1708,1.1706,1.1709,2021-03-31 04:54:00+00:00,2021-03-31 04:58:00+00:00,2021-03-31 05:07:00+00:00,2021-03-31 05:21:00+00:00,2021-03-31 05:14:00+00:00,2021-03-31 05:25:00+00:00,2.987948434505836,1.0000000000022204,0.5,0.75,0.00011267189461332216,240.0,0.0,1.8750655625917385,1
2021-03-31 06:06:00+00:00,1,0.0003162910848342193,2.5,1.1703837089151659,DC:-1:2021-03-31 06:04:00+00:00,1.1712,1.1706,1.1708,1.1704,2021-03-31 05:54:00+00:00,2021-03-31 06:00:00+00:00,2021-03-31 06:04:00+00:00,2021-03-31 06:05:00+00:00,2021-03-31 06:05:00+00:00,2021-03-31 06:06:00+00:00,4.168098398346297,0.7500000000016653,0.3333333333333333,0.6666666666666666,0.00016291084834229693,60.0,1.0,1.9414979914023314,-1
2021-03-31 06:54:00+00:00,-1,0.00042328517857481707,2.5,1.1724232851785747,DC:1:2021-03-31 06:43:00+00:00,1.171,1.1723,1.1718,1.1724,2021-03-31 06:23:00+00:00,2021-03-31 06:39:00+00:00,2021-03-31 06:44:00+00:00,2021-03-31 06:51:00+00:00,2021-03-31 06:45:00+00:00,2021-03-31 06:54:00+00:00,5.691349222288465,0.6190476190489936,0.38461538461538464,0.4615384615386323,0.00023285178574561325,180.0,0.0,1.8178309314631977,1
2021-03-31 07:33:00+00:00,-1,0.0003258956435363558,2.5,1.1737258956435364,DC:1:2021-03-31 07:28:00+00:00,1.173,1.1736,1.1733,1.1737,2021-03-31 07:18:00+00:00,2021-03-31 07:24:00+00:00,2021-03-31 07:28:00+00:00,2021-03-31 07:31:00+00:00,2021-03-31 07:30:00+00:00,2021-03-31 07:33:00+00:00,2.4036746637152677,0.5000000000011102,0.5,0.6666666666666666,0.0002589564353648476,120.0,0.0,1.258496021067005,1
2021-03-31 13:53:00+00:00,-1,0.00021476136225451192,2.5,1.1733147613622545,DC:1:2021-03-31 13:47:00+00:00,1.1726,1.1732,1.173,1.1733,2021-03-31 13:32:00+00:00,2021-03-31 13:35:00+00:00,2021-03-31 13:47:00+00:00,2021-03-31 13:51:00+00:00,2021-03-31 13:50:00+00:00,2021-03-31 13:53:00+00:00,3.3109984217881383,1.0000000000022204,0.3333333333333333,0.5,0.0001476136225457507,120.0,0.0,1.4548885025021978,1
2021-03-31 15:41:00+00:00,1,0.00043629783093823704,2.5,1.1728637021690618,DC:-1:2021-03-31 15:30:00+00:00,1.1745,1.1731,1.1737,1.1729,2021-03-31 15:14:00+00:00,2021-03-31 15:29:00+00:00,2021-03-31 15:31:00+00:00,2021-03-31 15:39:00+00:00,2021-03-31 15:34:00+00:00,2021-03-31 15:41:00+00:00,3.837604552175471,0.5384615384624516,0.4285714285713606,0.5714285714284808,0.0003629783093828752,120.0,0.0,1.2019942229606433,-1
2021-03-31 20:06:00+00:00,-1,0.00021703263176231502,2.5,1.1728170326317624,DC:1:2021-03-31 20:00:00+00:00,1.1721,1.1727,1.1725,1.1728,2021-03-31 19:52:00+00:00,2021-03-31 19:59:00+00:00,2021-03-31 20:00:00+00:00,2021-03-31 20:02:00+00:00,2021-03-31 20:02:00+00:00,2021-03-31 20:06:00+00:00,3.555514599393526,1.0000000000025906,0.33333333333320997,0.499999999999815,0.00017032631762299198,240.0,1.0,1.2742166612367263,1
2021-03-31 20:54:00+00:00,-1,0.00031342709344195363,2.5,1.173013427093442,DC:1:2021-03-31 20:46:00+00:00,1.1722,1.1728,1.1726,1.173,2021-03-31 20:22:00+00:00,2021-03-31 20:41:00+00:00,2021-03-31 20:46:00+00:00,2021-03-31 20:52:00+00:00,2021-03-31 20:50:00+00:00,2021-03-31 20:54:00+00:00,3.4572339033462063,0.7500000000019429,0.33333333333320997,0.6666666666664199,0.00013427093441995715,120.0,0.0,2.334288465302941,1
2021-03-31 22:43:00+00:00,-1,0.0002160277002563049,2.5,1.1728160277002564,DC:1:2021-03-31 22:34:00+00:00,1.1723,1.1727,1.1725,1.1728,2021-03-31 22:22:00+00:00,2021-03-31 22:29:00+00:00,2021-03-31 22:34:00+00:00,2021-03-31 22:40:00+00:00,2021-03-31 22:40:00+00:00,2021-03-31 22:43:00+00:00,2.0888553957270206,0.666666666668517,0.49999999999972244,0.7499999999995837,0.0001602770025643745,180.0,1.0,1.3478396575924134,1
2021-04-01 00:40:00+00:00,-1,0.0002192488738759213,2.5,1.172919248873876,DC:1:2021-04-01 00:37:00+00:00,1.172,1.1728,1.1726,1.1729,2021-04-01 00:24:00+00:00,2021-04-01 00:36:00+00:00,2021-04-01 00:37:00+00:00,2021-04-01 00:39:00+00:00,2021-04-01 00:38:00+00:00,2021-04-01 00:40:00+00:00,4.432966939379642,0.666666666668332,0.2499999999999306,0.3749999999998959,0.00019248873875907116,60.0,0.0,1.1390218216887196,1
2021-04-01 05:09:00+00:00,1,0.00031531432931997116,2.5,1.17118468567068,DC:-1:2021-04-01 05:05:00+00:00,1.1723,1.1713,1.1716,1.1712,2021-04-01 04:41:00+00:00,2021-04-01 05:03:00+00:00,2021-04-01 05:05:00+00:00,2021-04-01 05:08:00+00:00,2021-04-01 05:07:00+00:00,2021-04-01 05:09:00+00:00,8.97844261765786,0.5555555555567891,0.3,0.4,0.00015314329320101827,60.0,0.0,2.058949645976887,-1
2021-04-01 08:21:00+00:00,-1,0.00042308572656746257,2.5,1.1744230857265676,DC:1:2021-04-01 08:06:00+00:00,1.173,1.1741,1.1736,1.1744,2021-04-01 07:52:00+00:00,2021-04-01 07:59:00+00:00,2021-04-01 08:07:00+00:00,2021-04-01 08:17:00+00:00,2021-04-01 08:11:00+00:00,2021-04-01 08:21:00+00:00,4.620665681541715,0.846153846155725,0.45454545454545453,0.7272727272729291,0.00023085726567537038,240.0,0.0,1.8326723455280038,1
2021-04-01 09:23:00+00:00,-1,0.000324961327148765,2.5,1.1740249613271487,DC:1:2021-04-01 09:19:00+00:00,1.1724,1.1738,1.1735,1.1740000000000002,2021-04-01 09:03:00+00:00,2021-04-01 09:16:00+00:00,2021-04-01 09:19:00+00:00,2021-04-01 09:20:00+00:00,2021-04-01 09:20:00+00:00,2021-04-01 09:23:00+00:00,5.6529819842019,0.8750000000009714,0.21428571428571427,0.35714285714301575,0.0002496132714855069,180.0,1.0,1.3018591728510436,1
2021-04-01 10:00:00+00:00,1,0.00032218476073353486,2.5,1.1736778152392666,DC:-1:2021-04-01 09:52:00+00:00,1.1744,1.1738,1.1741,1.1737,2021-04-01 09:41:00+00:00,2021-04-01 09:49:00+00:00,2021-04-01 09:52:00+00:00,2021-04-01 09:57:00+00:00,2021-04-01 09:57:00+00:00,2021-04-01 10:00:00+00:00,2.7117206389885133,0.6000000000015543,0.499999999999815,0.6666666666664199,0.00022184760733356845,180.0,1.0,1.4522796283716515,-1
2021-04-01 12:30:00+00:00,-1,0.00021913510909921108,2.5,1.1750191351090993,DC:1:2021-04-01 12:26:00+00:00,1.1745,1.1749,1.1747,1.175,2021-04-01 12:21:00+00:00,2021-04-01 12:24:00+00:00,2021-04-01 12:26:00+00:00,2021-04-01 12:27:00+00:00,2021-04-01 12:27:00+00:00,2021-04-01 12:30:00+00:00,2.2655438764760696,1.0000000000022204,0.5,0.75,0.00019135109099270995,180.0,1.0,1.145199162243395,1
2021-04-01 15:21:00+00:00,-1,0.0004304006230633206,2.5,1.1766304006230632,DC:1:2021-04-01 15:00:00+00:00,1.1742,1.1763,1.1755,1.1766,2021-04-01 14:39:00+00:00,2021-04-01 14:53:00+00:00,2021-04-01 15:08:00+00:00,2021-04-01 15:16:00+00:00,2021-04-01 15:10:00+00:00,2021-04-01 15:21:00+00:00,7.321822268406048,0.7241379310352801,0.3809523809523407,0.5238095238095741,0.0003040062306303643,300.0,0.0,1.4157625064817732,1
2021-04-01 15:30:00+00:00,-1,0.00032826795403750886,2.5,1.1767282679540374,DC:1:2021-04-01 15:21:00+00:00,1.1755,1.1766,1.1762,1.1767,2021-04-01 15:08:00+00:00,2021-04-01 15:16:00+00:00,2021-04-01 15:21:00+00:00,2021-04-01 15:26:00+00:00,2021-04-01 15:25:00+00:00,2021-04-01 15:30:00+00:00,3.618346892822638,1.0000000000024223,0.3636363636364921,0.45454545454556466,0.00028267954037358934,240.0,0.0,1.1612724203657254,1
2021-04-01 22:16:00+00:00,-1,0.00021712598322265464,2.5,1.1780171259832226,DC:1:2021-04-01 22:08:00+00:00,1.1774,1.1779,1.1777,1.178,2021-04-01 22:00:00+00:00,2021-04-01 22:03:00+00:00,2021-04-01 22:08:00+00:00,2021-04-01 22:11:00+00:00,2021-04-01 22:10:00+00:00,2021-04-01 22:16:00+00:00,2.921873267643243,1.0000000000022204,0.4,0.6,0.00017125983222752831,300.0,0.0,1.2678161621353836,1
2021-04-02 00:46:00+00:00,1,0.00021689279002767847,2.5,1.1769831072099723,DC:-1:2021-04-02 00:40:00+00:00,1.178,1.1771,1.1773,1.177,2021-04-02 00:21:00+00:00,2021-04-02 00:39:00+00:00,2021-04-02 00:40:00+00:00,2021-04-02 00:43:00+00:00,2021-04-02 00:41:00+00:00,2021-04-02 00:46:00+00:00,6.21102574606349,0.6923076923092295,0.2222222222222222,0.3333333333333333,0.00016892790027771832,180.0,0.0,1.2839370504878451,-1
2021-04-02 01:27:00+00:00,-1,0.00021475999479569907,2.5,1.1775147599947957,DC:1:2021-04-02 01:16:00+00:00,1.177,1.1774,1.1772,1.1775,2021-04-02 01:01:00+00:00,2021-04-02 01:14:00+00:00,2021-04-02 01:16:00+00:00,2021-04-02 01:21:00+00:00,2021-04-02 01:21:00+00:00,2021-04-02 01:27:00+00:00,2.3837684326651036,0.666666666668147,0.5,0.75,0.0001475999479561661,360.0,1.0,1.4550140279146846,1
2021-04-02 01:52:00+00:00,1,0.00021375384627209115,2.5,1.176886246153728,DC:-1:2021-04-02 01:46:00+00:00,1.1775,1.177,1.1772,1.1769,2021-04-02 01:21:00+00:00,2021-04-02 01:40:00+00:00,2021-04-02 01:46:00+00:00,2021-04-02 01:49:00+00:00,2021-04-02 01:49:00+00:00,2021-04-02 01:52:00+00:00,3.631546825826567,0.45454545454646383,0.4,0.6,0.00013753846272212492,180.0,1.0,1.5541386899455722,-1
2021-04-02 07:25:00+00:00,-1,0.0002146142509520388,2.5,1.177714614250952,DC:1:2021-04-02 07:23:00+00:00,1.1769,1.1776,1.1774,1.1777,2021-04-02 07:14:00+00:00,2021-04-02 07:21:00+00:00,2021-04-02 07:23:00+00:00,2021-04-02 07:24:00+00:00,2021-04-02 07:24:00+00:00,2021-04-02 07:25:00+00:00,5.650760870624814,1.0000000000022204,0.2857142857142857,0.42857142857142855,0.00014614250952124034,60.0,1.0,1.4685272044055515,1
2021-04-02 08:49:00+00:00,-1,0.00021597182384325286,2.5,1.1785159718238432,DC:1:2021-04-02 08:36:00+00:00,1.1774,1.1784,1.1781,1.1785,2021-04-02 08:08:00+00:00,2021-04-02 08:34:00+00:00,2021-04-02 08:36:00+00:00,2021-04-02 08:48:00+00:00,2021-04-02 08:37:00+00:00,2021-04-02 08:49:00+00:00,7.584345978913539,0.45454545454646383,0.3,0.40000000000022207,0.00015971823843053827,60.0,0.0,1.3522051455456001,1
2021-04-02 14:04:00+00:00,-1,0.00032678026274868266,2.5,1.1768267802627488,DC:1:2021-04-02 13:50:00+00:00,1.1752,1.1767,1.1763,1.1768,2021-04-02 13:30:00+00:00,2021-04-02 13:45:00+00:00,2021-04-02 13:52:00+00:00,2021-04-02 13:57:00+00:00,2021-04-02 13:55:00+00:00,2021-04-02 14:04:00+00:00,5.527775046327835,0.7142857142874061,0.26666666666677524,0.333333333333432,0.0002678026274880909,420.0,0.0,1.220227993331449,1
2021-04-02 14:30:00+00:00,1,0.0005198909813937114,2.5,1.1750801090186063,DC:-1:2021-04-02 14:25:00+00:00,1.1768,1.1754,1.1757,1.1751,2021-04-02 13:57:00+00:00,2021-04-02 14:22:00+00:00,2021-04-02 14:25:00+00:00,2021-04-02 14:29:00+00:00,2021-04-02 14:29:00+00:00,2021-04-02 14:30:00+00:00,5.888740520864014,0.6363636363651503,0.2142857142856803,0.4285714285713606,0.00019890981393777963,60.0,1.0,2.6137020145036023,-1
2021-04-02 20:03:00+00:00,1,0.00021132927712974592,2.5,1.1758886707228702,DC:-1:2021-04-02 19:47:00+00:00,1.1764,1.176,1.1762,1.1759,2021-04-02 19:27:00+00:00,2021-04-02 19:41:00+00:00,2021-04-02 19:47:00+00:00,2021-04-02 20:02:00+00:00,2021-04-02 19:52:00+00:00,2021-04-02 20:03:00+00:00,3.8749151629884397,0.5000000000011102,0.5,0.75,0.00011329277129735118,60.0,0.0,1.8653376972753677,-1
2021-04-04 22:34:00+00:00,1,0.00021606234289173187,2.5,1.1759839376571082,DC:-1:2021-04-04 22:28:00+00:00,1.1766,1.1761,1.1763,1.176,2021-04-04 22:14:00+00:00,2021-04-04 22:17:00+00:00,2021-04-04 22:28:00+00:00,2021-04-04 22:31:00+00:00,2021-04-04 22:31:00+00:00,2021-04-04 22:34:00+00:00,2.9039599531260594,1.0000000000026645,0.3999999999998224,0.5999999999997335,0.00016062342891685774,180.0,1.0,1.3451483656445322,-1
2021-04-05 05:46:00+00:00,1,0.0003141697155126799,2.5,1.1753858302844873,DC:-1:2021-04-05 05:35:00+00:00,1.1761,1.1756,1.1758,1.1754,2021-04-05 05:27:00+00:00,2021-04-05 05:34:00+00:00,2021-04-05 05:35:00+00:00,2021-04-05 05:45:00+00:00,2021-04-05 05:36:00+00:00,2021-04-05 05:46:00+00:00,3.905482076240994,1.0000000000022204,0.4,0.8,0.00014169715512745985,60.0,0.0,2.2171914124181042,-1
2021-04-05 11:35:00+00:00,-1,0.00021406036992122068,2.5,1.1758140603699212,DC:1:2021-04-05 11:29:00+00:00,1.1749,1.1757,1.1755,1.1758,2021-04-05 11:07:00+00:00,2021-04-05 11:28:00+00:00,2021-04-05 11:29:00+00:00,2021-04-05 11:32:00+00:00,2021-04-05 11:30:00+00:00,2021-04-05 11:35:00+00:00,5.363100035300922,0.666666666668147,0.25,0.375,0.00014060369921148946,180.0,0.0,1.5224376820928527,1
2021-04-05 16:34:00+00:00,-1,0.0002157322083489177,2.5,1.181615732208349,DC:1:2021-04-05 16:27:00+00:00,1.1809,1.1815,1.1813,1.1816,2021-04-05 16:11:00+00:00,2021-04-05 16:25:00+00:00,2021-04-05 16:27:00+00:00,2021-04-05 16:31:00+00:00,2021-04-05 16:29:00+00:00,2021-04-05 16:34:00+00:00,4.0897932297331065,0.6000000000013322,0.3333333333333333,0.5,0.00015732208348905646,180.0,0.0,1.3712773411364358,1
2021-04-06 18:44:00+00:00,-1,0.0003184859371050397,2.5,1.1870184859371051,DC:1:2021-04-06 18:27:00+00:00,1.1853,1.1869,1.1864,1.187,2021-04-06 18:02:00+00:00,2021-04-06 18:26:00+00:00,2021-04-06 18:27:00+00:00,2021-04-06 18:41:00+00:00,2021-04-06 18:29:00+00:00,2021-04-06 18:44:00+00:00,13.36759800953525,0.6666666666682395,0.3125000000000954,0.3750000000000867,0.00018485937105127372,180.0,0.0,1.722855245551509,1
2021-04-06 18:52:00+00:00,-1,0.000416680187422358,2.5,1.1873166801874224,DC:1:2021-04-06 18:44:00+00:00,1.1864,1.187,1.1867,1.1873,2021-04-06 18:27:00+00:00,2021-04-06 18:41:00+00:00,2021-04-06 18:44:00+00:00,2021-04-06 18:51:00+00:00,2021-04-06 18:45:00+00:00,2021-04-06 18:52:00+00:00,3.2457104911048105,0.7500000000019429,0.499999999999815,0.99999999999963,0.00016680187422485695,60.0,0.0,2.4980545893666224,1
2021-04-06 19:57:00+00:00,1,0.00021434589059099451,2.5,1.186685654109409,DC:-1:2021-04-06 19:44:00+00:00,1.1873,1.1868,1.187,1.1867,2021-04-06 19:32:00+00:00,2021-04-06 19:40:00+00:00,2021-04-06 19:44:00+00:00,2021-04-06 19:51:00+00:00,2021-04-06 19:47:00+00:00,2021-04-06 19:57:00+00:00,3.185393558936486,1.0000000000022204,0.4,0.6,0.00014345890590994966,360.0,0.0,1.494127459228925,-1
2021-04-07 06:40:00+00:00,-1,0.00032464486992345165,2.5,1.1881246448699234,DC:1:2021-04-07 06:34:00+00:00,1.18686,1.18792,1.1876,1.1881,2021-04-07 06:20:00+00:00,2021-04-07 06:33:00+00:00,2021-04-07 06:34:00+00:00,2021-04-07 06:37:00+00:00,2021-04-07 06:35:00+00:00,2021-04-07 06:40:00+00:00,5.015899804210549,0.6235294117655433,0.3018867924529053,0.47169811320746813,0.0002464486992344821,180.0,0.0,1.317291878317322,1
2021-04-07 07:02:00+00:00,1,0.000464461402226668,2.5,1.1868255385977733,DC:-1:2021-04-07 06:45:00+00:00,1.1881,1.1872,1.1876,1.18685,2021-04-07 06:37:00+00:00,2021-04-07 06:44:00+00:00,2021-04-07 06:49:00+00:00,2021-04-07 06:55:00+00:00,2021-04-07 06:51:00+00:00,2021-04-07 07:02:00+00:00,3.5885895864557225,1.0000000000022204,0.4444444444444444,0.8333333333334567,0.0002446140222667057,420.0,0.0,1.898752156244992,-1
2021-04-07 08:31:00+00:00,1,0.0004250008581931919,2.5,1.1864749991418069,DC:-1:2021-04-07 08:21:00+00:00,1.1878,1.18672,1.18702,1.1865,2021-04-07 08:10:00+00:00,2021-04-07 08:20:00+00:00,2021-04-07 08:21:00+00:00,2021-04-07 08:27:00+00:00,2021-04-07 08:25:00+00:00,2021-04-07 08:31:00+00:00,4.276942369556595,0.8709677419347445,0.2777777777777549,0.48148148148135966,0.0002500085819319575,240.0,1.0,1.6999450775208205,-1
2021-04-07 09:15:00+00:00,-1,0.00037003957743775295,2.5,1.1889300395774378,DC:1:2021-04-07 08:56:00+00:00,1.1872,1.1887,1.1883,1.1889,2021-04-07 08:44:00+00:00,2021-04-07 08:55:00+00:00,2021-04-07 08:56:00+00:00,2021-04-07 09:11:00+00:00,2021-04-07 09:00:00+00:00,2021-04-07 09:15:00+00:00,5.542441587645321,0.7812500000014166,0.26666666666677524,0.40000000000008884,0.00030039577437815813,240.0,0.0,1.2318401555539946,1
2021-04-07 11:20:00+00:00,1,0.0004242450285019128,2.5,1.1885757549714981,DC:-1:2021-04-07 11:09:00+00:00,1.1897,1.1889,1.18923,1.1886,2021-04-07 10:57:00+00:00,2021-04-07 11:05:00+00:00,2021-04-07 11:10:00+00:00,2021-04-07 11:17:00+00:00,2021-04-07 11:11:00+00:00,2021-04-07 11:20:00+00:00,2.943174110619316,0.8695652173939068,0.4124999999999722,0.7874999999999722,0.0002424502850192043,180.0,1.0,1.7498227666274293,-1
2021-04-07 12:20:00+00:00,1,0.0003263819512728805,2.5,1.187873618048727,DC:-1:2021-04-07 12:12:00+00:00,1.1897,1.1881,1.18853,1.1879,2021-04-07 11:51:00+00:00,2021-04-07 12:08:00+00:00,2021-04-07 12:14:00+00:00,2021-04-07 12:19:00+00:00,2021-04-07 12:16:00+00:00,2021-04-07 12:20:00+00:00,6.3837009614468245,0.6153846153852264,0.2687500000000876,0.39375000000007027,0.0002638195127287034,60.0,0.0,1.2371410586619978,-1
2021-04-07 12:25:00+00:00,1,0.00032725575615644154,2.5,1.1877727442438435,DC:-1:2021-04-07 12:20:00+00:00,1.18853,1.1879,1.1882,1.1878,2021-04-07 12:14:00+00:00,2021-04-07 12:19:00+00:00,2021-04-07 12:20:00+00:00,2021-04-07 12:23:00+00:00,2021-04-07 12:23:00+00:00,2021-04-07 12:25:00+00:00,2.387996223190609,0.8400000000021316,0.4761904761903251,0.6349206349204335,0.00027255756156498677,120.0,1.0,1.2006849279006808,-1
2021-04-07 15:06:00+00:00,1,0.0005308521348157402,2.5,1.1892691478651842,DC:-1:2021-04-07 15:00:00+00:00,1.1914,1.18965,1.19005,1.1893,2021-04-07 14:45:00+00:00,2021-04-07 14:58:00+00:00,2021-04-07 15:00:00+00:00,2021-04-07 15:05:00+00:00,2021-04-07 15:04:00+00:00,2021-04-07 15:06:00+00:00,5.38715039836905,0.8373205741630261,0.22857142857141408,0.4285714285714648,0.0003085213481574611,60.0,1.0,1.7206333953422484,-1
2021-04-07 16:08:00+00:00,1,0.0003724875854294041,2.5,1.1884275124145707,DC:-1:2021-04-07 15:34:00+00:00,1.1903,1.1887,1.18927,1.18846,2021-04-07 15:14:00+00:00,2021-04-07 15:33:00+00:00,2021-04-07 15:37:00+00:00,2021-04-07 16:04:00+00:00,2021-04-07 15:41:00+00:00,2021-04-07 16:08:00+00:00,4.3301784946875355,0.5161290322592106,0.3562500000000139,0.5062500000000416,0.00032487585429289263,240.0,0.0,1.146553615811617,-1
2021-04-07 19:31:00+00:00,1,0.0002674694400599531,2.5,1.1860625305599402,DC:-1:2021-04-07 19:18:00+00:00,1.18679,1.18625,1.18646,1.18608,2021-04-07 19:04:00+00:00,2021-04-07 19:12:00+00:00,2021-04-07 19:18:00+00:00,2021-04-07 19:25:00+00:00,2021-04-07 19:19:00+00:00,2021-04-07 19:31:00+00:00,2.9344891584417656,0.7105263157897812,0.38888888888898027,0.7037037037038103,0.00017469440059793571,360.0,0.0,1.5310704816208842,-1
2021-04-07 22:06:00+00:00,-1,0.00020683754731587456,2.5,1.187106837547316,DC:1:2021-04-07 21:57:00+00:00,1.18649,1.18695,1.18672,1.18709,2021-04-07 21:42:00+00:00,2021-04-07 21:56:00+00:00,2021-04-07 21:59:00+00:00,2021-04-07 22:05:00+00:00,2021-04-07 22:01:00+00:00,2021-04-07 22:06:00+00:00,2.971185794052259,0.5227272727290161,0.5,0.8043478260870824,0.0001683754731598641,60.0,0.0,1.2284303849854226,1
2021-04-08 00:28:00+00:00,1,0.00017541029435008682,2.5,1.18688458970565,DC:-1:2021-04-08 00:21:00+00:00,1.18734,1.187,1.18714,1.1869,2021-04-08 00:14:00+00:00,2021-04-08 00:19:00+00:00,2021-04-08 00:21:00+00:00,2021-04-08 00:27:00+00:00,2021-04-08 00:27:00+00:00,2021-04-08 00:28:00+00:00,2.438604217500208,1.000000000001306,0.41176470588242975,0.7058823529412149,0.00015410294350159712,60.0,1.0,1.1382669945449087,-1
2021-04-08 01:17:00+00:00,1,0.0001647206317134664,2.5,1.1861752793682865,DC:-1:2021-04-08 01:03:00+00:00,1.18703,1.18629,1.18656,1.18619,2021-04-08 00:46:00+00:00,2021-04-08 01:01:00+00:00,2021-04-08 01:09:00+00:00,2021-04-08 01:16:00+00:00,2021-04-08 01:13:00+00:00,2021-04-08 01:17:00+00:00,4.399159456205307,0.5285714285712926,0.36486486486487296,0.5,0.0001472063171360553,60.0,0.0,1.11897800935556,-1
2021-04-08 05:54:00+00:00,1,0.000215757332591604,2.5,1.1872842426674084,DC:-1:2021-04-08 05:51:00+00:00,1.18801,1.1874,1.18756,1.1873,2021-04-08 05:41:00+00:00,2021-04-08 05:49:00+00:00,2021-04-08 05:51:00+00:00,2021-04-08 05:53:00+00:00,2021-04-08 05:53:00+00:00,2021-04-08 05:54:00+00:00,4.206593015203385,0.8356164383572977,0.26229508196711165,0.426229508196602,0.00015757332591626784,60.0,1.0,1.3692503559025866,-1
2021-04-08 07:42:00+00:00,1,0.0002701151095534371,2.5,1.1880798848904466,DC:-1:2021-04-08 07:37:00+00:00,1.18916,1.18811,1.18839,1.1881,2021-04-08 07:14:00+00:00,2021-04-08 07:31:00+00:00,2021-04-08 07:37:00+00:00,2021-04-08 07:41:00+00:00,2021-04-08 07:41:00+00:00,2021-04-08 07:42:00+00:00,4.82025200304166,0.5276381909540231,0.26666666666672306,0.276190476190595,0.00020115109553323275,60.0,1.0,1.3428468228690835,-1
2021-04-08 12:51:00+00:00,1,0.00034960197696531914,2.5,1.1881403980230347,DC:-1:2021-04-08 12:48:00+00:00,1.18887,1.18819,1.18851,1.1881700000000002,2021-04-08 12:44:00+00:00,2021-04-08 12:47:00+00:00,2021-04-08 12:48:00+00:00,2021-04-08 12:49:00+00:00,2021-04-08 12:49:00+00:00,2021-04-08 12:51:00+00:00,2.6385229119418216,0.8292682926837986,0.47058823529392557,0.4999999999996735,0.00029601976965336606,120.0,1.0,1.181008881179446,-1
2021-04-08 15:00:00+00:00,1,0.00043461096103092345,2.5,1.189465389038969,DC:-1:2021-04-08 14:54:00+00:00,1.1906,1.1897799999999998,1.1901700000000002,1.1895,2021-04-08 14:45:00+00:00,2021-04-08 14:53:00+00:00,2021-04-08 14:54:00+00:00,2021-04-08 14:57:00+00:00,2021-04-08 14:56:00+00:00,2021-04-08 15:00:00+00:00,2.810465060649096,0.48809523809477867,0.47560975609781525,0.8170731707316512,0.0003461096103101283,180.0,1.0,1.2557032456899833,-1
2021-04-08 17:32:00+00:00,1,0.0002817397416094991,2.5,1.1917582602583905,DC:-1:2021-04-08 17:04:00+00:00,1.19254,1.192,1.19224,1.1917799999999998,2021-04-08 16:54:00+00:00,2021-04-08 17:02:00+00:00,2021-04-08 17:04:00+00:00,2021-04-08 17:16:00+00:00,2021-04-08 17:08:00+00:00,2021-04-08 17:32:00+00:00,2.287818903942277,0.8437499999991327,0.4444444444444901,0.8518518518521108,0.00021739741609312396,960.0,0.0,1.2959663765682181,-1
2021-04-08 18:13:00+00:00,1,0.000256494907925342,2.5,1.1914835050920747,DC:-1:2021-04-08 18:04:00+00:00,1.19224,1.1916,1.19177,1.1915,2021-04-08 17:44:00+00:00,2021-04-08 18:01:00+00:00,2021-04-08 18:04:00+00:00,2021-04-08 18:09:00+00:00,2021-04-08 18:05:00+00:00,2021-04-08 18:13:00+00:00,4.0888843772519845,0.47058823529408883,0.26562500000001626,0.42187500000000544,0.00016494907925408646,240.0,0.0,1.5549944812376855,-1
2021-04-08 23:02:00+00:00,-1,0.00025682045131447673,2.5,1.1915568204513145,DC:1:2021-04-08 22:38:00+00:00,1.1909999999999998,1.1914,1.1912,1.19154,2021-04-08 22:30:00+00:00,2021-04-08 22:34:00+00:00,2021-04-08 22:38:00+00:00,2021-04-08 22:55:00+00:00,2021-04-08 22:39:00+00:00,2021-04-08 23:02:00+00:00,2.6232088545380035,0.7999999999993783,0.49999999999972244,0.8499999999996392,0.0001682045131448539,420.0,0.0,1.526834485667509,1
2021-04-09 00:53:00+00:00,1,0.00024408330722813787,2.5,1.1914859166927718,DC:-1:2021-04-09 00:49:00+00:00,1.19192,1.1916,1.19176,1.1915,2021-04-09 00:41:00+00:00,2021-04-09 00:46:00+00:00,2021-04-09 00:49:00+00:00,2021-04-09 00:52:00+00:00,2021-04-09 00:52:00+00:00,2021-04-09 00:53:00+00:00,2.1808700941253916,0.9411764705897335,0.49999999999965306,0.8124999999995229,0.00014083307228089935,60.0,1.0,1.7331391219052596,-1
2021-04-09 05:34:00+00:00,1,0.00023092047184269937,2.5,1.1897490795281573,DC:-1:2021-04-09 05:17:00+00:00,1.19049,1.18993,1.1901,1.18976,2021-04-09 04:54:00+00:00,2021-04-09 05:15:00+00:00,2021-04-09 05:17:00+00:00,2021-04-09 05:31:00+00:00,2021-04-09 05:23:00+00:00,2021-04-09 05:34:00+00:00,4.247034071697523,0.518518518520346,0.3035714285713719,0.6071428571427439,0.00010920471842573219,180.0,1.0,2.1145649672614053,-1
2021-04-09 07:03:00+00:00,-1,0.00025948337126457943,2.5,1.1893594833712646,DC:1:2021-04-09 06:58:00+00:00,1.18839,1.1893,1.1889,1.18934,2021-04-09 06:42:00+00:00,2021-04-09 06:55:00+00:00,2021-04-09 06:59:00+00:00,2021-04-09 07:02:00+00:00,2021-04-09 07:00:00+00:00,2021-04-09 07:03:00+00:00,4.734171753982915,0.6946564885495161,0.43956043956040736,0.4835164835164969,0.00019483371264483818,60.0,0.0,1.3318196719763327,1
2021-04-09 10:19:00+00:00,1,0.0002718806260357809,2.5,1.1885781193739642,DC:-1:2021-04-09 10:08:00+00:00,1.1894,1.1888,1.1891,1.1886,2021-04-09 09:59:00+00:00,2021-04-09 10:04:00+00:00,2021-04-09 10:09:00+00:00,2021-04-09 10:16:00+00:00,2021-04-09 10:11:00+00:00,2021-04-09 10:19:00+00:00,2.879290300298537,0.6818181818191452,0.5,0.8333333333333334,0.00021880626035829194,180.0,1.0,1.2425632867660208,-1
2021-04-09 13:36:00+00:00,-1,0.00031564142283224683,2.5,1.1885056414228323,DC:1:2021-04-09 13:28:00+00:00,1.1871,1.18829,1.18802,1.18848,2021-04-09 13:16:00+00:00,2021-04-09 13:27:00+00:00,2021-04-09 13:28:00+00:00,2021-04-09 13:34:00+00:00,2021-04-09 13:31:00+00:00,2021-04-09 13:36:00+00:00,5.068376053049673,0.6723163841819668,0.22689075630251004,0.3865546218486517,0.00025641422832270623,120.0,0.0,1.2309824805626663,1
2021-04-09 14:00:00+00:00,-1,0.0005267454295951879,2.5,1.1888867454295953,DC:1:2021-04-09 13:54:00+00:00,1.18777,1.18849,1.18819,1.18886,2021-04-09 13:42:00+00:00,2021-04-09 13:53:00+00:00,2021-04-09 13:54:00+00:00,2021-04-09 13:58:00+00:00,2021-04-09 13:56:00+00:00,2021-04-09 14:00:00+00:00,2.6345973618184497,0.6000000000005551,0.4166666666665896,0.9305555555554142,0.00026745429595336005,120.0,1.0,1.9694782905526567,1
2021-04-09 19:15:00+00:00,-1,0.00023942449248925968,2.5,1.1905794244924892,DC:1:2021-04-09 19:06:00+00:00,1.19,1.19049,1.19029,1.19056,2021-04-09 18:57:00+00:00,2021-04-09 19:05:00+00:00,2021-04-09 19:06:00+00:00,2021-04-09 19:11:00+00:00,2021-04-09 19:11:00+00:00,2021-04-09 19:15:00+00:00,2.7853869307431967,0.515789473684555,0.40816326530599295,0.5510204081631358,0.00019424492489177077,240.0,1.0,1.232590723400686,1
2021-04-09 20:58:00+00:00,1,8.690836543023828e-05,2.5,1.1899930916345698,DC:-1:2021-04-09 20:49:00+00:00,1.19039,1.1900700000000002,1.19019,1.19,2021-04-09 20:25:00+00:00,2021-04-09 20:45:00+00:00,2021-04-09 20:50:00+00:00,2021-04-09 20:56:00+00:00,2021-04-09 20:54:00+00:00,2021-04-09 20:58:00+00:00,3.98988042843687,0.4848484848509928,0.3749999999998265,0.5937500000006505,6.908365430073617e-05,120.0,0.0,1.2580163326610847,-1
2021-04-11 22:00:00+00:00,1,0.0007213773382011013,2.5,1.1889786226617989,DC:-1:2021-04-11 21:49:00+00:00,1.1902700000000002,1.18951,1.18973,1.189,2021-04-11 21:45:00+00:00,2021-04-11 21:48:00+00:00,2021-04-11 21:49:00+00:00,2021-04-11 21:57:00+00:00,2021-04-11 21:50:00+00:00,2021-04-11 22:00:00+00:00,4.406527266327998,0.950000000000222,0.2894736842103418,0.96052631578922,0.00021377338201203068,180.0,1.0,3.3744956056339315,-1
2021-04-12 00:40:00+00:00,-1,0.00023431527089790016,2.5,1.1901343152708979,DC:1:2021-04-12 00:21:00+00:00,1.18948,1.19001,1.1898,1.19012,2021-04-12 00:02:00+00:00,2021-04-12 00:19:00+00:00,2021-04-12 00:26:00+00:00,2021-04-12 00:35:00+00:00,2021-04-12 00:30:00+00:00,2021-04-12 00:40:00+00:00,3.423859106106386,0.48623853211178497,0.3962264150944819,0.603773584905937,0.0001431527089783031,300.0,0.0,1.6368203757388489,1
2021-04-12 02:03:00+00:00,1,0.0003388770549883624,2.5,1.1883711229450116,DC:-1:2021-04-12 01:57:00+00:00,1.1893,1.1887,1.18896,1.18839,2021-04-12 01:47:00+00:00,2021-04-12 01:56:00+00:00,2021-04-12 01:59:00+00:00,2021-04-12 02:02:00+00:00,2021-04-12 02:01:00+00:00,2021-04-12 02:03:00+00:00,3.2145919390228355,0.7894736842144936,0.4333333333332593,0.950000000000037,0.00018877054988432066,60.0,0.0,1.7951796781649871,-1
2021-04-12 08:31:00+00:00,-1,0.0003952444212478312,2.5,1.1879952444212478,DC:1:2021-04-12 08:23:00+00:00,1.18714,1.18781,1.1875,1.18797,2021-04-12 08:09:00+00:00,2021-04-12 08:17:00+00:00,2021-04-12 08:23:00+00:00,2021-04-12 08:26:00+00:00,2021-04-12 08:24:00+00:00,2021-04-12 08:31:00+00:00,2.8551655174467863,0.5114503816792936,0.4626865671642632,0.7014925373134427,0.00025244421247831885,300.0,1.0,1.5656703608595375,1
2021-04-12 09:02:00+00:00,-1,0.0002611003384074273,2.5,1.1886511003384075,DC:1:2021-04-12 08:59:00+00:00,1.1875,1.18856,1.18829,1.18863,2021-04-12 08:33:00+00:00,2021-04-12 08:56:00+00:00,2021-04-12 08:59:00+00:00,2021-04-12 09:01:00+00:00,2021-04-12 09:01:00+00:00,2021-04-12 09:02:00+00:00,4.170792220345619,0.49074074073957186,0.2547169811320537,0.32075471698112024,0.00021100338407513072,60.0,1.0,1.2374225160031502,1
2021-04-12 11:40:00+00:00,-1,0.0003616223871214519,2.5,1.1914616223871215,DC:1:2021-04-12 11:26:00+00:00,1.1906,1.1913,1.1909999999999998,1.19144,2021-04-12 11:08:00+00:00,2021-04-12 11:25:00+00:00,2021-04-12 11:26:00+00:00,2021-04-12 11:36:00+00:00,2021-04-12 11:27:00+00:00,2021-04-12 11:40:00+00:00,3.209175580108352,0.49999999999920697,0.4285714285717458,0.6285714285718093,0.00021622387121426065,240.0,0.0,1.6724443286056647,1
2021-04-12 15:26:00+00:00,-1,0.00031470788656107196,2.5,1.191574707886561,DC:1:2021-04-12 15:13:00+00:00,1.19039,1.19137,1.1909999999999998,1.19155,2021-04-12 14:58:00+00:00,2021-04-12 15:09:00+00:00,2021-04-12 15:13:00+00:00,2021-04-12 15:23:00+00:00,2021-04-12 15:22:00+00:00,2021-04-12 15:26:00+00:00,3.884182603463953,0.5632183908040593,0.3775510204083783,0.5612244897962073,0.0002470788656105868,180.0,1.0,1.2737143089246374,1
2021-04-12 17:04:00+00:00,1,0.0002235133126102795,2.5,1.1912864866873898,DC:-1:2021-04-12 17:00:00+00:00,1.19185,1.1914,1.19158,1.1913,2021-04-12 16:43:00+00:00,2021-04-12 16:58:00+00:00,2021-04-12 17:00:00+00:00,2021-04-12 17:03:00+00:00,2021-04-12 17:02:00+00:00,2021-04-12 17:04:00+00:00,2.8628736586503676,0.5421686746996687,0.40000000000009867,0.6222222222222661,0.00013513312610284486,60.0,0.0,1.6540231034111632,-1
2021-04-13 00:27:00+00:00,1,0.0002566820086784549,2.5,1.1901733179913216,DC:-1:2021-04-13 00:11:00+00:00,1.19134,1.19029,1.1907299999999998,1.19019,2021-04-12 23:53:00+00:00,2021-04-13 00:09:00+00:00,2021-04-13 00:15:00+00:00,2021-04-13 00:25:00+00:00,2021-04-13 00:16:00+00:00,2021-04-13 00:27:00+00:00,7.789222799950043,0.6000000000013958,0.41904761904740556,0.5142857142854907,0.00016682008678356263,120.0,0.0,1.5386756692644683,-1
2021-04-13 04:02:00+00:00,1,0.0002140508541557118,2.5,1.1888859491458443,DC:-1:2021-04-13 03:50:00+00:00,1.18949,1.18899,1.18917,1.1889,2021-04-13 03:38:00+00:00,2021-04-13 03:46:00+00:00,2021-04-13 03:52:00+00:00,2021-04-13 04:00:00+00:00,2021-04-13 03:55:00+00:00,2021-04-13 04:02:00+00:00,3.7814196569085596,0.6944444444466717,0.3600000000001776,0.5400000000000444,0.0001405085415574392,120.0,0.0,1.523401010238291,-1
2021-04-13 06:29:00+00:00,-1,0.00026436609917013243,2.5,1.1899843660991702,DC:1:2021-04-13 06:16:00+00:00,1.1891,1.18974,1.1896,1.18997,2021-04-13 06:05:00+00:00,2021-04-13 06:13:00+00:00,2021-04-13 06:16:00+00:00,2021-04-13 06:26:00+00:00,2021-04-13 06:19:00+00:00,2021-04-13 06:29:00+00:00,4.642541680500577,0.8205128205120833,0.2187500000000542,0.5781249999999946,0.00014366099170285985,180.0,1.0,1.840207950930285,1
2021-04-13 06:55:00+00:00,1,0.0002478611883323101,2.5,1.1891821388116677,DC:-1:2021-04-13 06:48:00+00:00,1.18981,1.1894,1.1896,1.1892,2021-04-13 06:38:00+00:00,2021-04-13 06:40:00+00:00,2021-04-13 06:48:00+00:00,2021-04-13 06:51:00+00:00,2021-04-13 06:50:00+00:00,2021-04-13 06:55:00+00:00,2.286219714658072,1.0000000000032494,0.4878048780487012,0.9756097560974024,0.00017861188332326259,240.0,1.0,1.387708274055405,-1
2021-04-13 13:56:00+00:00,-1,0.0005817308066931037,2.5,1.194171730806693,DC:1:2021-04-13 13:44:00+00:00,1.19277,1.19382,1.1934,1.19414,2021-04-13 13:26:00+00:00,2021-04-13 13:39:00+00:00,2021-04-13 13:44:00+00:00,2021-04-13 13:47:00+00:00,2021-04-13 13:45:00+00:00,2021-04-13 13:56:00+00:00,2.918148753516807,0.5675675675677979,0.40000000000008457,0.7047619047618725,0.0003173080669304405,540.0,1.0,1.8333312869118747,1
2021-04-13 20:30:00+00:00,1,0.0002485339268540887,2.5,1.194781466073146,DC:-1:2021-04-13 20:06:00+00:00,1.19551,1.1949,1.19516,1.1948,2021-04-13 20:00:00+00:00,2021-04-13 20:03:00+00:00,2021-04-13 20:11:00+00:00,2021-04-13 20:20:00+00:00,2021-04-13 20:15:00+00:00,2021-04-13 20:30:00+00:00,3.797835975570176,0.8133333333333017,0.426229508196602,0.5901639344260923,0.00018533926854161938,600.0,0.0,1.3409674528756352,-1
2021-04-14 00:08:00+00:00,-1,0.0003227743903480018,2.5,1.195782774390348,DC:1:2021-04-14 00:00:00+00:00,1.1949,1.19551,1.19538,1.19577,2021-04-13 23:32:00+00:00,2021-04-13 23:52:00+00:00,2021-04-14 00:00:00+00:00,2021-04-14 00:06:00+00:00,2021-04-14 00:02:00+00:00,2021-04-14 00:08:00+00:00,5.01440222401619,0.5809523809537344,0.213114754098301,0.6393442622949029,0.0001277439034789902,120.0,1.0,2.5267302905072717,1
2021-04-14 06:12:00+00:00,-1,0.00018489219201889284,2.5,1.196614892192019,DC:1:2021-04-14 06:03:00+00:00,1.19602,1.19653,1.19628,1.1966,2021-04-14 05:53:00+00:00,2021-04-14 06:01:00+00:00,2021-04-14 06:04:00+00:00,2021-04-14 06:08:00+00:00,2021-04-14 06:06:00+00:00,2021-04-14 06:12:00+00:00,3.8008400982740485,0.6986301369889639,0.49019607843152624,0.6274509803923362,0.0001489219201899804,240.0,0.0,1.241537792307707,1
2021-04-14 07:10:00+00:00,1,0.00043094638415408504,2.5,1.1961790536158459,DC:-1:2021-04-14 07:06:00+00:00,1.1969,1.19641,1.19662,1.1962,2021-04-14 07:00:00+00:00,2021-04-14 07:04:00+00:00,2021-04-14 07:06:00+00:00,2021-04-14 07:09:00+00:00,2021-04-14 07:07:00+00:00,2021-04-14 07:10:00+00:00,2.3967911873010115,1.0000000000018126,0.42857142857142855,0.8571428571428571,0.00020946384154159572,60.0,1.0,2.057378404704312,-1
2021-04-14 09:50:00+00:00,1,0.0002813868959989918,2.5,1.194978613104001,DC:-1:2021-04-14 09:45:00+00:00,1.1961,1.1951,1.1954,1.195,2021-04-14 09:34:00+00:00,2021-04-14 09:41:00+00:00,2021-04-14 09:47:00+00:00,2021-04-14 09:49:00+00:00,2021-04-14 09:49:00+00:00,2021-04-14 09:50:00+00:00,4.61719106494263,0.9259259259258498,0.3,0.4,0.00021386895998978632,60.0,1.0,1.315697687090403,-1
2021-04-14 10:45:00+00:00,-1,0.0002711962162447179,2.5,1.1961711962162447,DC:1:2021-04-14 10:39:00+00:00,1.1951,1.1959799999999998,1.1957,1.19615,2021-04-14 10:12:00+00:00,2021-04-14 10:29:00+00:00,2021-04-14 10:39:00+00:00,2021-04-14 10:43:00+00:00,2021-04-14 10:41:00+00:00,2021-04-14 10:45:00+00:00,3.653700187360869,0.49438202247125557,0.318181818181715,0.51136363636384,0.0002119621624465181,120.0,1.0,1.279455791139825,1
2021-04-14 11:08:00+00:00,1,0.00030195982139402666,2.5,1.195068040178606,DC:-1:2021-04-14 10:59:00+00:00,1.19615,1.1952,1.19543,1.19509,2021-04-14 10:43:00+00:00,2021-04-14 10:58:00+00:00,2021-04-14 10:59:00+00:00,2021-04-14 11:01:00+00:00,2021-04-14 11:01:00+00:00,2021-04-14 11:08:00+00:00,4.5049357715452825,0.6129032258071817,0.24210526315784306,0.3578947368421102,0.0002195982139394258,420.0,1.0,1.3750559076829267,-1
2021-04-14 18:26:00+00:00,-1,0.00018675809653689868,2.5,1.197866758096537,DC:1:2021-04-14 18:17:00+00:00,1.1972,1.19773,1.1975,1.19785,2021-04-14 18:09:00+00:00,2021-04-14 18:16:00+00:00,2021-04-14 18:17:00+00:00,2021-04-14 18:24:00+00:00,2021-04-14 18:18:00+00:00,2021-04-14 18:26:00+00:00,3.335122487161472,0.963636363638463,0.4339622641509197,0.6603773584908031,0.00016758096536921853,120.0,1.0,1.1144350202627644,1
2021-04-15 04:55:00+00:00,1,0.00013146201850910977,2.5,1.1969885379814909,DC:-1:2021-04-15 04:41:00+00:00,1.1974,1.1971,1.19724,1.197,2021-04-15 04:33:00+00:00,2021-04-15 04:40:00+00:00,2021-04-15 04:44:00+00:00,2021-04-15 04:49:00+00:00,2021-04-15 04:47:00+00:00,2021-04-15 04:55:00+00:00,2.6506877167458347,0.7500000000016653,0.4666666666668147,0.800000000000148,0.00011462018509202653,360.0,0.0,1.1469360165799876,-1
2021-04-15 07:08:00+00:00,-1,0.0002748870481581456,2.5,1.198174887048158,DC:1:2021-04-15 07:05:00+00:00,1.1973,1.19807,1.1978,1.19815,2021-04-15 07:00:00+00:00,2021-04-15 07:03:00+00:00,2021-04-15 07:05:00+00:00,2021-04-15 07:06:00+00:00,2021-04-15 07:06:00+00:00,2021-04-15 07:08:00+00:00,3.4893424067864904,1.000000000000865,0.35064935064936936,0.45454545454558565,0.00024887048158130266,120.0,1.0,1.1045385793105547,1
2021-04-15 07:56:00+00:00,1,0.0002692351090118894,2.5,1.197760764890988,DC:-1:2021-04-15 07:48:00+00:00,1.1989299999999998,1.1979,1.19829,1.1977799999999998,2021-04-15 07:29:00+00:00,2021-04-15 07:46:00+00:00,2021-04-15 07:49:00+00:00,2021-04-15 07:55:00+00:00,2021-04-15 07:52:00+00:00,2021-04-15 07:56:00+00:00,4.631059509782484,0.7518248175173669,0.3786407766991882,0.4951456310682521,0.00019235109011898926,60.0,0.0,1.3997066969848695,-1
2021-04-15 08:58:00+00:00,-1,0.00037205291799602414,2.5,1.198572052917996,DC:1:2021-04-15 08:46:00+00:00,1.19737,1.19844,1.1981,1.19855,2021-04-15 08:33:00+00:00,2021-04-15 08:45:00+00:00,2021-04-15 08:46:00+00:00,2021-04-15 08:52:00+00:00,2021-04-15 08:49:00+00:00,2021-04-15 08:58:00+00:00,5.472056658084833,0.8425196850381944,0.3177570093458293,0.42056074766364643,0.0002205291799584652,360.0,0.0,1.6870915588862079,1
2021-04-15 09:49:00+00:00,1,0.0002301649493376967,2.5,1.1977798350506623,DC:-1:2021-04-15 09:39:00+00:00,1.19852,1.1979,1.1982,1.1978,2021-04-15 09:31:00+00:00,2021-04-15 09:37:00+00:00,2021-04-15 09:39:00+00:00,2021-04-15 09:48:00+00:00,2021-04-15 09:47:00+00:00,2021-04-15 09:49:00+00:00,2.605276948344982,1.0000000000007163,0.4838709677418315,0.645161290322442,0.00020164949337687907,60.0,0.0,1.1414109972868753,-1
2021-04-15 10:39:00+00:00,1,0.0002816309593280941,2.5,1.196368369040672,DC:-1:2021-04-15 10:34:00+00:00,1.19751,1.19649,1.19676,1.19639,2021-04-15 10:15:00+00:00,2021-04-15 10:33:00+00:00,2021-04-15 10:34:00+00:00,2021-04-15 10:37:00+00:00,2021-04-15 10:35:00+00:00,2021-04-15 10:39:00+00:00,5.555950931291408,0.5543478260870824,0.26470588235292836,0.3627450980391901,0.0002163095932817618,120.0,0.0,1.3019809017959072,-1
2021-04-15 13:08:00+00:00,1,0.00042608103690189303,2.5,1.1956939189630982,DC:-1:2021-04-15 13:01:00+00:00,1.19726,1.19581,1.19626,1.19573,2021-04-15 12:54:00+00:00,2021-04-15 13:00:00+00:00,2021-04-15 13:01:00+00:00,2021-04-15 13:03:00+00:00,2021-04-15 13:02:00+00:00,2021-04-15 13:08:00+00:00,4.575308348592078,1.000000000001072,0.3103448275862597,0.36551724137942015,0.00036081036901796124,300.0,0.0,1.1809001999071778,-1
2021-04-15 13:38:00+00:00,-1,0.0007608939094854161,2.5,1.1975208939094855,DC:1:2021-04-15 13:23:00+00:00,1.19573,1.19695,1.19639,1.19749,2021-04-15 13:03:00+00:00,2021-04-15 13:18:00+00:00,2021-04-15 13:24:00+00:00,2021-04-15 13:33:00+00:00,2021-04-15 13:27:00+00:00,2021-04-15 13:38:00+00:00,3.431464780271691,0.5809523809522601,0.4590163934425364,0.9016393442621966,0.0003089390948559449,300.0,0.0,2.4629252890127518,1
2021-04-15 18:12:00+00:00,-1,0.00023827683183919035,2.5,1.1970382768318393,DC:1:2021-04-15 18:03:00+00:00,1.196,1.1969,1.19669,1.19702,2021-04-15 17:39:00+00:00,2021-04-15 18:02:00+00:00,2021-04-15 18:03:00+00:00,2021-04-15 18:10:00+00:00,2021-04-15 18:08:00+00:00,2021-04-15 18:12:00+00:00,4.602835486984575,0.4787234042563193,0.23333333333334977,0.3666666666665515,0.00018276831839408124,120.0,0.0,1.3037097125631085,1
2021-04-15 18:49:00+00:00,-1,0.00022594522254881788,2.5,1.1977259452225488,DC:1:2021-04-15 18:34:00+00:00,1.1968,1.19754,1.1973,1.19771,2021-04-15 18:12:00+00:00,2021-04-15 18:30:00+00:00,2021-04-15 18:34:00+00:00,2021-04-15 18:45:00+00:00,2021-04-15 18:35:00+00:00,2021-04-15 18:49:00+00:00,3.9851654789061173,0.5692307692297339,0.32432432432436487,0.5540540540541108,0.00015945222548698908,240.0,0.0,1.417008899428967,1
2021-04-15 21:45:00+00:00,-1,0.00020554913747927728,2.5,1.1970555491374792,DC:1:2021-04-15 21:39:00+00:00,1.19653,1.1969,1.19676,1.19704,2021-04-15 21:37:00+00:00,2021-04-15 21:38:00+00:00,2021-04-15 21:39:00+00:00,2021-04-15 21:43:00+00:00,2021-04-15 21:41:00+00:00,2021-04-15 21:45:00+00:00,2.91793059081216,0.9999999999993999,0.3783783783784757,0.7567567567569514,0.00015549137479069713,120.0,1.0,1.3219327294260637,1
2021-04-16 00:06:00+00:00,-1,0.0002444804179659865,2.5,1.197244480417966,DC:1:2021-04-16 00:03:00+00:00,1.1968,1.19713,1.19697,1.19723,2021-04-15 23:53:00+00:00,2021-04-16 00:02:00+00:00,2021-04-16 00:03:00+00:00,2021-04-16 00:05:00+00:00,2021-04-16 00:05:00+00:00,2021-04-16 00:06:00+00:00,2.4624812098323163,0.45205479452108127,0.4848484848483829,0.7878787878787064,0.00014480417966129567,60.0,1.0,1.6883519421734832,1
2021-04-16 00:55:00+00:00,1,0.00025788341246935076,2.5,1.1958621165875307,DC:-1:2021-04-16 00:37:00+00:00,1.19737,1.1961,1.19639,1.1958799999999998,2021-04-16 00:11:00+00:00,2021-04-16 00:30:00+00:00,2021-04-16 00:38:00+00:00,2021-04-16 00:53:00+00:00,2021-04-16 00:40:00+00:00,2021-04-16 00:55:00+00:00,7.272377870949676,0.686486486484847,0.22834645669299186,0.40157480314975635,0.0001788341246911758,120.0,1.0,1.4420257482439842,-1
2021-04-16 01:11:00+00:00,1,0.00022787829969628248,2.5,1.1953821217003038,DC:-1:2021-04-16 01:03:00+00:00,1.19612,1.1956,1.1958,1.1954,2021-04-16 00:55:00+00:00,2021-04-16 01:01:00+00:00,2021-04-16 01:03:00+00:00,2021-04-16 01:10:00+00:00,2021-04-16 01:05:00+00:00,2021-04-16 01:11:00+00:00,2.978443549924577,0.8387096774223932,0.38461538461528605,0.7692307692305721,0.00017878299696168584,60.0,1.0,1.2746083440200862,-1
2021-04-16 04:29:00+00:00,-1,0.00014241209292431556,2.5,1.1959424120929243,DC:1:2021-04-16 04:13:00+00:00,1.1955,1.1958799999999998,1.1957,1.19593,2021-04-16 04:01:00+00:00,2021-04-16 04:06:00+00:00,2021-04-16 04:13:00+00:00,2021-04-16 04:24:00+00:00,2021-04-16 04:21:00+00:00,2021-04-16 04:29:00+00:00,2.794451814005272,1.0,0.47368421052613124,0.6052631578948906,0.0001241209292440461,300.0,0.0,1.1473656682371869,1
2021-04-16 13:26:00+00:00,-1,0.00029297752648971276,2.5,1.1985829775264898,DC:1:2021-04-16 13:15:00+00:00,1.1977,1.19842,1.19818,1.19856,2021-04-16 13:09:00+00:00,2021-04-16 13:13:00+00:00,2021-04-16 13:15:00+00:00,2021-04-16 13:25:00+00:00,2021-04-16 13:18:00+00:00,2021-04-16 13:26:00+00:00,3.2595180357242564,0.999999999998458,0.3333333333333333,0.5277777777778034,0.00022977526489788703,60.0,1.0,1.2750612065224385,1
2021-04-16 14:32:00+00:00,1,0.000252173615253648,2.5,1.1985778263847462,DC:-1:2021-04-16 14:27:00+00:00,1.1993,1.1987,1.1989299999999998,1.1986,2021-04-16 14:20:00+00:00,2021-04-16 14:26:00+00:00,2021-04-16 14:27:00+00:00,2021-04-16 14:28:00+00:00,2021-04-16 14:28:00+00:00,2021-04-16 14:32:00+00:00,2.9103077976631386,0.9999999999992598,0.38333333333292624,0.5499999999995929,0.00022173615253972946,240.0,1.0,1.1372688321921927,-1
2021-04-16 15:23:00+00:00,-1,0.00032638852267785623,2.5,1.1983663885226779,DC:1:2021-04-16 15:12:00+00:00,1.1976,1.19818,1.1979,1.19834,2021-04-16 15:05:00+00:00,2021-04-16 15:10:00+00:00,2021-04-16 15:12:00+00:00,2021-04-16 15:18:00+00:00,2021-04-16 15:15:00+00:00,2021-04-16 15:23:00+00:00,2.1380070610258928,1.0000000000011484,0.48275862068973435,0.7586206896551329,0.00026388522677970515,300.0,0.0,1.2368578819697613,1
2021-04-19 00:13:00+00:00,1,0.00026328298251776516,2.5,1.1963667170174823,DC:-1:2021-04-19 00:07:00+00:00,1.19721,1.19649,1.1968299999999998,1.19639,2021-04-18 23:57:00+00:00,2021-04-19 00:06:00+00:00,2021-04-19 00:07:00+00:00,2021-04-19 00:12:00+00:00,2021-04-19 00:12:00+00:00,2021-04-19 00:13:00+00:00,3.3139514888507358,0.5538461538444589,0.47222222222188814,0.6111111111107513,0.00023282982517797417,60.0,1.0,1.1307957746242894,-1
2021-04-19 05:32:00+00:00,-1,0.00010866998679981421,2.5,1.1960086699867998,DC:1:2021-04-19 05:20:00+00:00,1.1954,1.19595,1.1958,1.196,2021-04-19 04:46:00+00:00,2021-04-19 05:07:00+00:00,2021-04-19 05:20:00+00:00,2021-04-19 05:31:00+00:00,2021-04-19 05:28:00+00:00,2021-04-19 05:32:00+00:00,4.89336622098484,0.47008547008403945,0.27272727272741953,0.36363636363629026,8.669986799744163e-05,60.0,0.0,1.2534042935684848,1
2021-04-19 08:37:00+00:00,-1,0.0005052043332296474,2.5,1.2027952043332297,DC:1:2021-04-19 08:21:00+00:00,1.2013200000000002,1.20259,1.202,1.20276,2021-04-19 08:10:00+00:00,2021-04-19 08:20:00+00:00,2021-04-19 08:25:00+00:00,2021-04-19 08:35:00+00:00,2021-04-19 08:28:00+00:00,2021-04-19 08:37:00+00:00,4.024895558080454,0.7888198757765963,0.4645669291339725,0.5984251968505231,0.0003520433322962748,120.0,0.0,1.4350629223236484,1
2021-04-19 09:05:00+00:00,1,0.00044748623109813757,2.5,1.202252513768902,DC:-1:2021-04-19 08:48:00+00:00,1.20323,1.20249,1.20286,1.20229,2021-04-19 08:44:00+00:00,2021-04-19 08:47:00+00:00,2021-04-19 08:48:00+00:00,2021-04-19 08:54:00+00:00,2021-04-19 08:53:00+00:00,2021-04-19 09:05:00+00:00,2.03603256401658,0.9999999999993999,0.5,0.7702702702702541,0.0003748623109817479,660.0,1.0,1.1937349207664831,-1
2021-04-20 00:04:00+00:00,-1,0.0001711886419661912,2.5,1.2043711886419661,DC:1:2021-04-19 23:52:00+00:00,1.2036,1.20428,1.20404,1.20436,2021-04-19 23:24:00+00:00,2021-04-19 23:51:00+00:00,2021-04-19 23:53:00+00:00,2021-04-20 00:03:00+00:00,2021-04-19 23:56:00+00:00,2021-04-20 00:04:00+00:00,5.249758532125001,0.5483870967753257,0.35294117647060747,0.4705882352942521,0.00011188641965967748,60.0,0.0,1.530021628066141,1
2021-04-20 01:03:00+00:00,1,0.00017216976356504432,2.5,1.2036878302364349,DC:-1:2021-04-20 00:54:00+00:00,1.20431,1.2038,1.204,1.2037,2021-04-20 00:37:00+00:00,2021-04-20 00:53:00+00:00,2021-04-20 00:57:00+00:00,2021-04-20 01:01:00+00:00,2021-04-20 01:01:00+00:00,2021-04-20 01:03:00+00:00,4.058023039196933,0.5151515151506928,0.3921568627450468,0.5882352941175703,0.00012169763565061939,120.0,1.0,1.414733841332176,-1
2021-04-20 02:39:00+00:00,1,0.0002912284936569254,2.5,1.2042687715063431,DC:-1:2021-04-20 02:32:00+00:00,1.205,1.20439,1.20459,1.20429,2021-04-20 02:30:00+00:00,2021-04-20 02:31:00+00:00,2021-04-20 02:32:00+00:00,2021-04-20 02:36:00+00:00,2021-04-20 02:36:00+00:00,2021-04-20 02:39:00+00:00,3.559382074608719,1.0,0.32786885245898056,0.4918032786884709,0.00021228493656986547,180.0,1.0,1.3718754536362436,-1
2021-04-20 14:51:00+00:00,1,0.0004293086237110444,2.5,1.204460691376289,DC:-1:2021-04-20 14:49:00+00:00,1.20563,1.20454,1.2049,1.20449,2021-04-20 14:39:00+00:00,2021-04-20 14:46:00+00:00,2021-04-20 14:49:00+00:00,2021-04-20 14:50:00+00:00,2021-04-20 14:50:00+00:00,2021-04-20 14:51:00+00:00,3.7814623897708612,0.9008264462807399,0.33027522935791404,0.37614678899083315,0.0002930862371106109,60.0,1.0,1.464786023197067,-1
2021-04-20 18:47:00+00:00,1,0.00018607999598763136,2.5,1.2023739200040124,DC:-1:2021-04-20 18:28:00+00:00,1.2029,1.20249,1.20269,1.20239,2021-04-20 18:19:00+00:00,2021-04-20 18:27:00+00:00,2021-04-20 18:28:00+00:00,2021-04-20 18:34:00+00:00,2021-04-20 18:33:00+00:00,2021-04-20 18:47:00+00:00,2.8535252336708994,0.5061728395076011,0.4878048780487012,0.7317073170730518,0.00016079995987546998,780.0,1.0,1.1572141941561382,-1
2021-04-20 20:55:00+00:00,-1,0.00015173106025923033,2.5,1.2035517310602593,DC:1:2021-04-20 20:40:00+00:00,1.203,1.2035,1.20334,1.20354,2021-04-20 20:25:00+00:00,2021-04-20 20:35:00+00:00,2021-04-20 20:40:00+00:00,2021-04-20 20:51:00+00:00,2021-04-20 20:46:00+00:00,2021-04-20 20:55:00+00:00,3.3370046193067293,0.9615384615419105,0.3199999999999112,0.4,0.00011731060259139161,240.0,1.0,1.2934130155969767,1
2021-04-21 01:23:00+00:00,1,0.00025888955536657043,2.5,1.2030811104446335,DC:-1:2021-04-21 01:01:00+00:00,1.2042700000000002,1.2033,1.20365,1.2031,2021-04-21 00:43:00+00:00,2021-04-21 01:00:00+00:00,2021-04-21 01:08:00+00:00,2021-04-21 01:21:00+00:00,2021-04-21 01:14:00+00:00,2021-04-21 01:23:00+00:00,5.2826516762520015,0.5025906735747993,0.3608247422680648,0.5670103092783222,0.00018889555366454497,120.0,0.0,1.3705434053060144,-1
2021-04-21 05:55:00+00:00,-1,0.00014284639009054523,2.5,1.2033428463900906,DC:1:2021-04-21 05:45:00+00:00,1.2027,1.20324,1.20305,1.20333,2021-04-21 05:27:00+00:00,2021-04-21 05:44:00+00:00,2021-04-21 05:46:00+00:00,2021-04-21 05:54:00+00:00,2021-04-21 05:49:00+00:00,2021-04-21 05:55:00+00:00,4.117216908176616,0.46551724137838624,0.35185185185211076,0.5185185185186404,0.00012846390090527922,60.0,0.0,1.1119574377230745,1
2021-04-21 10:32:00+00:00,1,0.0003873588656035931,2.5,1.1998826411343966,DC:-1:2021-04-21 10:23:00+00:00,1.2009,1.20003,1.20029,1.19991,2021-04-21 10:17:00+00:00,2021-04-21 10:22:00+00:00,2021-04-21 10:23:00+00:00,2021-04-21 10:30:00+00:00,2021-04-21 10:27:00+00:00,2021-04-21 10:32:00+00:00,3.5399616545226644,0.935483870969367,0.29885057471276394,0.4367816091953818,0.00027358865603423655,120.0,1.0,1.4158440310299982,-1
2021-04-21 18:38:00+00:00,1,0.00017423250961989822,2.5,1.20257576749038,DC:-1:2021-04-21 18:31:00+00:00,1.20306,1.20266,1.20281,1.20259,2021-04-21 18:21:00+00:00,2021-04-21 18:29:00+00:00,2021-04-21 18:31:00+00:00,2021-04-21 18:37:00+00:00,2021-04-21 18:37:00+00:00,2021-04-21 18:38:00+00:00,2.9015064308605694,0.5405405405388861,0.37499999999972244,0.549999999999778,0.00014232509619943273,60.0,1.0,1.224186838951827,-1
2021-04-22 01:05:00+00:00,1,0.00016466472748866146,2.5,1.2034853352725114,DC:-1:2021-04-22 00:59:00+00:00,1.20392,1.20356,1.20373,1.2035,2021-04-22 00:50:00+00:00,2021-04-22 00:57:00+00:00,2021-04-22 00:59:00+00:00,2021-04-22 01:02:00+00:00,2021-04-22 01:02:00+00:00,2021-04-22 01:05:00+00:00,2.440583397118172,0.719999999999396,0.4722222222220509,0.6388888888885119,0.00014664727488462954,180.0,1.0,1.1228625122301565,-1
2021-04-22 02:20:00+00:00,-1,0.0002770360157506868,2.5,1.2045670360157508,DC:1:2021-04-22 02:14:00+00:00,1.204,1.20439,1.2042,1.20455,2021-04-22 01:58:00+00:00,2021-04-22 02:09:00+00:00,2021-04-22 02:14:00+00:00,2021-04-22 02:15:00+00:00,2021-04-22 02:15:00+00:00,2021-04-22 02:20:00+00:00,2.270994199545911,0.506493506491795,0.48717948717969156,0.8974358974358244,0.00017036015750812095,300.0,1.0,1.6261784433809336,1
2021-04-22 06:08:00+00:00,1,0.0002376577804328317,2.5,1.2030823422195673,DC:-1:2021-04-22 06:00:00+00:00,1.20368,1.2032,1.2034200000000002,1.2031,2021-04-22 05:54:00+00:00,2021-04-22 05:58:00+00:00,2021-04-22 06:02:00+00:00,2021-04-22 06:05:00+00:00,2021-04-22 06:05:00+00:00,2021-04-22 06:08:00+00:00,3.05127332390913,0.7499999999993061,0.4583333333335261,0.6666666666668208,0.00017657780432648362,180.0,1.0,1.345909704446286,-1
2021-04-22 09:06:00+00:00,1,0.00028352905951911644,2.5,1.2022264709404809,DC:-1:2021-04-22 08:54:00+00:00,1.20385,1.20239,1.20273,1.20225,2021-04-22 08:38:00+00:00,2021-04-22 08:52:00+00:00,2021-04-22 08:58:00+00:00,2021-04-22 09:04:00+00:00,2021-04-22 09:03:00+00:00,2021-04-22 09:06:00+00:00,6.365536674233574,0.7934782608682063,0.23287671232876922,0.3287671232876921,0.00023529059519102237,120.0,1.0,1.2050165425818713,-1
2021-04-23 00:21:00+00:00,-1,0.00017331728523894974,2.5,1.201773317285239,DC:1:2021-04-23 00:12:00+00:00,1.20124,1.20168,1.2015,1.20176,2021-04-23 00:04:00+00:00,2021-04-23 00:11:00+00:00,2021-04-23 00:12:00+00:00,2021-04-23 00:20:00+00:00,2021-04-23 00:18:00+00:00,2021-04-23 00:21:00+00:00,3.747915847994871,0.7586206896536807,0.40909090909106965,0.5909090909089303,0.00013317285238914923,60.0,0.0,1.3014460689968028,1
2021-04-23 01:12:00+00:00,-1,0.00023831622952874554,2.5,1.2020383162295287,DC:1:2021-04-23 01:03:00+00:00,1.2012,1.202,1.2017,1.20202,2021-04-23 00:49:00+00:00,2021-04-23 01:00:00+00:00,2021-04-23 01:03:00+00:00,2021-04-23 01:06:00+00:00,2021-04-23 01:05:00+00:00,2021-04-23 01:12:00+00:00,5.064609629652904,0.7017543859629713,0.375,0.40000000000016656,0.0001831622952857,360.0,0.0,1.3011205671834118,1
2021-04-23 02:03:00+00:00,-1,0.0002845628162417846,2.5,1.2025745628162419,DC:1:2021-04-23 01:47:00+00:00,1.2019,1.20244,1.2022,1.20256,2021-04-23 01:33:00+00:00,2021-04-23 01:46:00+00:00,2021-04-23 01:47:00+00:00,2021-04-23 01:59:00+00:00,2021-04-23 01:55:00+00:00,2021-04-23 02:03:00+00:00,3.464679741508622,0.6428571428556323,0.4444444444444901,0.6666666666669407,0.00014562816241681228,240.0,1.0,1.9540369906427713,1
2021-04-23 05:05:00+00:00,-1,0.00021203093057020617,2.5,1.2028020309305703,DC:1:2021-04-23 04:54:00+00:00,1.2022,1.20273,1.20249,1.20279,2021-04-23 04:37:00+00:00,2021-04-23 04:53:00+00:00,2021-04-23 04:54:00+00:00,2021-04-23 05:03:00+00:00,2021-04-23 04:55:00+00:00,2021-04-23 05:05:00+00:00,4.597631782422084,0.6543209876520028,0.4528301886791583,0.5660377358488432,0.0001203093057029886,120.0,0.0,1.7623817985755288,1
2021-04-23 09:10:00+00:00,-1,0.0002608082409805146,2.5,1.2061608082409805,DC:1:2021-04-23 08:59:00+00:00,1.2055,1.20601,1.2058,1.20614,2021-04-23 08:49:00+00:00,2021-04-23 08:58:00+00:00,2021-04-23 08:59:00+00:00,2021-04-23 09:07:00+00:00,2021-04-23 09:01:00+00:00,2021-04-23 09:10:00+00:00,2.5564549411993904,0.5151515151516171,0.41176470588242975,0.6666666666666666,0.00020808240980604094,180.0,1.0,1.2533891799101171,1
2021-04-23 10:38:00+00:00,1,0.00023815833872276038,2.5,1.2047818416612772,DC:-1:2021-04-23 10:27:00+00:00,1.20571,1.205,1.2053,1.2048,2021-04-23 10:14:00+00:00,2021-04-23 10:25:00+00:00,2021-04-23 10:30:00+00:00,2021-04-23 10:37:00+00:00,2021-04-23 10:32:00+00:00,2021-04-23 10:38:00+00:00,3.5974043095543426,0.7977528089902918,0.422535211267566,0.70422535211261,0.00018158338722826969,60.0,0.0,1.3115645784455487,-1
2021-04-23 11:49:00+00:00,-1,0.00018694446260991704,2.5,1.20613694446261,DC:1:2021-04-23 11:44:00+00:00,1.2052,1.20602,1.2058,1.20612,2021-04-23 11:26:00+00:00,2021-04-23 11:36:00+00:00,2021-04-23 11:44:00+00:00,2021-04-23 11:48:00+00:00,2021-04-23 11:48:00+00:00,2021-04-23 11:49:00+00:00,4.588465099654538,0.7321428571427439,0.26829268292694813,0.39024390243912344,0.0001694446260981492,60.0,1.0,1.1032776129567616,1
2021-04-23 14:36:00+00:00,-1,0.0003380312120975226,2.5,1.2065880312120976,DC:1:2021-04-23 14:30:00+00:00,1.2052,1.20632,1.2058,1.20656,2021-04-23 14:17:00+00:00,2021-04-23 14:24:00+00:00,2021-04-23 14:30:00+00:00,2021-04-23 14:34:00+00:00,2021-04-23 14:33:00+00:00,2021-04-23 14:36:00+00:00,4.23052653722077,0.8358208955219057,0.46428571428577803,0.6785714285715064,0.00028031212097395076,120.0,1.0,1.20591007953215,1
2021-04-23 16:15:00+00:00,-1,0.0002714856994256998,2.5,1.2072914856994257,DC:1:2021-04-23 15:53:00+00:00,1.20595,1.2070299999999998,1.20649,1.20727,2021-04-23 15:36:00+00:00,2021-04-23 15:51:00+00:00,2021-04-23 15:55:00+00:00,2021-04-23 16:11:00+00:00,2021-04-23 15:58:00+00:00,2021-04-23 16:15:00+00:00,5.17606427369538,0.7714285714282315,0.4999999999998972,0.7222222222223935,0.00021485699425684906,240.0,0.0,1.2635646345361902,1
2021-04-26 03:57:00+00:00,1,0.00021623964032446708,2.5,1.2109037603596755,DC:-1:2021-04-26 03:34:00+00:00,1.21161,1.211,1.2113,1.21092,2021-04-26 03:20:00+00:00,2021-04-26 03:33:00+00:00,2021-04-26 03:41:00+00:00,2021-04-26 03:53:00+00:00,2021-04-26 03:46:00+00:00,2021-04-26 03:57:00+00:00,3.9293239050000754,0.521367521368261,0.4918032786884709,0.6229508196722088,0.00016239640324398755,240.0,0.0,1.3315543694621388,-1
2021-04-26 06:18:00+00:00,-1,0.0003697387640824168,2.5,1.2114897387640824,DC:1:2021-04-26 06:14:00+00:00,1.21049,1.21125,1.211,1.21147,2021-04-26 06:05:00+00:00,2021-04-26 06:12:00+00:00,2021-04-26 06:14:00+00:00,2021-04-26 06:16:00+00:00,2021-04-26 06:16:00+00:00,2021-04-26 06:18:00+00:00,4.265388226888687,1.0000000000002922,0.32894736842092576,0.6184210526316443,0.00019738764082330695,120.0,1.0,1.8731606626444828,1
2021-04-26 07:10:00+00:00,-1,0.0005481089663563754,2.5,1.2103481089663564,DC:1:2021-04-26 07:05:00+00:00,1.2092,1.20997,1.2097,1.21032,2021-04-26 06:59:00+00:00,2021-04-26 07:04:00+00:00,2021-04-26 07:05:00+00:00,2021-04-26 07:08:00+00:00,2021-04-26 07:06:00+00:00,2021-04-26 07:10:00+00:00,3.1336278712958805,0.8651685393257166,0.35064935064936936,0.805194805194955,0.00028108966356202,120.0,1.0,1.9499435141464743,1
2021-04-26 07:46:00+00:00,1,0.0003687880417131417,2.5,1.208771211958287,DC:-1:2021-04-26 07:38:00+00:00,1.21029,1.209,1.20946,1.2088,2021-04-26 07:18:00+00:00,2021-04-26 07:35:00+00:00,2021-04-26 07:39:00+00:00,2021-04-26 07:44:00+00:00,2021-04-26 07:41:00+00:00,2021-04-26 07:46:00+00:00,4.247589474983319,0.5489361702119763,0.3565891472867443,0.5116279069766481,0.0002878804171303268,120.0,0.0,1.281045947443473,-1
2021-04-26 10:01:00+00:00,1,0.00026177196139642867,2.5,1.2094782280386036,DC:-1:2021-04-26 09:39:00+00:00,1.21078,1.2097,1.21015,1.2095,2021-04-26 09:22:00+00:00,2021-04-26 09:37:00+00:00,2021-04-26 09:48:00+00:00,2021-04-26 09:59:00+00:00,2021-04-26 09:52:00+00:00,2021-04-26 10:01:00+00:00,4.1514338892268166,0.6585365853665142,0.4166666666667352,0.6018518518519052,0.00021771961396449793,120.0,0.0,1.202335226623698,-1
2021-04-26 10:08:00+00:00,1,0.00022979988416071961,2.5,1.2094702001158393,DC:-1:2021-04-26 10:01:00+00:00,1.21015,1.2095,1.20974,1.20949,2021-04-26 09:48:00+00:00,2021-04-26 09:59:00+00:00,2021-04-26 10:01:00+00:00,2021-04-26 10:03:00+00:00,2021-04-26 10:02:00+00:00,2021-04-26 10:08:00+00:00,2.9854912387729593,0.970149253734692,0.36923076923077447,0.3846153846154897,0.00019799884160638016,300.0,0.0,1.1606122656897135,-1
2021-04-26 12:25:00+00:00,1,0.00029222554665442324,2.5,1.2078777744533455,DC:-1:2021-04-26 12:20:00+00:00,1.20859,1.208,1.2082700000000002,1.2079,2021-04-26 12:17:00+00:00,2021-04-26 12:19:00+00:00,2021-04-26 12:20:00+00:00,2021-04-26 12:22:00+00:00,2021-04-26 12:22:00+00:00,2021-04-26 12:25:00+00:00,3.0003651200976003,1.0000000000018818,0.45762711864436123,0.6271186440680454,0.00022225546654360524,180.0,1.0,1.3148182638607464,-1
2021-04-26 14:01:00+00:00,1,0.0004405926378019398,2.5,1.2062594073621982,DC:-1:2021-04-26 13:36:00+00:00,1.20795,1.20639,1.2071,1.20629,2021-04-26 13:31:00+00:00,2021-04-26 13:35:00+00:00,2021-04-26 13:44:00+00:00,2021-04-26 13:56:00+00:00,2021-04-26 13:46:00+00:00,2021-04-26 14:01:00+00:00,6.55088286629906,0.9176470588247126,0.455128205128196,0.5192307692307528,0.0003059263780200172,300.0,0.0,1.4401917240791549,-1
2021-04-26 19:45:00+00:00,1,0.0002152560677439741,2.5,1.2086847439322561,DC:-1:2021-04-26 19:39:00+00:00,1.20914,1.2088,1.20897,1.2087,2021-04-26 19:31:00+00:00,2021-04-26 19:33:00+00:00,2021-04-26 19:40:00+00:00,2021-04-26 19:43:00+00:00,2021-04-26 19:41:00+00:00,2021-04-26 19:45:00+00:00,2.202899043527231,0.9999999999960816,0.5,0.7941176470587851,0.00015256067743983705,120.0,0.0,1.4109538011776412,-1
2021-04-27 01:12:00+00:00,1,0.0002072902193348547,2.5,1.207382709780665,DC:-1:2021-04-27 01:09:00+00:00,1.20805,1.2075,1.2077,1.2074,2021-04-27 01:03:00+00:00,2021-04-27 01:07:00+00:00,2021-04-27 01:09:00+00:00,2021-04-27 01:11:00+00:00,2021-04-27 01:11:00+00:00,2021-04-27 01:12:00+00:00,3.4188559841531525,1.0000000000024223,0.36363636363629026,0.5454545454544354,0.00017290219335042677,60.0,1.0,1.1988871587923269,-1
2021-04-27 02:34:00+00:00,1,0.00023778754411618586,2.5,1.2066822124558838,DC:-1:2021-04-27 02:28:00+00:00,1.20739,1.2068,1.20697,1.2067,2021-04-27 02:18:00+00:00,2021-04-27 02:26:00+00:00,2021-04-27 02:28:00+00:00,2021-04-27 02:29:00+00:00,2021-04-27 02:29:00+00:00,2021-04-27 02:34:00+00:00,3.620673573284247,0.9999999999984946,0.28813559322040916,0.4576271186441571,0.0001778754411630833,300.0,1.0,1.3368205445414623,-1
2021-04-27 05:58:00+00:00,-1,0.00026235301082566664,2.5,1.2075923530108257,DC:1:2021-04-27 05:34:00+00:00,1.207,1.2075,1.2073,1.20758,2021-04-27 05:21:00+00:00,2021-04-27 05:33:00+00:00,2021-04-27 05:36:00+00:00,2021-04-27 05:52:00+00:00,2021-04-27 05:38:00+00:00,2021-04-27 05:58:00+00:00,4.614829555920336,0.7575757575737696,0.4,0.5600000000001777,0.00012353010825586866,360.0,0.0,2.12379811310659,1
2021-04-27 09:36:00+00:00,-1,0.00032217707456383415,2.5,1.2069121770745639,DC:1:2021-04-27 09:29:00+00:00,1.2056,1.20663,1.20639,1.20689,2021-04-27 09:15:00+00:00,2021-04-27 09:28:00+00:00,2021-04-27 09:29:00+00:00,2021-04-27 09:33:00+00:00,2021-04-27 09:32:00+00:00,2021-04-27 09:36:00+00:00,4.458580324794472,0.8655462184866424,0.23300970873786198,0.4854368932037893,0.00022177074563875176,180.0,1.0,1.452748303821086,1
2021-04-27 10:46:00+00:00,-1,0.0001865810261680867,2.5,1.2075865810261681,DC:1:2021-04-27 10:40:00+00:00,1.2068,1.2075,1.20727,1.20757,2021-04-27 10:25:00+00:00,2021-04-27 10:39:00+00:00,2021-04-27 10:44:00+00:00,2021-04-27 10:45:00+00:00,2021-04-27 10:45:00+00:00,2021-04-27 10:46:00+00:00,3.977290922664439,0.660377358491147,0.3285714285713969,0.42857142857142855,0.00016581026168138512,60.0,1.0,1.125268269141351,1
2021-04-27 13:46:00+00:00,1,0.0005045627198603242,2.5,1.2073754372801395,DC:-1:2021-04-27 13:32:00+00:00,1.20865,1.2076,1.20802,1.2074,2021-04-27 13:17:00+00:00,2021-04-27 13:29:00+00:00,2021-04-27 13:32:00+00:00,2021-04-27 13:43:00+00:00,2021-04-27 13:34:00+00:00,2021-04-27 13:46:00+00:00,4.484947685895205,0.6953642384107411,0.40000000000008457,0.5904761904762549,0.0002456271986047299,180.0,0.0,2.0541809812857106,-1
2021-04-27 16:51:00+00:00,-1,0.00018659755366789987,2.5,1.207386597553668,DC:1:2021-04-27 16:46:00+00:00,1.2068,1.20736,1.2071,1.20737,2021-04-27 16:24:00+00:00,2021-04-27 16:45:00+00:00,2021-04-27 16:46:00+00:00,2021-04-27 16:49:00+00:00,2021-04-27 16:47:00+00:00,2021-04-27 16:51:00+00:00,2.8874990286736972,0.45161290322599706,0.4642857142856718,0.48214285714293503,0.00016597553667844863,120.0,0.0,1.1242473282638221,1
2021-04-27 17:33:00+00:00,-1,0.00017504336806095644,2.5,1.207875043368061,DC:1:2021-04-27 17:18:00+00:00,1.207,1.20784,1.20763,1.20786,2021-04-27 16:59:00+00:00,2021-04-27 17:13:00+00:00,2021-04-27 17:20:00+00:00,2021-04-27 17:31:00+00:00,2021-04-27 17:22:00+00:00,2021-04-27 17:33:00+00:00,5.633097589829392,0.7636363636356333,0.25000000000006606,0.2738095238094829,0.00015043368060928042,120.0,0.0,1.1635916062945668,1
2021-04-27 21:10:00+00:00,1,0.00015276103804695573,2.5,1.2088172389619531,DC:-1:2021-04-27 21:04:00+00:00,1.20925,1.20888,1.209,1.2088299999999998,2021-04-27 20:57:00+00:00,2021-04-27 21:03:00+00:00,2021-04-27 21:04:00+00:00,2021-04-27 21:09:00+00:00,2021-04-27 21:08:00+00:00,2021-04-27 21:10:00+00:00,3.363804224126481,0.8604651162760555,0.32432432432466496,0.45945945946009203,0.00012761038046790868,60.0,0.0,1.1970894333738933,-1
2021-04-27 23:24:00+00:00,1,0.00013152663746707205,2.5,1.208688473362533,DC:-1:2021-04-27 23:18:00+00:00,1.20906,1.2088,1.2089299999999998,1.2087,2021-04-27 23:09:00+00:00,2021-04-27 23:16:00+00:00,2021-04-27 23:19:00+00:00,2021-04-27 23:23:00+00:00,2021-04-27 23:20:00+00:00,2021-04-27 23:24:00+00:00,2.191665784523918,0.684210526319111,0.49999999999914596,0.8846153846145963,0.0001152663746718555,60.0,0.0,1.1410668362001222,-1
2021-04-28 07:26:00+00:00,-1,0.00039074384606196944,2.5,1.206730743846062,DC:1:2021-04-28 07:21:00+00:00,1.2057,1.20642,1.2062,1.20671,2021-04-28 07:04:00+00:00,2021-04-28 07:18:00+00:00,2021-04-28 07:21:00+00:00,2021-04-28 07:25:00+00:00,2021-04-28 07:23:00+00:00,2021-04-28 07:26:00+00:00,3.3984173900073955,0.5217391304350975,0.30555555555568403,0.7083333333332947,0.00020743846061896067,60.0,1.0,1.883661520125328,1
2021-04-28 08:12:00+00:00,-1,0.00024021825756359583,2.5,1.2078202182575637,DC:1:2021-04-28 08:00:00+00:00,1.20615,1.20766,1.2073200000000002,1.2078,2021-04-28 07:29:00+00:00,2021-04-28 07:59:00+00:00,2021-04-28 08:02:00+00:00,2021-04-28 08:08:00+00:00,2021-04-28 08:05:00+00:00,2021-04-28 08:12:00+00:00,7.498740891802083,0.5571955719552283,0.2251655629137797,0.3178807947018845,0.00020218257563638057,240.0,0.0,1.1881254198463735,1
2021-04-28 08:42:00+00:00,-1,0.00035082214519222,2.5,1.2077508221451922,DC:1:2021-04-28 08:31:00+00:00,1.20702,1.20763,1.20737,1.20773,2021-04-28 08:20:00+00:00,2021-04-28 08:26:00+00:00,2021-04-28 08:31:00+00:00,2021-04-28 08:38:00+00:00,2021-04-28 08:32:00+00:00,2021-04-28 08:42:00+00:00,3.1811511001885915,0.8133333333313754,0.426229508196602,0.5901639344260923,0.00020822145192364244,240.0,1.0,1.68485111380777,1
2021-04-28 12:46:00+00:00,-1,0.0004135875852269155,2.5,1.207213587585227,DC:1:2021-04-28 12:43:00+00:00,1.2063,1.20702,1.2067,1.20719,2021-04-28 12:29:00+00:00,2021-04-28 12:41:00+00:00,2021-04-28 12:43:00+00:00,2021-04-28 12:44:00+00:00,2021-04-28 12:44:00+00:00,2021-04-28 12:46:00+00:00,3.212356851541178,0.6101694915256055,0.44444444444423886,0.6805555555553371,0.00023587585226961916,120.0,1.0,1.7534121498548398,1
2021-04-28 16:26:00+00:00,1,0.0003259275884819335,2.5,1.2088740724115181,DC:-1:2021-04-28 16:11:00+00:00,1.21015,1.2091,1.2095,1.2089,2021-04-28 15:58:00+00:00,2021-04-28 16:10:00+00:00,2021-04-28 16:12:00+00:00,2021-04-28 16:19:00+00:00,2021-04-28 16:15:00+00:00,2021-04-28 16:26:00+00:00,4.486373531677776,0.5614973262031279,0.3809523809523407,0.571428571428511,0.0002592758848187689,420.0,0.0,1.2570686576183256,-1
2021-04-28 17:44:00+00:00,1,0.0002275909488613781,2.5,1.2078824090511386,DC:-1:2021-04-28 17:27:00+00:00,1.20919,1.208,1.20832,1.2079,2021-04-28 16:57:00+00:00,2021-04-28 17:23:00+00:00,2021-04-28 17:27:00+00:00,2021-04-28 17:41:00+00:00,2021-04-28 17:31:00+00:00,2021-04-28 17:44:00+00:00,6.446439022789375,0.5748792270527157,0.2689075630252869,0.3529411764706541,0.00017590948861226236,180.0,0.0,1.2937957506262292,-1
2021-04-28 22:33:00+00:00,-1,0.00019115871956931763,2.5,1.2130811587195693,DC:1:2021-04-28 22:29:00+00:00,1.21242,1.21291,1.21269,1.21307,2021-04-28 22:13:00+00:00,2021-04-28 22:26:00+00:00,2021-04-28 22:30:00+00:00,2021-04-28 22:32:00+00:00,2021-04-28 22:31:00+00:00,2021-04-28 22:33:00+00:00,4.295139055556682,0.8032786885243932,0.44897959183661446,0.7755102040819194,0.00011158719569277814,60.0,1.0,1.71308830177627,1
2021-04-29 02:18:00+00:00,1,0.00023845885547113532,2.5,1.214081541144529,DC:-1:2021-04-29 02:13:00+00:00,1.21489,1.2142,1.2144700000000002,1.2141,2021-04-29 01:52:00+00:00,2021-04-29 02:10:00+00:00,2021-04-29 02:13:00+00:00,2021-04-29 02:16:00+00:00,2021-04-29 02:14:00+00:00,2021-04-29 02:18:00+00:00,3.7285453941109754,0.47586206896493216,0.3913043478263528,0.5362318840582042,0.00018458855470945547,120.0,0.0,1.2918398751562485,-1
2021-04-29 03:59:00+00:00,1,0.0003516148177258316,2.5,1.2122783851822743,DC:-1:2021-04-29 03:40:00+00:00,1.21364,1.21259,1.2129299999999998,1.2123,2021-04-29 03:26:00+00:00,2021-04-29 03:38:00+00:00,2021-04-29 03:40:00+00:00,2021-04-29 03:57:00+00:00,2021-04-29 03:43:00+00:00,2021-04-29 03:59:00+00:00,6.065440938646899,0.6953642384115591,0.3238095238093204,0.5999999999999154,0.00021614817725604975,120.0,0.0,1.6267304318245888,-1
2021-04-29 05:25:00+00:00,-1,0.0001527075800300537,2.5,1.21355270758003,DC:1:2021-04-29 05:13:00+00:00,1.2131,1.2135,1.2133,1.21354,2021-04-29 04:57:00+00:00,2021-04-29 05:11:00+00:00,2021-04-29 05:13:00+00:00,2021-04-29 05:24:00+00:00,2021-04-29 05:23:00+00:00,2021-04-29 05:25:00+00:00,2.852792027350483,0.57142857142694,0.5,0.600000000000111,0.00012707580030005866,60.0,0.0,1.2017046492681676,1
2021-04-29 09:04:00+00:00,-1,0.00029432537554630045,2.5,1.2117943253755463,DC:1:2021-04-29 09:01:00+00:00,1.2111,1.2117,1.21144,1.21177,2021-04-29 08:48:00+00:00,2021-04-29 08:58:00+00:00,2021-04-29 09:01:00+00:00,2021-04-29 09:03:00+00:00,2021-04-29 09:03:00+00:00,2021-04-29 09:04:00+00:00,2.3456468640694284,0.50000000000037,0.4333333333332593,0.549999999999963,0.00024325375546270528,60.0,1.0,1.2099520313117027,1
2021-04-29 10:06:00+00:00,1,0.00034393663297094257,2.5,1.211656063367029,DC:-1:2021-04-29 10:01:00+00:00,1.21245,1.21173,1.21201,1.21168,2021-04-29 09:54:00+00:00,2021-04-29 09:59:00+00:00,2021-04-29 10:01:00+00:00,2021-04-29 10:02:00+00:00,2021-04-29 10:02:00+00:00,2021-04-29 10:06:00+00:00,3.6905700145617484,0.6666666666667352,0.3888888888889403,0.4583333333332177,0.00023936632970982772,240.0,1.0,1.4368630433022072,-1
2021-04-29 12:46:00+00:00,-1,0.0005556872837675364,2.5,1.2135256872837676,DC:1:2021-04-29 12:32:00+00:00,1.2122,1.21312,1.21288,1.2135,2021-04-29 12:29:00+00:00,2021-04-29 12:31:00+00:00,2021-04-29 12:32:00+00:00,2021-04-29 12:45:00+00:00,2021-04-29 12:36:00+00:00,2021-04-29 12:46:00+00:00,4.427843954889047,0.9999999999992759,0.2608695652174018,0.673913043478308,0.00025687283767519874,60.0,1.0,2.163277708911254,1
2021-04-29 13:40:00+00:00,-1,0.00036716727012264805,2.5,1.2126171672701227,DC:1:2021-04-29 13:32:00+00:00,1.2114,1.21249,1.21205,1.21259,2021-04-29 13:22:00+00:00,2021-04-29 13:31:00+00:00,2021-04-29 13:33:00+00:00,2021-04-29 13:37:00+00:00,2021-04-29 13:36:00+00:00,2021-04-29 13:40:00+00:00,4.059926094689919,0.7622377622382378,0.4036697247706254,0.49541284403666735,0.0002716727012274226,180.0,0.0,1.3515059424954334,1
2021-04-30 00:36:00+00:00,-1,0.00023874935053469493,2.5,1.2125787493505347,DC:1:2021-04-30 00:21:00+00:00,1.212,1.21239,1.2122,1.21256,2021-04-30 00:11:00+00:00,2021-04-30 00:20:00+00:00,2021-04-30 00:21:00+00:00,2021-04-30 00:29:00+00:00,2021-04-30 00:26:00+00:00,2021-04-30 00:36:00+00:00,2.0651638575065205,0.48148148148084186,0.48717948717969156,0.9230769230770106,0.00018749350534601365,420.0,0.0,1.2733739768430385,1
2021-04-30 06:33:00+00:00,1,0.00025656365738613296,2.5,1.211083436342614,DC:-1:2021-04-30 06:18:00+00:00,1.21194,1.2113,1.21154,1.2111,2021-04-30 06:09:00+00:00,2021-04-30 06:14:00+00:00,2021-04-30 06:21:00+00:00,2021-04-30 06:31:00+00:00,2021-04-30 06:28:00+00:00,2021-04-30 06:33:00+00:00,3.782001139538204,0.9999999999989592,0.37500000000004335,0.6875000000000216,0.00016563657386182182,120.0,0.0,1.5489553508886558,-1
2021-04-30 07:43:00+00:00,-1,0.00030366645919532864,2.5,1.2110036664591954,DC:1:2021-04-30 07:38:00+00:00,1.21032,1.21082,1.21059,1.21098,2021-04-30 07:28:00+00:00,2021-04-30 07:37:00+00:00,2021-04-30 07:38:00+00:00,2021-04-30 07:41:00+00:00,2021-04-30 07:39:00+00:00,2021-04-30 07:43:00+00:00,2.2005942867308272,0.4629629629629249,0.4599999999999556,0.7799999999998668,0.0002366645919559565,120.0,1.0,1.2831089631348032,1
2021-04-30 08:43:00+00:00,1,0.0002629897943473569,2.5,1.2094670102056526,DC:-1:2021-04-30 08:33:00+00:00,1.21039,1.20961,1.2098799999999998,1.20949,2021-04-30 08:20:00+00:00,2021-04-30 08:32:00+00:00,2021-04-30 08:33:00+00:00,2021-04-30 08:38:00+00:00,2021-04-30 08:36:00+00:00,2021-04-30 08:43:00+00:00,3.318253850567595,0.6499999999995929,0.34615384615355055,0.49999999999985767,0.00022989794347311068,300.0,1.0,1.1439414827915446,-1
2021-04-30 09:54:00+00:00,-1,0.00028926572070475665,2.5,1.2098292657207048,DC:1:2021-04-30 09:46:00+00:00,1.2091,1.20971,1.20944,1.20981,2021-04-30 09:36:00+00:00,2021-04-30 09:42:00+00:00,2021-04-30 09:47:00+00:00,2021-04-30 09:52:00+00:00,2021-04-30 09:52:00+00:00,2021-04-30 09:54:00+00:00,3.0037236845468573,0.8591549295755971,0.4426229508196602,0.6065573770491505,0.00019265720704872736,120.0,1.0,1.5014528920872128,1
2021-04-30 10:12:00+00:00,1,0.00047960996721707616,2.5,1.208980390032783,DC:-1:2021-04-30 10:00:00+00:00,1.20981,1.20926,1.20947,1.209,2021-04-30 09:52:00+00:00,2021-04-30 09:58:00+00:00,2021-04-30 10:00:00+00:00,2021-04-30 10:04:00+00:00,2021-04-30 10:01:00+00:00,2021-04-30 10:12:00+00:00,2.7657585887849367,1.0000000000024223,0.38181818181822585,0.8545454545453224,0.00019609967217259063,480.0,0.0,2.445745889850154,-1
2021-04-30 20:27:00+00:00,-1,0.00018405856781966712,2.5,1.2025240585678196,DC:1:2021-04-30 20:08:00+00:00,1.20168,1.20236,1.20205,1.20251,2021-04-30 19:48:00+00:00,2021-04-30 20:06:00+00:00,2021-04-30 20:11:00+00:00,2021-04-30 20:26:00+00:00,2021-04-30 20:16:00+00:00,2021-04-30 20:27:00+00:00,3.595146346582887,0.6799999999991829,0.4558823529412149,0.6764705882351405,0.00014058567819741073,60.0,0.0,1.3092270150108154,1
2021-04-30 21:01:00+00:00,1,0.00023253636787967658,2.5,1.2016674636321203,DC:-1:2021-04-30 20:51:00+00:00,1.20251,1.20186,1.20211,1.20168,2021-04-30 20:26:00+00:00,2021-04-30 20:50:00+00:00,2021-04-30 20:53:00+00:00,2021-04-30 21:00:00+00:00,2021-04-30 20:58:00+00:00,2021-04-30 21:01:00+00:00,4.861762012980101,0.4609929078014754,0.3846153846154897,0.6615384615383144,0.0001253636787984717,60.0,0.0,1.8548942573190619,-1
2021-05-02 21:17:00+00:00,1,0.00016005174910715958,2.5,1.202539948250893,DC:-1:2021-05-02 21:07:00+00:00,1.2035,1.20259,1.203,1.20255,2021-05-02 20:44:00+00:00,2021-05-02 21:06:00+00:00,2021-05-02 21:08:00+00:00,2021-05-02 21:14:00+00:00,2021-05-02 21:10:00+00:00,2021-05-02 21:17:00+00:00,16.07527552567807,0.9578947368460935,0.45054945054949075,0.4945054945055803,0.00010051749107037703,180.0,0.0,1.592277596693095,-1
2021-05-02 23:06:00+00:00,-1,0.0001789562274556733,2.5,1.2029089562274558,DC:1:2021-05-02 22:50:00+00:00,1.20239,1.2028,1.20263,1.2029,2021-05-02 22:40:00+00:00,2021-05-02 22:49:00+00:00,2021-05-02 23:00:00+00:00,2021-05-02 23:05:00+00:00,2021-05-02 23:02:00+00:00,2021-05-02 23:06:00+00:00,4.998667485129299,0.8039215686299267,0.4146341463414502,0.6585365853658008,8.956227455604936e-05,60.0,0.0,1.9981206187844183,1
2021-05-03 05:36:00+00:00,1,0.0002447439870090218,2.5,1.201485256012991,DC:-1:2021-05-03 05:21:00+00:00,1.20218,1.2017,1.20187,1.2015,2021-05-03 05:15:00+00:00,2021-05-03 05:20:00+00:00,2021-05-03 05:21:00+00:00,2021-05-03 05:33:00+00:00,2021-05-03 05:28:00+00:00,2021-05-03 05:36:00+00:00,3.285483118945433,0.7499999999993061,0.35416666666664737,0.770833333333237,0.0001474398700912086,180.0,1.0,1.659957966984231,-1
2021-05-03 05:52:00+00:00,-1,0.00019539192039541575,2.5,1.2021253919203954,DC:1:2021-05-03 05:45:00+00:00,1.2015,1.20203,1.2018,1.20211,2021-05-03 05:33:00+00:00,2021-05-03 05:43:00+00:00,2021-05-03 05:45:00+00:00,2021-05-03 05:51:00+00:00,2021-05-03 05:46:00+00:00,2021-05-03 05:52:00+00:00,3.524130859594786,0.7910447761177707,0.4339622641509197,0.5849056603775087,0.0001539192039545207,60.0,0.0,1.2694447175879964,1
2021-05-03 06:11:00+00:00,1,0.0003315805550772044,2.5,1.2012784194449229,DC:-1:2021-05-03 06:03:00+00:00,1.20219,1.2016,1.20186,1.2013,2021-05-03 06:00:00+00:00,2021-05-03 06:02:00+00:00,2021-05-03 06:03:00+00:00,2021-05-03 06:09:00+00:00,2021-05-03 06:04:00+00:00,2021-05-03 06:11:00+00:00,3.329467176902451,0.999999999998871,0.44067796610150356,0.9491525423725561,0.00021580555077268718,120.0,0.0,1.5364783430731384,-1
2021-05-03 08:47:00+00:00,-1,0.00028971930835930415,2.5,1.2043897193083593,DC:1:2021-05-03 08:42:00+00:00,1.20319,1.20422,1.204,1.2043700000000002,2021-05-03 08:23:00+00:00,2021-05-03 08:37:00+00:00,2021-05-03 08:42:00+00:00,2021-05-03 08:45:00+00:00,2021-05-03 08:45:00+00:00,2021-05-03 08:47:00+00:00,4.912986522023599,0.7744360902249513,0.21359223300979666,0.3592233009710412,0.0001971930835903271,120.0,1.0,1.4692163796231428,1
2021-05-03 09:22:00+00:00,-1,0.0003530563419280597,2.5,1.205553056341928,DC:1:2021-05-03 09:11:00+00:00,1.20459,1.20544,1.20519,1.20553,2021-05-03 08:56:00+00:00,2021-05-03 09:10:00+00:00,2021-05-03 09:14:00+00:00,2021-05-03 09:18:00+00:00,2021-05-03 09:18:00+00:00,2021-05-03 09:22:00+00:00,4.0408395577864455,0.4644808743174007,0.29411764705891574,0.4,0.00023056341928047786,240.0,1.0,1.5312764836236685,1
2021-05-03 11:19:00+00:00,1,0.00030809440280532563,2.5,1.2050819055971946,DC:-1:2021-05-03 11:13:00+00:00,1.2057,1.2052,1.20543,1.2051,2021-05-03 11:06:00+00:00,2021-05-03 11:11:00+00:00,2021-05-03 11:13:00+00:00,2021-05-03 11:18:00+00:00,2021-05-03 11:18:00+00:00,2021-05-03 11:19:00+00:00,2.726921624868812,1.0000000000022204,0.4599999999999556,0.6599999999999556,0.00018094402805428716,60.0,1.0,1.7027055610417305,-1
2021-05-03 18:03:00+00:00,1,0.00021442723698283928,2.5,1.2057855727630171,DC:-1:2021-05-03 18:01:00+00:00,1.20649,1.2059,1.20605,1.2058,2021-05-03 17:46:00+00:00,2021-05-03 18:00:00+00:00,2021-05-03 18:01:00+00:00,2021-05-03 18:02:00+00:00,2021-05-03 18:02:00+00:00,2021-05-03 18:03:00+00:00,4.354040875623732,0.5841584158411858,0.2542372881357144,0.42372881355939856,0.0001442723698283537,60.0,1.0,1.4862668246037094,-1
2021-05-03 18:26:00+00:00,-1,0.0002863148149192529,2.5,1.2066763148149193,DC:1:2021-05-03 18:19:00+00:00,1.2058,1.20659,1.2063,1.20666,2021-05-03 18:02:00+00:00,2021-05-03 18:17:00+00:00,2021-05-03 18:19:00+00:00,2021-05-03 18:22:00+00:00,2021-05-03 18:20:00+00:00,2021-05-03 18:26:00+00:00,5.066194941013013,0.6991150442490379,0.36708860759506123,0.4556962025317808,0.00016314814919151692,240.0,0.0,1.7549375603590371,1
2021-05-03 19:32:00+00:00,1,0.00018675255039823924,2.5,1.206083247449602,DC:-1:2021-05-03 19:13:00+00:00,1.20658,1.20614,1.20634,1.2061,2021-05-03 19:04:00+00:00,2021-05-03 19:09:00+00:00,2021-05-03 19:13:00+00:00,2021-05-03 19:23:00+00:00,2021-05-03 19:17:00+00:00,2021-05-03 19:32:00+00:00,2.537970359643294,0.8148148148134898,0.4545454545454087,0.5454545454545914,0.00016752550397970188,540.0,0.0,1.1147708615212821,-1
2021-05-03 22:46:00+00:00,1,0.00014166588505992728,2.5,1.20578833411494,DC:-1:2021-05-03 22:31:00+00:00,1.2063,1.2059,1.20609,1.2058,2021-05-03 22:17:00+00:00,2021-05-03 22:26:00+00:00,2021-05-03 22:33:00+00:00,2021-05-03 22:41:00+00:00,2021-05-03 22:38:00+00:00,2021-05-03 22:46:00+00:00,3.543953770285806,0.5555555555545961,0.47500000000038856,0.7250000000003886,0.00011665885059944747,300.0,0.0,1.2143603707046833,-1
2021-05-04 00:27:00+00:00,1,0.00021445195068636735,2.5,1.2052855480493136,DC:-1:2021-05-04 00:11:00+00:00,1.206,1.2054,1.2056,1.2053,2021-05-04 00:04:00+00:00,2021-05-04 00:10:00+00:00,2021-05-04 00:11:00+00:00,2021-05-04 00:25:00+00:00,2021-05-04 00:13:00+00:00,2021-05-04 00:27:00+00:00,5.497627040658019,0.8571428571447604,0.3333333333333333,0.5,0.00014451950686479446,120.0,0.0,1.4838962250749883,-1
2021-05-04 02:58:00+00:00,1,0.00020355298133178934,2.5,1.2041764470186682,DC:-1:2021-05-04 02:47:00+00:00,1.20476,1.20429,1.20445,1.20419,2021-05-04 02:20:00+00:00,2021-05-04 02:33:00+00:00,2021-05-04 02:47:00+00:00,2021-05-04 02:56:00+00:00,2021-05-04 02:48:00+00:00,2021-05-04 02:58:00+00:00,3.024894658412946,0.5164835164848893,0.34042553191478303,0.5531914893615815,0.00013552981331808748,120.0,1.0,1.5019055685855036,-1
2021-05-04 04:20:00+00:00,-1,0.00010858762173437952,2.5,1.2038885876217345,DC:1:2021-05-04 04:17:00+00:00,1.20365,1.20386,1.20377,1.2038799999999998,2021-05-04 04:07:00+00:00,2021-05-04 04:16:00+00:00,2021-05-04 04:17:00+00:00,2021-05-04 04:18:00+00:00,2021-05-04 04:18:00+00:00,2021-05-04 04:20:00+00:00,2.6157842913617175,0.6000000000039334,0.42857142857142855,0.5238095238091713,8.587621734611054e-05,120.0,1.0,1.26446675331232,1
2021-05-04 04:45:00+00:00,1,0.00013161815560125412,2.5,1.2037683818443987,DC:-1:2021-05-04 04:35:00+00:00,1.2041,1.2038,1.20394,1.20378,2021-05-04 04:31:00+00:00,2021-05-04 04:34:00+00:00,2021-05-04 04:35:00+00:00,2021-05-04 04:39:00+00:00,2021-05-04 04:38:00+00:00,2021-05-04 04:45:00+00:00,3.0533183875392984,1.0000000000022204,0.4666666666668147,0.5333333333331853,0.00011618155601342633,360.0,0.0,1.132866180463652,-1
2021-05-04 12:10:00+00:00,-1,0.0006250805112730795,2.5,1.202365080511273,DC:1:2021-05-04 12:02:00+00:00,1.2011,1.2019799999999998,1.2016,1.20234,2021-05-04 11:49:00+00:00,2021-05-04 12:00:00+00:00,2021-05-04 12:02:00+00:00,2021-05-04 12:05:00+00:00,2021-05-04 12:04:00+00:00,2021-05-04 12:10:00+00:00,3.5913560570632503,0.6769230769217026,0.4318181818180958,0.8409090909092687,0.00025080511273134536,300.0,1.0,2.492295729005518,1
2021-05-04 13:48:00+00:00,-1,0.0003557630442934112,2.5,1.2026457630442935,DC:1:2021-05-04 13:43:00+00:00,1.2018,1.20246,1.20218,1.20262,2021-05-04 13:37:00+00:00,2021-05-04 13:42:00+00:00,2021-05-04 13:43:00+00:00,2021-05-04 13:46:00+00:00,2021-05-04 13:45:00+00:00,2021-05-04 13:48:00+00:00,2.5820259461055017,1.0000000000003364,0.4242424242424446,0.6666666666665545,0.00025763044293528937,120.0,1.0,1.3809045244811011,1
2021-05-04 15:33:00+00:00,-1,0.0005101872481636516,2.5,1.2019401872481636,DC:1:2021-05-04 15:21:00+00:00,1.20051,1.2015,1.20107,1.2019,2021-05-04 15:13:00+00:00,2021-05-04 15:19:00+00:00,2021-05-04 15:21:00+00:00,2021-05-04 15:31:00+00:00,2021-05-04 15:27:00+00:00,2021-05-04 15:33:00+00:00,2.3585619334368375,1.0000000000002243,0.4343434343433437,0.8383838383836844,0.0004018724816375845,120.0,1.0,1.2695252137809905,1
2021-05-04 17:13:00+00:00,-1,0.00024077550922041446,2.5,1.2022907755092205,DC:1:2021-05-04 16:55:00+00:00,1.2011,1.20212,1.2017,1.2022700000000002,2021-05-04 16:36:00+00:00,2021-05-04 16:51:00+00:00,2021-05-04 17:01:00+00:00,2021-05-04 17:10:00+00:00,2021-05-04 17:05:00+00:00,2021-05-04 17:13:00+00:00,3.964401997613797,0.6375000000022065,0.41176470588242975,0.5588235294119311,0.00020775509220216396,180.0,0.0,1.1589391464162946,1
2021-05-04 18:36:00+00:00,-1,0.0001517163159363566,2.5,1.2023017163159364,DC:1:2021-05-04 18:26:00+00:00,1.20154,1.20221,1.202,1.20229,2021-05-04 17:56:00+00:00,2021-05-04 18:15:00+00:00,2021-05-04 18:30:00+00:00,2021-05-04 18:34:00+00:00,2021-05-04 18:32:00+00:00,2021-05-04 18:36:00+00:00,3.831486444123537,0.6633663366353917,0.3134328358209846,0.43283582089574,0.00011716315936281803,120.0,0.0,1.2949148585737444,1
2021-05-04 21:17:00+00:00,1,0.00015296402053310842,2.5,1.200947035979467,DC:-1:2021-05-04 21:10:00+00:00,1.20168,1.20102,1.20127,1.20096,2021-05-04 20:41:00+00:00,2021-05-04 21:06:00+00:00,2021-05-04 21:11:00+00:00,2021-05-04 21:15:00+00:00,2021-05-04 21:12:00+00:00,2021-05-04 21:17:00+00:00,4.571376849751116,0.5000000000021868,0.37878787878794506,0.4696969696969442,0.00012964020533170513,120.0,0.0,1.1799118964809228,-1
2021-05-04 23:26:00+00:00,1,0.00017404867445236505,2.5,1.2011859513255476,DC:-1:2021-05-04 23:19:00+00:00,1.20158,1.2013,1.20144,1.2012,2021-05-04 23:08:00+00:00,2021-05-04 23:12:00+00:00,2021-05-04 23:19:00+00:00,2021-05-04 23:22:00+00:00,2021-05-04 23:21:00+00:00,2021-05-04 23:26:00+00:00,2.1098415231750436,0.8235294117616326,0.5,0.8571428571427439,0.00014048674452500848,240.0,0.0,1.2388974848896304,-1
2021-05-05 06:35:00+00:00,1,0.0002865248783070484,2.5,1.200103475121693,DC:-1:2021-05-05 06:29:00+00:00,1.20099,1.20029,1.20053,1.20012,2021-05-05 06:12:00+00:00,2021-05-05 06:28:00+00:00,2021-05-05 06:29:00+00:00,2021-05-05 06:32:00+00:00,2021-05-05 06:31:00+00:00,2021-05-05 06:35:00+00:00,4.774905149983395,0.4999999999998414,0.3428571428572063,0.5857142857143809,0.0001652487830704065,180.0,0.0,1.7339000807344558,-1
2021-05-05 08:32:00+00:00,1,0.0005825405131107964,2.5,1.1985774594868892,DC:-1:2021-05-05 08:20:00+00:00,1.1996,1.19878,1.19917,1.1986,2021-05-05 07:59:00+00:00,2021-05-05 08:13:00+00:00,2021-05-05 08:21:00+00:00,2021-05-05 08:27:00+00:00,2021-05-05 08:22:00+00:00,2021-05-05 08:32:00+00:00,3.5990573167872566,0.6119402985079474,0.47560975609767325,0.6951219512194263,0.00022540513110926028,300.0,0.0,2.5844154933120063,-1
2021-05-05 10:58:00+00:00,-1,0.0002745383201836482,2.5,1.2019045383201836,DC:1:2021-05-05 10:37:00+00:00,1.2008,1.20173,1.2013,1.2018799999999998,2021-05-05 10:27:00+00:00,2021-05-05 10:36:00+00:00,2021-05-05 10:46:00+00:00,2021-05-05 10:52:00+00:00,2021-05-05 10:47:00+00:00,2021-05-05 10:58:00+00:00,4.171501923045142,0.6326530612238918,0.4623655913978366,0.6236559139783663,0.0002453832018387606,360.0,0.0,1.1188146463426016,1
2021-05-05 11:19:00+00:00,1,0.00029068821788214017,2.5,1.201179311782118,DC:-1:2021-05-05 11:13:00+00:00,1.2018799999999998,1.2013,1.20157,1.2012,2021-05-05 10:52:00+00:00,2021-05-05 11:09:00+00:00,2021-05-05 11:13:00+00:00,2021-05-05 11:18:00+00:00,2021-05-05 11:18:00+00:00,2021-05-05 11:19:00+00:00,2.352302770782705,0.5799999999980637,0.46551724137945555,0.6379310344829434,0.00020688217882041825,60.0,1.0,1.4050906633889853,-1
2021-05-05 16:26:00+00:00,1,0.0002866237632330737,2.5,1.199283376236767,DC:-1:2021-05-05 16:17:00+00:00,1.20022,1.19951,1.1997799999999998,1.1993,2021-05-05 16:01:00+00:00,2021-05-05 16:09:00+00:00,2021-05-05 16:18:00+00:00,2021-05-05 16:23:00+00:00,2021-05-05 16:19:00+00:00,2021-05-05 16:26:00+00:00,3.7661527584389694,0.9466666666666154,0.38028169014052793,0.676056338027918,0.00016623763233142527,180.0,1.0,1.7241809764328004,-1
2021-05-05 17:08:00+00:00,1,0.00023386434161332126,2.5,1.1990861356583868,DC:-1:2021-05-05 17:01:00+00:00,1.19968,1.1992,1.19934,1.1991,2021-05-05 16:54:00+00:00,2021-05-05 16:59:00+00:00,2021-05-05 17:02:00+00:00,2021-05-05 17:04:00+00:00,2021-05-05 17:03:00+00:00,2021-05-05 17:08:00+00:00,3.8257066683994174,1.0000000000009253,0.2916666666667052,0.5,0.00013864341613237095,240.0,0.0,1.686804524421393,-1
2021-05-05 20:49:00+00:00,-1,0.0002376370744561207,2.5,1.2005276370744562,DC:1:2021-05-05 20:40:00+00:00,1.2,1.20039,1.2002,1.20051,2021-05-05 20:32:00+00:00,2021-05-05 20:39:00+00:00,2021-05-05 20:40:00+00:00,2021-05-05 20:47:00+00:00,2021-05-05 20:43:00+00:00,2021-05-05 20:49:00+00:00,2.2214120989450428,0.6190476190467966,0.48717948717969156,0.7948717948716489,0.0001763707445618194,120.0,1.0,1.3473724060445125,1
2021-05-06 02:35:00+00:00,-1,0.00024715913693840186,2.5,1.2012171591369385,DC:1:2021-05-06 02:28:00+00:00,1.20059,1.2011,1.2009,1.2012,2021-05-06 02:18:00+00:00,2021-05-06 02:24:00+00:00,2021-05-06 02:28:00+00:00,2021-05-06 02:30:00+00:00,2021-05-06 02:29:00+00:00,2021-05-06 02:35:00+00:00,3.0710701965033254,0.6623376623383027,0.3921568627450468,0.5882352941175703,0.00017159136938449791,300.0,0.0,1.4403937553792316,1
2021-05-06 09:08:00+00:00,1,0.000263573790819871,2.5,1.2036564262091802,DC:-1:2021-05-06 08:53:00+00:00,1.20438,1.20378,1.20407,1.20368,2021-05-06 08:39:00+00:00,2021-05-06 08:49:00+00:00,2021-05-06 08:53:00+00:00,2021-05-06 09:04:00+00:00,2021-05-06 08:54:00+00:00,2021-05-06 09:08:00+00:00,2.3308500303126234,0.7142857142854877,0.4833333333332223,0.649999999999889,0.0002357379081987018,240.0,0.0,1.1180797896862076,-1
2021-05-06 09:41:00+00:00,-1,0.0003093835763754438,2.5,1.2050693835763755,DC:1:2021-05-06 09:36:00+00:00,1.2036,1.20497,1.20468,1.20505,2021-05-06 09:16:00+00:00,2021-05-06 09:35:00+00:00,2021-05-06 09:37:00+00:00,2021-05-06 09:40:00+00:00,2021-05-06 09:40:00+00:00,2021-05-06 09:41:00+00:00,6.230059036018401,0.8954248365999204,0.21167883211686403,0.270072992700698,0.0001938357637546704,60.0,1.0,1.5961119371501395,1
2021-05-06 13:23:00+00:00,1,0.0003254731894555274,2.5,1.2047745268105445,DC:-1:2021-05-06 13:13:00+00:00,1.20602,1.2049,1.2052200000000002,1.2048,2021-05-06 12:59:00+00:00,2021-05-06 13:12:00+00:00,2021-05-06 13:16:00+00:00,2021-05-06 13:19:00+00:00,2021-05-06 13:19:00+00:00,2021-05-06 13:23:00+00:00,4.576305727251038,0.6436781609202575,0.2857142857143707,0.37500000000007433,0.00025473189455485175,240.0,1.0,1.2777088241121013,-1
2021-05-06 14:41:00+00:00,1,0.00042753026414055206,2.5,1.2055124697358595,DC:-1:2021-05-06 14:27:00+00:00,1.20644,1.20567,1.2059799999999998,1.20554,2021-05-06 14:16:00+00:00,2021-05-06 14:21:00+00:00,2021-05-06 14:27:00+00:00,2021-05-06 14:34:00+00:00,2021-05-06 14:30:00+00:00,2021-05-06 14:41:00+00:00,2.5924085338948712,0.9058823529413209,0.4025974025971891,0.5714285714283243,0.00027530264140580206,420.0,1.0,1.552946466323086,-1
2021-05-06 16:28:00+00:00,-1,0.00026197974630304266,2.5,1.205361979746303,DC:1:2021-05-06 16:13:00+00:00,1.20452,1.20527,1.2049,1.20534,2021-05-06 16:02:00+00:00,2021-05-06 16:10:00+00:00,2021-05-06 16:15:00+00:00,2021-05-06 16:21:00+00:00,2021-05-06 16:19:00+00:00,2021-05-06 16:28:00+00:00,3.2719850988816774,0.6198347107445418,0.49333333333328994,0.586666666666639,0.0002197974630308878,420.0,0.0,1.1919143319057648,1
2021-05-06 20:30:00+00:00,1,0.0002232758654798772,2.5,1.2058667241345202,DC:-1:2021-05-06 20:04:00+00:00,1.2063700000000002,1.206,1.20618,1.2058799999999998,2021-05-06 19:55:00+00:00,2021-05-06 20:02:00+00:00,2021-05-06 20:13:00+00:00,2021-05-06 20:20:00+00:00,2021-05-06 20:15:00+00:00,2021-05-06 20:30:00+00:00,2.4818481115710673,0.493333333333586,0.4864864864864054,0.8108108108108757,0.0001327586547971429,600.0,1.0,1.6818177754289985,-1
2021-05-06 21:36:00+00:00,-1,0.00018409342001990403,2.5,1.2064240934200199,DC:1:2021-05-06 21:09:00+00:00,1.20581,1.20626,1.20605,1.20641,2021-05-06 21:01:00+00:00,2021-05-06 21:08:00+00:00,2021-05-06 21:10:00+00:00,2021-05-06 21:35:00+00:00,2021-05-06 21:16:00+00:00,2021-05-06 21:36:00+00:00,3.1474126418039883,0.9183673469370461,0.46666666666669954,0.799999999999704,0.00014093420019846428,60.0,0.0,1.3062366676127066,1
2021-05-07 01:32:00+00:00,1,0.00018476710489445658,2.5,1.2059852328951055,DC:-1:2021-05-07 01:28:00+00:00,1.2064700000000002,1.2061,1.20625,1.206,2021-05-07 01:18:00+00:00,2021-05-07 01:25:00+00:00,2021-05-07 01:28:00+00:00,2021-05-07 01:31:00+00:00,2021-05-07 01:29:00+00:00,2021-05-07 01:32:00+00:00,2.5056542380134,0.7551020408152168,0.40540540540543785,0.6756756756755297,0.00014767104894483326,60.0,0.0,1.251207370806187,-1
2021-05-07 07:39:00+00:00,1,0.0005962241771302335,2.5,1.2068937758228697,DC:-1:2021-05-07 07:23:00+00:00,1.20856,1.2074,1.2079799999999998,1.2069299999999998,2021-05-07 07:16:00+00:00,2021-05-07 07:22:00+00:00,2021-05-07 07:23:00+00:00,2021-05-07 07:32:00+00:00,2021-05-07 07:24:00+00:00,2021-05-07 07:39:00+00:00,3.611314146763964,0.9508196721311893,0.4999999999998086,0.9051724137930606,0.0003622417713014782,420.0,0.0,1.6459288363903835,-1
2021-05-07 13:38:00+00:00,1,0.0006673439508837475,2.5,1.2101426560491162,DC:-1:2021-05-07 13:12:00+00:00,1.21457,1.21079,1.21225,1.2102,2021-05-07 12:53:00+00:00,2021-05-07 13:08:00+00:00,2021-05-07 13:18:00+00:00,2021-05-07 13:35:00+00:00,2021-05-07 13:20:00+00:00,2021-05-07 13:38:00+00:00,6.144371744428045,0.9264705882356526,0.3862433862434015,0.5423280423280858,0.0005734395088366006,180.0,0.0,1.163756491487064,-1
2021-05-07 18:08:00+00:00,1,0.0003146305047554421,2.5,1.2153753694952445,DC:-1:2021-05-07 17:59:00+00:00,1.21629,1.21558,1.21587,1.2154,2021-05-07 17:47:00+00:00,2021-05-07 17:56:00+00:00,2021-05-07 17:59:00+00:00,2021-05-07 18:06:00+00:00,2021-05-07 18:03:00+00:00,2021-05-07 18:08:00+00:00,2.9249787147099173,0.5107913669068737,0.40845070422521995,0.6619718309858846,0.0002463050475561867,120.0,1.0,1.2774017742517807,-1
2021-05-07 20:56:00+00:00,1,0.00016160136287957094,2.5,1.2161583986371205,DC:-1:2021-05-07 20:37:00+00:00,1.21673,1.21622,1.21639,1.21617,2021-05-07 20:22:00+00:00,2021-05-07 20:35:00+00:00,2021-05-07 20:37:00+00:00,2021-05-07 20:55:00+00:00,2021-05-07 20:47:00+00:00,2021-05-07 20:56:00+00:00,3.933905862034971,0.6623376623367747,0.3333333333333333,0.4313725490198127,0.00011601362879450486,60.0,0.0,1.3929515399075718,-1
2021-05-09 23:27:00+00:00,-1,0.00015381004261239006,2.5,1.2173538100426124,DC:1:2021-05-09 23:17:00+00:00,1.2162,1.2173,1.217,1.21734,2021-05-09 22:45:00+00:00,2021-05-09 23:12:00+00:00,2021-05-09 23:18:00+00:00,2021-05-09 23:25:00+00:00,2021-05-09 23:21:00+00:00,2021-05-09 23:27:00+00:00,5.733769839652492,0.6790123456809549,0.2727272727272177,0.30909090909088704,0.00013810042612331434,120.0,0.0,1.1137550182144123,1
2021-05-10 00:37:00+00:00,1,0.0002606450811593053,2.5,1.2159793549188407,DC:-1:2021-05-10 00:34:00+00:00,1.21683,1.2161,1.21639,1.216,2021-05-10 00:12:00+00:00,2021-05-10 00:24:00+00:00,2021-05-10 00:34:00+00:00,2021-05-10 00:36:00+00:00,2021-05-10 00:36:00+00:00,2021-05-10 00:37:00+00:00,3.457664969986508,0.6460176991152338,0.3972602739727069,0.5342465753425324,0.00020645081159337083,60.0,1.0,1.262504512080468,-1
2021-05-10 04:26:00+00:00,-1,0.00014168260880520478,2.5,1.2155416826088052,DC:1:2021-05-10 04:20:00+00:00,1.2152,1.21551,1.21537,1.21553,2021-05-10 04:09:00+00:00,2021-05-10 04:14:00+00:00,2021-05-10 04:20:00+00:00,2021-05-10 04:25:00+00:00,2021-05-10 04:22:00+00:00,2021-05-10 04:26:00+00:00,2.6114396582684107,0.8378378378334423,0.4516129032258527,0.5161290322578104,0.00011682608805339224,60.0,0.0,1.2127651551633958,1
2021-05-10 05:19:00+00:00,-1,0.0002032944519188007,2.5,1.2157632944519188,DC:1:2021-05-10 05:08:00+00:00,1.215,1.21561,1.21546,1.21575,2021-05-10 05:00:00+00:00,2021-05-10 05:07:00+00:00,2021-05-10 05:08:00+00:00,2021-05-10 05:17:00+00:00,2021-05-10 05:14:00+00:00,2021-05-10 05:19:00+00:00,4.7989610996387135,0.9999999999970879,0.24590163934441744,0.47540983606577664,0.00013294451918687965,120.0,0.0,1.5291676043675813,1
2021-05-10 05:51:00+00:00,1,0.00020351697533071977,2.5,1.2153564830246693,DC:-1:2021-05-10 05:45:00+00:00,1.21584,1.21547,1.21563,1.21537,2021-05-10 05:36:00+00:00,2021-05-10 05:44:00+00:00,2021-05-10 05:45:00+00:00,2021-05-10 05:49:00+00:00,2021-05-10 05:47:00+00:00,2021-05-10 05:51:00+00:00,2.761390445139199,0.7551020408147636,0.43243243243228646,0.7027027027025405,0.0001351697533076129,120.0,0.0,1.5056399109315937,-1
2021-05-10 09:37:00+00:00,1,0.0003441345629378034,2.5,1.2156758654370623,DC:-1:2021-05-10 09:22:00+00:00,1.21737,1.21577,1.21632,1.2157,2021-05-10 08:54:00+00:00,2021-05-10 09:20:00+00:00,2021-05-10 09:27:00+00:00,2021-05-10 09:34:00+00:00,2021-05-10 09:31:00+00:00,2021-05-10 09:37:00+00:00,6.082890803953719,0.4938271604935843,0.3437500000000217,0.3875000000000295,0.00024134562937664386,180.0,0.0,1.4258992956559706,-1
2021-05-10 10:56:00+00:00,-1,0.0003232759099860427,2.5,1.2171532759099861,DC:1:2021-05-10 10:47:00+00:00,1.2161,1.21706,1.2168,1.2171299999999998,2021-05-10 10:33:00+00:00,2021-05-10 10:44:00+00:00,2021-05-10 10:47:00+00:00,2021-05-10 10:53:00+00:00,2021-05-10 10:53:00+00:00,2021-05-10 10:56:00+00:00,4.269425010960155,0.842105263159658,0.27083333333323695,0.343749999999682,0.0002327590998619452,180.0,1.0,1.388886235501792,1
2021-05-10 11:15:00+00:00,1,0.00037679820199110203,2.5,1.216143201798009,DC:-1:2021-05-10 10:59:00+00:00,1.2171299999999998,1.2163,1.21666,1.21617,2021-05-10 10:53:00+00:00,2021-05-10 10:58:00+00:00,2021-05-10 11:01:00+00:00,2021-05-10 11:11:00+00:00,2021-05-10 11:02:00+00:00,2021-05-10 11:15:00+00:00,3.559535640818224,0.9999999999991974,0.43373493975926175,0.5903614457833356,0.00026798201990956184,240.0,1.0,1.4060577725261691,-1
2021-05-10 13:51:00+00:00,1,0.0006776407742907775,2.5,1.2156423592257093,DC:-1:2021-05-10 13:43:00+00:00,1.21743,1.21575,1.21654,1.21568,2021-05-10 13:30:00+00:00,2021-05-10 13:41:00+00:00,2021-05-10 13:45:00+00:00,2021-05-10 13:48:00+00:00,2021-05-10 13:47:00+00:00,2021-05-10 13:51:00+00:00,5.326307064815848,0.6222222222215898,0.47023809523803073,0.5119047619047085,0.0003764077429077425,180.0,0.0,1.8002838333133526,-1
2021-05-10 16:42:00+00:00,1,0.00023062197290801834,2.5,1.215889378027092,DC:-1:2021-05-10 16:40:00+00:00,1.21679,1.216,1.21622,1.21591,2021-05-10 16:25:00+00:00,2021-05-10 16:37:00+00:00,2021-05-10 16:40:00+00:00,2021-05-10 16:41:00+00:00,2021-05-10 16:41:00+00:00,2021-05-10 16:42:00+00:00,3.9433047110063426,0.6638655462189029,0.2784810126583417,0.3924050632911464,0.00020621972908047825,60.0,1.0,1.1183312767228832,-1
2021-05-10 18:45:00+00:00,1,0.00038553808155783464,2.5,1.214254461918442,DC:-1:2021-05-10 18:37:00+00:00,1.2151,1.21449,1.21473,1.2142700000000002,2021-05-10 18:27:00+00:00,2021-05-10 18:36:00+00:00,2021-05-10 18:39:00+00:00,2021-05-10 18:43:00+00:00,2021-05-10 18:42:00+00:00,2021-05-10 18:45:00+00:00,4.116705303695871,0.968253968257862,0.39344262295084953,0.7540983606555826,0.00015538081558101637,120.0,1.0,2.4812463502407933,-1
2021-05-10 20:51:00+00:00,1,0.00023601984480903226,2.5,1.212883980155191,DC:-1:2021-05-10 20:40:00+00:00,1.2142,1.2131,1.21335,1.2129,2021-05-10 20:14:00+00:00,2021-05-10 20:39:00+00:00,2021-05-10 20:41:00+00:00,2021-05-10 20:50:00+00:00,2021-05-10 20:43:00+00:00,2021-05-10 20:51:00+00:00,7.742655182306914,0.5555555555560914,0.22727272727262635,0.40909090909080814,0.00016019844809048086,60.0,0.0,1.473296699327119,-1
2021-05-10 22:14:00+00:00,1,0.00021461178373805012,2.5,1.212885388216262,DC:-1:2021-05-10 22:10:00+00:00,1.2133200000000002,1.213,1.21316,1.2129,2021-05-10 22:03:00+00:00,2021-05-10 22:06:00+00:00,2021-05-10 22:10:00+00:00,2021-05-10 22:13:00+00:00,2021-05-10 22:11:00+00:00,2021-05-10 22:14:00+00:00,2.273188435609811,0.9411764705897335,0.49999999999965306,0.8124999999995229,0.00014611783738114129,60.0,0.0,1.468758281565896,-1
2021-05-11 00:44:00+00:00,1,0.0002499579340622393,2.5,1.2130800420659378,DC:-1:2021-05-11 00:24:00+00:00,1.2139799999999998,1.21326,1.2136,1.2131,2021-05-11 00:12:00+00:00,2021-05-11 00:23:00+00:00,2021-05-11 00:40:00+00:00,2021-05-11 00:43:00+00:00,2021-05-11 00:42:00+00:00,2021-05-11 00:44:00+00:00,3.5829298027739402,0.5217391304349365,0.47222222222234217,0.6944444444445301,0.00019957934062203342,60.0,0.0,1.2524238895829087,-1
2021-05-11 04:25:00+00:00,-1,0.00018360290734142914,2.5,1.2143336029073415,DC:1:2021-05-11 04:16:00+00:00,1.2138,1.2142700000000002,1.2141,1.21432,2021-05-11 04:04:00+00:00,2021-05-11 04:14:00+00:00,2021-05-11 04:16:00+00:00,2021-05-11 04:23:00+00:00,2021-05-11 04:17:00+00:00,2021-05-11 04:25:00+00:00,3.206342794553418,0.9215686274573575,0.36170212765990617,0.4680851063830189,0.00013602907341510187,120.0,0.0,1.3497328382231386,1
2021-05-11 06:11:00+00:00,1,0.00022574522389762208,2.5,1.2136842547761024,DC:-1:2021-05-11 06:09:00+00:00,1.21442,1.21376,1.21394,1.2137,2021-05-11 05:58:00+00:00,2021-05-11 06:08:00+00:00,2021-05-11 06:09:00+00:00,2021-05-11 06:10:00+00:00,2021-05-11 06:10:00+00:00,2021-05-11 06:11:00+00:00,4.356432005556718,0.8918918918936841,0.2727272727273339,0.36363636363633306,0.00015745223897655603,60.0,1.0,1.433737782104417,-1
2021-05-11 19:33:00+00:00,-1,0.0002557200177644159,2.5,1.2155257200177645,DC:1:2021-05-11 19:23:00+00:00,1.21469,1.21544,1.21523,1.21551,2021-05-11 19:02:00+00:00,2021-05-11 19:19:00+00:00,2021-05-11 19:23:00+00:00,2021-05-11 19:30:00+00:00,2021-05-11 19:28:00+00:00,2021-05-11 19:33:00+00:00,3.8083880813101905,0.6637168141604467,0.2800000000000474,0.37333333333339647,0.0001572001776449984,180.0,0.0,1.6267158319750923,1
2021-05-12 07:16:00+00:00,1,0.000294571937613064,2.5,1.212825428062387,DC:-1:2021-05-12 07:12:00+00:00,1.21367,1.213,1.21333,1.21285,2021-05-12 07:07:00+00:00,2021-05-12 07:09:00+00:00,2021-05-12 07:13:00+00:00,2021-05-12 07:15:00+00:00,2021-05-12 07:15:00+00:00,2021-05-12 07:16:00+00:00,2.904493780439363,1.0000000000006628,0.49253731343278634,0.7164179104478701,0.00024571937613087225,60.0,1.0,1.1988144453702847,-1
2021-05-12 08:17:00+00:00,1,0.00046330496227509066,2.5,1.2126666950377247,DC:-1:2021-05-12 08:09:00+00:00,1.21411,1.2129,1.21316,1.21269,2021-05-12 07:48:00+00:00,2021-05-12 08:07:00+00:00,2021-05-12 08:09:00+00:00,2021-05-12 08:16:00+00:00,2021-05-12 08:14:00+00:00,2021-05-12 08:17:00+00:00,4.753036499969133,0.5734597156392808,0.2148760330578027,0.3884297520661127,0.000233049622753822,60.0,1.0,1.988009921665889,-1
2021-05-12 13:12:00+00:00,-1,0.001027039757524939,2.5,1.214637039757525,DC:1:2021-05-12 12:56:00+00:00,1.21106,1.2143700000000002,1.21272,1.21456,2021-05-12 12:50:00+00:00,2021-05-12 12:55:00+00:00,2021-05-12 13:01:00+00:00,2021-05-12 13:05:00+00:00,2021-05-12 13:03:00+00:00,2021-05-12 13:12:00+00:00,4.774521325928304,0.9999999999997987,0.4984894259818968,0.5558912386706896,0.0007703975752482658,420.0,0.0,1.333129530157164,1
2021-05-13 00:18:00+00:00,1,0.00022860738161556426,2.5,1.2070713926183845,DC:-1:2021-05-13 00:05:00+00:00,1.2078799999999998,1.2072,1.2074,1.20709,2021-05-12 23:55:00+00:00,2021-05-13 00:04:00+00:00,2021-05-13 00:08:00+00:00,2021-05-13 00:11:00+00:00,2021-05-13 00:09:00+00:00,2021-05-13 00:18:00+00:00,5.09572978112178,0.5396825396830236,0.29411764705888116,0.45588235294136376,0.00018607381615587585,420.0,0.0,1.2285843668840415,-1
2021-05-13 04:01:00+00:00,1,0.00020728529358948755,2.5,1.2074827147064104,DC:-1:2021-05-13 03:28:00+00:00,1.20828,1.2076,1.2078799999999998,1.2075,2021-05-13 03:16:00+00:00,2021-05-13 03:27:00+00:00,2021-05-13 03:29:00+00:00,2021-05-13 03:37:00+00:00,2021-05-13 03:30:00+00:00,2021-05-13 04:01:00+00:00,4.501168878691093,0.7083333333339501,0.41176470588210323,0.5588235294114958,0.00017285293589655045,1440.0,0.0,1.1992003058226577,-1
2021-05-13 04:19:00+00:00,1,0.0002841695561082158,2.5,1.2071558304438919,DC:-1:2021-05-13 04:11:00+00:00,1.20778,1.2073,1.20749,1.20717,2021-05-13 04:02:00+00:00,2021-05-13 04:10:00+00:00,2021-05-13 04:11:00+00:00,2021-05-13 04:16:00+00:00,2021-05-13 04:13:00+00:00,2021-05-13 04:19:00+00:00,3.7605943258366987,0.9600000000023092,0.3958333333331213,0.6666666666663583,0.00014169556108325102,180.0,0.0,2.0054937073240877,-1
2021-05-13 08:14:00+00:00,-1,0.00032427508528543036,2.5,1.2093842750852855,DC:1:2021-05-13 08:09:00+00:00,1.20846,1.20914,1.2088,1.20936,2021-05-13 07:57:00+00:00,2021-05-13 08:06:00+00:00,2021-05-13 08:09:00+00:00,2021-05-13 08:12:00+00:00,2021-05-13 08:11:00+00:00,2021-05-13 08:14:00+00:00,2.9060020381601204,0.7727272727269057,0.5,0.823529411764533,0.00024275085285543137,120.0,1.0,1.3358349990166676,1
2021-05-13 09:38:00+00:00,-1,0.00037444978744671786,2.5,1.2070744497874468,DC:1:2021-05-13 09:16:00+00:00,1.2052200000000002,1.20686,1.20645,1.20705,2021-05-13 08:51:00+00:00,2021-05-13 09:09:00+00:00,2021-05-13 09:18:00+00:00,2021-05-13 09:28:00+00:00,2021-05-13 09:24:00+00:00,2021-05-13 09:38:00+00:00,5.124203033437749,0.8118811881180663,0.25000000000003386,0.3658536585365755,0.00024449787446938166,600.0,1.0,1.5315052871496844,1
2021-05-13 10:25:00+00:00,1,0.00027027788406219777,2.5,1.2058797221159379,DC:-1:2021-05-13 10:12:00+00:00,1.20692,1.20607,1.20636,1.2059,2021-05-13 09:55:00+00:00,2021-05-13 10:11:00+00:00,2021-05-13 10:18:00+00:00,2021-05-13 10:23:00+00:00,2021-05-13 10:21:00+00:00,2021-05-13 10:25:00+00:00,4.151779012692183,0.6390977443603563,0.3411764705883736,0.5411764705883736,0.00020277884062075877,120.0,0.0,1.3328702503417362,-1
2021-05-13 12:10:00+00:00,1,0.00030102229770112565,2.5,1.2076789777022987,DC:-1:2021-05-13 12:01:00+00:00,1.20841,1.20785,1.20812,1.2077,2021-05-13 11:45:00+00:00,2021-05-13 11:59:00+00:00,2021-05-13 12:04:00+00:00,2021-05-13 12:08:00+00:00,2021-05-13 12:06:00+00:00,2021-05-13 12:10:00+00:00,2.2924431443268416,0.5490196078427829,0.48214285714293503,0.7500000000002974,0.00021022297701191875,120.0,1.0,1.4319191078911369,-1
2021-05-13 13:01:00+00:00,1,0.00035146561731780324,2.5,1.2080685343826822,DC:-1:2021-05-13 12:57:00+00:00,1.20929,1.20824,1.20866,1.2081,2021-05-13 12:40:00+00:00,2021-05-13 12:54:00+00:00,2021-05-13 12:57:00+00:00,2021-05-13 12:59:00+00:00,2021-05-13 12:58:00+00:00,2021-05-13 13:01:00+00:00,3.119222778110718,0.5023923444982639,0.40000000000008457,0.5333333333334461,0.00031465617317756345,120.0,0.0,1.1169830668456895,-1
2021-05-13 13:20:00+00:00,-1,0.000401543720645936,2.5,1.209191543720646,DC:1:2021-05-13 13:08:00+00:00,1.2081,1.209,1.20865,1.20916,2021-05-13 12:59:00+00:00,2021-05-13 13:05:00+00:00,2021-05-13 13:08:00+00:00,2021-05-13 13:12:00+00:00,2021-05-13 13:12:00+00:00,2021-05-13 13:20:00+00:00,2.8052079270321975,1.0000000000024671,0.3888888888889163,0.5666666666666009,0.0003154372064586507,480.0,1.0,1.2729751355396075,1
2021-05-13 21:11:00+00:00,-1,0.0003205183708896442,2.5,1.2083205183708896,DC:1:2021-05-13 21:09:00+00:00,1.20748,1.20815,1.2079,1.2083,2021-05-13 21:03:00+00:00,2021-05-13 21:07:00+00:00,2021-05-13 21:09:00+00:00,2021-05-13 21:10:00+00:00,2021-05-13 21:10:00+00:00,2021-05-13 21:11:00+00:00,4.025690937766869,0.7362637362642457,0.3731343283583623,0.5970149253731145,0.00020518370889650238,60.0,1.0,1.56210438252346,1
2021-05-14 02:51:00+00:00,1,0.00022437353902948765,2.5,1.2075856264609706,DC:-1:2021-05-14 02:41:00+00:00,1.20848,1.2078,1.2079799999999998,1.2076,2021-05-14 02:17:00+00:00,2021-05-14 02:40:00+00:00,2021-05-14 02:41:00+00:00,2021-05-14 02:45:00+00:00,2021-05-14 02:44:00+00:00,2021-05-14 02:51:00+00:00,4.177851814262398,0.5000000000013062,0.2647058823527107,0.5588235294114958,0.00014373539029545872,360.0,1.0,1.5610180524662107,-1
2021-05-14 03:17:00+00:00,-1,0.00016404649464751841,2.5,1.2080640464946475,DC:1:2021-05-14 03:06:00+00:00,1.2075,1.208,1.2078,1.20805,2021-05-14 02:53:00+00:00,2021-05-14 03:01:00+00:00,2021-05-14 03:06:00+00:00,2021-05-14 03:16:00+00:00,2021-05-14 03:10:00+00:00,2021-05-14 03:17:00+00:00,3.301723194879545,0.7812499999991327,0.4,0.500000000000222,0.00014046494647449066,60.0,0.0,1.167882085637005,1
2021-05-14 03:58:00+00:00,-1,0.0002041841845861203,2.5,1.208504184184586,DC:1:2021-05-14 03:43:00+00:00,1.2079,1.20838,1.2082,1.20849,2021-05-14 03:26:00+00:00,2021-05-14 03:42:00+00:00,2021-05-14 03:43:00+00:00,2021-05-14 03:51:00+00:00,2021-05-14 03:44:00+00:00,2021-05-14 03:58:00+00:00,3.257272043636494,0.5333333333314583,0.37500000000011563,0.6041666666668787,0.00014184184586020536,420.0,1.0,1.4395200749668577,1
2021-05-14 06:11:00+00:00,-1,0.0002954176971574629,2.5,1.2097954176971575,DC:1:2021-05-14 06:01:00+00:00,1.20849,1.20967,1.2094,1.20978,2021-05-14 05:25:00+00:00,2021-05-14 05:58:00+00:00,2021-05-14 06:04:00+00:00,2021-05-14 06:08:00+00:00,2021-05-14 06:06:00+00:00,2021-05-14 06:11:00+00:00,7.4182869990941,0.4796747967480988,0.22881355932203548,0.3220338983051358,0.00015417697157489558,180.0,0.0,1.916094823629065,1
2021-05-14 06:47:00+00:00,-1,0.0002501081898096391,2.5,1.2108401081898097,DC:1:2021-05-14 06:39:00+00:00,1.21025,1.21078,1.21052,1.21082,2021-05-14 06:32:00+00:00,2021-05-14 06:38:00+00:00,2021-05-14 06:44:00+00:00,2021-05-14 06:45:00+00:00,2021-05-14 06:45:00+00:00,2021-05-14 06:47:00+00:00,2.7340613808481975,0.6235294117647612,0.49056603773578583,0.5660377358490803,0.00020108189809791923,120.0,1.0,1.2438125568510694,1
2021-05-14 09:57:00+00:00,1,0.00026071840116714817,2.5,1.2105592815988329,DC:-1:2021-05-14 09:48:00+00:00,1.21166,1.21059,1.21085,1.21058,2021-05-14 09:34:00+00:00,2021-05-14 09:46:00+00:00,2021-05-14 09:49:00+00:00,2021-05-14 09:55:00+00:00,2021-05-14 09:51:00+00:00,2021-05-14 09:57:00+00:00,5.239835877859787,0.7810218978103491,0.24299065420556093,0.25233644859814636,0.0002071840116709623,120.0,0.0,1.2583905440599639,-1
2021-05-14 10:44:00+00:00,1,0.00033967079175223347,2.5,1.2103203292082478,DC:-1:2021-05-14 10:29:00+00:00,1.21109,1.21049,1.21075,1.21034,2021-05-14 10:24:00+00:00,2021-05-14 10:26:00+00:00,2021-05-14 10:29:00+00:00,2021-05-14 10:38:00+00:00,2021-05-14 10:35:00+00:00,2021-05-14 10:44:00+00:00,3.164088979897275,0.9999999999992598,0.4333333333332593,0.6833333333334444,0.00019670791752191685,360.0,0.0,1.7267774273213377,-1
2021-05-14 14:04:00+00:00,-1,0.00048255074267689047,2.5,1.2144825507426769,DC:1:2021-05-14 13:58:00+00:00,1.21322,1.21441,1.21386,1.21446,2021-05-14 13:35:00+00:00,2021-05-14 13:55:00+00:00,2021-05-14 14:01:00+00:00,2021-05-14 14:03:00+00:00,2021-05-14 14:02:00+00:00,2021-05-14 14:04:00+00:00,4.542638160140943,0.6230366492150815,0.4621848739496128,0.5042016806723897,0.00022550742676809272,60.0,0.0,2.13984412661112,1
2021-05-14 16:06:00+00:00,-1,0.0002572558946978276,2.5,1.214307255894698,DC:1:2021-05-14 15:58:00+00:00,1.2132,1.21418,1.2139,1.21429,2021-05-14 15:42:00+00:00,2021-05-14 15:56:00+00:00,2021-05-14 15:58:00+00:00,2021-05-14 16:04:00+00:00,2021-05-14 16:04:00+00:00,2021-05-14 16:06:00+00:00,6.637623166098098,0.6621621621633745,0.2857142857143504,0.3979591836735919,0.00017255894697723506,120.0,1.0,1.4908290714810994,1
2021-05-14 18:51:00+00:00,-1,0.0001854713560012211,2.5,1.2144354713560013,DC:1:2021-05-14 18:46:00+00:00,1.2139,1.21435,1.2142,1.21442,2021-05-14 18:36:00+00:00,2021-05-14 18:45:00+00:00,2021-05-14 18:46:00+00:00,2021-05-14 18:48:00+00:00,2021-05-14 18:47:00+00:00,2021-05-14 18:51:00+00:00,3.1596706458875645,0.6000000000000593,0.3333333333334978,0.48888888888906434,0.0001547135600125336,180.0,1.0,1.198804784701456,1
2021-05-17 00:05:00+00:00,1,0.0002346675022899536,2.5,1.21437533249771,DC:-1:2021-05-17 00:02:00+00:00,1.21509,1.21459,1.21475,1.21439,2021-05-16 23:56:00+00:00,2021-05-17 00:01:00+00:00,2021-05-17 00:02:00+00:00,2021-05-17 00:04:00+00:00,2021-05-17 00:04:00+00:00,2021-05-17 00:05:00+00:00,3.914724872481989,1.0000000000022204,0.3199999999999112,0.7199999999999112,0.00014667502289974417,60.0,1.0,1.5999145433940334,-1
2021-05-17 05:03:00+00:00,1,0.00017548203583572786,2.5,1.2127845179641643,DC:-1:2021-05-17 04:57:00+00:00,1.21335,1.2129,1.21306,1.2128,2021-05-17 04:48:00+00:00,2021-05-17 04:56:00+00:00,2021-05-17 04:57:00+00:00,2021-05-17 04:59:00+00:00,2021-05-17 04:59:00+00:00,2021-05-17 05:03:00+00:00,2.9652294353965054,0.7627118644055294,0.3555555555555446,0.5777777777778217,0.0001548203583570998,240.0,1.0,1.133455817425322,-1
2021-05-17 07:58:00+00:00,1,0.00040536688828773926,2.5,1.2131646331117123,DC:-1:2021-05-17 07:51:00+00:00,1.21415,1.2132,1.21361,1.21319,2021-05-17 07:41:00+00:00,2021-05-17 07:48:00+00:00,2021-05-17 07:51:00+00:00,2021-05-17 07:56:00+00:00,2021-05-17 07:53:00+00:00,2021-05-17 07:58:00+00:00,4.108168486315852,0.9223300970873075,0.4315789473684407,0.4421052631579833,0.00025366888287674374,120.0,0.0,1.598015821612242,-1
2021-05-17 10:26:00+00:00,-1,0.0002621354591083591,2.5,1.2165421354591084,DC:1:2021-05-17 10:17:00+00:00,1.21515,1.21641,1.2161,1.21652,2021-05-17 09:53:00+00:00,2021-05-17 10:16:00+00:00,2021-05-17 10:17:00+00:00,2021-05-17 10:25:00+00:00,2021-05-17 10:23:00+00:00,2021-05-17 10:26:00+00:00,5.141605182499456,0.504000000000474,0.24603174603176423,0.3333333333333921,0.0002213545910837928,60.0,1.0,1.1842332152448056,1
2021-05-17 18:14:00+00:00,-1,0.00022347230636654558,2.5,1.2160234723063665,DC:1:2021-05-17 18:07:00+00:00,1.2153,1.21591,1.2157,1.21601,2021-05-17 17:55:00+00:00,2021-05-17 18:04:00+00:00,2021-05-17 18:07:00+00:00,2021-05-17 18:11:00+00:00,2021-05-17 18:09:00+00:00,2021-05-17 18:14:00+00:00,4.316086994785499,0.9999999999941759,0.3442622950820388,0.5081967213115292,0.00013472306366512244,180.0,0.0,1.658753150997403,1
2021-05-18 04:52:00+00:00,1,0.00020173877879581248,2.5,1.2161882612212043,DC:-1:2021-05-18 04:44:00+00:00,1.21662,1.21632,1.21644,1.2162,2021-05-18 04:32:00+00:00,2021-05-18 04:42:00+00:00,2021-05-18 04:44:00+00:00,2021-05-18 04:51:00+00:00,2021-05-18 04:46:00+00:00,2021-05-18 04:52:00+00:00,2.567471448362691,0.6250000000004626,0.3999999999997039,0.800000000000148,0.00011738778795682421,60.0,1.0,1.7185670017907908,-1
2021-05-18 06:44:00+00:00,-1,0.0003574730874265075,2.5,1.2185574730874265,DC:1:2021-05-18 06:26:00+00:00,1.21649,1.21845,1.2179,1.21854,2021-05-18 06:00:00+00:00,2021-05-18 06:25:00+00:00,2021-05-18 06:36:00+00:00,2021-05-18 06:42:00+00:00,2021-05-18 06:40:00+00:00,2021-05-18 06:44:00+00:00,12.469009764128808,0.7480916030553669,0.2806122448979904,0.32653061224489105,0.00017473087426458892,120.0,0.0,2.045849589725044,1
2021-05-18 08:58:00+00:00,-1,0.0003967586941613366,2.5,1.2219367586941614,DC:1:2021-05-18 08:35:00+00:00,1.22038,1.22164,1.22105,1.22191,2021-05-18 08:22:00+00:00,2021-05-18 08:31:00+00:00,2021-05-18 08:37:00+00:00,2021-05-18 08:55:00+00:00,2021-05-18 08:38:00+00:00,2021-05-18 08:58:00+00:00,5.132534611104297,0.9545454545456533,0.4682539682540256,0.6825396825397273,0.000267586941613528,180.0,0.0,1.4827281621775457,1
2021-05-18 11:13:00+00:00,1,0.0003204910814420536,2.5,1.220669508918558,DC:-1:2021-05-18 11:02:00+00:00,1.22181,1.22076,1.2211299999999998,1.22069,2021-05-18 10:44:00+00:00,2021-05-18 11:00:00+00:00,2021-05-18 11:05:00+00:00,2021-05-18 11:10:00+00:00,2021-05-18 11:07:00+00:00,2021-05-18 11:13:00+00:00,5.122502979824954,0.82677165354338,0.3523809523807248,0.41904761904740556,0.0002049108144216546,180.0,0.0,1.5640515721271993,-1
2021-05-18 11:42:00+00:00,-1,0.0002408222241572222,2.5,1.2214408222241573,DC:1:2021-05-18 11:35:00+00:00,1.22059,1.22122,1.22102,1.2214200000000002,2021-05-18 11:23:00+00:00,2021-05-18 11:34:00+00:00,2021-05-18 11:35:00+00:00,2021-05-18 11:41:00+00:00,2021-05-18 11:38:00+00:00,2021-05-18 11:42:00+00:00,3.260056361575194,0.5121951219520429,0.31746031746032866,0.6349206349210097,0.00020822224157164587,60.0,1.0,1.1565634023508446,1
2021-05-18 14:23:00+00:00,1,0.00034153172030593204,2.5,1.2205584682796942,DC:-1:2021-05-18 14:07:00+00:00,1.2218,1.2208,1.22106,1.22058,2021-05-18 13:55:00+00:00,2021-05-18 14:04:00+00:00,2021-05-18 14:07:00+00:00,2021-05-18 14:20:00+00:00,2021-05-18 14:12:00+00:00,2021-05-18 14:23:00+00:00,5.071041059300763,0.833333333331483,0.2599999999999556,0.4800000000000888,0.00021531720305874966,180.0,0.0,1.5861794387731505,-1
2021-05-18 16:45:00+00:00,-1,0.0002412129225199955,2.5,1.22163121292252,DC:1:2021-05-18 16:34:00+00:00,1.2201,1.22158,1.2212,1.22161,2021-05-18 16:11:00+00:00,2021-05-18 16:30:00+00:00,2021-05-18 16:37:00+00:00,2021-05-18 16:43:00+00:00,2021-05-18 16:40:00+00:00,2021-05-18 16:45:00+00:00,6.609691479427425,0.5606060606062161,0.25675675675676285,0.2770270270270139,0.00021212922519853983,120.0,0.0,1.1371036795813265,1
2021-05-18 18:30:00+00:00,-1,0.00018698126367411305,2.5,1.2229169812636742,DC:1:2021-05-18 18:19:00+00:00,1.222,1.22286,1.22249,1.2229,2021-05-18 17:51:00+00:00,2021-05-18 18:17:00+00:00,2021-05-18 18:23:00+00:00,2021-05-18 18:28:00+00:00,2021-05-18 18:25:00+00:00,2021-05-18 18:30:00+00:00,4.725380001903946,0.4526315789488901,0.4302325581394718,0.4767441860464906,0.00016981263674046808,120.0,0.0,1.1011033528669867,1
2021-05-18 20:17:00+00:00,1,0.0001536857994643981,2.5,1.2222863142005356,DC:-1:2021-05-18 20:09:00+00:00,1.22273,1.2224,1.22255,1.2223,2021-05-18 19:53:00+00:00,2021-05-18 20:04:00+00:00,2021-05-18 20:09:00+00:00,2021-05-18 20:15:00+00:00,2021-05-18 20:12:00+00:00,2021-05-18 20:17:00+00:00,2.4631743293736417,0.6470588235249299,0.4545454545455157,0.7575757575756352,0.00013685799464460983,120.0,0.0,1.1229581425877704,-1
2021-05-19 03:46:00+00:00,-1,0.00035589082276521466,2.5,1.2230458908227653,DC:1:2021-05-19 03:30:00+00:00,1.222,1.22281,1.22259,1.2230299999999998,2021-05-19 03:02:00+00:00,2021-05-19 03:29:00+00:00,2021-05-19 03:30:00+00:00,2021-05-19 03:36:00+00:00,2021-05-19 03:31:00+00:00,2021-05-19 03:46:00+00:00,4.549587529950638,0.4576271186430089,0.271604938271473,0.543209876542946,0.0001589082276545524,600.0,1.0,2.239599723803345,1
2021-05-19 05:54:00+00:00,-1,0.0002977293132144787,2.5,1.2241677293132145,DC:1:2021-05-19 05:49:00+00:00,1.2233,1.22388,1.2237,1.22415,2021-05-19 05:42:00+00:00,2021-05-19 05:48:00+00:00,2021-05-19 05:49:00+00:00,2021-05-19 05:52:00+00:00,2021-05-19 05:50:00+00:00,2021-05-19 05:54:00+00:00,4.096532648528402,0.6744186046516492,0.3103448275863125,0.7758620689655898,0.0001772931321450168,120.0,1.0,1.679305394474904,1
2021-05-19 06:52:00+00:00,1,0.00041221435712390786,2.5,1.223377785642876,DC:-1:2021-05-19 06:37:00+00:00,1.22442,1.22371,1.22393,1.2234,2021-05-19 06:30:00+00:00,2021-05-19 06:36:00+00:00,2021-05-19 06:37:00+00:00,2021-05-19 06:50:00+00:00,2021-05-19 06:47:00+00:00,2021-05-19 06:52:00+00:00,3.532074615721838,0.6173913043473476,0.3098591549294233,0.7464788732393353,0.00022214357124068367,120.0,1.0,1.8556213660457008,-1
2021-05-19 07:18:00+00:00,1,0.0004588136886931604,2.5,1.2234711863113068,DC:-1:2021-05-19 07:14:00+00:00,1.2244700000000002,1.22364,1.22397,1.2235,2021-05-19 07:05:00+00:00,2021-05-19 07:11:00+00:00,2021-05-19 07:14:00+00:00,2021-05-19 07:17:00+00:00,2021-05-19 07:16:00+00:00,2021-05-19 07:18:00+00:00,3.014718169020592,0.8217821782186882,0.3975903614456607,0.5662650602408542,0.00028813688693301264,60.0,0.0,1.5923462406249551,-1
2021-05-19 12:01:00+00:00,-1,0.0002938868641590986,2.5,1.2207138868641592,DC:1:2021-05-19 11:59:00+00:00,1.21991,1.2205700000000002,1.2203,1.22069,2021-05-19 11:49:00+00:00,2021-05-19 11:57:00+00:00,2021-05-19 11:59:00+00:00,2021-05-19 12:00:00+00:00,2021-05-19 12:00:00+00:00,2021-05-19 12:01:00+00:00,2.9539572838510826,0.9166666666653303,0.4090909090911691,0.5909090909091673,0.00023886864159105043,60.0,1.0,1.2303283603975144,1
2021-05-19 13:26:00+00:00,-1,0.00032361769345667923,2.5,1.2216436176934569,DC:1:2021-05-19 13:20:00+00:00,1.22042,1.22147,1.22106,1.2216200000000002,2021-05-19 13:02:00+00:00,2021-05-19 13:16:00+00:00,2021-05-19 13:20:00+00:00,2021-05-19 13:23:00+00:00,2021-05-19 13:23:00+00:00,2021-05-19 13:26:00+00:00,4.05800352085775,0.744680851061997,0.3904761904762126,0.5333333333334461,0.00023617693456709247,180.0,1.0,1.3702341172725605,1
2021-05-19 16:42:00+00:00,1,0.00026000770923428895,2.5,1.2211799922907658,DC:-1:2021-05-19 16:35:00+00:00,1.2219799999999998,1.2214,1.22168,1.2212,2021-05-19 16:23:00+00:00,2021-05-19 16:30:00+00:00,2021-05-19 16:35:00+00:00,2021-05-19 16:41:00+00:00,2021-05-19 16:38:00+00:00,2021-05-19 16:42:00+00:00,2.5642646613480355,0.8787878787901012,0.4827586206899192,0.827586206896895,0.00020007709234368153,60.0,0.0,1.2995376241656984,-1
2021-05-19 18:14:00+00:00,1,0.0006430788917548558,2.5,1.217656921108245,DC:-1:2021-05-19 18:10:00+00:00,1.22107,1.21777,1.21864,1.2177,2021-05-19 18:02:00+00:00,2021-05-19 18:08:00+00:00,2021-05-19 18:10:00+00:00,2021-05-19 18:13:00+00:00,2021-05-19 18:11:00+00:00,2021-05-19 18:14:00+00:00,14.670516249818549,0.9217877094973651,0.2636363636363349,0.28484848484846,0.0004307889175491373,60.0,0.0,1.4927934901702848,-1
2021-05-19 21:48:00+00:00,1,0.0003611126071374482,2.5,1.2172388873928626,DC:-1:2021-05-19 21:21:00+00:00,1.2182,1.21736,1.2177,1.21727,2021-05-19 21:19:00+00:00,2021-05-19 21:20:00+00:00,2021-05-19 21:21:00+00:00,2021-05-19 21:41:00+00:00,2021-05-19 21:22:00+00:00,2021-05-19 21:48:00+00:00,3.336040647741995,0.9999999999997357,0.40476190476193624,0.5119047619047085,0.00031112607137477924,420.0,0.0,1.1606632820637384,-1
2021-05-19 23:26:00+00:00,-1,0.0001954612296908298,2.5,1.217715461229691,DC:1:2021-05-19 23:13:00+00:00,1.217,1.21754,1.2173,1.2177,2021-05-19 23:01:00+00:00,2021-05-19 23:10:00+00:00,2021-05-19 23:13:00+00:00,2021-05-19 23:23:00+00:00,2021-05-19 23:17:00+00:00,2021-05-19 23:26:00+00:00,3.507817221963432,0.8181818181819405,0.4444444444444901,0.7407407407406799,0.00015461229691068925,180.0,0.0,1.2642023538641085,1
2021-05-20 00:39:00+00:00,-1,0.0002694789782780038,2.5,1.218169478978278,DC:1:2021-05-20 00:23:00+00:00,1.2171,1.21795,1.2176,1.21815,2021-05-20 00:14:00+00:00,2021-05-20 00:21:00+00:00,2021-05-20 00:27:00+00:00,2021-05-20 00:37:00+00:00,2021-05-20 00:31:00+00:00,2021-05-20 00:39:00+00:00,4.377998267707635,0.9770114942519789,0.41176470588242975,0.6470588235294579,0.0001947897827787216,120.0,0.0,1.383434872372788,1
2021-05-20 01:51:00+00:00,-1,0.00024123522036867406,2.5,1.2182412352203686,DC:1:2021-05-20 01:45:00+00:00,1.2171,1.2182,1.2178,1.21822,2021-05-20 01:21:00+00:00,2021-05-20 01:44:00+00:00,2021-05-20 01:45:00+00:00,2021-05-20 01:47:00+00:00,2021-05-20 01:46:00+00:00,2021-05-20 01:51:00+00:00,5.607340011027448,0.5188679245291932,0.36363636363636365,0.38181818181830296,0.00021235220368627758,240.0,0.0,1.1360146783551506,1
2021-05-20 08:36:00+00:00,1,0.0002618098969420224,2.5,1.219378190103058,DC:-1:2021-05-20 08:30:00+00:00,1.22041,1.2196,1.21996,1.2194,2021-05-20 08:15:00+00:00,2021-05-20 08:29:00+00:00,2021-05-20 08:30:00+00:00,2021-05-20 08:35:00+00:00,2021-05-20 08:35:00+00:00,2021-05-20 08:36:00+00:00,3.8118956837502505,0.8019801980191098,0.44444444444435305,0.6913580246912463,0.00021809896941906448,60.0,1.0,1.2004178545152586,-1
2021-05-21 02:21:00+00:00,1,0.00016387943993834142,2.5,1.2227361205600618,DC:-1:2021-05-21 02:10:00+00:00,1.2235,1.22286,1.22307,1.22275,2021-05-21 01:54:00+00:00,2021-05-21 02:08:00+00:00,2021-05-21 02:10:00+00:00,2021-05-21 02:19:00+00:00,2021-05-21 02:16:00+00:00,2021-05-21 02:21:00+00:00,3.6840878508136314,0.9411764705918656,0.3281250000000813,0.5000000000001735,0.00013879439938164882,120.0,1.0,1.180735250618544,-1
2021-05-21 07:37:00+00:00,1,0.0004410818582225584,2.5,1.2216389181417773,DC:-1:2021-05-21 07:32:00+00:00,1.22325,1.22203,1.22232,1.22167,2021-05-21 07:30:00+00:00,2021-05-21 07:31:00+00:00,2021-05-21 07:32:00+00:00,2021-05-21 07:34:00+00:00,2021-05-21 07:33:00+00:00,2021-05-21 07:37:00+00:00,5.322657023856992,1.0,0.23770491803288832,0.5327868852459344,0.0003108185822279148,180.0,1.0,1.4190974524783242,-1
2021-05-21 08:34:00+00:00,-1,0.0005076236407490775,2.5,1.222107623640749,DC:1:2021-05-21 08:03:00+00:00,1.2209,1.22188,1.22144,1.2220799999999998,2021-05-21 07:49:00+00:00,2021-05-21 08:01:00+00:00,2021-05-21 08:05:00+00:00,2021-05-21 08:27:00+00:00,2021-05-21 08:10:00+00:00,2021-05-21 08:34:00+00:00,3.463541777035569,0.5268817204304195,0.4489795918367393,0.6530612244895555,0.00027623640749317914,420.0,0.0,1.8376420594074365,1
2021-05-21 09:27:00+00:00,-1,0.00032311042227739506,2.5,1.2230831104222775,DC:1:2021-05-21 09:23:00+00:00,1.2219,1.223,1.22271,1.22306,2021-05-21 09:07:00+00:00,2021-05-21 09:21:00+00:00,2021-05-21 09:23:00+00:00,2021-05-21 09:26:00+00:00,2021-05-21 09:26:00+00:00,2021-05-21 09:27:00+00:00,4.85851711834022,0.6470588235282746,0.2636363636364517,0.31818181818185487,0.00023110422277330622,60.0,1.0,1.398115613812644,1
2021-05-21 13:41:00+00:00,1,0.00045578023135250945,2.5,1.2190742197686475,DC:-1:2021-05-21 13:17:00+00:00,1.22068,1.2194,1.21986,1.2191,2021-05-21 13:01:00+00:00,2021-05-21 13:14:00+00:00,2021-05-21 13:19:00+00:00,2021-05-21 13:32:00+00:00,2021-05-21 13:24:00+00:00,2021-05-21 13:41:00+00:00,5.005170425766116,0.6597938144337755,0.3593749999999404,0.5937499999999241,0.000257802313526376,540.0,1.0,1.767944690325202,-1
2021-05-21 15:10:00+00:00,-1,0.00046857377430953306,2.5,1.2190585737743096,DC:1:2021-05-21 15:02:00+00:00,1.21751,1.21889,1.21849,1.2190299999999998,2021-05-21 14:46:00+00:00,2021-05-21 14:59:00+00:00,2021-05-21 15:03:00+00:00,2021-05-21 15:06:00+00:00,2021-05-21 15:04:00+00:00,2021-05-21 15:10:00+00:00,5.100347767899597,0.6000000000004441,0.2898550724637495,0.39130434782593304,0.00028573774309739475,240.0,0.0,1.6398735750839117,1
2021-05-21 19:29:00+00:00,-1,0.00023620158426496118,2.5,1.218536201584265,DC:1:2021-05-21 19:25:00+00:00,1.2178,1.21845,1.2182,1.21852,2021-05-21 19:03:00+00:00,2021-05-21 19:13:00+00:00,2021-05-21 19:25:00+00:00,2021-05-21 19:28:00+00:00,2021-05-21 19:26:00+00:00,2021-05-21 19:29:00+00:00,4.191915908700429,0.6435643564340132,0.3846153846154897,0.4923076923078132,0.0001620158426477485,60.0,0.0,1.4578918975134165,1
2021-05-23 23:14:00+00:00,-1,0.00033211785410425243,2.5,1.2183321178541042,DC:1:2021-05-23 22:52:00+00:00,1.2172,1.21814,1.21784,1.21832,2021-05-23 22:20:00+00:00,2021-05-23 22:46:00+00:00,2021-05-23 22:57:00+00:00,2021-05-23 23:11:00+00:00,2021-05-23 23:02:00+00:00,2021-05-23 23:14:00+00:00,5.104570585445148,0.5802469135792723,0.3191489361701977,0.5106382978724108,0.00012117854104095615,180.0,0.0,2.740731578803236,1
2021-05-24 04:36:00+00:00,1,0.00019255158458131305,2.5,1.2177874484154185,DC:-1:2021-05-24 04:32:00+00:00,1.21825,1.2179,1.21807,1.2178,2021-05-24 04:19:00+00:00,2021-05-24 04:31:00+00:00,2021-05-24 04:32:00+00:00,2021-05-24 04:34:00+00:00,2021-05-24 04:34:00+00:00,2021-05-24 04:36:00+00:00,3.0440918346742825,0.7446808510696599,0.48571428571419506,0.7714285714283902,0.000125515845814681,120.0,1.0,1.5340818789175636,-1
2021-05-24 06:38:00+00:00,-1,0.00025880350532969665,2.5,1.2190788035053297,DC:1:2021-05-24 06:34:00+00:00,1.21859,1.21899,1.2188,1.21906,2021-05-24 06:29:00+00:00,2021-05-24 06:32:00+00:00,2021-05-24 06:34:00+00:00,2021-05-24 06:36:00+00:00,2021-05-24 06:36:00+00:00,2021-05-24 06:38:00+00:00,2.2143599136192837,1.0000000000022204,0.47499999999983344,0.649999999999889,0.00018803505329602205,120.0,1.0,1.3763577630510435,1
2021-05-24 08:28:00+00:00,-1,0.00025981774404715274,2.5,1.2203598177440471,DC:1:2021-05-24 08:23:00+00:00,1.2196,1.2202,1.2199,1.22034,2021-05-24 08:08:00+00:00,2021-05-24 08:17:00+00:00,2021-05-24 08:23:00+00:00,2021-05-24 08:25:00+00:00,2021-05-24 08:25:00+00:00,2021-05-24 08:28:00+00:00,2.893741555326082,0.6976744186064885,0.5,0.7333333333334073,0.0001981774404715527,180.0,1.0,1.3110359253249524,1
2021-05-24 12:50:00+00:00,1,0.0003019223666607118,2.5,1.2207080776333392,DC:-1:2021-05-24 12:42:00+00:00,1.22125,1.2208,1.22102,1.22073,2021-05-24 12:33:00+00:00,2021-05-24 12:41:00+00:00,2021-05-24 12:42:00+00:00,2021-05-24 12:46:00+00:00,2021-05-24 12:44:00+00:00,2021-05-24 12:50:00+00:00,2.238636269925573,0.6000000000011843,0.48888888888881216,0.6444444444444554,0.00021922366660877293,240.0,0.0,1.3772343621983258,-1
2021-05-24 16:05:00+00:00,1,0.00031007634017954366,2.5,1.2207899236598205,DC:-1:2021-05-24 15:48:00+00:00,1.22191,1.22086,1.22112,1.22081,2021-05-24 15:22:00+00:00,2021-05-24 15:39:00+00:00,2021-05-24 15:48:00+00:00,2021-05-24 15:50:00+00:00,2021-05-24 15:49:00+00:00,2021-05-24 16:05:00+00:00,4.912212318195907,0.6441717791416199,0.24761904761897915,0.29523809523812744,0.00020076340179379018,900.0,0.0,1.5444863825232047,-1
2021-05-24 20:32:00+00:00,1,0.00015268912376287247,2.5,1.2212873108762372,DC:-1:2021-05-24 20:25:00+00:00,1.22181,1.2214,1.22156,1.2213,2021-05-24 20:09:00+00:00,2021-05-24 20:24:00+00:00,2021-05-24 20:26:00+00:00,2021-05-24 20:31:00+00:00,2021-05-24 20:27:00+00:00,2021-05-24 20:32:00+00:00,3.0351269103771594,0.482352941176612,0.39024390243885265,0.6341463414632033,0.00012689123762903045,60.0,0.0,1.2033070731744515,-1
2021-05-25 05:56:00+00:00,1,0.00022770066015631585,2.5,1.2222822993398437,DC:-1:2021-05-25 05:40:00+00:00,1.22295,1.22249,1.22269,1.2223,2021-05-25 05:27:00+00:00,2021-05-25 05:35:00+00:00,2021-05-25 05:40:00+00:00,2021-05-25 05:55:00+00:00,2021-05-25 05:42:00+00:00,2021-05-25 05:56:00+00:00,2.381321441471935,0.5476190476199791,0.43478260869569413,0.8478260869569415,0.0001770066015625939,60.0,0.0,1.2863964289817478,-1
2021-05-25 06:25:00+00:00,-1,0.0003520657844779951,2.5,1.223652065784478,DC:1:2021-05-25 06:23:00+00:00,1.2223,1.2234,1.223,1.22363,2021-05-25 06:10:00+00:00,2021-05-25 06:21:00+00:00,2021-05-25 06:23:00+00:00,2021-05-25 06:24:00+00:00,2021-05-25 06:24:00+00:00,2021-05-25 06:25:00+00:00,5.80470544468009,0.7857142857131981,0.36363636363629026,0.572727272727137,0.00022065784478085695,60.0,1.0,1.5955280666664897,1
2021-05-25 07:37:00+00:00,-1,0.0006244224114435593,2.5,1.2260944224114436,DC:1:2021-05-25 07:16:00+00:00,1.2243,1.22591,1.2253,1.22606,2021-05-25 06:56:00+00:00,2021-05-25 07:12:00+00:00,2021-05-25 07:17:00+00:00,2021-05-25 07:31:00+00:00,2021-05-25 07:18:00+00:00,2021-05-25 07:37:00+00:00,5.168532898492437,0.47492625368716124,0.3788819875776132,0.47204968944088155,0.0003442241144372084,360.0,0.0,1.8139996161061027,1
2021-05-25 12:57:00+00:00,1,0.00029173246410496567,2.5,1.225178267535895,DC:-1:2021-05-25 12:54:00+00:00,1.22591,1.2252299999999998,1.22554,1.2252,2021-05-25 12:43:00+00:00,2021-05-25 12:53:00+00:00,2021-05-25 12:54:00+00:00,2021-05-25 12:56:00+00:00,2021-05-25 12:55:00+00:00,2021-05-25 12:57:00+00:00,3.516870232822097,0.6538461538476812,0.45588235294139257,0.49999999999983674,0.00021732464104957857,60.0,1.0,1.342380977582806,-1
2021-05-26 00:15:00+00:00,-1,0.00023924377714612532,2.5,1.2252392437771462,DC:1:2021-05-26 00:08:00+00:00,1.22449,1.2251,1.2249,1.22522,2021-05-25 23:59:00+00:00,2021-05-26 00:06:00+00:00,2021-05-26 00:08:00+00:00,2021-05-26 00:14:00+00:00,2021-05-26 00:12:00+00:00,2021-05-26 00:15:00+00:00,3.424529088874786,0.6853932584269214,0.32786885245898056,0.5245901639342233,0.00019243777146131364,60.0,1.0,1.2432267081944526,1
2021-05-26 07:22:00+00:00,1,0.00036078631881397705,2.5,1.2232592136811862,DC:-1:2021-05-26 07:15:00+00:00,1.22482,1.22341,1.22391,1.22329,2021-05-26 07:07:00+00:00,2021-05-26 07:13:00+00:00,2021-05-26 07:15:00+00:00,2021-05-26 07:19:00+00:00,2021-05-26 07:17:00+00:00,2021-05-26 07:22:00+00:00,5.301148324738513,1.0,0.35460992907799743,0.4397163120568113,0.0003078631881374148,180.0,1.0,1.17190470545293,-1
2021-05-26 14:37:00+00:00,-1,0.00028300191769004,2.5,1.2239630019176901,DC:1:2021-05-26 14:26:00+00:00,1.22249,1.22379,1.22347,1.22394,2021-05-26 14:12:00+00:00,2021-05-26 14:23:00+00:00,2021-05-26 14:28:00+00:00,2021-05-26 14:35:00+00:00,2021-05-26 14:33:00+00:00,2021-05-26 14:37:00+00:00,5.102535251639985,0.9154929577466793,0.24615384615377783,0.36153846153847863,0.00023001917690093537,120.0,1.0,1.2303405372671308,1
2021-05-27 01:16:00+00:00,1,0.0002958416630984839,2.5,1.2175441583369015,DC:-1:2021-05-27 01:12:00+00:00,1.21882,1.2176,1.2179,1.21757,2021-05-27 01:00:00+00:00,2021-05-27 01:11:00+00:00,2021-05-27 01:12:00+00:00,2021-05-27 01:14:00+00:00,2021-05-27 01:14:00+00:00,2021-05-27 01:16:00+00:00,5.658889739810128,0.7176470588237015,0.24590163934423545,0.2704918032786408,0.00025841663098541623,120.0,1.0,1.1448243945072551,-1
2021-05-27 03:15:00+00:00,1,0.00022543423104570692,2.5,1.2185745657689544,DC:-1:2021-05-27 03:09:00+00:00,1.21922,1.21869,1.2189,1.21859,2021-05-27 02:58:00+00:00,2021-05-27 03:06:00+00:00,2021-05-27 03:09:00+00:00,2021-05-27 03:14:00+00:00,2021-05-27 03:10:00+00:00,2021-05-27 03:15:00+00:00,3.294964282254964,0.9298245614008981,0.3962264150944819,0.5849056603775087,0.00015434231045734158,60.0,0.0,1.4606120018399902,-1
2021-05-27 03:59:00+00:00,-1,0.00020464122645180716,2.5,1.2194046412264519,DC:1:2021-05-27 03:53:00+00:00,1.2189,1.21927,1.2191,1.21939,2021-05-27 03:44:00+00:00,2021-05-27 03:52:00+00:00,2021-05-27 03:53:00+00:00,2021-05-27 03:58:00+00:00,2021-05-27 03:56:00+00:00,2021-05-27 03:59:00+00:00,2.6538287211433005,0.5692307692305117,0.4594594594594919,0.7837837837835567,0.00014641226451991656,60.0,1.0,1.3977054936130004,1
2021-05-27 05:24:00+00:00,1,0.0003072618023824969,2.5,1.2186727381976175,DC:-1:2021-05-27 05:10:00+00:00,1.2194200000000002,1.2188,1.21902,1.21869,2021-05-27 05:05:00+00:00,2021-05-27 05:09:00+00:00,2021-05-27 05:13:00+00:00,2021-05-27 05:22:00+00:00,2021-05-27 05:22:00+00:00,2021-05-27 05:24:00+00:00,3.3914490397748,0.7750000000001666,0.3548387096771998,0.5322580645159789,0.0001726180238258502,120.0,1.0,1.7800099640376215,-1
2021-05-27 07:33:00+00:00,-1,0.00046577288354154867,2.5,1.2208057728835415,DC:1:2021-05-27 07:23:00+00:00,1.2195,1.22056,1.2203,1.22078,2021-05-27 07:10:00+00:00,2021-05-27 07:21:00+00:00,2021-05-27 07:23:00+00:00,2021-05-27 07:30:00+00:00,2021-05-27 07:27:00+00:00,2021-05-27 07:33:00+00:00,4.217135336221418,0.6385542168670815,0.245283018868051,0.4528301886792532,0.00025772883541638145,180.0,1.0,1.8072206890977314,1
2021-05-27 09:26:00+00:00,-1,0.00040693447695039353,2.5,1.2190969344769504,DC:1:2021-05-27 09:14:00+00:00,1.21815,1.21892,1.21859,1.21907,2021-05-27 08:58:00+00:00,2021-05-27 09:11:00+00:00,2021-05-27 09:14:00+00:00,2021-05-27 09:23:00+00:00,2021-05-27 09:19:00+00:00,2021-05-27 09:26:00+00:00,2.485934504424851,0.5877862595434662,0.42857142857138736,0.6233766233767207,0.0002693447695024342,180.0,1.0,1.5108311837728703,1
2021-05-27 09:53:00+00:00,1,0.00034524367500421427,2.5,1.2188747563249958,DC:-1:2021-05-27 09:51:00+00:00,1.21954,1.219,1.21926,1.2189,2021-05-27 09:42:00+00:00,2021-05-27 09:50:00+00:00,2021-05-27 09:51:00+00:00,2021-05-27 09:52:00+00:00,2021-05-27 09:52:00+00:00,2021-05-27 09:53:00+00:00,2.2642503031982395,0.5400000000002843,0.48148148148135966,0.6666666666665296,0.0002524367500443078,60.0,1.0,1.3676442710644032,-1
2021-05-27 18:11:00+00:00,-1,0.0002606876365833788,2.5,1.2204106876365834,DC:1:2021-05-27 17:59:00+00:00,1.2197,1.22038,1.2201,1.22039,2021-05-27 17:44:00+00:00,2021-05-27 17:54:00+00:00,2021-05-27 17:59:00+00:00,2021-05-27 18:08:00+00:00,2021-05-27 18:08:00+00:00,2021-05-27 18:11:00+00:00,3.3835905200482754,0.4722222222220509,0.41176470588242975,0.42647058823546696,0.00020687636583361735,180.0,1.0,1.2601131866026676,1
2021-05-27 19:59:00+00:00,-1,0.00018510395107851352,2.5,1.2200651039510786,DC:1:2021-05-27 19:37:00+00:00,1.2193,1.21997,1.2198,1.22005,2021-05-27 19:19:00+00:00,2021-05-27 19:36:00+00:00,2021-05-27 19:37:00+00:00,2021-05-27 19:47:00+00:00,2021-05-27 19:38:00+00:00,2021-05-27 19:59:00+00:00,4.477924966632362,0.5275590551188564,0.2537313432836068,0.3731343283583623,0.00015103951078504553,720.0,1.0,1.2255333065925205,1
2021-05-28 04:53:00+00:00,1,0.00020523705504094103,2.5,1.2183847629449591,DC:-1:2021-05-28 04:49:00+00:00,1.21891,1.21849,1.21865,1.2184,2021-05-28 04:34:00+00:00,2021-05-28 04:48:00+00:00,2021-05-28 04:49:00+00:00,2021-05-28 04:50:00+00:00,2021-05-28 04:50:00+00:00,2021-05-28 04:53:00+00:00,2.904067228786816,0.46666666666576206,0.3809523809523558,0.5952380952384855,0.0001523705504071969,180.0,1.0,1.3469601211813111,-1
2021-05-28 05:33:00+00:00,1,0.00026823853153357113,2.5,1.2179817614684665,DC:-1:2021-05-28 05:26:00+00:00,1.21881,1.2181,1.21831,1.218,2021-05-28 05:13:00+00:00,2021-05-28 05:25:00+00:00,2021-05-28 05:26:00+00:00,2021-05-28 05:31:00+00:00,2021-05-28 05:30:00+00:00,2021-05-28 05:33:00+00:00,4.794592924075795,0.7473684210515663,0.29577464788739,0.43661971830991203,0.00018238531533394585,120.0,0.0,1.4707243894193391,-1
2021-05-28 06:25:00+00:00,1,0.0003494044667737839,2.5,1.2170805955332262,DC:-1:2021-05-28 06:15:00+00:00,1.21776,1.2172,1.21747,1.2171,2021-05-28 06:08:00+00:00,2021-05-28 06:13:00+00:00,2021-05-28 06:15:00+00:00,2021-05-28 06:17:00+00:00,2021-05-28 06:16:00+00:00,2021-05-28 06:25:00+00:00,3.150396891785716,0.8750000000013878,0.48214285714293503,0.6607142857143777,0.00019404466773781373,480.0,0.0,1.8006393623033579,-1
2021-05-28 06:46:00+00:00,-1,0.00038176672062828487,2.5,1.2183817667206283,DC:1:2021-05-28 06:39:00+00:00,1.2175,1.21814,1.2179,1.21836,2021-05-28 06:31:00+00:00,2021-05-28 06:36:00+00:00,2021-05-28 06:39:00+00:00,2021-05-28 06:44:00+00:00,2021-05-28 06:41:00+00:00,2021-05-28 06:46:00+00:00,3.3090658830092816,0.6956521739124873,0.37500000000004335,0.7187500000002277,0.00021766720628150514,120.0,0.0,1.753900953433255,1
2021-05-28 07:25:00+00:00,1,0.00035654979883648075,2.5,1.2177834502011635,DC:-1:2021-05-28 07:20:00+00:00,1.21859,1.218,1.21829,1.21781,2021-05-28 07:15:00+00:00,2021-05-28 07:19:00+00:00,2021-05-28 07:20:00+00:00,2021-05-28 07:23:00+00:00,2021-05-28 07:23:00+00:00,2021-05-28 07:25:00+00:00,2.440252976104688,0.7468354430394939,0.49152542372894753,0.8135593220338345,0.00026549798836473983,120.0,1.0,1.342947270646188,-1
2021-05-28 10:00:00+00:00,1,0.0003125623716764281,2.5,1.2182774376283236,DC:-1:2021-05-28 09:40:00+00:00,1.2191,1.2184,1.21873,1.2183,2021-05-28 09:32:00+00:00,2021-05-28 09:39:00+00:00,2021-05-28 09:48:00+00:00,2021-05-28 09:52:00+00:00,2021-05-28 09:49:00+00:00,2021-05-28 10:00:00+00:00,3.3622512563797184,0.7291666666660884,0.47142857142870737,0.6142857142858049,0.0002256237167625136,480.0,0.0,1.3853258698216737,-1
2021-05-28 11:49:00+00:00,1,0.0004441429443229339,2.5,1.2159758570556771,DC:-1:2021-05-28 11:38:00+00:00,1.21812,1.2163,1.21668,1.216,2021-05-28 11:09:00+00:00,2021-05-28 11:36:00+00:00,2021-05-28 11:38:00+00:00,2021-05-28 11:48:00+00:00,2021-05-28 11:43:00+00:00,2021-05-28 11:49:00+00:00,8.117130792028881,0.5141242937857271,0.20879120879121685,0.3736263736263495,0.00024142944322809416,60.0,0.0,1.8396386885725575,-1
2021-05-28 14:16:00+00:00,-1,0.0004125571456163879,2.5,1.2170525571456163,DC:1:2021-05-28 14:08:00+00:00,1.21574,1.21692,1.21649,1.21702,2021-05-28 13:49:00+00:00,2021-05-28 14:04:00+00:00,2021-05-28 14:08:00+00:00,2021-05-28 14:13:00+00:00,2021-05-28 14:09:00+00:00,2021-05-28 14:16:00+00:00,3.2795135594238745,0.48760330578495487,0.3644067796609707,0.44915254237282876,0.00032557145616376494,180.0,0.0,1.2671784881806976,1
2021-05-28 16:20:00+00:00,-1,0.0002834658928614342,2.5,1.2200934658928615,DC:1:2021-05-28 16:15:00+00:00,1.21927,1.2199,1.2196,1.22007,2021-05-28 16:04:00+00:00,2021-05-28 16:12:00+00:00,2021-05-28 16:15:00+00:00,2021-05-28 16:18:00+00:00,2021-05-28 16:17:00+00:00,2021-05-28 16:20:00+00:00,2.9643964260354925,0.8873239436643549,0.476190476190493,0.7460317460318076,0.0002346589286160578,120.0,1.0,1.2079910810691246,1
2021-05-30 23:06:00+00:00,-1,0.0001530582507920375,2.5,1.2195930582507921,DC:1:2021-05-30 23:03:00+00:00,1.2191,1.21954,1.2194,1.21958,2021-05-30 22:56:00+00:00,2021-05-30 23:02:00+00:00,2021-05-30 23:03:00+00:00,2021-05-30 23:05:00+00:00,2021-05-30 23:05:00+00:00,2021-05-30 23:06:00+00:00,4.0903417275810465,0.6285714285712927,0.318181818181887,0.40909090909106965,0.00013058250792113518,60.0,1.0,1.1721190933511283,1
2021-05-31 02:12:00+00:00,-1,0.00019772941029905233,2.5,1.220097729410299,DC:1:2021-05-31 02:07:00+00:00,1.2192,1.22001,1.2198,1.2200799999999998,2021-05-31 01:47:00+00:00,2021-05-31 02:02:00+00:00,2021-05-31 02:07:00+00:00,2021-05-31 02:09:00+00:00,2021-05-31 02:09:00+00:00,2021-05-31 02:12:00+00:00,4.566261875107881,0.4736842105265208,0.2592592592593202,0.3456790123454861,0.00017729410299300157,180.0,1.0,1.1152621940666432,1
2021-05-31 07:23:00+00:00,1,0.0002903524537138935,2.5,1.2189796475462862,DC:-1:2021-05-31 07:16:00+00:00,1.21961,1.2192,1.2194,1.219,2021-05-31 07:11:00+00:00,2021-05-31 07:15:00+00:00,2021-05-31 07:16:00+00:00,2021-05-31 07:20:00+00:00,2021-05-31 07:17:00+00:00,2021-05-31 07:23:00+00:00,2.2133412713204117,0.8723404255320154,0.4878048780487012,0.9756097560974024,0.00020352453713836817,180.0,0.0,1.4266213685895501,-1
2021-05-31 07:37:00+00:00,-1,0.00040042517251004384,2.5,1.21980042517251,DC:1:2021-05-31 07:27:00+00:00,1.219,1.21951,1.2193,1.21978,2021-05-31 07:20:00+00:00,2021-05-31 07:25:00+00:00,2021-05-31 07:27:00+00:00,2021-05-31 07:31:00+00:00,2021-05-31 07:28:00+00:00,2021-05-31 07:37:00+00:00,2.5952090714784064,0.9999999999960816,0.41176470588242975,0.9411764705882865,0.00020425172509924708,360.0,1.0,1.9604494028898654,1
2021-05-31 12:14:00+00:00,-1,0.00021717195964443547,2.5,1.2201171719596444,DC:1:2021-05-31 11:59:00+00:00,1.2194,1.22004,1.21974,1.2201,2021-05-31 11:52:00+00:00,2021-05-31 11:57:00+00:00,2021-05-31 12:04:00+00:00,2021-05-31 12:13:00+00:00,2021-05-31 12:09:00+00:00,2021-05-31 12:14:00+00:00,3.863197723418623,0.9999999999989592,0.46874999999996747,0.5624999999998915,0.00017171959644468222,60.0,0.0,1.2646894363882069,1
2021-06-01 03:09:00+00:00,1,0.00020759508248424652,2.5,1.2224724049175157,DC:-1:2021-06-01 03:00:00+00:00,1.22318,1.22259,1.22283,1.22249,2021-06-01 02:53:00+00:00,2021-06-01 02:58:00+00:00,2021-06-01 03:02:00+00:00,2021-06-01 03:08:00+00:00,2021-06-01 03:07:00+00:00,2021-06-01 03:09:00+00:00,3.6856999658954304,0.8550724637672764,0.40677966101707036,0.5762711864408183,0.0001759508248429005,60.0,0.0,1.1798471684892635,-1
2021-06-01 04:49:00+00:00,1,0.00026389119947434203,2.5,1.2221861088005257,DC:-1:2021-06-01 04:46:00+00:00,1.22272,1.22235,1.22249,1.2222,2021-06-01 04:40:00+00:00,2021-06-01 04:44:00+00:00,2021-06-01 04:46:00+00:00,2021-06-01 04:48:00+00:00,2021-06-01 04:47:00+00:00,2021-06-01 04:49:00+00:00,2.7035859944953846,0.9999999999993999,0.3783783783784757,0.7837837837841568,0.00013891199474287875,60.0,1.0,1.899700597941851,-1
2021-06-01 07:09:00+00:00,1,0.0003670330805749522,2.5,1.2226629669194249,DC:-1:2021-06-01 07:03:00+00:00,1.2237,1.223,1.2233,1.22269,2021-06-01 06:54:00+00:00,2021-06-01 07:02:00+00:00,2021-06-01 07:03:00+00:00,2021-06-01 07:08:00+00:00,2021-06-01 07:07:00+00:00,2021-06-01 07:09:00+00:00,2.759456974355079,0.5468750000001518,0.42857142857142855,0.8714285714286666,0.0002703308057514345,60.0,1.0,1.3577182946453914,-1
2021-06-01 08:30:00+00:00,1,0.0004761590320470077,2.5,1.221433840967953,DC:-1:2021-06-01 08:22:00+00:00,1.22273,1.2218,1.2222,1.22147,2021-06-01 08:18:00+00:00,2021-06-01 08:21:00+00:00,2021-06-01 08:23:00+00:00,2021-06-01 08:27:00+00:00,2021-06-01 08:27:00+00:00,2021-06-01 08:30:00+00:00,2.6818343708731014,0.9999999999997612,0.430107526881628,0.7849462365589472,0.0003615903204695626,180.0,1.0,1.3168467325913642,-1
2021-06-01 11:22:00+00:00,1,0.0003713351203744608,2.5,1.2217786648796256,DC:-1:2021-06-01 11:06:00+00:00,1.22262,1.2219799999999998,1.2222,1.2218,2021-06-01 10:59:00+00:00,2021-06-01 11:05:00+00:00,2021-06-01 11:06:00+00:00,2021-06-01 11:20:00+00:00,2021-06-01 11:16:00+00:00,2021-06-01 11:22:00+00:00,3.1210738200346704,0.7441860465123604,0.34375000000006506,0.6249999999997398,0.00021335120374379527,120.0,1.0,1.7404875803765418,-1
2021-06-01 14:17:00+00:00,-1,0.0006355739588359555,2.5,1.224835573958836,DC:1:2021-06-01 14:02:00+00:00,1.2232,1.22473,1.22403,1.2248,2021-06-01 13:51:00+00:00,2021-06-01 14:01:00+00:00,2021-06-01 14:02:00+00:00,2021-06-01 14:12:00+00:00,2021-06-01 14:03:00+00:00,2021-06-01 14:17:00+00:00,6.1133302320739755,0.6401673640167189,0.4575163398693664,0.5032679738563031,0.0003557395883569691,300.0,0.0,1.7866270149224575,1
2021-06-01 15:00:00+00:00,1,0.00044284109826153717,2.5,1.2241471589017385,DC:-1:2021-06-01 14:52:00+00:00,1.22532,1.22442,1.22482,1.2241799999999998,2021-06-01 14:41:00+00:00,2021-06-01 14:49:00+00:00,2021-06-01 14:52:00+00:00,2021-06-01 14:55:00+00:00,2021-06-01 14:54:00+00:00,2021-06-01 15:00:00+00:00,2.6925328337953665,0.9000000000003997,0.4444444444444444,0.7111111111114071,0.00032841098261266187,300.0,1.0,1.348435715330013,-1
2021-06-01 19:44:00+00:00,1,0.0002676149015772289,2.5,1.2217823850984229,DC:-1:2021-06-01 19:26:00+00:00,1.22259,1.2219,1.2222,1.2218,2021-06-01 19:11:00+00:00,2021-06-01 19:25:00+00:00,2021-06-01 19:26:00+00:00,2021-06-01 19:42:00+00:00,2021-06-01 19:29:00+00:00,2021-06-01 19:44:00+00:00,4.419827174397379,0.5609756097579557,0.43478260869555424,0.5797101449274057,0.00017614901577119922,120.0,0.0,1.519252891681411,-1
2021-06-02 01:29:00+00:00,-1,0.00020759909168344137,2.5,1.2226075990916834,DC:1:2021-06-02 01:25:00+00:00,1.222,1.22256,1.22231,1.22259,2021-06-02 01:13:00+00:00,2021-06-02 01:21:00+00:00,2021-06-02 01:25:00+00:00,2021-06-02 01:27:00+00:00,2021-06-02 01:27:00+00:00,2021-06-02 01:29:00+00:00,3.099419304948359,0.7179487179515209,0.4464285714286281,0.5,0.0001759909168339843,120.0,1.0,1.1796011715722448,1
2021-06-02 05:38:00+00:00,-1,0.00021493609897671462,2.5,1.2219149360989767,DC:1:2021-06-02 05:30:00+00:00,1.2214,1.22184,1.22169,1.2219,2021-06-02 05:20:00+00:00,2021-06-02 05:29:00+00:00,2021-06-02 05:30:00+00:00,2021-06-02 05:36:00+00:00,2021-06-02 05:35:00+00:00,2021-06-02 05:38:00+00:00,3.044097101981099,0.5116279069770865,0.3409090909093088,0.4772727272728305,0.0001493609897678657,120.0,1.0,1.4390377253844169,1
2021-06-02 06:48:00+00:00,1,0.0003329275836305712,2.5,1.2204670724163695,DC:-1:2021-06-02 06:42:00+00:00,1.22168,1.22059,1.22083,1.22049,2021-06-02 06:32:00+00:00,2021-06-02 06:41:00+00:00,2021-06-02 06:45:00+00:00,2021-06-02 06:47:00+00:00,2021-06-02 06:47:00+00:00,2021-06-02 06:48:00+00:00,5.741512339563207,0.7315436241626281,0.22018348623854145,0.3119266055045834,0.0002292758363043872,60.0,1.0,1.4520831719421825,-1
2021-06-02 08:14:00+00:00,1,0.0004339777110069498,2.5,1.219266022288993,DC:-1:2021-06-02 08:00:00+00:00,1.22125,1.21967,1.22004,1.21929,2021-06-02 07:39:00+00:00,2021-06-02 07:58:00+00:00,2021-06-02 08:01:00+00:00,2021-06-02 08:12:00+00:00,2021-06-02 08:05:00+00:00,2021-06-02 08:14:00+00:00,6.1040764349029875,0.752380952380756,0.2341772151898743,0.4746835443038411,0.00023977711007007026,120.0,0.0,1.8099213510419245,-1
2021-06-02 10:02:00+00:00,-1,0.000437731857103163,2.5,1.2180377318571032,DC:1:2021-06-02 09:42:00+00:00,1.2170299999999998,1.2177,1.2174,1.21801,2021-06-02 09:34:00+00:00,2021-06-02 09:41:00+00:00,2021-06-02 09:42:00+00:00,2021-06-02 09:59:00+00:00,2021-06-02 09:46:00+00:00,2021-06-02 10:02:00+00:00,2.5160289385543,0.7052631578952412,0.4477611940296875,0.9104477611937973,0.00027731857103144595,180.0,0.0,1.5784440813865557,1
2021-06-02 10:53:00+00:00,-1,0.0003300138705080169,2.5,1.217930013870508,DC:1:2021-06-02 10:44:00+00:00,1.2169,1.21764,1.2174,1.21791,2021-06-02 10:26:00+00:00,2021-06-02 10:38:00+00:00,2021-06-02 10:44:00+00:00,2021-06-02 10:52:00+00:00,2021-06-02 10:51:00+00:00,2021-06-02 10:53:00+00:00,3.3131665673436967,0.5138888888893001,0.32432432432436487,0.6891891891892379,0.00020013870507987942,60.0,1.0,1.6489257806294972,1
2021-06-02 11:17:00+00:00,1,0.0004511313918966753,2.5,1.2166688686081033,DC:-1:2021-06-02 11:09:00+00:00,1.21791,1.217,1.21727,1.21669,2021-06-02 10:52:00+00:00,2021-06-02 11:04:00+00:00,2021-06-02 11:09:00+00:00,2021-06-02 11:14:00+00:00,2021-06-02 11:12:00+00:00,2021-06-02 11:17:00+00:00,4.221014764982748,0.7913043478254573,0.29670329670329937,0.6373626373626883,0.00021131391896657913,180.0,1.0,2.1348872525904223,-1
2021-06-02 12:35:00+00:00,-1,0.00029121651290164863,2.5,1.2191212165129017,DC:1:2021-06-02 12:21:00+00:00,1.2181,1.21899,1.21869,1.2191,2021-06-02 12:05:00+00:00,2021-06-02 12:20:00+00:00,2021-06-02 12:21:00+00:00,2021-06-02 12:31:00+00:00,2021-06-02 12:23:00+00:00,2021-06-02 12:35:00+00:00,4.224343726491073,0.7119999999996817,0.3370786516853344,0.4606741573033652,0.0002121651290163338,240.0,0.0,1.372593669147341,1
2021-06-02 13:54:00+00:00,-1,0.00044861873089874216,2.5,1.2201486187308987,DC:1:2021-06-02 13:45:00+00:00,1.21875,1.21981,1.21959,1.22013,2021-06-02 13:31:00+00:00,2021-06-02 13:44:00+00:00,2021-06-02 13:45:00+00:00,2021-06-02 13:53:00+00:00,2021-06-02 13:48:00+00:00,2021-06-02 13:54:00+00:00,5.68154599854515,0.9298245614039906,0.20754716981141166,0.5094339622641074,0.00018618730898867667,60.0,1.0,2.409502201495515,1
2021-06-02 17:43:00+00:00,1,0.00031334349286415986,2.5,1.2205766565071359,DC:-1:2021-06-02 17:28:00+00:00,1.22133,1.22072,1.22096,1.22059,2021-06-02 17:13:00+00:00,2021-06-02 17:25:00+00:00,2021-06-02 17:30:00+00:00,2021-06-02 17:40:00+00:00,2021-06-02 17:32:00+00:00,2021-06-02 17:43:00+00:00,4.465008727105731,0.6421052631557886,0.39344262295084953,0.6065573770491505,0.0001334349286423584,180.0,0.0,2.348286884493377,-1
2021-06-02 18:48:00+00:00,1,0.0002280078165284305,2.5,1.2206719921834717,DC:-1:2021-06-02 18:41:00+00:00,1.22153,1.2208,1.221,1.22069,2021-06-02 18:26:00+00:00,2021-06-02 18:38:00+00:00,2021-06-02 18:42:00+00:00,2021-06-02 18:44:00+00:00,2021-06-02 18:43:00+00:00,2021-06-02 18:48:00+00:00,4.186035716156258,0.6822429906561528,0.27397260273973434,0.4246575342466795,0.00018007816528422903,240.0,0.0,1.2661602597324944,-1
2021-06-03 08:26:00+00:00,-1,0.00045198302583848715,2.5,1.2187519830258384,DC:1:2021-06-03 08:16:00+00:00,1.2178,1.21846,1.2182,1.21873,2021-06-03 08:05:00+00:00,2021-06-03 08:15:00+00:00,2021-06-03 08:16:00+00:00,2021-06-03 08:25:00+00:00,2021-06-03 08:17:00+00:00,2021-06-03 08:26:00+00:00,3.186987970400814,0.5789473684196071,0.39393939393955707,0.8030303030303897,0.00021983025838301918,60.0,1.0,2.056054654000264,1
2021-06-03 08:52:00+00:00,-1,0.00031601386064972203,2.5,1.2192960138606497,DC:1:2021-06-03 08:40:00+00:00,1.2184,1.21919,1.2189,1.21927,2021-06-03 08:29:00+00:00,2021-06-03 08:35:00+00:00,2021-06-03 08:40:00+00:00,2021-06-03 08:47:00+00:00,2021-06-03 08:45:00+00:00,2021-06-03 08:52:00+00:00,2.8125364951171195,0.7979797979800086,0.3670886075947802,0.4683544303796828,0.0002601386064968382,300.0,0.0,1.21479031853568,1
2021-06-03 13:15:00+00:00,1,0.00037396818384083375,2.5,1.2154060318161592,DC:-1:2021-06-03 13:04:00+00:00,1.21699,1.2156,1.21607,1.21544,2021-06-03 12:51:00+00:00,2021-06-03 13:02:00+00:00,2021-06-03 13:04:00+00:00,2021-06-03 13:12:00+00:00,2021-06-03 13:08:00+00:00,2021-06-03 13:15:00+00:00,4.220075338994887,0.6915422885565043,0.3381294964028559,0.4532374100718758,0.00033968183840848775,180.0,0.0,1.1009366458712893,-1
2021-06-03 18:55:00+00:00,-1,0.00026668483483649474,2.5,1.2126566848348366,DC:1:2021-06-03 18:41:00+00:00,1.212,1.21249,1.2123,1.21264,2021-06-03 18:33:00+00:00,2021-06-03 18:40:00+00:00,2021-06-03 18:41:00+00:00,2021-06-03 18:51:00+00:00,2021-06-03 18:48:00+00:00,2021-06-03 18:55:00+00:00,2.756672173886063,0.8596491228075916,0.38775510204101055,0.6938775510202787,0.00016684834836705963,240.0,1.0,1.5983666451992613,1
2021-06-04 00:42:00+00:00,-1,0.00028092638460797126,2.5,1.212580926384608,DC:1:2021-06-04 00:34:00+00:00,1.2115,1.21234,1.21205,1.21256,2021-06-04 00:20:00+00:00,2021-06-04 00:30:00+00:00,2021-06-04 00:34:00+00:00,2021-06-04 00:41:00+00:00,2021-06-04 00:36:00+00:00,2021-06-04 00:42:00+00:00,3.618438481004422,0.8936170212782895,0.3452380952379977,0.6071428571429044,0.00020926384607776452,60.0,1.0,1.3424506424467426,1
2021-06-04 01:23:00+00:00,-1,0.000353094801762488,2.5,1.2129430948017625,DC:1:2021-06-04 00:55:00+00:00,1.2122,1.21276,1.21249,1.21292,2021-06-04 00:46:00+00:00,2021-06-04 00:51:00+00:00,2021-06-04 00:56:00+00:00,2021-06-04 01:14:00+00:00,2021-06-04 01:00:00+00:00,2021-06-04 01:23:00+00:00,2.4465848978280134,0.5599999999994316,0.48214285714274385,0.7678571428568597,0.00023094801762476411,540.0,0.0,1.5288929751117564,1
2021-06-04 05:56:00+00:00,1,0.0002445577842615787,2.5,1.2105754422157384,DC:-1:2021-06-04 05:51:00+00:00,1.21119,1.2107,1.21092,1.21059,2021-06-04 05:35:00+00:00,2021-06-04 05:49:00+00:00,2021-06-04 05:51:00+00:00,2021-06-04 05:55:00+00:00,2021-06-04 05:54:00+00:00,2021-06-04 05:56:00+00:00,3.4159649727074983,0.49494949495123713,0.44897959183661446,0.6734693877551483,0.00014557784261628673,60.0,0.0,1.6799107602259415,-1
2021-06-04 10:58:00+00:00,1,0.00021769775628399657,2.5,1.210372302243716,DC:-1:2021-06-04 10:54:00+00:00,1.2110299999999998,1.21049,1.21071,1.21039,2021-06-04 10:37:00+00:00,2021-06-04 10:52:00+00:00,2021-06-04 10:54:00+00:00,2021-06-04 10:56:00+00:00,2021-06-04 10:56:00+00:00,2021-06-04 10:58:00+00:00,3.219618496217854,0.5192307692298003,0.40740740740737696,0.5925925925926231,0.0001769775628408951,120.0,1.0,1.2300867567020877,-1
2021-06-04 13:43:00+00:00,-1,0.0004558412461013184,2.5,1.2178958412461014,DC:1:2021-06-04 13:28:00+00:00,1.21635,1.2176,1.21715,1.21786,2021-06-04 13:14:00+00:00,2021-06-04 13:26:00+00:00,2021-06-04 13:28:00+00:00,2021-06-04 13:37:00+00:00,2021-06-04 13:31:00+00:00,2021-06-04 13:43:00+00:00,3.0461363657501552,0.86206896551712,0.36000000000005683,0.5680000000000028,0.00035841246101540577,360.0,1.0,1.2718342571290366,1
2021-06-04 16:24:00+00:00,1,0.000269522009674672,2.5,1.2169004779903254,DC:-1:2021-06-04 16:17:00+00:00,1.21744,1.217,1.2172,1.21692,2021-06-04 16:13:00+00:00,2021-06-04 16:16:00+00:00,2021-06-04 16:17:00+00:00,2021-06-04 16:19:00+00:00,2021-06-04 16:19:00+00:00,2021-06-04 16:24:00+00:00,2.603025160898842,1.000000000001514,0.4545454545454087,0.636363636363774,0.00019522009674636365,300.0,1.0,1.3806058605986853,-1
2021-06-04 20:18:00+00:00,-1,0.00023647047238273267,2.5,1.2169964704723828,DC:1:2021-06-04 19:59:00+00:00,1.21639,1.2169,1.21669,1.21698,2021-06-04 19:42:00+00:00,2021-06-04 19:57:00+00:00,2021-06-04 19:59:00+00:00,2021-06-04 20:14:00+00:00,2021-06-04 20:00:00+00:00,2021-06-04 20:18:00+00:00,2.8379874123723776,0.5049504950490935,0.41176470588242975,0.5686274509801873,0.00016470472382947452,240.0,0.0,1.435723681049732,1
2021-06-06 22:10:00+00:00,-1,0.0002031623084766121,2.5,1.2166731623084768,DC:1:2021-06-06 22:05:00+00:00,1.21603,1.21649,1.2163,1.21666,2021-06-06 21:50:00+00:00,2021-06-06 22:02:00+00:00,2021-06-06 22:05:00+00:00,2021-06-06 22:08:00+00:00,2021-06-06 22:07:00+00:00,2021-06-06 22:10:00+00:00,4.07930478176923,0.522727272727158,0.413043478261048,0.7826086956522579,0.0001316230847663879,120.0,0.0,1.5435157809680273,1
2021-06-07 07:03:00+00:00,1,0.00026103124296117386,2.5,1.214878968757039,DC:-1:2021-06-07 06:57:00+00:00,1.21558,1.215,1.21524,1.2149,2021-06-07 06:51:00+00:00,2021-06-07 06:56:00+00:00,2021-06-07 07:00:00+00:00,2021-06-07 07:02:00+00:00,2021-06-07 07:02:00+00:00,2021-06-07 07:03:00+00:00,2.67848040122332,0.9354838709683543,0.41379310344828907,0.586206896551711,0.00021031242961222168,60.0,1.0,1.2411593715239206,-1
2021-06-07 08:01:00+00:00,-1,0.00045266268147603483,2.5,1.216772662681476,DC:1:2021-06-07 07:50:00+00:00,1.2154,1.21658,1.2162,1.21675,2021-06-07 07:32:00+00:00,2021-06-07 07:48:00+00:00,2021-06-07 07:53:00+00:00,2021-06-07 08:00:00+00:00,2021-06-07 07:55:00+00:00,2021-06-07 08:01:00+00:00,4.628193184013284,0.7468354430385137,0.3220338983051358,0.4661016949153132,0.0002266268147616414,60.0,0.0,1.9973924178042677,1
2021-06-07 08:37:00+00:00,1,0.0003160141484424006,2.5,1.2152439858515576,DC:-1:2021-06-07 08:12:00+00:00,1.21675,1.2155,1.21605,1.21527,2021-06-07 08:00:00+00:00,2021-06-07 08:11:00+00:00,2021-06-07 08:14:00+00:00,2021-06-07 08:33:00+00:00,2021-06-07 08:18:00+00:00,2021-06-07 08:37:00+00:00,5.370782044370656,0.7396449704141989,0.44000000000004974,0.6240000000000157,0.0002601414844248779,240.0,0.0,1.2147779856836225,-1
2021-06-07 09:42:00+00:00,-1,0.0003895865717851166,2.5,1.216189586571785,DC:1:2021-06-07 09:30:00+00:00,1.2152,1.216,1.21563,1.21617,2021-06-07 09:15:00+00:00,2021-06-07 09:22:00+00:00,2021-06-07 09:31:00+00:00,2021-06-07 09:41:00+00:00,2021-06-07 09:37:00+00:00,2021-06-07 09:42:00+00:00,3.5042988265033226,0.9756097560984592,0.4625000000000278,0.6750000000000556,0.00019586571785035794,60.0,0.0,1.9890493142999226,1
2021-06-07 16:35:00+00:00,1,0.00021606604298685106,2.5,1.2192839339570132,DC:-1:2021-06-07 16:25:00+00:00,1.22015,1.21947,1.21974,1.2193,2021-06-07 16:02:00+00:00,2021-06-07 16:19:00+00:00,2021-06-07 16:25:00+00:00,2021-06-07 16:34:00+00:00,2021-06-07 16:29:00+00:00,2021-06-07 16:35:00+00:00,3.3788606537722354,0.5230769230767234,0.39705882352939253,0.6470588235293926,0.00016066042986874945,60.0,1.0,1.3448616013499084,-1
2021-06-07 20:09:00+00:00,1,0.00021271747387130446,2.5,1.2189872825261288,DC:-1:2021-06-07 20:04:00+00:00,1.21947,1.2191,1.21923,1.219,2021-06-07 19:57:00+00:00,2021-06-07 20:03:00+00:00,2021-06-07 20:07:00+00:00,2021-06-07 20:08:00+00:00,2021-06-07 20:08:00+00:00,2021-06-07 20:09:00+00:00,3.1940524400929915,0.6271186440669609,0.35135135135127027,0.6216216216215243,0.00012717473871391477,60.0,1.0,1.6726393623644227,-1
2021-06-08 03:13:00+00:00,1,0.00018346371587485422,2.5,1.2177865362841251,DC:-1:2021-06-08 03:06:00+00:00,1.21852,1.2179,1.21805,1.2178,2021-06-08 02:49:00+00:00,2021-06-08 03:05:00+00:00,2021-06-08 03:06:00+00:00,2021-06-08 03:12:00+00:00,2021-06-08 03:12:00+00:00,2021-06-08 03:13:00+00:00,4.218113142916861,0.6888888888878472,0.24193548387109481,0.4032258064517053,0.0001346371587488687,60.0,1.0,1.3626529078577705,-1
2021-06-08 06:12:00+00:00,-1,0.0002770034286481149,2.5,1.2184970034286482,DC:1:2021-06-08 06:09:00+00:00,1.2175,1.21841,1.2182,1.21848,2021-06-08 05:59:00+00:00,2021-06-08 06:06:00+00:00,2021-06-08 06:09:00+00:00,2021-06-08 06:11:00+00:00,2021-06-08 06:11:00+00:00,2021-06-08 06:12:00+00:00,7.128581043615049,0.8198198198206507,0.23076923076928707,0.30769230769238276,0.00017003428648254242,60.0,1.0,1.6291033671997388,1
2021-06-08 11:42:00+00:00,1,0.0002785624932444275,2.5,1.2171814375067556,DC:-1:2021-06-08 11:33:00+00:00,1.21831,1.21737,1.21761,1.2172,2021-06-08 11:09:00+00:00,2021-06-08 11:31:00+00:00,2021-06-08 11:33:00+00:00,2021-06-08 11:39:00+00:00,2021-06-08 11:36:00+00:00,2021-06-08 11:42:00+00:00,4.035442061038503,0.6351351351339836,0.2553191489362054,0.4361702127660077,0.00018562493244485363,180.0,1.0,1.5006739104251754,-1
2021-06-08 11:55:00+00:00,-1,0.00023885296156223035,2.5,1.2179488529615623,DC:1:2021-06-08 11:49:00+00:00,1.2172,1.21786,1.2176,1.21793,2021-06-08 11:39:00+00:00,2021-06-08 11:48:00+00:00,2021-06-08 11:49:00+00:00,2021-06-08 11:51:00+00:00,2021-06-08 11:51:00+00:00,2021-06-08 11:55:00+00:00,3.668412541233389,0.804878048779431,0.3939393939393532,0.5,0.00018852961562423556,240.0,1.0,1.2669254152530385,1
2021-06-08 12:42:00+00:00,-1,0.00034889835800222535,2.5,1.2187488983580022,DC:1:2021-06-08 12:32:00+00:00,1.2177,1.21855,1.21821,1.21873,2021-06-08 12:06:00+00:00,2021-06-08 12:31:00+00:00,2021-06-08 12:32:00+00:00,2021-06-08 12:39:00+00:00,2021-06-08 12:36:00+00:00,2021-06-08 12:42:00+00:00,4.056873396787888,0.4545454545454006,0.4,0.6117647058824298,0.00018898358002118399,180.0,0.0,1.8461834512983395,1
2021-06-08 13:21:00+00:00,-1,0.00028374713638101845,2.5,1.218413747136381,DC:1:2021-06-08 13:16:00+00:00,1.21771,1.21825,1.218,1.21839,2021-06-08 13:10:00+00:00,2021-06-08 13:13:00+00:00,2021-06-08 13:16:00+00:00,2021-06-08 13:19:00+00:00,2021-06-08 13:17:00+00:00,2021-06-08 13:21:00+00:00,2.3224947473367865,0.9999999999983552,0.4629629629631305,0.7222222222224507,0.00023747136380838368,120.0,1.0,1.1948688542083534,1
2021-06-08 15:54:00+00:00,1,0.00020743384240762275,2.5,1.2177225661575923,DC:-1:2021-06-08 15:29:00+00:00,1.21912,1.21775,1.21815,1.21774,2021-06-08 14:57:00+00:00,2021-06-08 15:26:00+00:00,2021-06-08 15:34:00+00:00,2021-06-08 15:48:00+00:00,2021-06-08 15:38:00+00:00,2021-06-08 15:54:00+00:00,6.3569122715043775,0.5249042145595607,0.2919708029197033,0.2992700729927445,0.0001743384240760948,360.0,0.0,1.189834332316108,-1
2021-06-08 20:12:00+00:00,-1,0.0001868203392763057,2.5,1.2174868203392764,DC:1:2021-06-08 20:03:00+00:00,1.217,1.21739,1.2172,1.21747,2021-06-08 19:53:00+00:00,2021-06-08 19:57:00+00:00,2021-06-08 20:03:00+00:00,2021-06-08 20:09:00+00:00,2021-06-08 20:04:00+00:00,2021-06-08 20:12:00+00:00,2.2305857025842464,0.9512195121937747,0.4871794871793996,0.6923076923078675,0.0001682033927622603,180.0,1.0,1.1106811593292811,1
2021-06-09 02:36:00+00:00,1,0.00016835515000046541,2.5,1.2176916448499995,DC:-1:2021-06-09 02:31:00+00:00,1.21811,1.2178,1.21794,1.2177,2021-06-09 02:07:00+00:00,2021-06-09 02:25:00+00:00,2021-06-09 02:31:00+00:00,2021-06-09 02:33:00+00:00,2021-06-09 02:32:00+00:00,2021-06-09 02:36:00+00:00,3.2797724333778793,0.7560975609781063,0.4516129032258527,0.7741935483870737,8.355150000508067e-05,180.0,0.0,2.01498656505542,-1
2021-06-09 08:09:00+00:00,-1,0.00030866477616586785,2.5,1.2187086647761658,DC:1:2021-06-09 08:03:00+00:00,1.2176,1.21846,1.21819,1.21869,2021-06-09 07:41:00+00:00,2021-06-09 08:01:00+00:00,2021-06-09 08:03:00+00:00,2021-06-09 08:07:00+00:00,2021-06-09 08:06:00+00:00,2021-06-09 08:09:00+00:00,4.223265257157748,0.5443037974694307,0.313953488372054,0.5813953488370892,0.00018664776165808718,120.0,1.0,1.6537287853004041,1
2021-06-09 13:36:00+00:00,-1,0.00026272045424602375,2.5,1.221662720454246,DC:1:2021-06-09 13:27:00+00:00,1.2202,1.2214200000000002,1.2211,1.22164,2021-06-09 13:14:00+00:00,2021-06-09 13:26:00+00:00,2021-06-09 13:28:00+00:00,2021-06-09 13:33:00+00:00,2021-06-09 13:31:00+00:00,2021-06-09 13:36:00+00:00,5.566458830042967,0.8026315789488215,0.26229508196724594,0.44262295081957964,0.00022720454245936042,180.0,1.0,1.1563169089940883,1
2021-06-09 16:25:00+00:00,1,0.0002081813919736497,2.5,1.2175818186080263,DC:-1:2021-06-09 16:13:00+00:00,1.21848,1.2177,1.2179799999999998,1.2176,2021-06-09 15:58:00+00:00,2021-06-09 16:10:00+00:00,2021-06-09 16:14:00+00:00,2021-06-09 16:19:00+00:00,2021-06-09 16:17:00+00:00,2021-06-09 16:25:00+00:00,4.337251049307414,0.7959183673467769,0.3589743589741473,0.4871794871792609,0.00018181391973652768,360.0,0.0,1.145024496888533,-1
2021-06-09 23:24:00+00:00,-1,0.00012046335824300591,2.5,1.217910463358243,DC:1:2021-06-09 23:19:00+00:00,1.2175,1.21781,1.2177,1.2179,2021-06-09 23:13:00+00:00,2021-06-09 23:18:00+00:00,2021-06-09 23:19:00+00:00,2021-06-09 23:22:00+00:00,2021-06-09 23:22:00+00:00,2021-06-09 23:24:00+00:00,3.127365823606839,0.9393939393992611,0.354838709677558,0.645161290322442,0.00010463358242956931,120.0,1.0,1.1512877170586404,1
2021-06-10 02:08:00+00:00,1,0.0001523331847466114,2.5,1.2167076668152534,DC:-1:2021-06-10 01:57:00+00:00,1.21746,1.2168,1.21698,1.21672,2021-06-10 01:37:00+00:00,2021-06-10 01:56:00+00:00,2021-06-10 01:58:00+00:00,2021-06-10 02:07:00+00:00,2021-06-10 02:06:00+00:00,2021-06-10 02:08:00+00:00,4.5784686192521775,0.589285714287357,0.27272727272708924,0.3939393939393532,0.00012333184746689054,60.0,1.0,1.2351488109144437,-1
2021-06-10 03:28:00+00:00,-1,0.0002558255972120449,2.5,1.216945825597212,DC:1:2021-06-10 03:12:00+00:00,1.21639,1.21676,1.21659,1.2169299999999998,2021-06-10 03:01:00+00:00,2021-06-10 03:10:00+00:00,2021-06-10 03:12:00+00:00,2021-06-10 03:22:00+00:00,2021-06-10 03:16:00+00:00,2021-06-10 03:28:00+00:00,2.280836599611758,0.49333333333445833,0.4594594594594919,0.9189189189183837,0.00015825597212240178,360.0,0.0,1.616530446093868,1
2021-06-10 04:10:00+00:00,1,0.00015100639076970346,2.5,1.2165789936092304,DC:-1:2021-06-10 04:04:00+00:00,1.217,1.21669,1.2168,1.21659,2021-06-10 03:57:00+00:00,2021-06-10 04:03:00+00:00,2021-06-10 04:04:00+00:00,2021-06-10 04:09:00+00:00,2021-06-10 04:09:00+00:00,2021-06-10 04:10:00+00:00,2.9398197336006264,1.0000000000035814,0.354838709677558,0.677419354838779,0.00011006390769601417,60.0,1.0,1.3719882741831086,-1
2021-06-10 05:13:00+00:00,-1,0.00017263878910234176,2.5,1.2166626387891024,DC:1:2021-06-10 05:07:00+00:00,1.2162,1.21652,1.21639,1.21665,2021-06-10 04:59:00+00:00,2021-06-10 05:06:00+00:00,2021-06-10 05:07:00+00:00,2021-06-10 05:12:00+00:00,2021-06-10 05:08:00+00:00,2021-06-10 05:13:00+00:00,2.7516749200427233,0.6153846153849767,0.40624999999976147,0.8124999999995229,0.00012638789102324986,60.0,1.0,1.3659440608165836,1
2021-06-10 08:44:00+00:00,-1,0.00020821318019215163,2.5,1.2165982131801922,DC:1:2021-06-10 08:37:00+00:00,1.2158799999999998,1.2165700000000002,1.2163,1.21658,2021-06-10 08:19:00+00:00,2021-06-10 08:33:00+00:00,2021-06-10 08:37:00+00:00,2021-06-10 08:43:00+00:00,2021-06-10 08:40:00+00:00,2021-06-10 08:44:00+00:00,3.5116833412356785,0.5999999999988801,0.39130434782622686,0.4057971014491821,0.0001821318019232983,60.0,0.0,1.1432005722967429,1
2021-06-10 09:06:00+00:00,1,0.0003803162476989641,2.5,1.216369683752301,DC:-1:2021-06-10 08:55:00+00:00,1.21709,1.21659,1.21681,1.21639,2021-06-10 08:51:00+00:00,2021-06-10 08:54:00+00:00,2021-06-10 08:55:00+00:00,2021-06-10 09:03:00+00:00,2021-06-10 09:01:00+00:00,2021-06-10 09:06:00+00:00,2.624178050753751,1.0000000000022204,0.43999999999982237,0.8399999999998223,0.00020316247698957713,180.0,0.0,1.8719807581321994,-1
2021-06-10 11:51:00+00:00,1,0.00034215847679219813,2.5,1.216727841523208,DC:-1:2021-06-10 11:48:00+00:00,1.2177,1.21695,1.2172,1.21675,2021-06-10 11:44:00+00:00,2021-06-10 11:47:00+00:00,2021-06-10 11:49:00+00:00,2021-06-10 11:50:00+00:00,2021-06-10 11:50:00+00:00,2021-06-10 11:51:00+00:00,3.9454508731249716,1.0000000000023685,0.333333333333432,0.6000000000000593,0.00022158476792131485,60.0,1.0,1.5441425870649161,-1
2021-06-10 12:07:00+00:00,1,0.0003733912073609069,2.5,1.216266608792639,DC:-1:2021-06-10 12:04:00+00:00,1.21754,1.21639,1.21669,1.2163,2021-06-10 11:59:00+00:00,2021-06-10 12:03:00+00:00,2021-06-10 12:04:00+00:00,2021-06-10 12:05:00+00:00,2021-06-10 12:05:00+00:00,2021-06-10 12:07:00+00:00,4.068164529205915,0.9999999999992276,0.2608695652173661,0.3391304347827111,0.00033391207360816043,120.0,1.0,1.1182321241821118,-1
2021-06-10 15:10:00+00:00,1,0.00045154038649730666,2.5,1.2170684596135029,DC:-1:2021-06-10 14:47:00+00:00,1.21889,1.2173,1.21771,1.2171,2021-06-10 14:32:00+00:00,2021-06-10 14:46:00+00:00,2021-06-10 14:47:00+00:00,2021-06-10 15:07:00+00:00,2021-06-10 14:52:00+00:00,2021-06-10 15:10:00+00:00,4.599938979346298,0.798994974874655,0.2578616352201425,0.3836477987421428,0.00031540386497269,180.0,0.0,1.4316260409060122,-1
2021-06-10 16:03:00+00:00,-1,0.0004411049017010171,2.5,1.217441104901701,DC:1:2021-06-10 15:56:00+00:00,1.2165700000000002,1.21715,1.2169,1.2174200000000002,2021-06-10 15:45:00+00:00,2021-06-10 15:51:00+00:00,2021-06-10 15:56:00+00:00,2021-06-10 15:59:00+00:00,2021-06-10 15:59:00+00:00,2021-06-10 16:03:00+00:00,2.8611902729007848,0.690476190477273,0.4310344827585283,0.8965517241383667,0.00021104901700972638,240.0,1.0,2.0900590201786557,1
2021-06-10 17:01:00+00:00,-1,0.00028006780150136024,2.5,1.2176800678015014,DC:1:2021-06-10 16:45:00+00:00,1.21648,1.21764,1.2173,1.21766,2021-06-10 16:22:00+00:00,2021-06-10 16:40:00+00:00,2021-06-10 16:46:00+00:00,2021-06-10 16:50:00+00:00,2021-06-10 16:49:00+00:00,2021-06-10 17:01:00+00:00,4.961868781018945,0.7733333333351688,0.2931034482758555,0.3103448275861211,0.00020067801501334534,660.0,0.0,1.3956077923271035,1
2021-06-10 17:56:00+00:00,1,0.00021602746162519004,2.5,1.2170839725383749,DC:-1:2021-06-10 17:50:00+00:00,1.21754,1.21719,1.21736,1.2171,2021-06-10 17:43:00+00:00,2021-06-10 17:48:00+00:00,2021-06-10 17:50:00+00:00,2021-06-10 17:55:00+00:00,2021-06-10 17:55:00+00:00,2021-06-10 17:56:00+00:00,2.2482696517044602,0.9999999999974624,0.48571428571419506,0.7428571428567803,0.00016027461625317186,60.0,1.0,1.347858236540403,-1
2021-06-11 01:38:00+00:00,-1,0.00019459794514609108,2.5,1.218494597945146,DC:1:2021-06-11 01:31:00+00:00,1.2176,1.2184,1.2181799999999998,1.21848,2021-06-11 01:04:00+00:00,2021-06-11 01:30:00+00:00,2021-06-11 01:31:00+00:00,2021-06-11 01:37:00+00:00,2021-06-11 01:36:00+00:00,2021-06-11 01:38:00+00:00,4.716878736888472,0.5263157894738687,0.27500000000016656,0.37500000000027756,0.00014597945146112428,60.0,1.0,1.3330502560349349,1
2021-06-11 06:50:00+00:00,1,0.0002409049073874847,2.5,1.2181790950926126,DC:-1:2021-06-11 06:42:00+00:00,1.21899,1.2183,1.21862,1.2182,2021-06-11 06:33:00+00:00,2021-06-11 06:40:00+00:00,2021-06-11 06:42:00+00:00,2021-06-11 06:49:00+00:00,2021-06-11 06:44:00+00:00,2021-06-11 06:50:00+00:00,3.5394899126334867,1.000000000001931,0.4637681159421176,0.608695652173969,0.00020904907387411334,60.0,0.0,1.1523844756784454,-1
2021-06-11 12:03:00+00:00,1,0.0002936573907548201,2.5,1.2128763426092453,DC:-1:2021-06-11 12:00:00+00:00,1.2135,1.213,1.21323,1.2129,2021-06-11 11:52:00+00:00,2021-06-11 11:59:00+00:00,2021-06-11 12:00:00+00:00,2021-06-11 12:02:00+00:00,2021-06-11 12:01:00+00:00,2021-06-11 12:03:00+00:00,2.2577265488101634,0.5681818181814741,0.4599999999999556,0.6599999999999556,0.00023657390754760425,60.0,0.0,1.2412923884927138,-1
2021-06-11 15:04:00+00:00,-1,0.0003997803583357662,2.5,1.2113197803583358,DC:1:2021-06-11 14:57:00+00:00,1.21014,1.21102,1.21059,1.21129,2021-06-11 14:48:00+00:00,2021-06-11 14:55:00+00:00,2021-06-11 14:57:00+00:00,2021-06-11 15:02:00+00:00,2021-06-11 14:58:00+00:00,2021-06-11 15:04:00+00:00,3.2839276665014108,0.7213114754108804,0.4886363636362891,0.7954545454544651,0.00029780358335686506,120.0,0.0,1.3424296438256753,1
2021-06-11 16:08:00+00:00,1,0.0002898265440820502,2.5,1.209580173455918,DC:-1:2021-06-11 16:02:00+00:00,1.21035,1.2098,1.21007,1.2096,2021-06-11 15:45:00+00:00,2021-06-11 15:59:00+00:00,2021-06-11 16:02:00+00:00,2021-06-11 16:07:00+00:00,2021-06-11 16:04:00+00:00,2021-06-11 16:08:00+00:00,2.2283254890124695,0.5555555555547083,0.4909090909090322,0.8545454545453224,0.00019826544082128764,60.0,0.0,1.4618107063010233,-1
2021-06-11 19:32:00+00:00,-1,0.00017410001308659773,2.5,1.2105641000130867,DC:1:2021-06-11 19:24:00+00:00,1.2101,1.21049,1.2103,1.21055,2021-06-11 19:09:00+00:00,2021-06-11 19:23:00+00:00,2021-06-11 19:24:00+00:00,2021-06-11 19:28:00+00:00,2021-06-11 19:26:00+00:00,2021-06-11 19:32:00+00:00,2.8002696077004905,0.565217391304082,0.48717948717969156,0.6410256410256702,0.0001410001308669969,240.0,0.0,1.2347507198473695,1
2021-06-13 22:29:00+00:00,-1,0.000247933966113445,2.5,1.2111479339661135,DC:1:2021-06-13 22:21:00+00:00,1.21048,1.2110299999999998,1.2108,1.2111299999999998,2021-06-13 22:04:00+00:00,2021-06-13 22:16:00+00:00,2021-06-13 22:21:00+00:00,2021-06-13 22:24:00+00:00,2021-06-13 22:24:00+00:00,2021-06-13 22:29:00+00:00,2.904957170649451,0.6043956043958806,0.4181818181814585,0.599999999999677,0.0001793396611380812,300.0,1.0,1.3824826284385032,1
2021-06-14 01:40:00+00:00,-1,0.00016444278201466211,2.5,1.2101144427820147,DC:1:2021-06-14 01:32:00+00:00,1.20954,1.20997,1.2098,1.2101,2021-06-14 01:20:00+00:00,2021-06-14 01:25:00+00:00,2021-06-14 01:32:00+00:00,2021-06-14 01:38:00+00:00,2021-06-14 01:34:00+00:00,2021-06-14 01:40:00+00:00,2.8987181776800313,1.0000000000046474,0.39534883720937436,0.6976744186046872,0.00014442782014866145,120.0,1.0,1.1385810700833052,1
2021-06-14 02:35:00+00:00,-1,0.00020306590572150007,2.5,1.2104030659057214,DC:1:2021-06-14 02:23:00+00:00,1.2099,1.2102700000000002,1.2101,1.21039,2021-06-14 02:13:00+00:00,2021-06-14 02:22:00+00:00,2021-06-14 02:23:00+00:00,2021-06-14 02:34:00+00:00,2021-06-14 02:24:00+00:00,2021-06-14 02:35:00+00:00,3.047841825882475,0.6065573770495145,0.4594594594598163,0.7837837837836865,0.00013065905721453688,60.0,1.0,1.554166316905793,1
2021-06-14 03:11:00+00:00,1,0.00022286491930478824,2.5,1.2095871350806953,DC:-1:2021-06-14 03:07:00+00:00,1.2103,1.2097,1.20983,1.2096,2021-06-14 02:46:00+00:00,2021-06-14 03:05:00+00:00,2021-06-14 03:07:00+00:00,2021-06-14 03:10:00+00:00,2021-06-14 03:10:00+00:00,2021-06-14 03:11:00+00:00,4.746560633138534,0.5357142857158151,0.21666666666662965,0.38333333333329633,0.00012864919304696293,60.0,1.0,1.7323460336314134,-1
2021-06-14 07:04:00+00:00,-1,0.0002608701563282523,2.5,1.2109508701563283,DC:1:2021-06-14 06:56:00+00:00,1.2095,1.21074,1.21034,1.2109299999999998,2021-06-14 06:31:00+00:00,2021-06-14 06:55:00+00:00,2021-06-14 06:57:00+00:00,2021-06-14 07:03:00+00:00,2021-06-14 06:58:00+00:00,2021-06-14 07:04:00+00:00,5.976407508053455,0.5344827586208316,0.32258064516127877,0.47580645161283247,0.00020870156328354106,60.0,0.0,1.249967428245064,1
2021-06-14 08:40:00+00:00,1,0.0002812604063142654,2.5,1.2105687395936857,DC:-1:2021-06-14 08:35:00+00:00,1.21181,1.2108,1.2112,1.21059,2021-06-14 08:06:00+00:00,2021-06-14 08:27:00+00:00,2021-06-14 08:35:00+00:00,2021-06-14 08:39:00+00:00,2021-06-14 08:38:00+00:00,2021-06-14 08:40:00+00:00,3.617772919648712,0.4654377880185067,0.3960396039603699,0.60396039603963,0.00021260406314428307,60.0,1.0,1.3229305317809892,-1
2021-06-14 11:19:00+00:00,1,0.0002801544346087148,2.5,1.2115798455653912,DC:-1:2021-06-14 11:03:00+00:00,1.21238,1.2117,1.21194,1.2116,2021-06-14 10:57:00+00:00,2021-06-14 11:01:00+00:00,2021-06-14 11:03:00+00:00,2021-06-14 11:18:00+00:00,2021-06-14 11:16:00+00:00,2021-06-14 11:19:00+00:00,3.2263141082937103,0.7391304347806359,0.35294117647060747,0.5,0.0002015443460886844,60.0,1.0,1.3900386691345836,-1
2021-06-14 13:25:00+00:00,-1,0.0003517213665011898,2.5,1.2129417213665012,DC:1:2021-06-14 13:18:00+00:00,1.2117,1.21286,1.21249,1.21292,2021-06-14 13:01:00+00:00,2021-06-14 13:14:00+00:00,2021-06-14 13:18:00+00:00,2021-06-14 13:23:00+00:00,2021-06-14 13:19:00+00:00,2021-06-14 13:25:00+00:00,5.5329808202004696,0.7073170731707251,0.3189655172413496,0.3706896551723379,0.00021721366501280834,120.0,0.0,1.6192414343749966,1
2021-06-14 14:42:00+00:00,-1,0.0003082176023170291,2.5,1.212998217602317,DC:1:2021-06-14 14:34:00+00:00,1.2120799999999998,1.2128,1.21259,1.21298,2021-06-14 14:19:00+00:00,2021-06-14 14:30:00+00:00,2021-06-14 14:34:00+00:00,2021-06-14 14:40:00+00:00,2021-06-14 14:40:00+00:00,2021-06-14 14:42:00+00:00,3.6665733517817123,0.8571428571466334,0.2916666666666153,0.5416666666663069,0.00018217602317191492,120.0,1.0,1.691867002861139,1
2021-06-14 19:59:00+00:00,-1,0.00016334626552705345,2.5,1.2122133462655271,DC:1:2021-06-14 19:51:00+00:00,1.2117,1.2121,1.2119,1.2122,2021-06-14 19:38:00+00:00,2021-06-14 19:50:00+00:00,2021-06-14 19:51:00+00:00,2021-06-14 19:58:00+00:00,2021-06-14 19:52:00+00:00,2021-06-14 19:59:00+00:00,2.876519198066393,0.6896551724165918,0.5,0.75,0.0001334626552713003,60.0,0.0,1.2239099034483192,1
2021-06-15 07:17:00+00:00,-1,0.0002599473850470879,2.5,1.2140399473850472,DC:1:2021-06-15 07:11:00+00:00,1.21308,1.21401,1.21369,1.21402,2021-06-15 07:00:00+00:00,2021-06-15 07:09:00+00:00,2021-06-15 07:12:00+00:00,2021-06-15 07:14:00+00:00,2021-06-15 07:14:00+00:00,2021-06-15 07:17:00+00:00,5.313389594386418,0.7322834645680979,0.34408602150544565,0.354838709677558,0.00019947385046997475,180.0,1.0,1.3031652240864313,1
2021-06-15 08:59:00+00:00,1,0.00026678159694948356,2.5,1.2130832184030504,DC:-1:2021-06-15 08:51:00+00:00,1.21432,1.21314,1.2134,1.2131,2021-06-15 08:33:00+00:00,2021-06-15 08:47:00+00:00,2021-06-15 08:52:00+00:00,2021-06-15 08:57:00+00:00,2021-06-15 08:57:00+00:00,2021-06-15 08:59:00+00:00,6.516232283460827,0.9076923076906706,0.22033898305079325,0.25423728813557406,0.00016781596949582437,120.0,1.0,1.58972711447537,-1
2021-06-15 11:53:00+00:00,1,0.00028792898918905685,2.5,1.210782071010811,DC:-1:2021-06-15 11:36:00+00:00,1.212,1.2109,1.21136,1.2108,2021-06-15 11:10:00+00:00,2021-06-15 11:30:00+00:00,2021-06-15 11:44:00+00:00,2021-06-15 11:52:00+00:00,2021-06-15 11:47:00+00:00,2021-06-15 11:53:00+00:00,5.6501728176542585,0.6321839080466063,0.4181818181817778,0.5090909090908687,0.00017928989188956718,60.0,0.0,1.605941005120386,-1
2021-06-15 12:41:00+00:00,1,0.0002637918479264645,2.5,1.2106162081520735,DC:-1:2021-06-15 12:37:00+00:00,1.21167,1.21074,1.21107,1.21064,2021-06-15 12:31:00+00:00,2021-06-15 12:34:00+00:00,2021-06-15 12:37:00+00:00,2021-06-15 12:39:00+00:00,2021-06-15 12:38:00+00:00,2021-06-15 12:41:00+00:00,4.625497495488791,0.9999999999997612,0.354838709677558,0.462365591397965,0.00023791847926335708,120.0,0.0,1.1087488821516365,-1
2021-06-15 13:08:00+00:00,-1,0.000337957042789494,2.5,1.2115379570427895,DC:1:2021-06-15 13:04:00+00:00,1.2101,1.2113,1.2109,1.21151,2021-06-15 12:47:00+00:00,2021-06-15 13:02:00+00:00,2021-06-15 13:04:00+00:00,2021-06-15 13:07:00+00:00,2021-06-15 13:05:00+00:00,2021-06-15 13:08:00+00:00,4.638769322606843,0.5454545454545363,0.33333333333327164,0.5083333333332948,0.0002795704278950288,60.0,0.0,1.2088440302290764,1
2021-06-15 18:59:00+00:00,1,0.00023527498085695875,2.5,1.212184725019143,DC:-1:2021-06-15 18:45:00+00:00,1.21288,1.21239,1.21259,1.2122,2021-06-15 18:30:00+00:00,2021-06-15 18:44:00+00:00,2021-06-15 18:46:00+00:00,2021-06-15 18:54:00+00:00,2021-06-15 18:49:00+00:00,2021-06-15 18:59:00+00:00,2.9119902491005094,0.5764705882340864,0.4081632653061779,0.7959183673473642,0.00015274980856840102,300.0,0.0,1.5402636707829531,-1
2021-06-16 01:24:00+00:00,1,0.0002161194929577448,2.5,1.2119338805070423,DC:-1:2021-06-16 01:12:00+00:00,1.21255,1.2121,1.21231,1.21195,2021-06-16 00:55:00+00:00,2021-06-16 01:00:00+00:00,2021-06-16 01:12:00+00:00,2021-06-16 01:20:00+00:00,2021-06-16 01:14:00+00:00,2021-06-16 01:24:00+00:00,2.974643731100124,1.0000000000024671,0.46666666666669954,0.799999999999704,0.00016119492957816447,240.0,0.0,1.3407338154079285,-1
2021-06-16 06:17:00+00:00,1,0.00028881818280090954,2.5,1.2120811818171993,DC:-1:2021-06-16 06:14:00+00:00,1.21305,1.2123,1.21253,1.2121,2021-06-16 05:59:00+00:00,2021-06-16 06:07:00+00:00,2021-06-16 06:14:00+00:00,2021-06-16 06:16:00+00:00,2021-06-16 06:16:00+00:00,2021-06-16 06:17:00+00:00,3.927170237434058,0.7281553398057917,0.30666666666688774,0.5733333333335149,0.00018818182800607093,60.0,1.0,1.5347825337927528,-1
2021-06-16 09:24:00+00:00,1,0.00026820596600640734,2.5,1.2120817940339936,DC:-1:2021-06-16 09:14:00+00:00,1.21289,1.2123,1.21259,1.2121,2021-06-16 08:57:00+00:00,2021-06-16 09:11:00+00:00,2021-06-16 09:18:00+00:00,2021-06-16 09:20:00+00:00,2021-06-16 09:20:00+00:00,2021-06-16 09:24:00+00:00,2.9787198652314175,0.5412844036691286,0.49152542372894753,0.8305084745763158,0.00018205966006240956,240.0,1.0,1.4731762429659985,-1
2021-06-16 13:26:00+00:00,1,0.00025084897879867896,2.5,1.2109791510212013,DC:-1:2021-06-16 13:20:00+00:00,1.21205,1.2111,1.21134,1.211,2021-06-16 13:04:00+00:00,2021-06-16 13:19:00+00:00,2021-06-16 13:20:00+00:00,2021-06-16 13:24:00+00:00,2021-06-16 13:21:00+00:00,2021-06-16 13:26:00+00:00,5.7150930781205025,0.5688622754500684,0.25263157894738564,0.3578947368421102,0.00020848978798818167,120.0,0.0,1.2031715376529541,-1
2021-06-16 14:22:00+00:00,-1,0.00026286818393095324,2.5,1.2125628681839309,DC:1:2021-06-16 14:00:00+00:00,1.21119,1.21241,1.212,1.21254,2021-06-16 13:46:00+00:00,2021-06-16 13:59:00+00:00,2021-06-16 14:03:00+00:00,2021-06-16 14:14:00+00:00,2021-06-16 14:05:00+00:00,2021-06-16 14:22:00+00:00,6.563456986125588,0.9242424242425874,0.3360655737705097,0.4426229508196602,0.00022868183930972554,480.0,0.0,1.149493045553678,1
2021-06-16 14:27:00+00:00,-1,0.0002077161687863427,2.5,1.2126777161687865,DC:1:2021-06-16 14:22:00+00:00,1.212,1.21254,1.2123,1.21266,2021-06-16 14:03:00+00:00,2021-06-16 14:14:00+00:00,2021-06-16 14:22:00+00:00,2021-06-16 14:24:00+00:00,2021-06-16 14:24:00+00:00,2021-06-16 14:27:00+00:00,2.3613593524959,0.6136363636372811,0.4444444444444901,0.6666666666669407,0.0001771616878637285,180.0,1.0,1.1724666393228116,1
2021-06-16 16:47:00+00:00,1,0.00022776883694253236,2.5,1.2111822311630576,DC:-1:2021-06-16 16:33:00+00:00,1.21212,1.2113,1.21164,1.2112,2021-06-16 16:06:00+00:00,2021-06-16 16:24:00+00:00,2021-06-16 16:35:00+00:00,2021-06-16 16:45:00+00:00,2021-06-16 16:38:00+00:00,2021-06-16 16:47:00+00:00,3.858647106665644,0.5000000000005416,0.4146341463414502,0.5365853658536255,0.00017768836942465302,120.0,0.0,1.2818443755212434,-1
2021-06-16 20:05:00+00:00,1,0.0005469987429052026,2.5,1.2004130012570948,DC:-1:2021-06-16 19:51:00+00:00,1.2019799999999998,1.20051,1.20109,1.20046,2021-06-16 19:42:00+00:00,2021-06-16 19:46:00+00:00,2021-06-16 19:51:00+00:00,2021-06-16 20:00:00+00:00,2021-06-16 19:58:00+00:00,2021-06-16 20:05:00+00:00,2.6430658176254744,0.9999999999990937,0.39455782312930615,0.428571428571407,0.0004699874290524528,300.0,0.0,1.1638582419279027,-1
2021-06-16 23:26:00+00:00,1,0.00026701931465122897,2.5,1.1988829806853487,DC:-1:2021-06-16 23:10:00+00:00,1.1997799999999998,1.1991,1.1994,1.1989,2021-06-16 22:59:00+00:00,2021-06-16 23:06:00+00:00,2021-06-16 23:13:00+00:00,2021-06-16 23:23:00+00:00,2021-06-16 23:19:00+00:00,2021-06-16 23:26:00+00:00,4.4753595287141374,0.6938775510187943,0.4411764705883217,0.7352941176472029,0.00017019314651377002,180.0,0.0,1.5689193138551258,-1
2021-06-17 00:42:00+00:00,-1,0.000292124847834474,2.5,1.1994621248478345,DC:1:2021-06-17 00:36:00+00:00,1.19841,1.1994,1.199,1.19944,2021-06-17 00:19:00+00:00,2021-06-17 00:34:00+00:00,2021-06-17 00:36:00+00:00,2021-06-17 00:40:00+00:00,2021-06-17 00:38:00+00:00,2021-06-17 00:42:00+00:00,4.925210741375465,0.6305732484072875,0.4040404040403406,0.44444444444441955,0.00022124847834415737,120.0,0.0,1.3203473760396522,1
2021-06-17 01:01:00+00:00,1,0.00024887044995769436,2.5,1.1987711295500423,DC:-1:2021-06-17 00:57:00+00:00,1.19944,1.1988,1.19909,1.19879,2021-06-17 00:40:00+00:00,2021-06-17 00:54:00+00:00,2021-06-17 00:57:00+00:00,2021-06-17 00:59:00+00:00,2021-06-17 00:58:00+00:00,2021-06-17 01:01:00+00:00,2.9514828814281358,0.6274509803984016,0.4531249999998645,0.46874999999996747,0.0001887044995783896,120.0,0.0,1.318836861408868,-1
2021-06-17 13:43:00+00:00,-1,0.00034793773411734286,2.5,1.1948879377341173,DC:1:2021-06-17 13:37:00+00:00,1.1939,1.1948,1.19445,1.19486,2021-06-17 13:26:00+00:00,2021-06-17 13:34:00+00:00,2021-06-17 13:37:00+00:00,2021-06-17 13:39:00+00:00,2021-06-17 13:39:00+00:00,2021-06-17 13:43:00+00:00,3.61195454462701,0.6923076923094004,0.3888888888889163,0.4555555555555172,0.00027937734117315036,240.0,1.0,1.2454042717147225,1
2021-06-17 17:30:00+00:00,-1,0.0002961617860834931,2.5,1.1912361617860836,DC:1:2021-06-17 17:13:00+00:00,1.1894,1.1912,1.1906,1.19121,2021-06-17 16:56:00+00:00,2021-06-17 17:10:00+00:00,2021-06-17 17:14:00+00:00,2021-06-17 17:27:00+00:00,2021-06-17 17:18:00+00:00,2021-06-17 17:30:00+00:00,7.3710477899695,0.9090909090927136,0.33333333333329224,0.3388888888888841,0.0002616178608344485,180.0,0.0,1.1320396288650336,1
2021-06-17 19:30:00+00:00,1,0.00036066405134649315,2.5,1.1905393359486536,DC:-1:2021-06-17 19:14:00+00:00,1.19136,1.19065,1.1909999999999998,1.19056,2021-06-17 19:02:00+00:00,2021-06-17 19:11:00+00:00,2021-06-17 19:14:00+00:00,2021-06-17 19:23:00+00:00,2021-06-17 19:18:00+00:00,2021-06-17 19:30:00+00:00,3.3762391018849978,0.8554216867464045,0.49295774647867063,0.6197183098588466,0.0002066405134643452,420.0,0.0,1.745369508137251,-1
2021-06-18 00:36:00+00:00,-1,0.00021918415105659506,2.5,1.1912891841510567,DC:1:2021-06-18 00:25:00+00:00,1.1906,1.1912200000000002,1.1909999999999998,1.19127,2021-06-18 00:17:00+00:00,2021-06-18 00:24:00+00:00,2021-06-18 00:25:00+00:00,2021-06-18 00:33:00+00:00,2021-06-18 00:33:00+00:00,2021-06-18 00:36:00+00:00,3.0001659665119917,0.8157894736808583,0.35483870967791614,0.4354838709680423,0.00019184151056701233,180.0,1.0,1.142527237242701,1
2021-06-18 02:52:00+00:00,-1,0.0003581476438867526,2.5,1.1919581476438867,DC:1:2021-06-18 02:40:00+00:00,1.1912,1.19173,1.1915,1.19194,2021-06-18 02:31:00+00:00,2021-06-18 02:35:00+00:00,2021-06-18 02:40:00+00:00,2021-06-18 02:44:00+00:00,2021-06-18 02:41:00+00:00,2021-06-18 02:52:00+00:00,3.215894557492151,0.7260273972593823,0.4339622641509197,0.8301886792454016,0.00018147643886799408,480.0,1.0,1.973521445102133,1
2021-06-18 04:32:00+00:00,1,0.0002119697200722026,2.5,1.1913880302799278,DC:-1:2021-06-18 04:29:00+00:00,1.19187,1.1915,1.19167,1.1914,2021-06-18 04:10:00+00:00,2021-06-18 04:28:00+00:00,2021-06-18 04:29:00+00:00,2021-06-18 04:31:00+00:00,2021-06-18 04:31:00+00:00,2021-06-18 04:32:00+00:00,2.8381778445661996,0.4805194805199112,0.4594594594594919,0.7297297297297459,0.00011969720072267605,60.0,1.0,1.7708828509975838,-1
2021-06-18 05:32:00+00:00,1,0.000310107819174954,2.5,1.189529892180825,DC:-1:2021-06-18 05:24:00+00:00,1.19036,1.1897,1.18991,1.18955,2021-06-18 05:17:00+00:00,2021-06-18 05:21:00+00:00,2021-06-18 05:24:00+00:00,2021-06-18 05:29:00+00:00,2021-06-18 05:27:00+00:00,2021-06-18 05:32:00+00:00,3.423799515973201,1.0000000000003364,0.3181818181818335,0.5454545454543314,0.00020107819175110042,180.0,1.0,1.5422250243766522,-1
2021-06-18 08:52:00+00:00,1,0.0003471893335791343,2.5,1.190992810666421,DC:-1:2021-06-18 08:45:00+00:00,1.19232,1.19127,1.1916,1.19102,2021-06-18 08:30:00+00:00,2021-06-18 08:42:00+00:00,2021-06-18 08:45:00+00:00,2021-06-18 08:50:00+00:00,2021-06-18 08:47:00+00:00,2021-06-18 08:52:00+00:00,3.768790820220584,0.8536585365856256,0.31428571428565993,0.5523809523809786,0.0002718933357910467,120.0,1.0,1.2769321196086743,-1
2021-06-18 16:50:00+00:00,1,0.000259254957399202,2.5,1.1870807450426009,DC:-1:2021-06-18 16:36:00+00:00,1.18822,1.1872,1.18751,1.1871,2021-06-18 16:13:00+00:00,2021-06-18 16:33:00+00:00,2021-06-18 16:36:00+00:00,2021-06-18 16:46:00+00:00,2021-06-18 16:44:00+00:00,2021-06-18 16:50:00+00:00,3.644670491686777,0.6000000000001567,0.3039215686274766,0.4019607843137383,0.000192549573992433,240.0,0.0,1.3464322565023719,-1
2021-06-20 21:28:00+00:00,1,0.00015919404832920314,2.5,1.1856508059516708,DC:-1:2021-06-20 21:18:00+00:00,1.1861,1.18574,1.1858799999999998,1.18566,2021-06-20 21:07:00+00:00,2021-06-20 21:17:00+00:00,2021-06-20 21:18:00+00:00,2021-06-20 21:26:00+00:00,2021-06-20 21:21:00+00:00,2021-06-20 21:28:00+00:00,4.503170622321693,0.69230769231482,0.3888888888884434,0.6111111111109397,9.194048329147404e-05,120.0,1.0,1.7314902274824757,-1
2021-06-21 02:26:00+00:00,-1,0.0003600019974607793,2.5,1.1872400019974607,DC:1:2021-06-21 02:20:00+00:00,1.1861,1.18719,1.18687,1.1872200000000002,2021-06-21 02:04:00+00:00,2021-06-21 02:15:00+00:00,2021-06-21 02:20:00+00:00,2021-06-21 02:24:00+00:00,2021-06-21 02:24:00+00:00,2021-06-21 02:26:00+00:00,5.614881664838944,0.7517241379300481,0.2935779816512528,0.32110091743124874,0.00020001997460450985,120.0,1.0,1.7998302328184697,1
2021-06-21 03:50:00+00:00,1,0.0002709611059632522,2.5,1.1847690388940368,DC:-1:2021-06-21 03:37:00+00:00,1.18585,1.1849,1.18527,1.18479,2021-06-21 03:30:00+00:00,2021-06-21 03:34:00+00:00,2021-06-21 03:38:00+00:00,2021-06-21 03:48:00+00:00,2021-06-21 03:46:00+00:00,2021-06-21 03:50:00+00:00,4.869807363108379,0.9999999999967277,0.38947368421050416,0.5052631578947713,0.00020961105963174514,120.0,1.0,1.29268515907171,-1
2021-06-21 08:03:00+00:00,-1,0.00046432892406111925,2.5,1.1884543289240612,DC:1:2021-06-21 07:52:00+00:00,1.187,1.18826,1.18785,1.18842,2021-06-21 07:40:00+00:00,2021-06-21 07:48:00+00:00,2021-06-21 07:52:00+00:00,2021-06-21 07:56:00+00:00,2021-06-21 07:54:00+00:00,2021-06-21 08:03:00+00:00,3.8469683151740033,0.7411764705868876,0.3253968253968324,0.45238095238090625,0.00034328924061126793,420.0,0.0,1.352588048592276,1
2021-06-21 11:12:00+00:00,1,0.0002689629728491738,2.5,1.189281037027151,DC:-1:2021-06-21 11:05:00+00:00,1.1898,1.18936,1.18956,1.1893,2021-06-21 10:56:00+00:00,2021-06-21 11:02:00+00:00,2021-06-21 11:05:00+00:00,2021-06-21 11:07:00+00:00,2021-06-21 11:07:00+00:00,2021-06-21 11:12:00+00:00,2.2988362331509307,0.9999999999974768,0.4545454545454087,0.5909090909089303,0.0001896297284919131,300.0,1.0,1.4183586876814198,-1
2021-06-21 13:06:00+00:00,-1,0.00031393367786947124,2.5,1.1893439336778695,DC:1:2021-06-21 13:01:00+00:00,1.1886,1.18924,1.189,1.1893200000000002,2021-06-21 12:50:00+00:00,2021-06-21 13:00:00+00:00,2021-06-21 13:01:00+00:00,2021-06-21 13:03:00+00:00,2021-06-21 13:03:00+00:00,2021-06-21 13:06:00+00:00,2.8029469952359634,0.6530612244908178,0.37500000000004335,0.5000000000001735,0.0002393367786940555,180.0,1.0,1.3116817213904806,1
2021-06-21 18:21:00+00:00,-1,0.00024594009431266883,2.5,1.1915459400943127,DC:1:2021-06-21 18:17:00+00:00,1.19103,1.19137,1.1912,1.19153,2021-06-21 18:07:00+00:00,2021-06-21 18:16:00+00:00,2021-06-21 18:17:00+00:00,2021-06-21 18:20:00+00:00,2021-06-21 18:18:00+00:00,2021-06-21 18:21:00+00:00,2.2800485288480563,0.47222222222379845,0.5,0.9705882352939256,0.0001594009431261355,60.0,1.0,1.5429023786769822,1
2021-06-22 03:19:00+00:00,-1,0.00021652814994443936,2.5,1.1912165281499443,DC:1:2021-06-22 03:09:00+00:00,1.19049,1.19106,1.19085,1.1912,2021-06-22 02:55:00+00:00,2021-06-22 03:00:00+00:00,2021-06-22 03:09:00+00:00,2021-06-22 03:17:00+00:00,2021-06-22 03:14:00+00:00,2021-06-22 03:19:00+00:00,2.9105457359309623,0.8260869565189268,0.36842105263168146,0.6140350877194691,0.00016528149944149107,120.0,1.0,1.310056786005196,1
2021-06-22 04:46:00+00:00,1,0.0001731091343528668,2.5,1.1904768908656471,DC:-1:2021-06-22 04:41:00+00:00,1.1911200000000002,1.1906,1.19075,1.19049,2021-06-22 04:22:00+00:00,2021-06-22 04:40:00+00:00,2021-06-22 04:41:00+00:00,2021-06-22 04:45:00+00:00,2021-06-22 04:42:00+00:00,2021-06-22 04:46:00+00:00,4.091934783261806,0.5531914893618177,0.28846153846125105,0.4999999999997865,0.00013109134352936282,60.0,0.0,1.3205230009263924,-1
2021-06-22 06:28:00+00:00,-1,0.00032287499867278413,2.5,1.1899228749986728,DC:1:2021-06-22 06:23:00+00:00,1.18923,1.1897799999999998,1.18953,1.1899,2021-06-22 06:13:00+00:00,2021-06-22 06:19:00+00:00,2021-06-22 06:23:00+00:00,2021-06-22 06:26:00+00:00,2021-06-22 06:26:00+00:00,2021-06-22 06:28:00+00:00,2.307728648948476,0.7971014492724567,0.45454545454534445,0.6727272727274489,0.00022874998672722124,120.0,1.0,1.4114754859321792,1
2021-06-22 09:43:00+00:00,1,0.00032992975813872505,2.5,1.1881600702418613,DC:-1:2021-06-22 09:37:00+00:00,1.18961,1.18831,1.18869,1.18819,2021-06-22 09:19:00+00:00,2021-06-22 09:36:00+00:00,2021-06-22 09:37:00+00:00,2021-06-22 09:42:00+00:00,2021-06-22 09:41:00+00:00,2021-06-22 09:43:00+00:00,5.1430002630036356,0.5803571428570579,0.2923076923077107,0.3846153846153189,0.00029929758138813476,60.0,0.0,1.1023468903708444,-1
2021-06-22 16:32:00+00:00,-1,0.0005091427421026751,2.5,1.1929891427421027,DC:1:2021-06-22 16:24:00+00:00,1.19076,1.19249,1.19211,1.19296,2021-06-22 16:16:00+00:00,2021-06-22 16:23:00+00:00,2021-06-22 16:24:00+00:00,2021-06-22 16:27:00+00:00,2021-06-22 16:26:00+00:00,2021-06-22 16:32:00+00:00,8.168575127335112,0.9999999999988448,0.21965317919077743,0.49132947976879354,0.00029142742102652145,300.0,0.0,1.7470653252507091,1
2021-06-22 18:18:00+00:00,-1,0.00022634444787095198,2.5,1.193936344447871,DC:1:2021-06-22 18:08:00+00:00,1.19326,1.19391,1.1937,1.19392,2021-06-22 17:56:00+00:00,2021-06-22 18:05:00+00:00,2021-06-22 18:08:00+00:00,2021-06-22 18:14:00+00:00,2021-06-22 18:14:00+00:00,2021-06-22 18:18:00+00:00,3.8160534296008244,0.7831325301267124,0.3230769230769704,0.33846153846168564,0.00016344447870911489,240.0,1.0,1.3848399753764782,1
2021-06-22 19:27:00+00:00,1,0.00041534347475002953,2.5,1.19446465652525,DC:-1:2021-06-22 19:19:00+00:00,1.19523,1.1946,1.1949,1.19449,2021-06-22 19:10:00+00:00,2021-06-22 19:18:00+00:00,2021-06-22 19:19:00+00:00,2021-06-22 19:22:00+00:00,2021-06-22 19:22:00+00:00,2021-06-22 19:27:00+00:00,2.5905373652739163,0.6494845360831798,0.476190476190493,0.6507936507937795,0.00025343474750225354,300.0,1.0,1.6388576501189376,-1
2021-06-23 00:39:00+00:00,1,0.00021540712432099873,2.5,1.193174592875679,DC:-1:2021-06-23 00:30:00+00:00,1.19391,1.1933,1.19347,1.19319,2021-06-23 00:11:00+00:00,2021-06-23 00:28:00+00:00,2021-06-23 00:30:00+00:00,2021-06-23 00:38:00+00:00,2021-06-23 00:32:00+00:00,2021-06-23 00:39:00+00:00,3.7491513449683027,0.5700934579446855,0.2786885245901699,0.45901639344271844,0.00015407124320948102,60.0,0.0,1.3981007736020092,-1
2021-06-23 02:04:00+00:00,1,0.00017524404952107275,2.5,1.192274755950479,DC:-1:2021-06-23 01:57:00+00:00,1.19317,1.19241,1.19258,1.19229,2021-06-23 01:31:00+00:00,2021-06-23 01:52:00+00:00,2021-06-23 01:57:00+00:00,2021-06-23 01:59:00+00:00,2021-06-23 01:59:00+00:00,2021-06-23 02:04:00+00:00,4.948770217575066,0.5352112676031979,0.22368421052629273,0.3815789473682442,0.00015244049521039268,300.0,1.0,1.1495898729481786,-1
2021-06-23 03:41:00+00:00,1,0.00017554815007070346,2.5,1.1919844518499294,DC:-1:2021-06-23 03:35:00+00:00,1.19246,1.1921,1.19226,1.192,2021-06-23 03:27:00+00:00,2021-06-23 03:34:00+00:00,2021-06-23 03:35:00+00:00,2021-06-23 03:40:00+00:00,2021-06-23 03:40:00+00:00,2021-06-23 03:41:00+00:00,2.3202713614188286,0.5625000000027756,0.4444444444447186,0.7222222222223593,0.0001554815007061357,60.0,1.0,1.129061330598386,-1
2021-06-23 07:08:00+00:00,1,0.0002723280410186213,2.5,1.1923376719589813,DC:-1:2021-06-23 07:00:00+00:00,1.19367,1.19239,1.19286,1.19236,2021-06-23 06:45:00+00:00,2021-06-23 06:59:00+00:00,2021-06-23 07:02:00+00:00,2021-06-23 07:05:00+00:00,2021-06-23 07:03:00+00:00,2021-06-23 07:08:00+00:00,6.454431201062554,0.780487804882203,0.3671874999999919,0.3906249999999729,0.000223280410188649,180.0,0.0,1.2196683120947875,-1
2021-06-23 07:46:00+00:00,-1,0.00044610499193864506,2.5,1.1936461049919387,DC:1:2021-06-23 07:33:00+00:00,1.19153,1.19356,1.19299,1.19361,2021-06-23 07:17:00+00:00,2021-06-23 07:31:00+00:00,2021-06-23 07:39:00+00:00,2021-06-23 07:43:00+00:00,2021-06-23 07:43:00+00:00,2021-06-23 07:46:00+00:00,7.1422388622857715,0.5988200589958658,0.28078817733988476,0.3054187192118582,0.00036104991938676204,180.0,1.0,1.2355770434635405,1
2021-06-23 08:22:00+00:00,-1,0.0005187734160485569,2.5,1.1945187734160485,DC:1:2021-06-23 08:05:00+00:00,1.19307,1.19436,1.1937799999999998,1.19449,2021-06-23 07:52:00+00:00,2021-06-23 08:02:00+00:00,2021-06-23 08:10:00+00:00,2021-06-23 08:20:00+00:00,2021-06-23 08:17:00+00:00,2021-06-23 08:22:00+00:00,4.153605755692009,0.9555555555565352,0.449612403100962,0.5503875968993822,0.0002877341604835723,120.0,0.0,1.8029608134699577,1
2021-06-23 10:45:00+00:00,-1,0.0001862223444175637,2.5,1.1948862223444177,DC:1:2021-06-23 10:30:00+00:00,1.19367,1.19475,1.19439,1.19487,2021-06-23 10:14:00+00:00,2021-06-23 10:26:00+00:00,2021-06-23 10:35:00+00:00,2021-06-23 10:42:00+00:00,2021-06-23 10:36:00+00:00,2021-06-23 10:45:00+00:00,6.102825467022361,0.9473684210559941,0.3333333333332648,0.4444444444444901,0.0001622234441753602,180.0,0.0,1.147937311799774,1
2021-06-23 10:49:00+00:00,-1,0.0002168387973922048,2.5,1.1949168387973923,DC:1:2021-06-23 10:45:00+00:00,1.19439,1.19487,1.19466,1.1949,2021-06-23 10:35:00+00:00,2021-06-23 10:42:00+00:00,2021-06-23 10:46:00+00:00,2021-06-23 10:48:00+00:00,2021-06-23 10:48:00+00:00,2021-06-23 10:49:00+00:00,2.958881821552043,0.6666666666656387,0.43750000000005784,0.5,0.00016838797392332535,60.0,1.0,1.2877332765518117,1
2021-06-23 11:47:00+00:00,-1,0.00026343660984329276,2.5,1.1950634366098434,DC:1:2021-06-23 11:39:00+00:00,1.1939,1.19495,1.19469,1.19504,2021-06-23 11:32:00+00:00,2021-06-23 11:36:00+00:00,2021-06-23 11:39:00+00:00,2021-06-23 11:45:00+00:00,2021-06-23 11:45:00+00:00,2021-06-23 11:47:00+00:00,4.527446529796244,1.0000000000006344,0.24761904761897915,0.3333333333334038,0.00023436609843309296,120.0,1.0,1.1240388930163416,1
2021-06-23 12:09:00+00:00,1,0.00024062505277888668,2.5,1.1939793749472212,DC:-1:2021-06-23 12:06:00+00:00,1.19504,1.19402,1.19426,1.194,2021-06-23 11:45:00+00:00,2021-06-23 12:01:00+00:00,2021-06-23 12:06:00+00:00,2021-06-23 12:08:00+00:00,2021-06-23 12:08:00+00:00,2021-06-23 12:09:00+00:00,4.371856297425396,0.645569620254392,0.23529411764707162,0.2549019607844546,0.00020625052778836284,60.0,1.0,1.1666639371017566,-1
2021-06-23 15:54:00+00:00,-1,0.00025123612583732857,2.5,1.1948512361258374,DC:1:2021-06-23 15:45:00+00:00,1.1942,1.1947299999999998,1.19449,1.1948299999999998,2021-06-23 15:40:00+00:00,2021-06-23 15:44:00+00:00,2021-06-23 15:45:00+00:00,2021-06-23 15:50:00+00:00,2021-06-23 15:48:00+00:00,2021-06-23 15:54:00+00:00,2.649575682137836,0.9999999999974862,0.4528301886789291,0.6415094339619558,0.00021236125837662855,240.0,1.0,1.183060072999541,1
2021-06-23 18:12:00+00:00,1,0.0001758308155024313,2.5,1.1933641691844976,DC:-1:2021-06-23 18:04:00+00:00,1.19382,1.1934,1.19361,1.19338,2021-06-23 17:54:00+00:00,2021-06-23 18:03:00+00:00,2021-06-23 18:05:00+00:00,2021-06-23 18:08:00+00:00,2021-06-23 18:07:00+00:00,2021-06-23 18:12:00+00:00,2.991734809325639,0.5121951219485249,0.5,0.5476190476188211,0.00015830815502536566,240.0,0.0,1.110687036143261,-1
2021-06-23 19:44:00+00:00,1,0.00030573337614692164,2.5,1.1918842666238532,DC:-1:2021-06-23 19:35:00+00:00,1.19256,1.1921,1.19232,1.1919,2021-06-23 19:25:00+00:00,2021-06-23 19:34:00+00:00,2021-06-23 19:35:00+00:00,2021-06-23 19:43:00+00:00,2021-06-23 19:37:00+00:00,2021-06-23 19:44:00+00:00,3.425041944239181,0.6216216216214513,0.4782608695653223,0.9130434782608066,0.00015733376146729775,60.0,0.0,1.943215323244332,-1
2021-06-24 00:10:00+00:00,-1,0.00018645277977946684,2.5,1.1931864527797795,DC:1:2021-06-24 00:06:00+00:00,1.1927,1.19307,1.1929,1.19317,2021-06-24 00:04:00+00:00,2021-06-24 00:05:00+00:00,2021-06-24 00:07:00+00:00,2021-06-24 00:08:00+00:00,2021-06-24 00:08:00+00:00,2021-06-24 00:10:00+00:00,2.555519745125438,0.9999999999993999,0.4594594594594919,0.7297297297297459,0.0001645277977952913,120.0,1.0,1.1332600464965503,1
2021-06-24 04:12:00+00:00,-1,0.0001945918652246359,2.5,1.1923845918652247,DC:1:2021-06-24 04:04:00+00:00,1.1919,1.19224,1.1921,1.1923700000000002,2021-06-24 03:59:00+00:00,2021-06-24 04:03:00+00:00,2021-06-24 04:04:00+00:00,2021-06-24 04:10:00+00:00,2021-06-24 04:05:00+00:00,2021-06-24 04:12:00+00:00,2.519380164695962,0.8947368421056937,0.41176470588242975,0.7941176470594382,0.00014591865224661775,120.0,1.0,1.333564025082656,1
2021-06-24 06:23:00+00:00,-1,0.0002617656691625836,2.5,1.1931617656691627,DC:1:2021-06-24 06:13:00+00:00,1.1917,1.1929299999999998,1.19249,1.19314,2021-06-24 06:01:00+00:00,2021-06-24 06:11:00+00:00,2021-06-24 06:15:00+00:00,2021-06-24 06:22:00+00:00,2021-06-24 06:20:00+00:00,2021-06-24 06:23:00+00:00,6.436229564878267,0.7639751552813543,0.3577235772356344,0.5284552845529453,0.00021765669162490588,60.0,0.0,1.2026539005457824,1
2021-06-24 08:07:00+00:00,1,0.000443496898876905,2.5,1.1927665031011232,DC:-1:2021-06-24 08:00:00+00:00,1.19421,1.19288,1.19323,1.19279,2021-06-24 07:41:00+00:00,2021-06-24 07:55:00+00:00,2021-06-24 08:00:00+00:00,2021-06-24 08:05:00+00:00,2021-06-24 08:03:00+00:00,2021-06-24 08:07:00+00:00,6.038460855072123,0.7037037037065624,0.26315789473688606,0.3308270676691566,0.00023496898876789076,120.0,1.0,1.887469921892562,-1
2021-06-24 08:34:00+00:00,-1,0.0003767299555128556,2.5,1.1938767299555129,DC:1:2021-06-24 08:26:00+00:00,1.193,1.1938,1.1934,1.19385,2021-06-24 08:15:00+00:00,2021-06-24 08:25:00+00:00,2021-06-24 08:26:00+00:00,2021-06-24 08:30:00+00:00,2021-06-24 08:27:00+00:00,2021-06-24 08:34:00+00:00,3.0990991898001754,0.6557377049217803,0.5,0.5625000000001388,0.00026729955512863336,240.0,0.0,1.4093923775202721,1
2021-06-24 09:01:00+00:00,1,0.0003525939903363806,2.5,1.1923674060096636,DC:-1:2021-06-24 08:54:00+00:00,1.19385,1.1927,1.19307,1.19239,2021-06-24 08:30:00+00:00,2021-06-24 08:49:00+00:00,2021-06-24 08:55:00+00:00,2021-06-24 09:00:00+00:00,2021-06-24 08:58:00+00:00,2021-06-24 09:01:00+00:00,4.257155771366834,0.5502392344500068,0.32173913043477087,0.5913043478261071,0.00022593990336447871,60.0,1.0,1.5605653763938623,-1
2021-06-24 10:36:00+00:00,-1,0.00021872955930390958,2.5,1.194778729559304,DC:1:2021-06-24 10:25:00+00:00,1.1941,1.19462,1.19439,1.19476,2021-06-24 10:13:00+00:00,2021-06-24 10:23:00+00:00,2021-06-24 10:25:00+00:00,2021-06-24 10:33:00+00:00,2021-06-24 10:31:00+00:00,2021-06-24 10:36:00+00:00,2.561332661839699,0.7878787878832838,0.4423076923075363,0.7115384615383219,0.00018729559303891228,180.0,0.0,1.1678307842431008,1
2021-06-24 11:04:00+00:00,1,0.00032977052992433364,2.5,1.1938802294700757,DC:-1:2021-06-24 11:02:00+00:00,1.19456,1.1941,1.19428,1.1939,2021-06-24 10:59:00+00:00,2021-06-24 11:01:00+00:00,2021-06-24 11:02:00+00:00,2021-06-24 11:03:00+00:00,2021-06-24 11:03:00+00:00,2021-06-24 11:04:00+00:00,2.6389404012957316,0.9999999999995173,0.39130434782612894,0.8260869565216132,0.0001977052992439894,60.0,1.0,1.6679903431286467,-1
2021-06-24 12:33:00+00:00,-1,0.0004930957389019941,2.5,1.194683095738902,DC:1:2021-06-24 12:27:00+00:00,1.1934,1.19443,1.1941,1.19466,2021-06-24 12:13:00+00:00,2021-06-24 12:25:00+00:00,2021-06-24 12:27:00+00:00,2021-06-24 12:31:00+00:00,2021-06-24 12:31:00+00:00,2021-06-24 12:33:00+00:00,4.214102462110399,0.6912751677883874,0.32038834951469497,0.5436893203884164,0.00023095738901995476,120.0,1.0,2.135007418443714,1
2021-06-24 13:02:00+00:00,-1,0.0004318821874196299,2.5,1.1956618821874196,DC:1:2021-06-24 12:53:00+00:00,1.19439,1.19554,1.1951,1.19563,2021-06-24 12:46:00+00:00,2021-06-24 12:52:00+00:00,2021-06-24 12:53:00+00:00,2021-06-24 12:56:00+00:00,2021-06-24 12:55:00+00:00,2021-06-24 13:02:00+00:00,4.479170661072456,0.8518518518549465,0.3826086956521756,0.4608695652173275,0.0003188218741964702,360.0,0.0,1.3546190596492373,1
2021-06-24 18:10:00+00:00,-1,0.0002618656123793972,2.5,1.1932918656123794,DC:1:2021-06-24 18:03:00+00:00,1.19266,1.1932,1.193,1.19327,2021-06-24 18:00:00+00:00,2021-06-24 18:02:00+00:00,2021-06-24 18:03:00+00:00,2021-06-24 18:06:00+00:00,2021-06-24 18:06:00+00:00,2021-06-24 18:10:00+00:00,2.83831528922231,0.9999999999983552,0.37037037037033993,0.5,0.00021865612379304644,240.0,1.0,1.197613896362892,1
2021-06-25 01:44:00+00:00,-1,0.00019527995608181747,2.5,1.1944452799560819,DC:1:2021-06-25 01:38:00+00:00,1.1936,1.19436,1.1941,1.19443,2021-06-25 01:19:00+00:00,2021-06-25 01:36:00+00:00,2021-06-25 01:39:00+00:00,2021-06-25 01:41:00+00:00,2021-06-25 01:41:00+00:00,2021-06-25 01:44:00+00:00,5.060638195322832,0.5507246376808096,0.3421052631580485,0.4342105263159509,0.00015279956081738793,180.0,1.0,1.2780138570895385,1
2021-06-25 02:39:00+00:00,1,0.00022320646985751758,2.5,1.1938867935301425,DC:-1:2021-06-25 02:37:00+00:00,1.19435,1.19397,1.19412,1.1939,2021-06-25 02:26:00+00:00,2021-06-25 02:33:00+00:00,2021-06-25 02:37:00+00:00,2021-06-25 02:38:00+00:00,2021-06-25 02:38:00+00:00,2021-06-25 02:39:00+00:00,2.8110322745811422,0.678571428567067,0.39473684210546306,0.5789473684212679,0.00013206469857544693,60.0,1.0,1.6901297035861742,-1
2021-06-25 10:22:00+00:00,1,0.0002603680830737254,2.5,1.1937796319169263,DC:-1:2021-06-25 10:12:00+00:00,1.19445,1.19385,1.19415,1.1938,2021-06-25 09:57:00+00:00,2021-06-25 10:05:00+00:00,2021-06-25 10:14:00+00:00,2021-06-25 10:20:00+00:00,2021-06-25 10:16:00+00:00,2021-06-25 10:22:00+00:00,2.9747635423497454,0.6000000000013322,0.5,0.5833333333335183,0.0002036808307372696,120.0,0.0,1.2783141257390949,-1
2021-06-25 12:30:00+00:00,-1,0.0002597527421634993,2.5,1.1952197527421635,DC:1:2021-06-25 12:22:00+00:00,1.1939,1.19503,1.1948,1.1952,2021-06-25 11:59:00+00:00,2021-06-25 12:16:00+00:00,2021-06-25 12:22:00+00:00,2021-06-25 12:28:00+00:00,2021-06-25 12:23:00+00:00,2021-06-25 12:30:00+00:00,5.57531499387952,0.5207373271890802,0.20353982300879392,0.35398230088489313,0.0001975274216355945,120.0,1.0,1.3150211753520495,1
2021-06-25 16:40:00+00:00,1,0.0002500957796274239,2.5,1.1931799042203726,DC:-1:2021-06-25 16:32:00+00:00,1.1939799999999998,1.19324,1.19348,1.1932,2021-06-25 16:20:00+00:00,2021-06-25 16:31:00+00:00,2021-06-25 16:32:00+00:00,2021-06-25 16:36:00+00:00,2021-06-25 16:36:00+00:00,2021-06-25 16:40:00+00:00,3.9285211457755946,0.578125000000824,0.3243243243244622,0.37837837837858923,0.000200957796275437,240.0,1.0,1.244518920204705,-1
2021-06-27 21:07:00+00:00,1,0.00010412597595754747,2.5,1.1931558740240424,DC:-1:2021-06-27 21:04:00+00:00,1.1936,1.19319,1.1933,1.19316,2021-06-27 20:24:00+00:00,2021-06-27 21:03:00+00:00,2021-06-27 21:04:00+00:00,2021-06-27 21:06:00+00:00,2021-06-27 21:06:00+00:00,2021-06-27 21:07:00+00:00,41.15801095089919,1.0000000000032494,0.26829268292694813,0.34146341463419916,4.1259759575246504e-05,60.0,1.0,2.523668994426645,-1
2021-06-28 01:42:00+00:00,1,0.0003428631587021336,2.5,1.1921671368412978,DC:-1:2021-06-28 01:33:00+00:00,1.19341,1.19229,1.19262,1.19219,2021-06-28 01:22:00+00:00,2021-06-28 01:32:00+00:00,2021-06-28 01:37:00+00:00,2021-06-28 01:39:00+00:00,2021-06-28 01:38:00+00:00,2021-06-28 01:42:00+00:00,5.72088644535657,0.7272727272700664,0.29464285714280225,0.38392857142850595,0.00022863158702195348,180.0,0.0,1.4996316264436875,-1
2021-06-28 06:43:00+00:00,-1,0.00022706246820036746,2.5,1.1932270624682004,DC:1:2021-06-28 06:36:00+00:00,1.19239,1.19316,1.1929,1.19321,2021-06-28 06:17:00+00:00,2021-06-28 06:28:00+00:00,2021-06-28 06:38:00+00:00,2021-06-28 06:41:00+00:00,2021-06-28 06:40:00+00:00,2021-06-28 06:43:00+00:00,4.748049226740376,0.5968992248057359,0.3376623376622703,0.4025974025974775,0.00017062468200261145,120.0,1.0,1.3307715245845395,1
2021-06-28 07:00:00+00:00,-1,0.00024835788408994475,2.5,1.19328835788409,DC:1:2021-06-28 06:55:00+00:00,1.1927,1.1932200000000002,1.193,1.19327,2021-06-28 06:46:00+00:00,2021-06-28 06:52:00+00:00,2021-06-28 06:55:00+00:00,2021-06-28 06:57:00+00:00,2021-06-28 06:57:00+00:00,2021-06-28 07:00:00+00:00,2.8102229071784564,0.999999999997011,0.4230769230770709,0.5192307692306789,0.0001835788409009897,180.0,1.0,1.352867699082448,1
2021-06-28 09:05:00+00:00,-1,0.00035204944804423377,2.5,1.1943020494480443,DC:1:2021-06-28 08:51:00+00:00,1.1931,1.19405,1.19368,1.19428,2021-06-28 08:42:00+00:00,2021-06-28 08:50:00+00:00,2021-06-28 08:54:00+00:00,2021-06-28 09:01:00+00:00,2021-06-28 08:57:00+00:00,2021-06-28 09:05:00+00:00,4.501057133661398,0.8558558558553909,0.38947368421050416,0.6315789473683472,0.0002204944804438895,240.0,1.0,1.596636103250765,1
2021-06-28 09:21:00+00:00,1,0.00027383272707481865,2.5,1.1933661672729252,DC:-1:2021-06-28 09:16:00+00:00,1.1942,1.19351,1.1937799999999998,1.19339,2021-06-28 09:07:00+00:00,2021-06-28 09:13:00+00:00,2021-06-28 09:16:00+00:00,2021-06-28 09:19:00+00:00,2021-06-28 09:17:00+00:00,2021-06-28 09:21:00+00:00,2.874909069787326,0.8117647058789877,0.3913043478258351,0.5652173913043058,0.0002383272707465293,120.0,1.0,1.14897773224639,-1
2021-06-28 10:57:00+00:00,-1,0.0002288056084072121,2.5,1.1938588056084072,DC:1:2021-06-28 10:51:00+00:00,1.1933,1.1937799999999998,1.19356,1.19384,2021-06-28 10:45:00+00:00,2021-06-28 10:50:00+00:00,2021-06-28 10:53:00+00:00,2021-06-28 10:56:00+00:00,2021-06-28 10:56:00+00:00,2021-06-28 10:57:00+00:00,2.9556842395191274,0.5217391304361992,0.4583333333332755,0.5833333333336803,0.00018805608407219593,60.0,1.0,1.2166881467093198,1
2021-06-28 12:51:00+00:00,-1,0.0003488844367012245,2.5,1.1917488844367012,DC:1:2021-06-28 12:35:00+00:00,1.19039,1.1917,1.19119,1.19173,2021-06-28 12:11:00+00:00,2021-06-28 12:32:00+00:00,2021-06-28 12:40:00+00:00,2021-06-28 12:50:00+00:00,2021-06-28 12:47:00+00:00,2021-06-28 12:51:00+00:00,5.682609056570962,0.6328502415459191,0.3893129770992677,0.4122137404580282,0.00018884436701274032,60.0,0.0,1.8474707094529705,1
2021-06-28 18:17:00+00:00,1,0.00021683697017294,2.5,1.191883163029827,DC:-1:2021-06-28 18:08:00+00:00,1.1928299999999998,1.19199,1.19225,1.1919,2021-06-28 17:50:00+00:00,2021-06-28 18:04:00+00:00,2021-06-28 18:08:00+00:00,2021-06-28 18:14:00+00:00,2021-06-28 18:14:00+00:00,2021-06-28 18:17:00+00:00,4.4938692582103155,0.6885245901677237,0.30952380952382214,0.41666666666688695,0.0001683697017303171,180.0,1.0,1.2878621743967593,-1
2021-06-29 02:21:00+00:00,1,0.00035858715648262596,2.5,1.1911814128435174,DC:-1:2021-06-29 02:03:00+00:00,1.19199,1.1914,1.19163,1.1912,2021-06-29 01:50:00+00:00,2021-06-29 02:01:00+00:00,2021-06-29 02:03:00+00:00,2021-06-29 02:16:00+00:00,2021-06-29 02:05:00+00:00,2021-06-29 02:21:00+00:00,3.5125208154228464,0.4957983193288146,0.38983050847443595,0.7288135593218042,0.00018587156482554118,300.0,0.0,1.9292200871025937,-1
2021-06-29 05:41:00+00:00,-1,0.00016431704858210772,2.5,1.191864317048582,DC:1:2021-06-29 05:34:00+00:00,1.1913,1.19181,1.19168,1.19185,2021-06-29 05:27:00+00:00,2021-06-29 05:33:00+00:00,2021-06-29 05:34:00+00:00,2021-06-29 05:38:00+00:00,2021-06-29 05:38:00+00:00,2021-06-29 05:41:00+00:00,4.080789941699842,0.7611940298472887,0.2549019607842369,0.3333333333333333,0.0001431704858193785,180.0,1.0,1.147701969730042,1
2021-06-29 10:36:00+00:00,1,0.00035902250943964376,2.5,1.1899809774905603,DC:-1:2021-06-29 10:27:00+00:00,1.1911200000000002,1.19025,1.19048,1.19,2021-06-29 10:08:00+00:00,2021-06-29 10:25:00+00:00,2021-06-29 10:27:00+00:00,2021-06-29 10:33:00+00:00,2021-06-29 10:32:00+00:00,2021-06-29 10:36:00+00:00,4.365932007299421,0.5209580838310893,0.2643678160918543,0.5517241379309816,0.0001902250943969519,180.0,1.0,1.887356190190418,-1
2021-06-29 12:21:00+00:00,1,0.00032329950032994326,2.5,1.18866670049967,DC:-1:2021-06-29 12:06:00+00:00,1.19069,1.1888,1.1893200000000002,1.18869,2021-06-29 11:37:00+00:00,2021-06-29 12:04:00+00:00,2021-06-29 12:09:00+00:00,2021-06-29 12:17:00+00:00,2021-06-29 12:10:00+00:00,2021-06-29 12:21:00+00:00,7.844685881702483,0.5744680851070234,0.275132275132323,0.33333333333341164,0.00023299500330062483,240.0,0.0,1.3875812603277242,-1
2021-06-29 12:58:00+00:00,1,0.00030912071527389173,2.5,1.1878808792847262,DC:-1:2021-06-29 12:54:00+00:00,1.18862,1.188,1.18822,1.1879,2021-06-29 12:47:00+00:00,2021-06-29 12:51:00+00:00,2021-06-29 12:54:00+00:00,2021-06-29 12:57:00+00:00,2021-06-29 12:56:00+00:00,2021-06-29 12:58:00+00:00,3.4854285746328473,1.0000000000035814,0.354838709677558,0.5161290322581685,0.000191207152737868,60.0,0.0,1.6166796631173899,-1
2021-06-29 15:23:00+00:00,-1,0.00041431431660421403,2.5,1.1910143143166043,DC:1:2021-06-29 14:57:00+00:00,1.18892,1.19076,1.19009,1.19098,2021-06-29 14:52:00+00:00,2021-06-29 14:56:00+00:00,2021-06-29 15:06:00+00:00,2021-06-29 15:21:00+00:00,2021-06-29 15:11:00+00:00,2021-06-29 15:23:00+00:00,6.023807704944847,0.9999999999992759,0.364130434782568,0.4836956521738068,0.00034314316604346263,120.0,0.0,1.207409494355883,1
2021-06-29 15:39:00+00:00,-1,0.0003270355844811057,2.5,1.1911270355844812,DC:1:2021-06-29 15:23:00+00:00,1.19009,1.19098,1.19058,1.1911,2021-06-29 15:06:00+00:00,2021-06-29 15:21:00+00:00,2021-06-29 15:25:00+00:00,2021-06-29 15:30:00+00:00,2021-06-29 15:30:00+00:00,2021-06-29 15:39:00+00:00,2.593669605202359,0.5973154362413257,0.44943820224722464,0.5842696629215417,0.0002703558448120013,540.0,1.0,1.2096486566011475,1
2021-06-29 18:33:00+00:00,-1,0.00025670354375839644,2.5,1.1905467035437585,DC:1:2021-06-29 18:21:00+00:00,1.1896,1.19041,1.1901,1.19053,2021-06-29 18:10:00+00:00,2021-06-29 18:20:00+00:00,2021-06-29 18:22:00+00:00,2021-06-29 18:30:00+00:00,2021-06-29 18:25:00+00:00,2021-06-29 18:33:00+00:00,5.325726467787366,0.952941176478757,0.3827160493827668,0.5308641975310673,0.00016703543758359214,180.0,0.0,1.536820853538521,1
2021-06-29 19:32:00+00:00,1,0.000288617634865318,2.5,1.1893813823651347,DC:-1:2021-06-29 19:08:00+00:00,1.19041,1.18944,1.18974,1.1894,2021-06-29 18:57:00+00:00,2021-06-29 19:06:00+00:00,2021-06-29 19:15:00+00:00,2021-06-29 19:31:00+00:00,2021-06-29 19:17:00+00:00,2021-06-29 19:32:00+00:00,5.407440622889509,0.9065420560728871,0.3092783505154568,0.35051546391756355,0.0001861763486535043,60.0,0.0,1.5502379166457323,-1
2021-06-29 21:21:00+00:00,-1,0.0003359481564766398,2.5,1.1901359481564766,DC:1:2021-06-29 21:19:00+00:00,1.18943,1.1899,1.1897,1.19012,2021-06-29 21:07:00+00:00,2021-06-29 21:13:00+00:00,2021-06-29 21:19:00+00:00,2021-06-29 21:20:00+00:00,2021-06-29 21:20:00+00:00,2021-06-29 21:21:00+00:00,2.729311015131973,0.8245614034988212,0.42553191489359693,0.893617021276837,0.00015948156476480122,60.0,1.0,2.1065015067546295,1
2021-06-30 01:01:00+00:00,1,0.00020740085483383908,2.5,1.1898625991451663,DC:-1:2021-06-30 00:52:00+00:00,1.19046,1.19,1.19022,1.1898799999999998,2021-06-30 00:46:00+00:00,2021-06-30 00:51:00+00:00,2021-06-30 00:52:00+00:00,2021-06-30 00:55:00+00:00,2021-06-30 00:54:00+00:00,2021-06-30 01:01:00+00:00,2.948647071420378,0.884615384624943,0.4782608695653223,0.7391304347829025,0.00017400854833421356,360.0,0.0,1.1919003797186436,-1
2021-06-30 04:57:00+00:00,1,0.00021569930670262139,2.5,1.1897843006932973,DC:-1:2021-06-30 04:52:00+00:00,1.19029,1.1899,1.19008,1.1898,2021-06-30 04:44:00+00:00,2021-06-30 04:47:00+00:00,2021-06-30 04:52:00+00:00,2021-06-30 04:55:00+00:00,2021-06-30 04:55:00+00:00,2021-06-30 04:57:00+00:00,2.4489673202122884,1.000000000001708,0.4615384615385053,0.7179487179486596,0.00015699306702749612,120.0,1.0,1.373941606382168,-1
2021-06-30 10:59:00+00:00,1,0.0003113058272734559,2.5,1.1886086941727265,DC:-1:2021-06-30 10:53:00+00:00,1.18924,1.18872,1.18897,1.18863,2021-06-30 10:35:00+00:00,2021-06-30 10:48:00+00:00,2021-06-30 10:53:00+00:00,2021-06-30 10:58:00+00:00,2021-06-30 10:57:00+00:00,2021-06-30 10:59:00+00:00,2.147923038743959,0.4814814814823572,0.4807692307693211,0.6538461538460717,0.00021305827273616958,60.0,1.0,1.461129968226798,-1
2021-06-30 17:39:00+00:00,1,0.0002440067446662919,2.5,1.1849859932553337,DC:-1:2021-06-30 17:33:00+00:00,1.1856,1.1852,1.18539,1.185,2021-06-30 17:27:00+00:00,2021-06-30 17:32:00+00:00,2021-06-30 17:33:00+00:00,2021-06-30 17:38:00+00:00,2021-06-30 17:38:00+00:00,2021-06-30 17:39:00+00:00,3.0646699143917067,1.0000000000022204,0.47499999999983344,0.9749999999998334,0.000140067446662681,60.0,1.0,1.7420660580321985,-1
2021-06-30 23:45:00+00:00,1,0.00022182333726150638,2.5,1.1853881766627385,DC:-1:2021-06-30 23:37:00+00:00,1.186,1.1855,1.18565,1.1854,2021-06-30 23:19:00+00:00,2021-06-30 23:34:00+00:00,2021-06-30 23:37:00+00:00,2021-06-30 23:44:00+00:00,2021-06-30 23:38:00+00:00,2021-06-30 23:45:00+00:00,4.054297800165376,0.5813953488375395,0.30000000000022203,0.500000000000222,0.00011823337261450963,60.0,0.0,1.8761482680929984,-1
2021-07-01 05:34:00+00:00,1,0.00032462426652446474,2.5,1.1837853757334755,DC:-1:2021-07-01 05:20:00+00:00,1.18478,1.18394,1.18419,1.1838,2021-07-01 05:11:00+00:00,2021-07-01 05:19:00+00:00,2021-07-01 05:23:00+00:00,2021-07-01 05:29:00+00:00,2021-07-01 05:25:00+00:00,2021-07-01 05:34:00+00:00,7.357226931258609,0.7924528301894184,0.2976190476191641,0.4642857142858748,0.00014624266524501222,300.0,1.0,2.2197644304457618,-1
2021-07-01 08:18:00+00:00,1,0.000549818877184638,2.5,1.1841601811228153,DC:-1:2021-07-01 08:11:00+00:00,1.18527,1.18429,1.18477,1.18419,2021-07-01 07:58:00+00:00,2021-07-01 08:07:00+00:00,2021-07-01 08:13:00+00:00,2021-07-01 08:16:00+00:00,2021-07-01 08:15:00+00:00,2021-07-01 08:18:00+00:00,3.2438862907880033,0.7538461538458359,0.48979591836739317,0.5918367346939145,0.000298188771846783,120.0,0.0,1.8438617717878019,-1
2021-07-01 10:39:00+00:00,-1,0.0002406844545750353,2.5,1.185650684454575,DC:1:2021-07-01 10:29:00+00:00,1.1849,1.18558,1.1853,1.18563,2021-07-01 10:15:00+00:00,2021-07-01 10:24:00+00:00,2021-07-01 10:29:00+00:00,2021-07-01 10:34:00+00:00,2021-07-01 10:32:00+00:00,2021-07-01 10:39:00+00:00,2.9937334277273155,0.8095238095270822,0.41176470588242975,0.4852941176469628,0.00020684454575099754,300.0,0.0,1.1636006823441927,1
2021-07-01 11:46:00+00:00,-1,0.00041405068378108645,2.5,1.1875140506837811,DC:1:2021-07-01 11:40:00+00:00,1.1867,1.1873,1.187,1.18749,2021-07-01 11:33:00+00:00,2021-07-01 11:39:00+00:00,2021-07-01 11:40:00+00:00,2021-07-01 11:45:00+00:00,2021-07-01 11:44:00+00:00,2021-07-01 11:46:00+00:00,2.557066972939546,1.0000000000022204,0.5,0.8166666666665556,0.00024050683781251303,60.0,1.0,1.7215755175487335,1
2021-07-01 13:05:00+00:00,-1,0.00028440740081592253,2.5,1.188134407400816,DC:1:2021-07-01 12:55:00+00:00,1.1872,1.1878799999999998,1.1876,1.18811,2021-07-01 12:43:00+00:00,2021-07-01 12:53:00+00:00,2021-07-01 12:55:00+00:00,2021-07-01 13:03:00+00:00,2021-07-01 12:58:00+00:00,2021-07-01 13:05:00+00:00,2.498643745100456,0.6666666666684807,0.4117647058822377,0.7500000000002449,0.0002440740081597212,120.0,1.0,1.16525066704279,1
2021-07-01 13:35:00+00:00,1,0.000374646143660895,2.5,1.1866953538563392,DC:-1:2021-07-01 13:17:00+00:00,1.18811,1.18692,1.18751,1.18672,2021-07-01 13:03:00+00:00,2021-07-01 13:16:00+00:00,2021-07-01 13:26:00+00:00,2021-07-01 13:33:00+00:00,2021-07-01 13:30:00+00:00,2021-07-01 13:35:00+00:00,4.831810331757281,0.7300613496954453,0.49579831932779694,0.6638655462185313,0.00024646143660755844,120.0,0.0,1.5201004620347385,-1
2021-07-01 13:46:00+00:00,1,0.000324160561846476,2.5,1.1864758394381536,DC:-1:2021-07-01 13:35:00+00:00,1.18751,1.18672,1.18709,1.1865,2021-07-01 13:26:00+00:00,2021-07-01 13:33:00+00:00,2021-07-01 13:36:00+00:00,2021-07-01 13:42:00+00:00,2021-07-01 13:39:00+00:00,2021-07-01 13:46:00+00:00,3.2053696143059844,0.9999999999974704,0.4683544303796828,0.7468354430377434,0.00024160561846421955,240.0,0.0,1.3416929784457077,-1
2021-07-01 14:43:00+00:00,1,0.0005284323333225593,2.5,1.1858215676666775,DC:-1:2021-07-01 14:37:00+00:00,1.18682,1.18609,1.18641,1.18585,2021-07-01 14:28:00+00:00,2021-07-01 14:35:00+00:00,2021-07-01 14:37:00+00:00,2021-07-01 14:39:00+00:00,2021-07-01 14:38:00+00:00,2021-07-01 14:43:00+00:00,2.6999948006311887,0.623931623932422,0.4383561643834533,0.7671232876711954,0.0002843233332271815,240.0,0.0,1.8585612630685102,-1
2021-07-01 19:02:00+00:00,1,0.00029736135542068887,2.5,1.1838826386445793,DC:-1:2021-07-01 18:59:00+00:00,1.18451,1.1841,1.18429,1.1839,2021-07-01 18:47:00+00:00,2021-07-01 18:58:00+00:00,2021-07-01 18:59:00+00:00,2021-07-01 19:01:00+00:00,2021-07-01 19:01:00+00:00,2021-07-01 19:02:00+00:00,2.706837132270894,0.5466666666666745,0.4634146341466453,0.9512195121953465,0.00017361355420651914,60.0,1.0,1.7127773046277686,-1
2021-07-02 06:07:00+00:00,1,0.00021572092456434433,2.5,1.1838842790754356,DC:-1:2021-07-02 06:02:00+00:00,1.18472,1.18402,1.18419,1.1839,2021-07-02 05:43:00+00:00,2021-07-02 06:01:00+00:00,2021-07-02 06:02:00+00:00,2021-07-02 06:06:00+00:00,2021-07-02 06:06:00+00:00,2021-07-02 06:07:00+00:00,4.665452963302064,0.5555555555561625,0.24285714285717458,0.41428571428593636,0.00015720924564373038,60.0,1.0,1.3721898078005785,-1
2021-07-02 07:37:00+00:00,1,0.00021850835036829608,2.5,1.1822714916496317,DC:-1:2021-07-02 07:20:00+00:00,1.18319,1.18236,1.1827299999999998,1.18229,2021-07-02 07:04:00+00:00,2021-07-02 07:15:00+00:00,2021-07-02 07:31:00+00:00,2021-07-02 07:35:00+00:00,2021-07-02 07:35:00+00:00,2021-07-02 07:37:00+00:00,3.3499620464223585,0.5570469798655328,0.44578313252989166,0.530120481927511,0.00018508350368292596,120.0,1.0,1.180593332308165,-1
2021-07-02 09:07:00+00:00,1,0.0003022262488336924,2.5,1.1825777737511662,DC:-1:2021-07-02 08:52:00+00:00,1.18333,1.1827,1.18299,1.1826,2021-07-02 08:38:00+00:00,2021-07-02 08:48:00+00:00,2021-07-02 08:52:00+00:00,2021-07-02 09:00:00+00:00,2021-07-02 08:54:00+00:00,2021-07-02 09:07:00+00:00,2.765695178417072,0.5575221238920438,0.4603174603173708,0.6190476190475351,0.00022226248833908662,420.0,0.0,1.359771732477916,-1
2021-07-04 23:01:00+00:00,1,0.0001518149557553361,2.5,1.1857881850442447,DC:-1:2021-07-04 22:54:00+00:00,1.18646,1.1859,1.1860700000000002,1.1858,2021-07-04 22:32:00+00:00,2021-07-04 22:52:00+00:00,2021-07-04 22:54:00+00:00,2021-07-04 22:59:00+00:00,2021-07-04 22:56:00+00:00,2021-07-04 23:01:00+00:00,4.605890483647381,0.5490196078468252,0.30357142857176844,0.48214285714314037,0.00011814955755239184,120.0,0.0,1.2849388427715085,-1
2021-07-05 01:04:00+00:00,1,0.00021320825874737714,2.5,1.1854867917412526,DC:-1:2021-07-05 01:00:00+00:00,1.18604,1.18558,1.18573,1.1855,2021-07-05 00:43:00+00:00,2021-07-05 00:57:00+00:00,2021-07-05 01:00:00+00:00,2021-07-05 01:03:00+00:00,2021-07-05 01:03:00+00:00,2021-07-05 01:04:00+00:00,3.658782949002821,0.5348837209326944,0.32608695652152925,0.5,0.0001320825874735517,60.0,1.0,1.6142041341374394,-1
2021-07-05 02:48:00+00:00,1,0.00018640713971196377,2.5,1.185083592860288,DC:-1:2021-07-05 02:41:00+00:00,1.1857799999999998,1.1852,1.18544,1.1851,2021-07-05 02:15:00+00:00,2021-07-05 02:28:00+00:00,2021-07-05 02:41:00+00:00,2021-07-05 02:46:00+00:00,2021-07-05 02:42:00+00:00,2021-07-05 02:48:00+00:00,3.092606909931404,0.7073170731727527,0.4137931034484475,0.5862068965519354,0.00016407139711972733,120.0,0.0,1.1361342865626813,-1
2021-07-05 08:00:00+00:00,-1,0.000343804192365571,2.5,1.1873438041923656,DC:1:2021-07-05 07:43:00+00:00,1.18536,1.18709,1.18666,1.1873200000000002,2021-07-05 07:27:00+00:00,2021-07-05 07:41:00+00:00,2021-07-05 07:47:00+00:00,2021-07-05 07:59:00+00:00,2021-07-05 07:50:00+00:00,2021-07-05 08:00:00+00:00,7.9246697743243315,0.9664804469313584,0.24855491329475615,0.381502890173469,0.00023804192365571065,60.0,0.0,1.44430101675211,1
2021-07-05 14:22:00+00:00,1,0.00032016582081562106,2.5,1.1854798341791843,DC:-1:2021-07-05 14:14:00+00:00,1.18639,1.18558,1.18584,1.1855,2021-07-05 14:00:00+00:00,2021-07-05 14:12:00+00:00,2021-07-05 14:14:00+00:00,2021-07-05 14:19:00+00:00,2021-07-05 14:18:00+00:00,2021-07-05 14:22:00+00:00,4.102686249616092,0.591240875911777,0.3209876543209064,0.4197530864197734,0.0002016582081558151,180.0,0.0,1.5876657029910668,-1
2021-07-06 00:05:00+00:00,1,0.00021812010989052943,2.5,1.1858818798901094,DC:-1:2021-07-06 00:03:00+00:00,1.18639,1.186,1.18619,1.1859,2021-07-05 23:57:00+00:00,2021-07-06 00:01:00+00:00,2021-07-06 00:03:00+00:00,2021-07-06 00:04:00+00:00,2021-07-06 00:04:00+00:00,2021-07-06 00:05:00+00:00,2.300322879660338,0.8297872340428447,0.48717948717969156,0.7435897435898458,0.0001812010989056647,60.0,1.0,1.2037460656024233,-1
2021-07-06 01:28:00+00:00,1,0.00026164270518935773,2.5,1.1857783572948106,DC:-1:2021-07-06 01:06:00+00:00,1.18639,1.1859,1.18614,1.1858,2021-07-06 00:52:00+00:00,2021-07-06 01:01:00+00:00,2021-07-06 01:06:00+00:00,2021-07-06 01:10:00+00:00,2021-07-06 01:08:00+00:00,2021-07-06 01:28:00+00:00,2.367443674009713,0.515789473684555,0.4897959183672822,0.6938775510202787,0.00021642705189388754,1080.0,0.0,1.2089186767541382,-1
2021-07-06 03:17:00+00:00,-1,0.0002540483835953289,2.5,1.1873540483835954,DC:1:2021-07-06 03:07:00+00:00,1.1865,1.18731,1.187,1.18734,2021-07-06 02:36:00+00:00,2021-07-06 03:04:00+00:00,2021-07-06 03:07:00+00:00,2021-07-06 03:15:00+00:00,2021-07-06 03:09:00+00:00,2021-07-06 03:17:00+00:00,4.987382354401303,0.4792899408314204,0.3827160493827668,0.4197530864197734,0.00014048383595390113,120.0,0.0,1.8083815968599635,1
2021-07-06 03:49:00+00:00,-1,0.00018438784824548193,2.5,1.1875043878482456,DC:1:2021-07-06 03:45:00+00:00,1.1871,1.18744,1.1873,1.18749,2021-07-06 03:39:00+00:00,2021-07-06 03:42:00+00:00,2021-07-06 03:45:00+00:00,2021-07-06 03:46:00+00:00,2021-07-06 03:46:00+00:00,2021-07-06 03:49:00+00:00,2.6155089163121144,0.6800000000015988,0.41176470588242975,0.5588235294114958,0.00014387848245599926,180.0,1.0,1.2815526345426336,1
2021-07-06 07:39:00+00:00,1,0.00020815291188558405,2.5,1.1879818470881145,DC:-1:2021-07-06 07:23:00+00:00,1.18923,1.1881700000000002,1.18866,1.188,2021-07-06 07:01:00+00:00,2021-07-06 07:20:00+00:00,2021-07-06 07:28:00+00:00,2021-07-06 07:38:00+00:00,2021-07-06 07:33:00+00:00,2021-07-06 07:39:00+00:00,5.655998614157309,0.6543209876560334,0.46226415094335277,0.622641509434156,0.00018152911885516856,60.0,0.0,1.1466640349400752,-1
2021-07-06 08:41:00+00:00,1,0.000410979360877306,2.5,1.1843590206391228,DC:-1:2021-07-06 08:27:00+00:00,1.18661,1.18466,1.1851200000000002,1.18439,2021-07-06 08:09:00+00:00,2021-07-06 08:24:00+00:00,2021-07-06 08:27:00+00:00,2021-07-06 08:39:00+00:00,2021-07-06 08:31:00+00:00,2021-07-06 08:41:00+00:00,6.3345777158134675,0.7768924302785645,0.23589743589751355,0.3743589743590555,0.00030979360877316805,120.0,0.0,1.3266231104794242,-1
2021-07-06 11:13:00+00:00,1,0.00021822345731314918,2.5,1.183781776542687,DC:-1:2021-07-06 11:06:00+00:00,1.18458,1.1839,1.18418,1.1838,2021-07-06 10:45:00+00:00,2021-07-06 11:02:00+00:00,2021-07-06 11:06:00+00:00,2021-07-06 11:12:00+00:00,2021-07-06 11:08:00+00:00,2021-07-06 11:13:00+00:00,3.592035337902998,0.5074626865688954,0.41176470588242975,0.5588235294118223,0.0001822345731294813,60.0,0.0,1.197486588662279,-1
2021-07-06 11:44:00+00:00,-1,0.0002606944954608448,2.5,1.184550694495461,DC:1:2021-07-06 11:31:00+00:00,1.1838,1.1845,1.18419,1.18453,2021-07-06 11:22:00+00:00,2021-07-06 11:30:00+00:00,2021-07-06 11:31:00+00:00,2021-07-06 11:41:00+00:00,2021-07-06 11:41:00+00:00,2021-07-06 11:44:00+00:00,3.8672746503834703,0.5223880597006022,0.44285714285709754,0.48571428571419506,0.00020694495460743173,180.0,1.0,1.2597286846416444,1
2021-07-06 13:32:00+00:00,-1,0.0002969716857537108,2.5,1.1831969716857538,DC:1:2021-07-06 13:25:00+00:00,1.18229,1.18313,1.1827299999999998,1.18317,2021-07-06 13:12:00+00:00,2021-07-06 13:23:00+00:00,2021-07-06 13:25:00+00:00,2021-07-06 13:29:00+00:00,2021-07-06 13:29:00+00:00,2021-07-06 13:32:00+00:00,3.0106290670998503,0.6562500000011275,0.47619047619071536,0.5238095238098133,0.0002697168575378792,180.0,1.0,1.1010497766607112,1
2021-07-06 14:17:00+00:00,-1,0.0003706123437843267,2.5,1.1842706123437843,DC:1:2021-07-06 14:11:00+00:00,1.18277,1.18397,1.1835,1.18424,2021-07-06 13:53:00+00:00,2021-07-06 14:08:00+00:00,2021-07-06 14:11:00+00:00,2021-07-06 14:15:00+00:00,2021-07-06 14:14:00+00:00,2021-07-06 14:17:00+00:00,4.652080873753641,0.45801526717609264,0.39166666666668515,0.6166666666667037,0.0003061234378424286,120.0,0.0,1.2106630789083606,1
2021-07-06 17:31:00+00:00,-1,0.00038835282958116224,2.5,1.1819883528295811,DC:1:2021-07-06 17:21:00+00:00,1.181,1.1818,1.18147,1.18197,2021-07-06 16:57:00+00:00,2021-07-06 17:12:00+00:00,2021-07-06 17:21:00+00:00,2021-07-06 17:30:00+00:00,2021-07-06 17:23:00+00:00,2021-07-06 17:31:00+00:00,3.05170839936295,0.7843137254897522,0.4124999999999722,0.625,0.00018352829581150083,60.0,0.0,2.116037899572901,1
2021-07-07 00:44:00+00:00,-1,0.00021909814477449885,2.5,1.1821590981447745,DC:1:2021-07-07 00:35:00+00:00,1.1814,1.18198,1.1817,1.18214,2021-07-07 00:20:00+00:00,2021-07-07 00:32:00+00:00,2021-07-07 00:35:00+00:00,2021-07-07 00:40:00+00:00,2021-07-07 00:37:00+00:00,2021-07-07 00:44:00+00:00,2.944368313507435,0.5799999999972555,0.48275862068973435,0.7586206896551329,0.0001909814477453043,240.0,0.0,1.1472221378627907,1
2021-07-07 01:04:00+00:00,-1,0.0002522895654495372,2.5,1.1821422895654496,DC:1:2021-07-07 00:55:00+00:00,1.1815,1.18202,1.1817799999999998,1.18212,2021-07-07 00:51:00+00:00,2021-07-07 00:54:00+00:00,2021-07-07 00:55:00+00:00,2021-07-07 01:02:00+00:00,2021-07-07 00:59:00+00:00,2021-07-07 01:04:00+00:00,2.5189059870716615,1.0000000000038431,0.4615384615388557,0.6538461538464987,0.000222895654495198,120.0,1.0,1.1318729654954867,1
2021-07-07 13:04:00+00:00,1,0.00033639196145252015,2.5,1.1813336080385475,DC:-1:2021-07-07 12:52:00+00:00,1.18235,1.1816,1.18194,1.18136,2021-07-07 12:45:00+00:00,2021-07-07 12:49:00+00:00,2021-07-07 12:54:00+00:00,2021-07-07 12:58:00+00:00,2021-07-07 12:58:00+00:00,2021-07-07 13:04:00+00:00,2.843970207098518,0.9740259740269328,0.45333333333332543,0.7733333333333373,0.00026391961452453173,360.0,1.0,1.274600078734398,-1
2021-07-07 13:59:00+00:00,1,0.0004184503573410048,2.5,1.180061549642659,DC:-1:2021-07-07 13:45:00+00:00,1.18131,1.18019,1.1806299999999998,1.18009,2021-07-07 13:34:00+00:00,2021-07-07 13:43:00+00:00,2021-07-07 13:47:00+00:00,2021-07-07 13:53:00+00:00,2021-07-07 13:49:00+00:00,2021-07-07 13:59:00+00:00,4.110098751909635,0.7179487179481084,0.3928571428569375,0.4821428571426412,0.000284503573412107,360.0,0.0,1.470808792741855,-1
2021-07-07 18:06:00+00:00,-1,0.0005920416338569545,2.5,1.181682041633857,DC:1:2021-07-07 18:03:00+00:00,1.18002,1.18134,1.1807,1.18165,2021-07-07 18:01:00+00:00,2021-07-07 18:02:00+00:00,2021-07-07 18:03:00+00:00,2021-07-07 18:04:00+00:00,2021-07-07 18:04:00+00:00,2021-07-07 18:06:00+00:00,6.341413902589681,1.0000000000001683,0.48484848484846954,0.7196969696969812,0.0003204163385686102,120.0,1.0,1.8477261069200492,1
2021-07-08 06:12:00+00:00,1,0.00024906255844059366,2.5,1.1800009374415594,DC:-1:2021-07-08 06:06:00+00:00,1.18061,1.18019,1.18039,1.18002,2021-07-08 05:56:00+00:00,2021-07-08 06:01:00+00:00,2021-07-08 06:06:00+00:00,2021-07-08 06:09:00+00:00,2021-07-08 06:07:00+00:00,2021-07-08 06:12:00+00:00,2.1846594840014215,0.5526315789474453,0.4761904761905769,0.8809523809526201,0.0001906255844068383,180.0,1.0,1.3065536780678797,-1
2021-07-08 08:14:00+00:00,1,0.0004968724985836559,2.5,1.1809731275014164,DC:-1:2021-07-08 08:07:00+00:00,1.182,1.18134,1.18165,1.181,2021-07-08 08:00:00+00:00,2021-07-08 08:04:00+00:00,2021-07-08 08:07:00+00:00,2021-07-08 08:13:00+00:00,2021-07-08 08:08:00+00:00,2021-07-08 08:14:00+00:00,2.4687511378588747,1.0,0.46969696969710223,0.9848484848487193,0.00026872498583658237,60.0,1.0,1.8489999991508608,-1
2021-07-08 23:23:00+00:00,1,0.00017270203058283862,2.5,1.1839872979694173,DC:-1:2021-07-08 23:12:00+00:00,1.18443,1.1841,1.18426,1.1840000000000002,2021-07-08 23:06:00+00:00,2021-07-08 23:10:00+00:00,2021-07-08 23:12:00+00:00,2021-07-08 23:21:00+00:00,2021-07-08 23:19:00+00:00,2021-07-08 23:23:00+00:00,2.5384460423737805,1.0000000000060558,0.4848484848487295,0.7878787878781762,0.00012702030582939066,120.0,0.0,1.3596411176556769,-1
2021-07-09 00:50:00+00:00,1,0.0002891559615281203,2.5,1.1836808440384718,DC:-1:2021-07-09 00:45:00+00:00,1.18453,1.1838,1.1840000000000002,1.1837,2021-07-09 00:30:00+00:00,2021-07-09 00:43:00+00:00,2021-07-09 00:45:00+00:00,2021-07-09 00:48:00+00:00,2021-07-09 00:46:00+00:00,2021-07-09 00:50:00+00:00,3.926499695016556,0.5488721804485382,0.2739726027399552,0.4109589041097807,0.000191559615280574,120.0,0.0,1.509482889201874,-1
2021-07-09 06:41:00+00:00,1,0.0003479400908055208,2.5,1.1825720599091945,DC:-1:2021-07-09 06:27:00+00:00,1.18343,1.1829,1.18307,1.18259,2021-07-09 06:20:00+00:00,2021-07-09 06:26:00+00:00,2021-07-09 06:27:00+00:00,2021-07-09 06:38:00+00:00,2021-07-09 06:29:00+00:00,2021-07-09 06:41:00+00:00,3.261108905254452,0.7260273972593823,0.3207547169811874,0.9056603773586961,0.00017940090805501098,180.0,1.0,1.9394555723142128,-1
2021-07-09 08:03:00+00:00,-1,0.0003666556986245961,2.5,1.1845566556986247,DC:1:2021-07-09 07:59:00+00:00,1.1831,1.18422,1.1839,1.18453,2021-07-09 07:47:00+00:00,2021-07-09 07:52:00+00:00,2021-07-09 07:59:00+00:00,2021-07-09 08:02:00+00:00,2021-07-09 08:02:00+00:00,2021-07-09 08:03:00+00:00,4.353162940623355,0.7567567567563472,0.2857142857143707,0.5625000000001115,0.0002665569862461837,60.0,1.0,1.3755246252895594,1
2021-07-09 13:01:00+00:00,-1,0.00031850268750144295,2.5,1.1868685026875014,DC:1:2021-07-09 12:50:00+00:00,1.1861,1.1868,1.18646,1.18685,2021-07-09 12:42:00+00:00,2021-07-09 12:49:00+00:00,2021-07-09 12:51:00+00:00,2021-07-09 13:00:00+00:00,2021-07-09 12:58:00+00:00,2021-07-09 13:01:00+00:00,4.422336134723323,0.7446808510612163,0.48571428571419506,0.5571428571425853,0.00018502687501530972,60.0,0.0,1.7213860822925806,1
2021-07-09 14:47:00+00:00,-1,0.0002294285760331416,2.5,1.1871294285760332,DC:1:2021-07-09 14:40:00+00:00,1.18629,1.18696,1.18668,1.18711,2021-07-09 14:26:00+00:00,2021-07-09 14:36:00+00:00,2021-07-09 14:40:00+00:00,2021-07-09 14:46:00+00:00,2021-07-09 14:43:00+00:00,2021-07-09 14:47:00+00:00,3.216702012323465,0.7882352941276598,0.41791044776131275,0.6417910447763964,0.00019428576033192764,60.0,0.0,1.1808820967690796,1
2021-07-11 22:15:00+00:00,1,0.00027578947450179747,2.5,1.1868442105254984,DC:-1:2021-07-11 22:11:00+00:00,1.18756,1.18696,1.18713,1.18686,2021-07-11 22:00:00+00:00,2021-07-11 22:08:00+00:00,2021-07-11 22:11:00+00:00,2021-07-11 22:14:00+00:00,2021-07-11 22:13:00+00:00,2021-07-11 22:15:00+00:00,4.276649725790052,0.749999999995004,0.28333333333337035,0.450000000000037,0.00015789474501577133,60.0,1.0,1.7466665814258113,-1
2021-07-11 22:31:00+00:00,-1,0.00019664986606349188,2.5,1.1874566498660635,DC:1:2021-07-11 22:20:00+00:00,1.18686,1.18727,1.1871,1.18744,2021-07-11 22:14:00+00:00,2021-07-11 22:19:00+00:00,2021-07-11 22:20:00+00:00,2021-07-11 22:29:00+00:00,2021-07-11 22:21:00+00:00,2021-07-11 22:31:00+00:00,2.545434067689313,1.0000000000032494,0.4146341463414502,0.8292682926829004,0.000166498660634865,120.0,1.0,1.1810897776213896,1
2021-07-12 00:08:00+00:00,-1,0.00017547327376976618,2.5,1.1873454732737698,DC:1:2021-07-11 23:59:00+00:00,1.1869,1.18729,1.1871,1.18733,2021-07-11 23:54:00+00:00,2021-07-11 23:57:00+00:00,2021-07-11 23:59:00+00:00,2021-07-12 00:06:00+00:00,2021-07-12 00:05:00+00:00,2021-07-12 00:08:00+00:00,2.740112500434248,1.0000000000102482,0.4871794871793996,0.5897435897436335,0.00015473273769755783,120.0,0.0,1.1340410334673197,1
2021-07-12 02:01:00+00:00,1,0.00024822890223674676,2.5,1.1868817710977633,DC:-1:2021-07-12 01:52:00+00:00,1.18798,1.18704,1.18724,1.1869,2021-07-12 01:30:00+00:00,2021-07-12 01:49:00+00:00,2021-07-12 01:52:00+00:00,2021-07-12 02:00:00+00:00,2021-07-12 01:54:00+00:00,2021-07-12 02:01:00+00:00,5.182499250212383,0.5053763440877467,0.21276595744679846,0.36170212765960463,0.00018228902236790435,60.0,0.0,1.3617325882397866,-1
2021-07-12 03:20:00+00:00,1,0.00016412850351876784,2.5,1.1868858714964812,DC:-1:2021-07-12 03:00:00+00:00,1.18744,1.187,1.1872,1.1869,2021-07-12 02:45:00+00:00,2021-07-12 02:59:00+00:00,2021-07-12 03:09:00+00:00,2021-07-12 03:19:00+00:00,2021-07-12 03:15:00+00:00,2021-07-12 03:20:00+00:00,3.32937294441841,0.4888888888880939,0.4545454545454087,0.681818181818113,0.00014128503518820638,60.0,0.0,1.1616835661337492,-1
2021-07-12 05:33:00+00:00,1,0.00021126689291506295,2.5,1.186488733107085,DC:-1:2021-07-12 05:29:00+00:00,1.18699,1.1866,1.1867299999999998,1.1865,2021-07-12 05:13:00+00:00,2021-07-12 05:26:00+00:00,2021-07-12 05:29:00+00:00,2021-07-12 05:32:00+00:00,2021-07-12 05:32:00+00:00,2021-07-12 05:33:00+00:00,3.0861848288599396,1.0000000000102482,0.333333333332764,0.5897435897430642,0.00011266892915018317,60.0,1.0,1.875112282583716,-1
2021-07-12 07:31:00+00:00,-1,0.0002932779451370049,2.5,1.187293277945137,DC:1:2021-07-12 07:18:00+00:00,1.1859,1.18715,1.18671,1.18727,2021-07-12 07:02:00+00:00,2021-07-12 07:17:00+00:00,2021-07-12 07:21:00+00:00,2021-07-12 07:29:00+00:00,2021-07-12 07:23:00+00:00,2021-07-12 07:31:00+00:00,6.398924261683195,0.6684491978608552,0.35200000000000425,0.4480000000001023,0.00023277945136930068,120.0,0.0,1.2598961953549945,1
2021-07-12 08:13:00+00:00,-1,0.00036540505090143505,2.5,1.1878754050509015,DC:1:2021-07-12 08:04:00+00:00,1.1871,1.1877799999999998,1.18749,1.18785,2021-07-12 07:57:00+00:00,2021-07-12 07:59:00+00:00,2021-07-12 08:04:00+00:00,2021-07-12 08:08:00+00:00,2021-07-12 08:08:00+00:00,2021-07-12 08:13:00+00:00,2.6399569787655564,1.0000000000009797,0.4264705882352797,0.5294117647062473,0.00025405050901434437,300.0,1.0,1.438316547048537,1
2021-07-12 08:48:00+00:00,1,0.0003038535179307189,2.5,1.1868661464820693,DC:-1:2021-07-12 08:37:00+00:00,1.18793,1.1869,1.18734,1.18689,2021-07-12 08:24:00+00:00,2021-07-12 08:34:00+00:00,2021-07-12 08:39:00+00:00,2021-07-12 08:46:00+00:00,2021-07-12 08:42:00+00:00,2021-07-12 08:48:00+00:00,4.65576408390921,0.7518248175173669,0.4271844660194698,0.43689320388361236,0.00023853517930661955,120.0,0.0,1.273831050052946,-1
2021-07-12 12:41:00+00:00,-1,0.0002522386403800425,2.5,1.18565223864038,DC:1:2021-07-12 12:37:00+00:00,1.185,1.18555,1.1853,1.18563,2021-07-12 12:27:00+00:00,2021-07-12 12:32:00+00:00,2021-07-12 12:37:00+00:00,2021-07-12 12:38:00+00:00,2021-07-12 12:38:00+00:00,2021-07-12 12:41:00+00:00,2.598887222783121,0.901639344259753,0.45454545454556466,0.5999999999998386,0.0002223864037999193,180.0,1.0,1.1342358888404942,1
2021-07-12 14:33:00+00:00,-1,0.0003014676557346885,2.5,1.1869914676557347,DC:1:2021-07-12 14:12:00+00:00,1.186,1.18689,1.1865,1.18697,2021-07-12 13:52:00+00:00,2021-07-12 14:09:00+00:00,2021-07-12 14:26:00+00:00,2021-07-12 14:32:00+00:00,2021-07-12 14:30:00+00:00,2021-07-12 14:33:00+00:00,3.275103886521447,0.5816993464070273,0.4382022471908599,0.5280898876403821,0.00021467655734673608,60.0,1.0,1.4042877315559483,1
2021-07-12 16:22:00+00:00,-1,0.00023737090738729094,2.5,1.1859073709073873,DC:1:2021-07-12 16:03:00+00:00,1.18514,1.1858,1.1855,1.18589,2021-07-12 15:47:00+00:00,2021-07-12 15:58:00+00:00,2021-07-12 16:03:00+00:00,2021-07-12 16:19:00+00:00,2021-07-12 16:05:00+00:00,2021-07-12 16:22:00+00:00,3.758495701728997,0.8918918919040889,0.4545454545454851,0.5909090909093662,0.00017370907387159767,180.0,0.0,1.366485366001956,1
2021-07-13 00:05:00+00:00,-1,0.00022353832227350878,2.5,1.1865135383222736,DC:1:2021-07-12 23:56:00+00:00,1.186,1.18638,1.18619,1.1865,2021-07-12 23:49:00+00:00,2021-07-12 23:52:00+00:00,2021-07-12 23:56:00+00:00,2021-07-13 00:02:00+00:00,2021-07-13 00:01:00+00:00,2021-07-13 00:05:00+00:00,3.2097873503758803,1.0000000000005844,0.49999999999970784,0.8157894736841952,0.00013538322273468978,180.0,1.0,1.651152319749223,1
2021-07-13 04:20:00+00:00,1,0.00021332713881516696,2.5,1.186586672861185,DC:-1:2021-07-13 04:11:00+00:00,1.18717,1.1867,1.18689,1.1866,2021-07-13 03:52:00+00:00,2021-07-13 04:09:00+00:00,2021-07-13 04:12:00+00:00,2021-07-13 04:18:00+00:00,2021-07-13 04:16:00+00:00,2021-07-13 04:20:00+00:00,2.790732894190348,0.5949367088645166,0.4042553191487753,0.6170212765955738,0.0001332713881520498,120.0,0.0,1.6006972072038543,-1
2021-07-13 09:52:00+00:00,1,0.00026040290491780027,2.5,1.1835595970950823,DC:-1:2021-07-13 09:49:00+00:00,1.18456,1.1837,1.1841,1.18358,2021-07-13 09:27:00+00:00,2021-07-13 09:45:00+00:00,2021-07-13 09:49:00+00:00,2021-07-13 09:51:00+00:00,2021-07-13 09:50:00+00:00,2021-07-13 09:52:00+00:00,3.91090406629551,0.4942528735638124,0.46511627906967135,0.6046511627904695,0.00020402904917856345,60.0,0.0,1.2763030851057842,-1
2021-07-13 13:25:00+00:00,1,0.0007276809987639687,2.5,1.179222319001236,DC:-1:2021-07-13 12:59:00+00:00,1.1832200000000002,1.1795,1.18044,1.17928,2021-07-13 12:41:00+00:00,2021-07-13 12:58:00+00:00,2021-07-13 13:03:00+00:00,2021-07-13 13:22:00+00:00,2021-07-13 13:07:00+00:00,2021-07-13 13:25:00+00:00,6.354929060716807,0.7126436781622245,0.2526881720429835,0.31182795698918697,0.0005768099876394964,180.0,0.0,1.2615610241804032,-1
2021-07-13 13:43:00+00:00,-1,0.0009784211481318472,2.5,1.181268421148132,DC:1:2021-07-13 13:28:00+00:00,1.17928,1.18059,1.17998,1.1812200000000002,2021-07-13 13:22:00+00:00,2021-07-13 13:26:00+00:00,2021-07-13 13:28:00+00:00,2021-07-13 13:38:00+00:00,2021-07-13 13:31:00+00:00,2021-07-13 13:43:00+00:00,3.038924386355015,0.9999999999998305,0.46564885496185926,0.9465648854963384,0.0004842114813178134,300.0,0.0,2.0206483858437427,1
2021-07-13 14:33:00+00:00,-1,0.0005049938212793315,2.5,1.1832049938212794,DC:1:2021-07-13 14:25:00+00:00,1.18161,1.18272,1.18229,1.18317,2021-07-13 14:15:00+00:00,2021-07-13 14:22:00+00:00,2021-07-13 14:25:00+00:00,2021-07-13 14:29:00+00:00,2021-07-13 14:28:00+00:00,2021-07-13 14:33:00+00:00,2.863940053421526,0.948717948719248,0.38738738738734413,0.7927927927928252,0.00034993821279396604,240.0,1.0,1.4430942458309286,1
2021-07-13 16:12:00+00:00,1,0.00025166357019834606,2.5,1.1808783364298017,DC:-1:2021-07-13 16:01:00+00:00,1.18167,1.18106,1.1813,1.1809,2021-07-13 15:50:00+00:00,2021-07-13 15:58:00+00:00,2021-07-13 16:01:00+00:00,2021-07-13 16:05:00+00:00,2021-07-13 16:04:00+00:00,2021-07-13 16:12:00+00:00,2.8322972855738353,0.7721518987356288,0.39344262295084953,0.6557377049179611,0.0002166357019835097,420.0,0.0,1.161690191847984,-1
2021-07-14 06:55:00+00:00,-1,0.0002603019436431264,2.5,1.1795603019436431,DC:1:2021-07-14 06:43:00+00:00,1.1786,1.17949,1.1792,1.17954,2021-07-14 06:19:00+00:00,2021-07-14 06:39:00+00:00,2021-07-14 06:43:00+00:00,2021-07-14 06:48:00+00:00,2021-07-14 06:44:00+00:00,2021-07-14 06:55:00+00:00,4.305118245162795,0.45177664974610304,0.32584269662916304,0.38202247191019084,0.00020301943643191055,420.0,0.0,1.2821528234831225,1
2021-07-14 11:05:00+00:00,-1,0.0002782231334346186,2.5,1.1801782231334346,DC:1:2021-07-14 10:56:00+00:00,1.1792,1.17995,1.1797,1.18016,2021-07-14 10:38:00+00:00,2021-07-14 10:54:00+00:00,2021-07-14 10:56:00+00:00,2021-07-14 11:04:00+00:00,2021-07-14 11:03:00+00:00,2021-07-14 11:05:00+00:00,3.795670355763046,0.5033557046978585,0.333333333333432,0.6133333333334794,0.00018223133434452593,60.0,0.0,1.5267579224800654,1
2021-07-14 16:33:00+00:00,-1,0.00041901180006531646,2.5,1.1835190118000654,DC:1:2021-07-14 16:25:00+00:00,1.1826,1.18326,1.183,1.1835,2021-07-14 16:16:00+00:00,2021-07-14 16:22:00+00:00,2021-07-14 16:25:00+00:00,2021-07-14 16:32:00+00:00,2021-07-14 16:26:00+00:00,2021-07-14 16:33:00+00:00,3.966676714722806,0.7173913043499248,0.3939393939393532,0.7575757575758085,0.0001901180006546871,60.0,0.0,2.2039564829338336,1
2021-07-14 20:24:00+00:00,-1,0.00016392722276625804,2.5,1.1837639272227662,DC:1:2021-07-14 20:16:00+00:00,1.1833,1.18367,1.1835,1.18375,2021-07-14 20:02:00+00:00,2021-07-14 20:13:00+00:00,2021-07-14 20:16:00+00:00,2021-07-14 20:22:00+00:00,2021-07-14 20:17:00+00:00,2021-07-14 20:24:00+00:00,2.2856571858774384,0.5692307692274005,0.4594594594594919,0.6756756756759352,0.00013927222766219781,120.0,1.0,1.1770273622955214,1
2021-07-15 02:15:00+00:00,1,0.0003273552125206969,2.5,1.1821726447874794,DC:-1:2021-07-15 02:06:00+00:00,1.1833,1.18239,1.18271,1.18219,2021-07-15 01:43:00+00:00,2021-07-15 02:04:00+00:00,2021-07-15 02:07:00+00:00,2021-07-15 02:14:00+00:00,2021-07-15 02:11:00+00:00,2021-07-15 02:15:00+00:00,5.164407823884886,0.502762430942452,0.35164835164822833,0.571428571428432,0.000173552125206173,60.0,1.0,1.8862068795286253,-1
2021-07-15 03:22:00+00:00,-1,0.00030892472994703546,2.5,1.1828089247299471,DC:1:2021-07-15 03:11:00+00:00,1.1821,1.18261,1.18239,1.18279,2021-07-15 02:59:00+00:00,2021-07-15 03:06:00+00:00,2021-07-15 03:11:00+00:00,2021-07-15 03:20:00+00:00,2021-07-15 03:14:00+00:00,2021-07-15 03:22:00+00:00,2.6974251320679463,0.6623376623383027,0.4313725490193773,0.7843137254900936,0.0001892472994714263,120.0,1.0,1.632386463689955,1
2021-07-15 06:13:00+00:00,-1,0.0002676413005682221,2.5,1.1844776413005682,DC:1:2021-07-15 06:03:00+00:00,1.1839,1.18429,1.1841,1.18446,2021-07-15 05:56:00+00:00,2021-07-15 06:01:00+00:00,2021-07-15 06:03:00+00:00,2021-07-15 06:08:00+00:00,2021-07-15 06:07:00+00:00,2021-07-15 06:13:00+00:00,2.108232232315357,0.951219512190195,0.48717948717969156,0.9230769230770106,0.00017641300568155055,300.0,0.0,1.5171290774975572,1
2021-07-15 07:19:00+00:00,1,0.0003052074678748795,2.5,1.1829747925321252,DC:-1:2021-07-15 07:00:00+00:00,1.18452,1.1831,1.18366,1.183,2021-07-15 06:40:00+00:00,2021-07-15 06:59:00+00:00,2021-07-15 07:03:00+00:00,2021-07-15 07:16:00+00:00,2021-07-15 07:07:00+00:00,2021-07-15 07:19:00+00:00,5.824718106121265,0.7244897959195187,0.39436619718303034,0.4647887323942913,0.0002520746787491024,180.0,0.0,1.210781937279237,-1
2021-07-15 07:32:00+00:00,1,0.0003138954974759578,2.5,1.182756104502524,DC:-1:2021-07-15 07:27:00+00:00,1.18346,1.1829,1.18313,1.18278,2021-07-15 07:21:00+00:00,2021-07-15 07:26:00+00:00,2021-07-15 07:27:00+00:00,2021-07-15 07:31:00+00:00,2021-07-15 07:30:00+00:00,2021-07-15 07:32:00+00:00,2.5053202527639313,0.9999999999996035,0.41071428571427865,0.6250000000002478,0.0002389549747591358,60.0,1.0,1.3136177549446764,-1
2021-07-15 08:09:00+00:00,-1,0.0002529245497668864,2.5,1.1838529245497669,DC:1:2021-07-15 08:01:00+00:00,1.18261,1.18365,1.18337,1.18383,2021-07-15 07:45:00+00:00,2021-07-15 08:00:00+00:00,2021-07-15 08:01:00+00:00,2021-07-15 08:07:00+00:00,2021-07-15 08:02:00+00:00,2021-07-15 08:09:00+00:00,5.08387947146689,0.604651162792445,0.26923076923078565,0.4423076923075363,0.00022924549766836755,120.0,0.0,1.1032912416573326,1
2021-07-15 09:35:00+00:00,-1,0.0002305287150623503,2.5,1.1847905287150624,DC:1:2021-07-15 09:26:00+00:00,1.1840000000000002,1.1846299999999998,1.18439,1.18477,2021-07-15 09:19:00+00:00,2021-07-15 09:23:00+00:00,2021-07-15 09:26:00+00:00,2021-07-15 09:32:00+00:00,2021-07-15 09:31:00+00:00,2021-07-15 09:35:00+00:00,2.9640997874316977,1.0000000000035245,0.3809523809522467,0.603174603174978,0.00020528715062265222,180.0,1.0,1.1229573519976208,1
2021-07-15 10:34:00+00:00,1,0.0003160680073452937,2.5,1.1825739319926547,DC:-1:2021-07-15 10:27:00+00:00,1.18371,1.1827,1.1831,1.1826,2021-07-15 10:10:00+00:00,2021-07-15 10:26:00+00:00,2021-07-15 10:27:00+00:00,2021-07-15 10:30:00+00:00,2021-07-15 10:30:00+00:00,2021-07-15 10:34:00+00:00,4.3381024067813945,0.4879227053131992,0.3960396039603699,0.4950495049504624,0.00026068007345458704,240.0,1.0,1.2124747517395333,-1
2021-07-15 11:15:00+00:00,1,0.00030427256224108135,2.5,1.181675727437759,DC:-1:2021-07-15 11:01:00+00:00,1.18285,1.18175,1.18216,1.1817,2021-07-15 10:42:00+00:00,2021-07-15 11:00:00+00:00,2021-07-15 11:01:00+00:00,2021-07-15 11:10:00+00:00,2021-07-15 11:07:00+00:00,2021-07-15 11:15:00+00:00,4.463004175657889,0.5238095238098007,0.3727272727273333,0.4181818181819797,0.00024272562240983077,300.0,0.0,1.2535658955993179,-1
2021-07-16 09:01:00+00:00,-1,0.0004031658274661343,2.5,1.1818031658274661,DC:1:2021-07-16 08:49:00+00:00,1.18056,1.18149,1.1812,1.1817799999999998,2021-07-16 08:37:00+00:00,2021-07-16 08:46:00+00:00,2021-07-16 08:49:00+00:00,2021-07-16 08:59:00+00:00,2021-07-16 08:52:00+00:00,2021-07-16 09:01:00+00:00,3.933574497872388,0.9587628865989907,0.31182795698918314,0.6236559139783663,0.00023165827466279274,120.0,1.0,1.7403471905028731,1
2021-07-16 10:53:00+00:00,1,0.0002584251700197271,2.5,1.1800715748299804,DC:-1:2021-07-16 10:35:00+00:00,1.1820700000000002,1.18019,1.18065,1.18009,2021-07-16 09:57:00+00:00,2021-07-16 10:33:00+00:00,2021-07-16 10:42:00+00:00,2021-07-16 10:52:00+00:00,2021-07-16 10:48:00+00:00,2021-07-16 10:53:00+00:00,7.732553890449802,0.537142857142503,0.24468085106376572,0.297872340425459,0.00018425170019621041,60.0,0.0,1.4025659993613575,-1
2021-07-16 12:22:00+00:00,-1,0.0003128292544656297,2.5,1.1805028292544657,DC:1:2021-07-16 12:17:00+00:00,1.1795,1.18034,1.18,1.18048,2021-07-16 12:07:00+00:00,2021-07-16 12:16:00+00:00,2021-07-16 12:17:00+00:00,2021-07-16 12:20:00+00:00,2021-07-16 12:19:00+00:00,2021-07-16 12:22:00+00:00,4.5604043588487295,0.6999999999995189,0.40476190476193624,0.571428571428647,0.00022829254465780242,120.0,0.0,1.3702999146754573,1
2021-07-16 13:36:00+00:00,-1,0.0003367968572918212,2.5,1.1812867968572918,DC:1:2021-07-16 13:22:00+00:00,1.1799,1.18121,1.18061,1.18126,2021-07-16 13:04:00+00:00,2021-07-16 13:19:00+00:00,2021-07-16 13:27:00+00:00,2021-07-16 13:33:00+00:00,2021-07-16 13:29:00+00:00,2021-07-16 13:36:00+00:00,5.0691069987776665,0.6453201970428607,0.4580152671756411,0.49618320610684563,0.00026796857291794723,180.0,0.0,1.2568520764371476,1
2021-07-16 14:16:00+00:00,1,0.00030579562471810817,2.5,1.179674204375282,DC:-1:2021-07-16 14:10:00+00:00,1.18069,1.1798,1.18009,1.1797,2021-07-16 13:57:00+00:00,2021-07-16 14:09:00+00:00,2021-07-16 14:10:00+00:00,2021-07-16 14:14:00+00:00,2021-07-16 14:13:00+00:00,2021-07-16 14:16:00+00:00,3.70526381729846,0.5266272189360619,0.32584269662933124,0.43820224719110934,0.0002579562471802945,120.0,1.0,1.185455394318778,-1
2021-07-16 15:13:00+00:00,-1,0.0003028047200541728,2.5,1.1810928047200542,DC:1:2021-07-16 15:03:00+00:00,1.17992,1.18097,1.1806,1.18107,2021-07-16 14:50:00+00:00,2021-07-16 15:01:00+00:00,2021-07-16 15:05:00+00:00,2021-07-16 15:07:00+00:00,2021-07-16 15:07:00+00:00,2021-07-16 15:13:00+00:00,3.9737733566816384,0.9130434782615832,0.35238095238093625,0.44761904761902144,0.00022804720054102367,360.0,1.0,1.3278159930742097,1
2021-07-16 15:38:00+00:00,-1,0.00036177349751165266,2.5,1.1811617734975117,DC:1:2021-07-16 15:30:00+00:00,1.18034,1.1810200000000002,1.1807,1.18114,2021-07-16 15:17:00+00:00,2021-07-16 15:28:00+00:00,2021-07-16 15:30:00+00:00,2021-07-16 15:35:00+00:00,2021-07-16 15:34:00+00:00,2021-07-16 15:38:00+00:00,3.0369409769544204,0.7391304347794502,0.47058823529409843,0.6470588235291813,0.00021773497511728217,180.0,0.0,1.6615313975937245,1
2021-07-16 16:51:00+00:00,1,0.00020661879718453235,2.5,1.1803433812028155,DC:-1:2021-07-16 16:41:00+00:00,1.18131,1.1805,1.18076,1.18036,2021-07-16 16:16:00+00:00,2021-07-16 16:40:00+00:00,2021-07-16 16:41:00+00:00,2021-07-16 16:47:00+00:00,2021-07-16 16:46:00+00:00,2021-07-16 16:51:00+00:00,4.062752049447835,0.4682080924878772,0.3209876543209064,0.49382716049378655,0.00016618797184538546,240.0,0.0,1.2432837039299216,-1
2021-07-16 17:20:00+00:00,-1,0.00021629292221603258,2.5,1.181616292922216,DC:1:2021-07-16 17:09:00+00:00,1.18036,1.18141,1.1812,1.1816,2021-07-16 16:47:00+00:00,2021-07-16 17:07:00+00:00,2021-07-16 17:09:00+00:00,2021-07-16 17:18:00+00:00,2021-07-16 17:15:00+00:00,2021-07-16 17:20:00+00:00,6.101263005541864,0.6363636363616911,0.20000000000004228,0.3809523809523407,0.0001629292221613856,120.0,0.0,1.3275268815914978,1
2021-07-18 21:26:00+00:00,1,0.00017218508032823543,2.5,1.1805778149196717,DC:-1:2021-07-18 21:23:00+00:00,1.181,1.18062,1.1808,1.18059,2021-07-18 21:17:00+00:00,2021-07-18 21:22:00+00:00,2021-07-18 21:24:00+00:00,2021-07-18 21:25:00+00:00,2021-07-18 21:25:00+00:00,2021-07-18 21:26:00+00:00,3.459584915711265,1.0000000000005844,0.47368421052643883,0.5526315789474145,0.00012185080328226894,60.0,1.0,1.4130812082491282,-1
2021-07-19 01:17:00+00:00,-1,0.00018613063196948332,2.5,1.1805761306319695,DC:1:2021-07-19 01:12:00+00:00,1.18009,1.18048,1.18029,1.18056,2021-07-19 01:00:00+00:00,2021-07-19 01:11:00+00:00,2021-07-19 01:12:00+00:00,2021-07-19 01:16:00+00:00,2021-07-19 01:14:00+00:00,2021-07-19 01:17:00+00:00,2.1493268434548956,0.5652173913023051,0.4871794871793996,0.6923076923078675,0.00016130631969440303,60.0,0.0,1.1538954724285464,1
2021-07-19 02:56:00+00:00,-1,0.00018507720791882676,2.5,1.180375077207919,DC:1:2021-07-19 02:47:00+00:00,1.1799,1.18024,1.18009,1.18036,2021-07-19 02:42:00+00:00,2021-07-19 02:45:00+00:00,2021-07-19 02:47:00+00:00,2021-07-19 02:54:00+00:00,2021-07-19 02:49:00+00:00,2021-07-19 02:56:00+00:00,2.5747643181649713,0.7083333333287074,0.44117647058785114,0.7941176470587851,0.00015077207918859755,120.0,1.0,1.2275297184654306,1
2021-07-19 05:54:00+00:00,1,0.00018628543214682658,2.5,1.1800737145678533,DC:-1:2021-07-19 05:45:00+00:00,1.18079,1.18019,1.18034,1.18009,2021-07-19 05:35:00+00:00,2021-07-19 05:44:00+00:00,2021-07-19 05:45:00+00:00,2021-07-19 05:53:00+00:00,2021-07-19 05:49:00+00:00,2021-07-19 05:54:00+00:00,4.065015386962203,0.8571428571447604,0.24999999999981495,0.4166666666664816,0.00016285432146905635,60.0,1.0,1.1438777335867156,-1
2021-07-19 12:20:00+00:00,1,0.0003255307234548699,2.5,1.176354469276545,DC:-1:2021-07-19 12:07:00+00:00,1.17755,1.1766,1.17692,1.17638,2021-07-19 11:49:00+00:00,2021-07-19 12:05:00+00:00,2021-07-19 12:07:00+00:00,2021-07-19 12:16:00+00:00,2021-07-19 12:08:00+00:00,2021-07-19 12:20:00+00:00,3.8691243388402397,0.45023696682501463,0.33684210526302505,0.5684210526315593,0.0002553072345490694,240.0,0.0,1.2750548335609493,-1
2021-07-19 18:50:00+00:00,1,0.0002660268164724755,2.5,1.1794839731835276,DC:-1:2021-07-19 18:47:00+00:00,1.18016,1.1796,1.17985,1.1795,2021-07-19 18:29:00+00:00,2021-07-19 18:43:00+00:00,2021-07-19 18:47:00+00:00,2021-07-19 18:49:00+00:00,2021-07-19 18:49:00+00:00,2021-07-19 18:50:00+00:00,3.3741796379424436,0.5833333333317914,0.4464285714286281,0.625,0.00016026816472349223,60.0,1.0,1.6598855857084702,-1
2021-07-20 05:45:00+00:00,1,0.0001536759290416967,2.5,1.1779863240709583,DC:-1:2021-07-20 05:22:00+00:00,1.17907,1.17809,1.17833,1.178,2021-07-20 04:52:00+00:00,2021-07-20 05:20:00+00:00,2021-07-20 05:31:00+00:00,2021-07-20 05:44:00+00:00,2021-07-20 05:38:00+00:00,2021-07-20 05:45:00+00:00,6.242069189369532,0.4666666666685347,0.24489795918369658,0.3367346938777244,0.00013675929041651944,60.0,0.0,1.1236964492405253,-1
2021-07-20 06:04:00+00:00,-1,0.00023574129074921402,2.5,1.1784257412907493,DC:1:2021-07-20 05:58:00+00:00,1.1779,1.17826,1.17809,1.17841,2021-07-20 05:47:00+00:00,2021-07-20 05:57:00+00:00,2021-07-20 05:58:00+00:00,2021-07-20 06:00:00+00:00,2021-07-20 05:59:00+00:00,2021-07-20 06:04:00+00:00,2.3252503328234297,0.486486486488741,0.4722222222220509,0.8888888888882036,0.0001574129074940568,240.0,1.0,1.497598224326773,1
2021-07-20 12:46:00+00:00,1,0.0004950804439740608,2.5,1.176534919556026,DC:-1:2021-07-20 12:30:00+00:00,1.17785,1.17659,1.17721,1.17656,2021-07-20 12:12:00+00:00,2021-07-20 12:22:00+00:00,2021-07-20 12:38:00+00:00,2021-07-20 12:42:00+00:00,2021-07-20 12:40:00+00:00,2021-07-20 12:46:00+00:00,4.375919062572794,0.8873239436622912,0.49206349206352845,0.5158730158730312,0.00025080443974039994,240.0,0.0,1.973970016186729,-1
2021-07-20 13:37:00+00:00,1,0.0005267838251887813,2.5,1.1756232161748112,DC:-1:2021-07-20 13:23:00+00:00,1.17724,1.17585,1.1761700000000002,1.17565,2021-07-20 13:00:00+00:00,2021-07-20 13:21:00+00:00,2021-07-20 13:28:00+00:00,2021-07-20 13:33:00+00:00,2021-07-20 13:30:00+00:00,2021-07-20 13:37:00+00:00,5.513375868481279,0.5408560311286941,0.2302158273381996,0.37410071942451445,0.0002678382518884607,240.0,0.0,1.966798325013548,-1
2021-07-20 13:58:00+00:00,-1,0.0005717309445940622,2.5,1.1774717309445941,DC:1:2021-07-20 13:52:00+00:00,1.17574,1.1774,1.1767,1.17744,2021-07-20 13:41:00+00:00,2021-07-20 13:50:00+00:00,2021-07-20 13:54:00+00:00,2021-07-20 13:57:00+00:00,2021-07-20 13:56:00+00:00,2021-07-20 13:58:00+00:00,6.058269115257777,0.8924731182792606,0.4216867469879067,0.44578313253009955,0.00031730944594051156,60.0,0.0,1.8018087766011508,1
2021-07-20 15:07:00+00:00,-1,0.00042262043206187094,2.5,1.176512620432062,DC:1:2021-07-20 15:02:00+00:00,1.17563,1.17645,1.17605,1.17648,2021-07-20 14:56:00+00:00,2021-07-20 15:00:00+00:00,2021-07-20 15:02:00+00:00,2021-07-20 15:04:00+00:00,2021-07-20 15:04:00+00:00,2021-07-20 15:07:00+00:00,2.588386269532955,0.9999999999989169,0.4878048780487012,0.5243902439023268,0.00032620432061979864,180.0,1.0,1.2955696946590978,1
2021-07-20 15:46:00+00:00,-1,0.0003163501850997896,2.5,1.1768463501850999,DC:1:2021-07-20 15:32:00+00:00,1.17567,1.1767,1.17626,1.17682,2021-07-20 15:17:00+00:00,2021-07-20 15:29:00+00:00,2021-07-20 15:36:00+00:00,2021-07-20 15:43:00+00:00,2021-07-20 15:38:00+00:00,2021-07-20 15:46:00+00:00,3.600925712302935,0.8110236220507904,0.4271844660193777,0.543689320388201,0.000263501850999297,180.0,0.0,1.2005615288851752,1
2021-07-20 16:15:00+00:00,-1,0.0002625663117470367,2.5,1.1779425663117469,DC:1:2021-07-20 16:06:00+00:00,1.17653,1.1777799999999998,1.1774,1.17792,2021-07-20 15:46:00+00:00,2021-07-20 16:04:00+00:00,2021-07-20 16:06:00+00:00,2021-07-20 16:09:00+00:00,2021-07-20 16:07:00+00:00,2021-07-20 16:15:00+00:00,5.084455032559033,0.7485029940099092,0.30399999999992044,0.41600000000014353,0.00022566311746823644,360.0,0.0,1.1635322364275793,1
2021-07-21 00:12:00+00:00,1,0.00026297538290953604,2.5,1.1776870246170905,DC:-1:2021-07-21 00:08:00+00:00,1.17819,1.1778,1.1779700000000002,1.1777,2021-07-21 00:02:00+00:00,2021-07-21 00:07:00+00:00,2021-07-21 00:08:00+00:00,2021-07-21 00:10:00+00:00,2021-07-21 00:10:00+00:00,2021-07-21 00:12:00+00:00,3.392623099683781,1.000000000001708,0.43589743589788843,0.6923076923080427,0.00012975382909424487,120.0,1.0,2.0267254133866643,-1
2021-07-21 10:12:00+00:00,-1,0.0003206689310908395,2.5,1.1776206689310909,DC:1:2021-07-21 10:00:00+00:00,1.1768,1.17734,1.1771,1.1776,2021-07-21 09:56:00+00:00,2021-07-21 09:58:00+00:00,2021-07-21 10:00:00+00:00,2021-07-21 10:11:00+00:00,2021-07-21 10:02:00+00:00,2021-07-21 10:12:00+00:00,2.855759798376199,0.9999999999983552,0.4444444444444901,0.9259259259258498,0.00020668931090817084,60.0,1.0,1.551453869006841,1
2021-07-21 12:07:00+00:00,1,0.00020848428568664978,2.5,1.1766815157143133,DC:-1:2021-07-21 11:59:00+00:00,1.17775,1.1768,1.17709,1.1767,2021-07-21 11:39:00+00:00,2021-07-21 11:53:00+00:00,2021-07-21 11:59:00+00:00,2021-07-21 12:05:00+00:00,2021-07-21 12:01:00+00:00,2021-07-21 12:07:00+00:00,4.652579107656901,0.8119658119669702,0.30526315789463104,0.4105263157893556,0.00018484285686813897,120.0,0.0,1.1279001483696818,-1
2021-07-21 15:00:00+00:00,1,0.00048356984371178413,2.5,1.1784664301562882,DC:-1:2021-07-21 14:54:00+00:00,1.17981,1.1786,1.17907,1.1785,2021-07-21 14:48:00+00:00,2021-07-21 14:53:00+00:00,2021-07-21 14:54:00+00:00,2021-07-21 14:58:00+00:00,2021-07-21 14:56:00+00:00,2021-07-21 15:00:00+00:00,4.426477428323278,1.000000000002569,0.3884297520661127,0.4710743801652817,0.0003356984371196829,120.0,0.0,1.4404888144873378,-1
2021-07-21 19:03:00+00:00,-1,0.00023783494931528537,2.5,1.1800378349493152,DC:1:2021-07-21 18:55:00+00:00,1.17933,1.17994,1.1797,1.18002,2021-07-21 18:44:00+00:00,2021-07-21 18:54:00+00:00,2021-07-21 18:55:00+00:00,2021-07-21 19:00:00+00:00,2021-07-21 18:56:00+00:00,2021-07-21 19:03:00+00:00,3.8371294856827856,0.6853932584310254,0.39344262295084953,0.5245901639345874,0.00017834949315234536,180.0,0.0,1.3335330822169917,1
2021-07-21 20:32:00+00:00,1,0.00021693024389679572,2.5,1.1790830697561032,DC:-1:2021-07-21 20:26:00+00:00,1.17987,1.1792,1.17941,1.1791,2021-07-21 20:10:00+00:00,2021-07-21 20:24:00+00:00,2021-07-21 20:26:00+00:00,2021-07-21 20:29:00+00:00,2021-07-21 20:28:00+00:00,2021-07-21 20:32:00+00:00,4.139498501984663,0.5726495726486026,0.3134328358209846,0.4626865671642632,0.0001693024389691928,180.0,0.0,1.2813178901472857,-1
2021-07-22 08:27:00+00:00,1,0.00031344506096386837,2.5,1.1779765549390362,DC:-1:2021-07-22 08:19:00+00:00,1.17905,1.17808,1.17835,1.178,2021-07-22 08:05:00+00:00,2021-07-22 08:14:00+00:00,2021-07-22 08:19:00+00:00,2021-07-22 08:25:00+00:00,2021-07-22 08:24:00+00:00,2021-07-22 08:27:00+00:00,3.7547454736736205,0.6598639455792331,0.278350515463934,0.3608247422681474,0.00023445060963720927,120.0,0.0,1.3369342969459357,-1
2021-07-22 09:57:00+00:00,1,0.00018637967718815318,2.5,1.1793836203228119,DC:-1:2021-07-22 09:50:00+00:00,1.1799,1.1795,1.1797,1.1794,2021-07-22 09:38:00+00:00,2021-07-22 09:47:00+00:00,2021-07-22 09:50:00+00:00,2021-07-22 09:56:00+00:00,2021-07-22 09:53:00+00:00,2021-07-22 09:57:00+00:00,2.1069795504225897,0.7999999999960921,0.5,0.75,0.00016379677188203029,60.0,0.0,1.1378714918898862,-1
2021-07-22 11:41:00+00:00,-1,0.0002843971406396584,2.5,1.1796643971406398,DC:1:2021-07-22 11:28:00+00:00,1.17879,1.17954,1.1793,1.17964,2021-07-22 11:19:00+00:00,2021-07-22 11:27:00+00:00,2021-07-22 11:28:00+00:00,2021-07-22 11:36:00+00:00,2021-07-22 11:33:00+00:00,2021-07-22 11:41:00+00:00,3.2380859248970455,0.7281553398032802,0.32000000000001183,0.45333333333332543,0.0002439714063967883,300.0,1.0,1.1656986564119025,1
2021-07-22 13:33:00+00:00,-1,0.0006741878622968933,2.5,1.1830141878622968,DC:1:2021-07-22 13:23:00+00:00,1.18175,1.18278,1.18229,1.18297,2021-07-22 13:13:00+00:00,2021-07-22 13:18:00+00:00,2021-07-22 13:23:00+00:00,2021-07-22 13:29:00+00:00,2021-07-22 13:26:00+00:00,2021-07-22 13:33:00+00:00,2.1576476108911415,0.9999999999963352,0.47572815533975144,0.6601941747573821,0.00044187862296839387,240.0,1.0,1.5257308845762285,1
2021-07-22 16:15:00+00:00,1,0.00033530472772858033,2.5,1.1763546952722714,DC:-1:2021-07-22 16:02:00+00:00,1.1772,1.17639,1.1767,1.17638,2021-07-22 15:57:00+00:00,2021-07-22 16:01:00+00:00,2021-07-22 16:03:00+00:00,2021-07-22 16:08:00+00:00,2021-07-22 16:04:00+00:00,2021-07-22 16:15:00+00:00,3.60942772615466,1.0000000000027414,0.3827160493827668,0.3950617283951937,0.0002530472772849614,420.0,0.0,1.3250675183159044,-1
2021-07-22 17:39:00+00:00,1,0.000266170071292704,2.5,1.1756838299287073,DC:-1:2021-07-22 17:23:00+00:00,1.1765,1.1758,1.17599,1.1757,2021-07-22 17:13:00+00:00,2021-07-22 17:21:00+00:00,2021-07-22 17:23:00+00:00,2021-07-22 17:37:00+00:00,2021-07-22 17:37:00+00:00,2021-07-22 17:39:00+00:00,3.981708507735426,0.6730769230772515,0.27142857142870735,0.4142857142858049,0.00016170071292639403,120.0,1.0,1.6460661581242644,-1
2021-07-22 18:02:00+00:00,-1,0.00018536339815899971,2.5,1.176375363398159,DC:1:2021-07-22 17:58:00+00:00,1.1757,1.17633,1.17609,1.17636,2021-07-22 17:37:00+00:00,2021-07-22 17:52:00+00:00,2021-07-22 17:59:00+00:00,2021-07-22 18:01:00+00:00,2021-07-22 18:01:00+00:00,2021-07-22 18:02:00+00:00,3.7085194680983684,0.4809160305317892,0.3809523809523306,0.42857142857132785,0.00015363398158986695,60.0,1.0,1.206526031811347,1
2021-07-22 20:15:00+00:00,1,0.00019481008367949748,2.5,1.1765851899163204,DC:-1:2021-07-22 20:04:00+00:00,1.1775,1.17668,1.17694,1.1766,2021-07-22 19:41:00+00:00,2021-07-22 20:02:00+00:00,2021-07-22 20:05:00+00:00,2021-07-22 20:13:00+00:00,2021-07-22 20:11:00+00:00,2021-07-22 20:15:00+00:00,6.030292235348081,0.6406250000047271,0.3170731707318724,0.4146341463414502,0.00014810083679707133,120.0,0.0,1.3153881361685178,-1
2021-07-22 22:49:00+00:00,1,0.0001753489567777322,2.5,1.1770846510432222,DC:-1:2021-07-22 22:32:00+00:00,1.1776,1.1772,1.1774,1.1771,2021-07-22 22:22:00+00:00,2021-07-22 22:29:00+00:00,2021-07-22 22:32:00+00:00,2021-07-22 22:47:00+00:00,2021-07-22 22:44:00+00:00,2021-07-22 22:49:00+00:00,2.0862977724283955,1.0000000000022204,0.5,0.75,0.0001534895677768738,120.0,1.0,1.1424161219388875,-1
2021-07-23 08:04:00+00:00,-1,0.0003696477053742875,2.5,1.1778496477053744,DC:1:2021-07-23 07:52:00+00:00,1.17684,1.1776799999999998,1.1773,1.17782,2021-07-23 07:46:00+00:00,2021-07-23 07:51:00+00:00,2021-07-23 07:52:00+00:00,2021-07-23 08:01:00+00:00,2021-07-23 07:55:00+00:00,2021-07-23 08:04:00+00:00,3.3338754418346586,0.9999999999952419,0.45238095238088943,0.6190476190479086,0.00029647705374195095,180.0,0.0,1.2468003871086197,1
2021-07-23 09:54:00+00:00,-1,0.000291635364482401,2.5,1.1769216353644822,DC:1:2021-07-23 09:44:00+00:00,1.17619,1.17686,1.1766,1.1769,2021-07-23 09:31:00+00:00,2021-07-23 09:40:00+00:00,2021-07-23 09:45:00+00:00,2021-07-23 09:49:00+00:00,2021-07-23 09:47:00+00:00,2021-07-23 09:54:00+00:00,2.800337605939611,0.6261682242998529,0.38805970149245816,0.4477611940298359,0.0002163536448226197,300.0,1.0,1.3479567895493603,1
2021-07-23 12:49:00+00:00,-1,0.000371384720220691,2.5,1.1779313847202206,DC:1:2021-07-23 12:42:00+00:00,1.17629,1.1775799999999998,1.1772,1.17791,2021-07-23 12:11:00+00:00,2021-07-23 12:32:00+00:00,2021-07-23 12:42:00+00:00,2021-07-23 12:46:00+00:00,2021-07-23 12:43:00+00:00,2021-07-23 12:49:00+00:00,4.929886659938164,0.6056338028205382,0.29457364341076464,0.5503875968993048,0.00021384720220682748,180.0,0.0,1.7366826237992925,1
2021-07-25 22:32:00+00:00,-1,0.0002075546975384146,2.5,1.1774075546975384,DC:1:2021-07-25 22:00:00+00:00,1.17678,1.1773,1.17704,1.17739,2021-07-25 21:53:00+00:00,2021-07-25 21:59:00+00:00,2021-07-25 22:00:00+00:00,2021-07-25 22:21:00+00:00,2021-07-25 22:06:00+00:00,2021-07-25 22:32:00+00:00,3.1031788726039857,0.6666666666707469,0.4999999999997865,0.6730769230765371,0.0001755469753855097,660.0,0.0,1.182331379293858,1
2021-07-26 09:45:00+00:00,-1,0.00031094309640256057,2.5,1.1795109430964026,DC:1:2021-07-26 09:29:00+00:00,1.17819,1.17926,1.1789,1.17949,2021-07-26 09:03:00+00:00,2021-07-26 09:27:00+00:00,2021-07-26 09:29:00+00:00,2021-07-26 09:36:00+00:00,2021-07-26 09:30:00+00:00,2021-07-26 09:45:00+00:00,4.287718669749901,0.5023474178417529,0.33644859813079264,0.5514018691588048,0.00020943096402573205,540.0,0.0,1.4847045079941288,1
2021-07-26 16:31:00+00:00,1,0.00029615451608333565,2.5,1.1805838454839166,DC:-1:2021-07-26 16:26:00+00:00,1.1811,1.18072,1.1809,1.1806,2021-07-26 16:16:00+00:00,2021-07-26 16:22:00+00:00,2021-07-26 16:26:00+00:00,2021-07-26 16:30:00+00:00,2021-07-26 16:30:00+00:00,2021-07-26 16:31:00+00:00,2.225625626513031,0.7600000000018652,0.47368421052643883,0.7894736842103418,0.00016154516083402695,60.0,1.0,1.8332614518091794,-1
2021-07-27 11:51:00+00:00,-1,0.0002078448723887849,2.5,1.1798178448723888,DC:1:2021-07-27 11:45:00+00:00,1.1789,1.1796799999999998,1.1794,1.1798,2021-07-27 11:30:00+00:00,2021-07-27 11:43:00+00:00,2021-07-27 11:45:00+00:00,2021-07-27 11:47:00+00:00,2021-07-27 11:46:00+00:00,2021-07-27 11:51:00+00:00,4.201588873198251,0.9069767441864067,0.3589743589742495,0.5128205128206004,0.00017844872388926626,240.0,0.0,1.164731626311657,1
2021-07-27 12:48:00+00:00,-1,0.00033253565417457054,2.5,1.1816325356541746,DC:1:2021-07-27 12:33:00+00:00,1.1809,1.18151,1.18124,1.18161,2021-07-27 12:21:00+00:00,2021-07-27 12:32:00+00:00,2021-07-27 12:33:00+00:00,2021-07-27 12:36:00+00:00,2021-07-27 12:36:00+00:00,2021-07-27 12:48:00+00:00,2.5901796186999593,0.603960396039099,0.4426229508196602,0.6065573770491505,0.0002253565417458008,720.0,1.0,1.4755979640017123,1
2021-07-27 17:02:00+00:00,-1,0.00022924435972848656,2.5,1.1836292443597285,DC:1:2021-07-27 16:41:00+00:00,1.1827,1.18355,1.1832,1.18361,2021-07-27 16:21:00+00:00,2021-07-27 16:40:00+00:00,2021-07-27 16:52:00+00:00,2021-07-27 17:00:00+00:00,2021-07-27 16:54:00+00:00,2021-07-27 17:02:00+00:00,4.035709637133864,0.5862068965495116,0.41176470588242975,0.48235294117648597,0.00019244359728360887,120.0,0.0,1.1912288221813039,1
2021-07-27 18:44:00+00:00,1,0.00020373331456613464,2.5,1.1824862666854339,DC:-1:2021-07-27 18:42:00+00:00,1.18334,1.1826,1.18275,1.1825,2021-07-27 18:21:00+00:00,2021-07-27 18:41:00+00:00,2021-07-27 18:42:00+00:00,2021-07-27 18:43:00+00:00,2021-07-27 18:43:00+00:00,2021-07-27 18:44:00+00:00,5.046883435150936,0.7400000000016875,0.2027027027025405,0.3378378378376675,0.00013733314566164302,60.0,1.0,1.4834970362368762,-1
2021-07-27 19:30:00+00:00,1,0.00027416419420522864,2.5,1.1818858358057949,DC:-1:2021-07-27 19:18:00+00:00,1.1826299999999998,1.18195,1.18219,1.1819,2021-07-27 18:56:00+00:00,2021-07-27 19:14:00+00:00,2021-07-27 19:21:00+00:00,2021-07-27 19:29:00+00:00,2021-07-27 19:24:00+00:00,2021-07-27 19:30:00+00:00,4.05660835897449,0.5074626865687297,0.3529411764707227,0.42647058823560624,0.00014164194204993222,60.0,0.0,1.9356144813983072,-1
2021-07-28 02:13:00+00:00,1,0.00020667876028390708,2.5,1.181733321239716,DC:-1:2021-07-28 02:06:00+00:00,1.18229,1.1818,1.18199,1.18175,2021-07-28 01:56:00+00:00,2021-07-28 02:05:00+00:00,2021-07-28 02:06:00+00:00,2021-07-28 02:09:00+00:00,2021-07-28 02:09:00+00:00,2021-07-28 02:13:00+00:00,3.121555440171701,0.7101449275340119,0.38775510204101055,0.4897959183672822,0.0001667876028395282,240.0,1.0,1.239173396375026,-1
2021-07-28 03:07:00+00:00,-1,0.0002247072462517874,2.5,1.1826147072462518,DC:1:2021-07-28 03:01:00+00:00,1.1821,1.18248,1.18229,1.1826,2021-07-28 02:56:00+00:00,2021-07-28 03:00:00+00:00,2021-07-28 03:01:00+00:00,2021-07-28 03:05:00+00:00,2021-07-28 03:02:00+00:00,2021-07-28 03:07:00+00:00,3.2424375427520937,0.6551724137939087,0.49999999999970784,0.8157894736841952,0.000147072462516581,120.0,0.0,1.5278675722618966,1
2021-07-28 06:53:00+00:00,1,0.00031972534228974503,2.5,1.1803702746577103,DC:-1:2021-07-28 06:44:00+00:00,1.1816799999999998,1.1806,1.1811200000000002,1.18039,2021-07-28 06:26:00+00:00,2021-07-28 06:42:00+00:00,2021-07-28 06:45:00+00:00,2021-07-28 06:49:00+00:00,2021-07-28 06:46:00+00:00,2021-07-28 06:53:00+00:00,6.344138652041727,0.7105263157912959,0.48148148148166425,0.6759259259261944,0.00019725342289875878,240.0,0.0,1.620886155439977,-1
2021-07-28 14:59:00+00:00,-1,0.0005912085371733156,2.5,1.1804012085371733,DC:1:2021-07-28 14:47:00+00:00,1.1787,1.17985,1.17958,1.18038,2021-07-28 14:24:00+00:00,2021-07-28 14:44:00+00:00,2021-07-28 14:47:00+00:00,2021-07-28 14:55:00+00:00,2021-07-28 14:51:00+00:00,2021-07-28 14:59:00+00:00,4.939785790374366,0.545023696681066,0.23478260869564882,0.6956521739129763,0.00021208537173327707,240.0,1.0,2.7875969584400737,1
2021-07-28 15:48:00+00:00,-1,0.0003548978281795456,2.5,1.1811148978281796,DC:1:2021-07-28 15:35:00+00:00,1.18019,1.181,1.1806,1.18109,2021-07-28 15:21:00+00:00,2021-07-28 15:33:00+00:00,2021-07-28 15:36:00+00:00,2021-07-28 15:46:00+00:00,2021-07-28 15:41:00+00:00,2021-07-28 15:48:00+00:00,2.6756281594758806,0.648000000002413,0.49382716049378655,0.6049382716048063,0.00024897828179526097,120.0,0.0,1.4254168099343865,1
2021-07-28 17:42:00+00:00,1,0.0002446630345602774,2.5,1.1810853369654397,DC:-1:2021-07-28 17:22:00+00:00,1.1817799999999998,1.1812,1.18149,1.1811,2021-07-28 17:15:00+00:00,2021-07-28 17:21:00+00:00,2021-07-28 17:28:00+00:00,2021-07-28 17:40:00+00:00,2021-07-28 17:34:00+00:00,2021-07-28 17:42:00+00:00,3.5783221979372355,0.7837837837830863,0.5,0.6724137931034879,0.00014663034560234427,120.0,0.0,1.6685702646012572,-1
2021-07-28 18:51:00+00:00,-1,0.000998181901240791,2.5,1.1842881819012407,DC:1:2021-07-28 18:43:00+00:00,1.18024,1.18344,1.1827299999999998,1.18422,2021-07-28 18:36:00+00:00,2021-07-28 18:41:00+00:00,2021-07-28 18:43:00+00:00,2021-07-28 18:49:00+00:00,2021-07-28 18:47:00+00:00,2021-07-28 18:51:00+00:00,5.365774838752596,0.9999999999990286,0.2218750000000594,0.46562500000005336,0.0006818190124068588,120.0,1.0,1.4639983383818438,1
2021-07-29 02:02:00+00:00,-1,0.0001860442961687525,2.5,1.1849860442961688,DC:1:2021-07-29 01:56:00+00:00,1.1845,1.18488,1.1847,1.18497,2021-07-29 01:41:00+00:00,2021-07-29 01:55:00+00:00,2021-07-29 01:56:00+00:00,2021-07-29 01:59:00+00:00,2021-07-29 01:57:00+00:00,2021-07-29 02:02:00+00:00,2.269001313072242,0.4634146341476095,0.47368421052613124,0.7105263157897812,0.0001604429616867032,180.0,1.0,1.1595665787573841,1
2021-07-29 06:51:00+00:00,1,0.00022742502093486827,2.5,1.1850825749790652,DC:-1:2021-07-29 06:46:00+00:00,1.1858,1.1852,1.18549,1.1851,2021-07-29 06:38:00+00:00,2021-07-29 06:45:00+00:00,2021-07-29 06:47:00+00:00,2021-07-29 06:50:00+00:00,2021-07-29 06:49:00+00:00,2021-07-29 06:51:00+00:00,3.6004858611935284,1.0000000000022204,0.4833333333332223,0.649999999999889,0.0001742502093476155,60.0,0.0,1.3051635449181767,-1
2021-07-29 08:57:00+00:00,1,0.0004019838450937119,2.5,1.1871480161549064,DC:-1:2021-07-29 08:50:00+00:00,1.18785,1.1873,1.18756,1.18717,2021-07-29 08:42:00+00:00,2021-07-29 08:49:00+00:00,2021-07-29 08:50:00+00:00,2021-07-29 08:55:00+00:00,2021-07-29 08:51:00+00:00,2021-07-29 08:57:00+00:00,2.600180089847364,0.6962025316406811,0.4727272727270966,0.7090909090906449,0.00021983845093599872,120.0,0.0,1.8285420197522266,-1
2021-07-29 09:06:00+00:00,-1,0.0002922711202630879,2.5,1.1877022711202632,DC:1:2021-07-29 09:02:00+00:00,1.18717,1.18763,1.1874,1.1876799999999998,2021-07-29 08:55:00+00:00,2021-07-29 09:00:00+00:00,2021-07-29 09:02:00+00:00,2021-07-29 09:04:00+00:00,2021-07-29 09:04:00+00:00,2021-07-29 09:06:00+00:00,2.0818658377583352,0.8214285714334428,0.5,0.6086956521736822,0.00022271120263264257,120.0,1.0,1.312332369491008,1
2021-07-29 10:19:00+00:00,-1,0.0002188828802747178,2.5,1.1879188828802747,DC:1:2021-07-29 10:09:00+00:00,1.1872,1.18781,1.18754,1.1879,2021-07-29 09:59:00+00:00,2021-07-29 10:07:00+00:00,2021-07-29 10:11:00+00:00,2021-07-29 10:18:00+00:00,2021-07-29 10:17:00+00:00,2021-07-29 10:19:00+00:00,3.225828903165635,0.6288659793822173,0.4426229508196602,0.5901639344260923,0.0001888288027472844,60.0,0.0,1.1591604516375382,1
2021-07-29 17:37:00+00:00,-1,0.00027817578698563494,2.5,1.1887681757869857,DC:1:2021-07-29 17:31:00+00:00,1.188,1.18866,1.18839,1.18875,2021-07-29 17:05:00+00:00,2021-07-29 17:20:00+00:00,2021-07-29 17:31:00+00:00,2021-07-29 17:33:00+00:00,2021-07-29 17:32:00+00:00,2021-07-29 17:37:00+00:00,3.0976184444721175,0.46478873239459306,0.4090909090908326,0.5454545454543314,0.00018175786985717886,240.0,0.0,1.530474510975613,1
2021-07-30 00:07:00+00:00,1,0.0001535331706463694,2.5,1.1888664668293536,DC:-1:2021-07-29 23:57:00+00:00,1.18937,1.1889,1.1891,1.18888,2021-07-29 23:46:00+00:00,2021-07-29 23:55:00+00:00,2021-07-30 00:03:00+00:00,2021-07-30 00:05:00+00:00,2021-07-30 00:05:00+00:00,2021-07-30 00:07:00+00:00,3.7766392311991615,0.8245614035193787,0.42553191489359693,0.4680851063832401,0.00013533170646410364,120.0,1.0,1.1344951944952653,-1
2021-07-30 01:05:00+00:00,1,0.00022453893053731022,2.5,1.1879854610694627,DC:-1:2021-07-30 00:57:00+00:00,1.1888,1.18819,1.18836,1.188,2021-07-30 00:38:00+00:00,2021-07-30 00:51:00+00:00,2021-07-30 00:57:00+00:00,2021-07-30 01:03:00+00:00,2021-07-30 00:59:00+00:00,2021-07-30 01:05:00+00:00,4.2471786867833705,0.5922330097086876,0.2786885245901699,0.5901639344264563,0.00014538930537302092,120.0,0.0,1.5443978493549957,-1
2021-07-30 02:39:00+00:00,-1,0.0002556230767700729,2.5,1.1884456230767702,DC:1:2021-07-30 02:29:00+00:00,1.1878,1.1882700000000002,1.1881,1.18843,2021-07-30 02:14:00+00:00,2021-07-30 02:28:00+00:00,2021-07-30 02:29:00+00:00,2021-07-30 02:38:00+00:00,2021-07-30 02:30:00+00:00,2021-07-30 02:39:00+00:00,3.0183281121301473,0.465346534656541,0.36170212765990617,0.7021276595745284,0.00015623076770006017,60.0,0.0,1.6361890844755445,1
2021-07-30 06:12:00+00:00,-1,0.00018398882967107788,2.5,1.188183988829671,DC:1:2021-07-30 06:06:00+00:00,1.1874,1.1880700000000002,1.1878,1.1881700000000002,2021-07-30 05:48:00+00:00,2021-07-30 06:01:00+00:00,2021-07-30 06:06:00+00:00,2021-07-30 06:10:00+00:00,2021-07-30 06:07:00+00:00,2021-07-30 06:12:00+00:00,4.990636483614047,0.7204301075240654,0.40298507462708333,0.5522388059703125,0.00013988829670847543,120.0,0.0,1.3152553430149136,1
2021-07-30 06:52:00+00:00,-1,0.00027147767968704883,2.5,1.1884614776796871,DC:1:2021-07-30 06:46:00+00:00,1.18755,1.18834,1.1881,1.18844,2021-07-30 06:34:00+00:00,2021-07-30 06:44:00+00:00,2021-07-30 06:46:00+00:00,2021-07-30 06:48:00+00:00,2021-07-30 06:47:00+00:00,2021-07-30 06:52:00+00:00,4.025950835108506,0.6638655462177253,0.3037974683545122,0.43037974683553554,0.00021477679687139273,240.0,0.0,1.2639991081048123,1
2021-07-30 12:06:00+00:00,1,0.0004935260312213252,2.5,1.1882664739687787,DC:-1:2021-07-30 11:50:00+00:00,1.19005,1.18849,1.1891,1.18829,2021-07-30 11:21:00+00:00,2021-07-30 11:49:00+00:00,2021-07-30 11:54:00+00:00,2021-07-30 11:59:00+00:00,2021-07-30 11:56:00+00:00,2021-07-30 12:06:00+00:00,7.215162120254534,0.4936708860763247,0.3910256410256392,0.5192307692307528,0.0002352603122129445,420.0,0.0,2.0977870282456013,-1
2021-07-30 13:11:00+00:00,1,0.0004347724936921704,2.5,1.1876452275063079,DC:-1:2021-07-30 12:57:00+00:00,1.18877,1.1877,1.18809,1.18767,2021-07-30 12:43:00+00:00,2021-07-30 12:52:00+00:00,2021-07-30 13:03:00+00:00,2021-07-30 13:06:00+00:00,2021-07-30 13:05:00+00:00,2021-07-30 13:11:00+00:00,4.138589566092078,0.6993464052277101,0.36448598130847326,0.3925233644860162,0.000247724936921694,300.0,0.0,1.755061477034919,-1
2021-07-30 13:53:00+00:00,-1,0.00032626754667886004,2.5,1.188586267546679,DC:1:2021-07-30 13:47:00+00:00,1.1874,1.18844,1.1881,1.18856,2021-07-30 13:33:00+00:00,2021-07-30 13:46:00+00:00,2021-07-30 13:47:00+00:00,2021-07-30 13:48:00+00:00,2021-07-30 13:48:00+00:00,2021-07-30 13:53:00+00:00,3.767169715195546,0.8253968253954351,0.3269230769231057,0.4423076923078442,0.0002626754667899683,300.0,1.0,1.2420937161205812,1
2021-07-30 14:31:00+00:00,1,0.0004744079158367498,2.5,1.1864655920841634,DC:-1:2021-07-30 14:25:00+00:00,1.18826,1.18663,1.1872200000000002,1.1865,2021-07-30 14:09:00+00:00,2021-07-30 14:22:00+00:00,2021-07-30 14:25:00+00:00,2021-07-30 14:28:00+00:00,2021-07-30 14:28:00+00:00,2021-07-30 14:31:00+00:00,4.985043158085195,0.6342412451356563,0.36196319018410006,0.44171779141107054,0.0003440791583681998,180.0,1.0,1.3787755064463536,-1
2021-08-01 23:24:00+00:00,1,0.0001726635027339274,2.5,1.186177336497266,DC:-1:2021-08-01 23:19:00+00:00,1.18656,1.18629,1.18642,1.18619,2021-08-01 23:15:00+00:00,2021-08-01 23:17:00+00:00,2021-08-01 23:19:00+00:00,2021-08-01 23:23:00+00:00,2021-08-01 23:20:00+00:00,2021-08-01 23:24:00+00:00,2.315638287657819,0.9999999999983552,0.48148148148135966,0.8518518518516995,0.00012663502733978272,60.0,0.0,1.3634734904004298,-1
2021-08-02 01:50:00+00:00,1,0.00023523810237513487,2.5,1.185984761897625,DC:-1:2021-08-02 01:39:00+00:00,1.18689,1.1861,1.18646,1.186,2021-08-02 01:15:00+00:00,2021-08-02 01:38:00+00:00,2021-08-02 01:41:00+00:00,2021-08-02 01:49:00+00:00,2021-08-02 01:46:00+00:00,2021-08-02 01:50:00+00:00,4.821632299603953,0.5231788079496386,0.4556962025317808,0.5822784810127685,0.000152381023750809,60.0,0.0,1.5437493237991582,-1
2021-08-02 08:27:00+00:00,-1,0.00030097636322135024,2.5,1.1887909763632214,DC:1:2021-08-02 08:21:00+00:00,1.18819,1.18868,1.18846,1.18877,2021-08-02 08:15:00+00:00,2021-08-02 08:19:00+00:00,2021-08-02 08:21:00+00:00,2021-08-02 08:24:00+00:00,2021-08-02 08:24:00+00:00,2021-08-02 08:27:00+00:00,2.5160451588171058,0.8596491228072021,0.44897959183661446,0.6326530612247118,0.0002097636322127088,180.0,1.0,1.4348357722760448,1
2021-08-02 08:44:00+00:00,1,0.0003622312867037625,2.5,1.1879777687132962,DC:-1:2021-08-02 08:42:00+00:00,1.18878,1.1881,1.18839,1.188,2021-08-02 08:33:00+00:00,2021-08-02 08:41:00+00:00,2021-08-02 08:42:00+00:00,2021-08-02 08:43:00+00:00,2021-08-02 08:43:00+00:00,2021-08-02 08:44:00+00:00,3.563476375856566,0.6799999999991829,0.42647058823546696,0.5735294117648595,0.00022231286703836665,60.0,1.0,1.629376164903891,-1
2021-08-02 09:38:00+00:00,1,0.00035261139659903407,2.5,1.187977388603401,DC:-1:2021-08-02 09:28:00+00:00,1.18871,1.1881,1.18838,1.188,2021-08-02 09:20:00+00:00,2021-08-02 09:27:00+00:00,2021-08-02 09:28:00+00:00,2021-08-02 09:36:00+00:00,2021-08-02 09:36:00+00:00,2021-08-02 09:38:00+00:00,2.634263383966904,0.6559139784969034,0.45901639344271844,0.6229508196722088,0.00022611396598904747,120.0,1.0,1.5594410325637025,-1
2021-08-02 10:41:00+00:00,1,0.00039205464771630005,2.5,1.1886679453522837,DC:-1:2021-08-02 10:18:00+00:00,1.18955,1.1889,1.18919,1.18869,2021-08-02 09:59:00+00:00,2021-08-02 10:15:00+00:00,2021-08-02 10:19:00+00:00,2021-08-02 10:31:00+00:00,2021-08-02 10:21:00+00:00,2021-08-02 10:41:00+00:00,2.806077286121498,0.46099290780263696,0.4461538461536675,0.7692307692306378,0.00022054647716303032,600.0,1.0,1.7776509185702796,-1
2021-08-02 12:42:00+00:00,1,0.00028345673086471734,2.5,1.1878765432691354,DC:-1:2021-08-02 12:35:00+00:00,1.18861,1.1881,1.18835,1.1879,2021-08-02 12:30:00+00:00,2021-08-02 12:34:00+00:00,2021-08-02 12:35:00+00:00,2021-08-02 12:40:00+00:00,2021-08-02 12:40:00+00:00,2021-08-02 12:42:00+00:00,2.2595383978535746,0.7391304347839659,0.49019607843152624,0.882352941176573,0.00023456730864570717,120.0,1.0,1.2084238528432505,-1
2021-08-02 19:13:00+00:00,-1,0.0002144995169761632,2.5,1.1874144995169762,DC:1:2021-08-02 18:57:00+00:00,1.1869,1.18726,1.1871,1.1874,2021-08-02 18:48:00+00:00,2021-08-02 18:56:00+00:00,2021-08-02 18:57:00+00:00,2021-08-02 19:06:00+00:00,2021-08-02 18:58:00+00:00,2021-08-02 19:13:00+00:00,2.562166850492585,0.6428571428568597,0.4444444444443759,0.8333333333334362,0.00014499516976155744,420.0,1.0,1.4793562939296856,1
2021-08-03 00:03:00+00:00,-1,0.0001933751119567173,2.5,1.1874933751119567,DC:1:2021-08-02 23:57:00+00:00,1.1871,1.18744,1.18729,1.18748,2021-08-02 23:49:00+00:00,2021-08-02 23:53:00+00:00,2021-08-02 23:57:00+00:00,2021-08-03 00:02:00+00:00,2021-08-03 00:02:00+00:00,2021-08-03 00:03:00+00:00,2.323199375325981,0.9999999999960816,0.44117647058850423,0.5588235294121489,0.00013375111956749817,60.0,1.0,1.445783127513408,1
2021-08-03 03:45:00+00:00,1,0.00022179604940641973,2.5,1.1869882039505937,DC:-1:2021-08-03 03:27:00+00:00,1.18754,1.1872,1.18733,1.187,2021-08-03 03:14:00+00:00,2021-08-03 03:26:00+00:00,2021-08-03 03:27:00+00:00,2021-08-03 03:38:00+00:00,2021-08-03 03:29:00+00:00,2021-08-03 03:45:00+00:00,2.9677909634983837,0.5862068965595657,0.3823529411763553,0.9705882352939256,0.00011796049406364112,420.0,1.0,1.8802570400117014,-1
2021-08-03 04:43:00+00:00,-1,0.00021663345951616897,2.5,1.1882366334595162,DC:1:2021-08-03 04:35:00+00:00,1.1875,1.18804,1.1878799999999998,1.18822,2021-08-03 04:20:00+00:00,2021-08-03 04:34:00+00:00,2021-08-03 04:35:00+00:00,2021-08-03 04:39:00+00:00,2021-08-03 04:36:00+00:00,2021-08-03 04:43:00+00:00,3.4283238199800308,0.49090909091022134,0.29629629629660087,0.6296296296300713,0.00016633459516221007,240.0,1.0,1.3023956880702254,1
2021-08-03 04:59:00+00:00,1,0.00028750949806299886,2.5,1.187682490501937,DC:-1:2021-08-03 04:46:00+00:00,1.18822,1.1878,1.18801,1.1877,2021-08-03 04:39:00+00:00,2021-08-03 04:44:00+00:00,2021-08-03 04:46:00+00:00,2021-08-03 04:55:00+00:00,2021-08-03 04:48:00+00:00,2021-08-03 04:59:00+00:00,2.5477012066747116,0.8750000000009251,0.5,0.7380952380951625,0.00017509498062913203,240.0,0.0,1.6420202168557394,-1
2021-08-03 06:00:00+00:00,1,0.00029537299683624063,2.5,1.1871846270031639,DC:-1:2021-08-03 05:47:00+00:00,1.18775,1.1874,1.18754,1.1872,2021-08-03 05:36:00+00:00,2021-08-03 05:43:00+00:00,2021-08-03 05:47:00+00:00,2021-08-03 05:56:00+00:00,2021-08-03 05:52:00+00:00,2021-08-03 06:00:00+00:00,2.624388353396609,0.5223880597075272,0.4,0.9714285714283901,0.00015372996836107507,240.0,1.0,1.9213755130846044,-1
2021-08-03 07:42:00+00:00,-1,0.0004104672338178794,2.5,1.1882104672338178,DC:1:2021-08-03 07:30:00+00:00,1.1872,1.18818,1.18775,1.18819,2021-08-03 07:14:00+00:00,2021-08-03 07:28:00+00:00,2021-08-03 07:34:00+00:00,2021-08-03 07:38:00+00:00,2021-08-03 07:36:00+00:00,2021-08-03 07:42:00+00:00,5.4106141953876445,0.5975609756103604,0.4387755102040192,0.4489795918367393,0.0002046723381767002,240.0,0.0,2.0054846564732647,1
2021-08-03 10:40:00+00:00,-1,0.00034895824066105696,2.5,1.188868958240661,DC:1:2021-08-03 10:16:00+00:00,1.1881,1.18866,1.18849,1.18885,2021-08-03 10:05:00+00:00,2021-08-03 10:15:00+00:00,2021-08-03 10:16:00+00:00,2021-08-03 10:31:00+00:00,2021-08-03 10:18:00+00:00,2021-08-03 10:40:00+00:00,3.3495972885050556,0.5384615384618012,0.3035714285713719,0.6428571428568597,0.00018958240661007096,540.0,1.0,1.8406678494106619,1
2021-08-03 13:33:00+00:00,1,0.0002613339317405483,2.5,1.1873486660682595,DC:-1:2021-08-03 13:22:00+00:00,1.18856,1.1875,1.18782,1.18737,2021-08-03 13:07:00+00:00,2021-08-03 13:20:00+00:00,2021-08-03 13:28:00+00:00,2021-08-03 13:31:00+00:00,2021-08-03 13:30:00+00:00,2021-08-03 13:33:00+00:00,4.418284573510921,0.7361111111099632,0.3018867924529053,0.42452830188682605,0.00021333931740470893,120.0,0.0,1.224968444259117,-1
2021-08-03 14:38:00+00:00,1,0.0003260873703692102,2.5,1.1861639126296308,DC:-1:2021-08-03 14:30:00+00:00,1.18755,1.1862700000000002,1.18663,1.18619,2021-08-03 14:14:00+00:00,2021-08-03 14:27:00+00:00,2021-08-03 14:30:00+00:00,2021-08-03 14:33:00+00:00,2021-08-03 14:32:00+00:00,2021-08-03 14:38:00+00:00,5.3433066548117,0.7111111111127394,0.28124999999994577,0.3437500000000108,0.00026087370369170273,300.0,1.0,1.2499817565153142,-1
2021-08-03 15:14:00+00:00,1,0.00030193628279584495,2.5,1.1856780637172042,DC:-1:2021-08-03 15:02:00+00:00,1.18688,1.18581,1.18629,1.1857,2021-08-03 14:50:00+00:00,2021-08-03 14:59:00+00:00,2021-08-03 15:03:00+00:00,2021-08-03 15:13:00+00:00,2021-08-03 15:08:00+00:00,2021-08-03 15:14:00+00:00,4.720213170354109,0.9469026548672949,0.4485981308411952,0.5514018691590123,0.00021936282795765146,60.0,0.0,1.37642409886389,-1
2021-08-03 19:18:00+00:00,-1,0.00017539786140408076,2.5,1.1866753978614042,DC:1:2021-08-03 19:06:00+00:00,1.1861,1.18659,1.18639,1.18666,2021-08-03 19:00:00+00:00,2021-08-03 19:03:00+00:00,2021-08-03 19:06:00+00:00,2021-08-03 19:17:00+00:00,2021-08-03 19:11:00+00:00,2021-08-03 19:18:00+00:00,3.3061006806519067,1.0000000000018126,0.40816326530599295,0.5510204081631358,0.00015397861404221633,60.0,0.0,1.139105339368699,1
2021-08-03 23:14:00+00:00,-1,0.00018284238455823498,2.5,1.1869828423845583,DC:1:2021-08-03 22:54:00+00:00,1.18639,1.1868299999999998,1.1867,1.18697,2021-08-03 22:41:00+00:00,2021-08-03 22:53:00+00:00,2021-08-03 22:54:00+00:00,2021-08-03 23:13:00+00:00,2021-08-03 22:55:00+00:00,2021-08-03 23:14:00+00:00,3.555891482094721,0.6111111111158398,0.2954545454541096,0.6136363636366619,0.00012842384558284944,60.0,1.0,1.4237417025507058,1
2021-08-04 03:29:00+00:00,-1,0.00022405548572601575,2.5,1.187524055485726,DC:1:2021-08-04 03:05:00+00:00,1.1867,1.18741,1.1872,1.18751,2021-08-04 02:46:00+00:00,2021-08-04 03:04:00+00:00,2021-08-04 03:05:00+00:00,2021-08-04 03:15:00+00:00,2021-08-04 03:11:00+00:00,2021-08-04 03:29:00+00:00,4.500292023864877,0.6283185840728431,0.29577464788739,0.43661971830991203,0.00014055485725989072,840.0,1.0,1.5940785689940942,1
2021-08-04 08:29:00+00:00,1,0.0005236720896422131,2.5,1.1847763279103578,DC:-1:2021-08-04 08:25:00+00:00,1.18618,1.18527,1.1855,1.1848,2021-08-04 08:14:00+00:00,2021-08-04 08:22:00+00:00,2021-08-04 08:25:00+00:00,2021-08-04 08:28:00+00:00,2021-08-04 08:27:00+00:00,2021-08-04 08:29:00+00:00,4.186553020132681,0.705426356590571,0.2527472527472098,0.7692307692307129,0.00023672089642191713,60.0,1.0,2.2121920690467958,-1
2021-08-04 09:32:00+00:00,-1,0.0002273125109173435,2.5,1.1858273125109173,DC:1:2021-08-04 09:26:00+00:00,1.18487,1.1858,1.18547,1.18581,2021-08-04 09:02:00+00:00,2021-08-04 09:23:00+00:00,2021-08-04 09:26:00+00:00,2021-08-04 09:30:00+00:00,2021-08-04 09:30:00+00:00,2021-08-04 09:32:00+00:00,4.002985832648955,0.8086956521819352,0.35483870967740394,0.36559139784951883,0.00017312510917400617,120.0,1.0,1.3129956249666486,1
2021-08-04 10:23:00+00:00,-1,0.00021941228726785056,2.5,1.1860194122872678,DC:1:2021-08-04 10:19:00+00:00,1.1854,1.18597,1.1857,1.186,2021-08-04 10:10:00+00:00,2021-08-04 10:17:00+00:00,2021-08-04 10:19:00+00:00,2021-08-04 10:21:00+00:00,2021-08-04 10:21:00+00:00,2021-08-04 10:23:00+00:00,3.2292088074057017,0.6867469879542407,0.4736842105263363,0.5263157894736638,0.00019412287267827719,120.0,1.0,1.1302752954387085,1
2021-08-04 11:39:00+00:00,-1,0.0001860742784975944,2.5,1.1863760742784977,DC:1:2021-08-04 11:30:00+00:00,1.1858,1.18629,1.18608,1.18636,2021-08-04 11:21:00+00:00,2021-08-04 11:26:00+00:00,2021-08-04 11:31:00+00:00,2021-08-04 11:37:00+00:00,2021-08-04 11:34:00+00:00,2021-08-04 11:39:00+00:00,2.7930044385384276,0.9999999999945621,0.42857142857142855,0.5714285714285714,0.00016074278497619937,120.0,0.0,1.1575902366326785,1
2021-08-04 19:11:00+00:00,-1,0.00015381005054448948,2.5,1.1839538100505445,DC:1:2021-08-04 19:01:00+00:00,1.1835,1.18389,1.1837,1.18394,2021-08-04 18:52:00+00:00,2021-08-04 19:00:00+00:00,2021-08-04 19:01:00+00:00,2021-08-04 19:07:00+00:00,2021-08-04 19:05:00+00:00,2021-08-04 19:11:00+00:00,2.935149372856925,0.6190476190467966,0.48717948717969156,0.615384615384484,0.00013810050544401105,240.0,1.0,1.113754435944823,1
2021-08-05 08:42:00+00:00,1,0.00026306060475733695,2.5,1.1831769393952427,DC:-1:2021-08-05 08:28:00+00:00,1.18489,1.1833,1.18373,1.1832,2021-08-05 08:00:00+00:00,2021-08-05 08:27:00+00:00,2021-08-05 08:29:00+00:00,2021-08-05 08:36:00+00:00,2021-08-05 08:30:00+00:00,2021-08-05 08:42:00+00:00,7.224765078839928,0.5353535353539439,0.2704402515722866,0.3333333333332868,0.00023060604757363503,360.0,0.0,1.1407359326660278,-1
2021-08-05 11:56:00+00:00,1,0.0002846769367708113,2.5,1.1848153230632292,DC:-1:2021-08-05 11:49:00+00:00,1.18548,1.18495,1.18511,1.1848299999999998,2021-08-05 11:33:00+00:00,2021-08-05 11:44:00+00:00,2021-08-05 11:49:00+00:00,2021-08-05 11:53:00+00:00,2021-08-05 11:52:00+00:00,2021-08-05 11:56:00+00:00,3.349230328060315,0.582417582414775,0.3018867924530515,0.5283018867928402,0.00014676936770591863,180.0,1.0,1.9396209251321275,-1
2021-08-05 13:53:00+00:00,1,0.0005361442087836732,2.5,1.1832738557912164,DC:-1:2021-08-05 13:45:00+00:00,1.18466,1.18371,1.18402,1.1833,2021-08-05 13:39:00+00:00,2021-08-05 13:43:00+00:00,2021-08-05 13:45:00+00:00,2021-08-05 13:51:00+00:00,2021-08-05 13:48:00+00:00,2021-08-05 13:53:00+00:00,4.092879702259293,1.0000000000004674,0.3263157894737162,0.7578947368421569,0.0002614420878371829,120.0,1.0,2.0507188158532657,-1
2021-08-06 00:42:00+00:00,1,0.0001629683392767589,2.5,1.1824870316607232,DC:-1:2021-08-06 00:38:00+00:00,1.18307,1.1826,1.18275,1.1825,2021-08-06 00:24:00+00:00,2021-08-06 00:37:00+00:00,2021-08-06 00:38:00+00:00,2021-08-06 00:41:00+00:00,2021-08-06 00:39:00+00:00,2021-08-06 00:42:00+00:00,3.5940291275392515,0.7014925373176274,0.3191489361699615,0.5319148936167599,0.00012968339276844923,60.0,0.0,1.2566631377985324,-1
2021-08-06 02:24:00+00:00,1,0.000243779940593436,2.5,1.1820862200594067,DC:-1:2021-08-06 02:16:00+00:00,1.1826,1.18219,1.18236,1.1821,2021-08-06 02:03:00+00:00,2021-08-06 02:15:00+00:00,2021-08-06 02:16:00+00:00,2021-08-06 02:23:00+00:00,2021-08-06 02:21:00+00:00,2021-08-06 02:24:00+00:00,2.5437969344406826,0.7735849056637764,0.4146341463414502,0.6341463414637448,0.00013779940593289822,60.0,0.0,1.7690928269469122,-1
2021-08-06 03:48:00+00:00,-1,0.00018470684533555826,2.5,1.1824747068453356,DC:1:2021-08-06 03:31:00+00:00,1.1818,1.18239,1.18219,1.18246,2021-08-06 03:10:00+00:00,2021-08-06 03:30:00+00:00,2021-08-06 03:31:00+00:00,2021-08-06 03:44:00+00:00,2021-08-06 03:35:00+00:00,2021-08-06 03:48:00+00:00,3.8095346468577453,0.4573643410888006,0.33898305084736835,0.45762711864398486,0.0001470684533548344,240.0,0.0,1.2559243068254284,1
2021-08-06 10:07:00+00:00,-1,0.00028873673002705047,2.5,1.1810887367300271,DC:1:2021-08-06 09:56:00+00:00,1.1805,1.18088,1.1807,1.18107,2021-08-06 09:53:00+00:00,2021-08-06 09:54:00+00:00,2021-08-06 09:56:00+00:00,2021-08-06 10:02:00+00:00,2021-08-06 09:57:00+00:00,2021-08-06 10:07:00+00:00,2.2563993943887364,1.0,0.47368421052613124,0.9736842105267156,0.00018736730026993134,300.0,1.0,1.5410198557116472,1
2021-08-06 10:37:00+00:00,-1,0.0002777560036126836,2.5,1.1811477560036128,DC:1:2021-08-06 10:23:00+00:00,1.1805,1.18093,1.18075,1.18113,2021-08-06 10:16:00+00:00,2021-08-06 10:20:00+00:00,2021-08-06 10:23:00+00:00,2021-08-06 10:33:00+00:00,2021-08-06 10:24:00+00:00,2021-08-06 10:37:00+00:00,2.4115291476334666,0.9555555555614,0.41860465116301887,0.8837209302328103,0.00017756003612865814,240.0,1.0,1.5642934619106774,1
2021-08-06 12:54:00+00:00,1,0.0006027038591092104,2.5,1.1778272961408909,DC:-1:2021-08-06 12:46:00+00:00,1.18041,1.17831,1.179,1.17788,2021-08-06 12:37:00+00:00,2021-08-06 12:44:00+00:00,2021-08-06 12:48:00+00:00,2021-08-06 12:51:00+00:00,2021-08-06 12:49:00+00:00,2021-08-06 12:54:00+00:00,4.377976030401588,0.7241379310352801,0.32857142857146787,0.5333333333333404,0.0005270385910905634,180.0,0.0,1.1435668455740182,-1
2021-08-06 14:52:00+00:00,1,0.0003453614423392093,2.5,1.1755546385576607,DC:-1:2021-08-06 14:25:00+00:00,1.17744,1.17589,1.17643,1.1755799999999998,2021-08-06 14:08:00+00:00,2021-08-06 14:23:00+00:00,2021-08-06 14:35:00+00:00,2021-08-06 14:50:00+00:00,2021-08-06 14:39:00+00:00,2021-08-06 14:52:00+00:00,5.889705349477891,0.8201058201060041,0.34838709677419727,0.5483870967743691,0.0002536144233920635,120.0,0.0,1.3617578910538293,-1
2021-08-06 20:59:00+00:00,1,0.00014085854050138735,2.5,1.1759791414594987,DC:-1:2021-08-06 20:52:00+00:00,1.17638,1.17606,1.17619,1.17599,2021-08-06 20:41:00+00:00,2021-08-06 20:49:00+00:00,2021-08-06 20:52:00+00:00,2021-08-06 20:57:00+00:00,2021-08-06 20:54:00+00:00,2021-08-06 20:59:00+00:00,3.06626781769915,0.6153846153866519,0.40625000000004335,0.6250000000001735,0.00010858540501354236,120.0,1.0,1.297214303191299,-1
2021-08-09 01:15:00+00:00,-1,0.00018519751552448227,2.5,1.1754251975155245,DC:1:2021-08-09 01:07:00+00:00,1.1746,1.1753,1.1751,1.17541,2021-08-09 00:46:00+00:00,2021-08-09 01:06:00+00:00,2021-08-09 01:07:00+00:00,2021-08-09 01:13:00+00:00,2021-08-09 01:12:00+00:00,2021-08-09 01:15:00+00:00,4.487491517089095,0.6363636363671047,0.2857142857142857,0.44285714285723804,0.00015197515524416284,120.0,1.0,1.2186038910566959,1
2021-08-09 07:26:00+00:00,-1,0.0003027082493411992,2.5,1.1762027082493411,DC:1:2021-08-09 07:23:00+00:00,1.1754,1.17609,1.17582,1.17618,2021-08-09 07:13:00+00:00,2021-08-09 07:21:00+00:00,2021-08-09 07:23:00+00:00,2021-08-09 07:25:00+00:00,2021-08-09 07:25:00+00:00,2021-08-09 07:26:00+00:00,3.0976428460098493,0.7931034482768302,0.391304347826031,0.5217391304346007,0.00022708249341198624,60.0,1.0,1.3330320835961949,1
2021-08-09 09:43:00+00:00,1,0.0003739935441200437,2.5,1.17537600645588,DC:-1:2021-08-09 09:36:00+00:00,1.1761700000000002,1.1755,1.1757799999999998,1.1754,2021-08-09 09:26:00+00:00,2021-08-09 09:34:00+00:00,2021-08-09 09:39:00+00:00,2021-08-09 09:41:00+00:00,2021-08-09 09:41:00+00:00,2021-08-09 09:43:00+00:00,2.7344320406740734,0.5447154471547783,0.41791044776084285,0.567164179104072,0.00023993544120027465,120.0,1.0,1.5587257232576595,-1
2021-08-09 10:42:00+00:00,1,0.0002593162445048147,2.5,1.1750806837554952,DC:-1:2021-08-09 10:26:00+00:00,1.17621,1.1753,1.17567,1.1751,2021-08-09 09:56:00+00:00,2021-08-09 10:20:00+00:00,2021-08-09 10:26:00+00:00,2021-08-09 10:41:00+00:00,2021-08-09 10:33:00+00:00,2021-08-09 10:42:00+00:00,3.932651880758006,0.4572864321609548,0.4065934065934012,0.6263736263736049,0.00019316244504724459,60.0,0.0,1.3424775423679791,-1
2021-08-09 13:01:00+00:00,1,0.000271009883775708,2.5,1.1759689901162242,DC:-1:2021-08-09 12:51:00+00:00,1.17686,1.17609,1.17643,1.17599,2021-08-09 12:47:00+00:00,2021-08-09 12:50:00+00:00,2021-08-09 12:53:00+00:00,2021-08-09 12:59:00+00:00,2021-08-09 12:54:00+00:00,2021-08-09 13:01:00+00:00,4.445396085595692,1.000000000000865,0.4415584415584865,0.5714285714286126,0.00021009883775896534,120.0,0.0,1.2899161493059876,-1
2021-08-09 15:32:00+00:00,-1,0.0003615533720766617,2.5,1.1752615533720767,DC:1:2021-08-09 15:25:00+00:00,1.17409,1.17507,1.1748299999999998,1.17524,2021-08-09 15:02:00+00:00,2021-08-09 15:17:00+00:00,2021-08-09 15:25:00+00:00,2021-08-09 15:30:00+00:00,2021-08-09 15:27:00+00:00,2021-08-09 15:32:00+00:00,4.393844187651859,0.5157894736834736,0.24489795918392315,0.41836734693903216,0.0002155337207667599,120.0,1.0,1.6774793790523255,1
2021-08-09 16:20:00+00:00,1,0.00020776559697410768,2.5,1.173982234403026,DC:-1:2021-08-09 16:17:00+00:00,1.1748,1.17409,1.17429,1.1740000000000002,2021-08-09 16:01:00+00:00,2021-08-09 16:15:00+00:00,2021-08-09 16:17:00+00:00,2021-08-09 16:19:00+00:00,2021-08-09 16:19:00+00:00,2021-08-09 16:20:00+00:00,3.609138890035727,0.7802197802157984,0.281690140845044,0.40845070422521995,0.00017765596974295614,60.0,1.0,1.169482777723237,-1
2021-08-09 17:55:00+00:00,-1,0.00023935176578571138,2.5,1.1744293517657858,DC:1:2021-08-09 17:48:00+00:00,1.1736,1.17429,1.17409,1.17441,2021-08-09 17:37:00+00:00,2021-08-09 17:45:00+00:00,2021-08-09 17:48:00+00:00,2021-08-09 17:53:00+00:00,2021-08-09 17:52:00+00:00,2021-08-09 17:55:00+00:00,3.9584750354826723,0.6216216216213513,0.28985507246370285,0.4637681159417958,0.00019351765785722275,120.0,1.0,1.2368471613185037,1
2021-08-10 06:18:00+00:00,1,0.00031421805485831733,2.5,1.1731857819451417,DC:-1:2021-08-10 06:09:00+00:00,1.17405,1.1733,1.1736,1.1732,2021-08-10 05:49:00+00:00,2021-08-10 06:08:00+00:00,2021-08-10 06:14:00+00:00,2021-08-10 06:17:00+00:00,2021-08-10 06:16:00+00:00,2021-08-10 06:18:00+00:00,5.457425561476743,0.572519083970977,0.3999999999999408,0.5333333333332544,0.00014218054858330194,60.0,0.0,2.209993265529009,-1
2021-08-10 06:43:00+00:00,-1,0.00021605367936694542,2.5,1.174136053679367,DC:1:2021-08-10 06:39:00+00:00,1.1732,1.17405,1.1738,1.17412,2021-08-10 06:17:00+00:00,2021-08-10 06:30:00+00:00,2021-08-10 06:39:00+00:00,2021-08-10 06:41:00+00:00,2021-08-10 06:40:00+00:00,2021-08-10 06:43:00+00:00,5.439211915701965,0.7024793388427705,0.29411764705891574,0.3764705882354017,0.00016053679366919357,120.0,0.0,1.3458203221135177,1
2021-08-10 07:08:00+00:00,1,0.0003318856014309368,2.5,1.1735181143985691,DC:-1:2021-08-10 06:59:00+00:00,1.17422,1.1736,1.17388,1.17354,2021-08-10 06:55:00+00:00,2021-08-10 06:58:00+00:00,2021-08-10 07:00:00+00:00,2021-08-10 07:03:00+00:00,2021-08-10 07:03:00+00:00,2021-08-10 07:08:00+00:00,3.2654436913997893,0.999999999992121,0.4516129032258527,0.5483870967741473,0.00021885601430942525,300.0,1.0,1.5164563901895194,-1
2021-08-10 11:39:00+00:00,1,0.0002788556128214825,2.5,1.1718811443871786,DC:-1:2021-08-10 11:33:00+00:00,1.17262,1.172,1.17226,1.1719,2021-08-10 11:26:00+00:00,2021-08-10 11:31:00+00:00,2021-08-10 11:33:00+00:00,2021-08-10 11:38:00+00:00,2021-08-10 11:37:00+00:00,2021-08-10 11:39:00+00:00,3.5307398986142666,1.0000000000035814,0.41935483870987383,0.5806451612904843,0.00018855612821262044,60.0,0.0,1.4788997603251495,-1
2021-08-10 13:02:00+00:00,1,0.00021812672721432946,2.5,1.1715818732727856,DC:-1:2021-08-10 12:48:00+00:00,1.17246,1.1717,1.17188,1.1716,2021-08-10 12:40:00+00:00,2021-08-10 12:46:00+00:00,2021-08-10 12:48:00+00:00,2021-08-10 13:00:00+00:00,2021-08-10 13:00:00+00:00,2021-08-10 13:02:00+00:00,4.257777136877473,1.0000000000005844,0.23684210526321942,0.3684210526316097,0.00018126727214462214,120.0,1.0,1.2033431332287021,-1
2021-08-10 14:44:00+00:00,1,0.0003333691038431841,2.5,1.1711766308961569,DC:-1:2021-08-10 14:31:00+00:00,1.17218,1.17147,1.17179,1.1712,2021-08-10 14:27:00+00:00,2021-08-10 14:30:00+00:00,2021-08-10 14:31:00+00:00,2021-08-10 14:41:00+00:00,2021-08-10 14:39:00+00:00,2021-08-10 14:44:00+00:00,3.0304374623662507,0.9999999999978109,0.450704225352258,0.8309859154930987,0.00023369103843109564,180.0,1.0,1.4265378171165035,-1
2021-08-10 16:13:00+00:00,1,0.00023903259779900488,2.5,1.171480967402201,DC:-1:2021-08-10 16:08:00+00:00,1.17232,1.1715799999999998,1.17185,1.1715,2021-08-10 15:55:00+00:00,2021-08-10 16:03:00+00:00,2021-08-10 16:08:00+00:00,2021-08-10 16:12:00+00:00,2021-08-10 16:12:00+00:00,2021-08-10 16:13:00+00:00,4.007493372812936,0.9024390243855349,0.36486486486506353,0.4729729729729527,0.00019032597799001526,60.0,1.0,1.2559115698412164,-1
2021-08-11 00:14:00+00:00,1,0.00015184345671426236,2.5,1.1715881565432857,DC:-1:2021-08-11 00:08:00+00:00,1.17202,1.1716799999999998,1.17183,1.1716,2021-08-10 23:57:00+00:00,2021-08-11 00:06:00+00:00,2021-08-11 00:09:00+00:00,2021-08-11 00:13:00+00:00,2021-08-11 00:13:00+00:00,2021-08-11 00:14:00+00:00,2.826881832921704,0.5483870967764695,0.4411764705882161,0.6764705882346986,0.00011843456714181115,60.0,1.0,1.28208731942633,-1
2021-08-11 06:00:00+00:00,1,0.00018330596459104065,2.5,1.171536694035409,DC:-1:2021-08-11 05:52:00+00:00,1.17209,1.1716,1.17175,1.17155,2021-08-11 05:34:00+00:00,2021-08-11 05:48:00+00:00,2021-08-11 05:52:00+00:00,2021-08-11 05:58:00+00:00,2021-08-11 05:58:00+00:00,2021-08-11 06:00:00+00:00,3.4301176212872693,0.4949494949523495,0.3061224489797213,0.40816326530599295,0.00013305964591114777,120.0,1.0,1.37762251910279,-1
2021-08-11 09:11:00+00:00,-1,0.00021678524966661783,2.5,1.1715967852496667,DC:1:2021-08-11 08:57:00+00:00,1.1709,1.17148,1.1712,1.1715799999999998,2021-08-11 08:45:00+00:00,2021-08-11 08:56:00+00:00,2021-08-11 09:01:00+00:00,2021-08-11 09:09:00+00:00,2021-08-11 09:04:00+00:00,2021-08-11 09:11:00+00:00,3.5128732450980706,0.6744186046544353,0.48275862068973435,0.6551724137927735,0.0001678524966676519,120.0,0.0,1.2915223423566515,1
2021-08-11 11:48:00+00:00,-1,0.00016424229121114742,2.5,1.1716642422912111,DC:1:2021-08-11 11:42:00+00:00,1.1712,1.17156,1.1714,1.17165,2021-08-11 11:29:00+00:00,2021-08-11 11:39:00+00:00,2021-08-11 11:42:00+00:00,2021-08-11 11:47:00+00:00,2021-08-11 11:44:00+00:00,2021-08-11 11:48:00+00:00,2.511531312569468,0.642857142860938,0.4444444444443759,0.6944444444448385,0.00014242291210970237,60.0,1.0,1.1532013267966217,1
2021-08-11 12:49:00+00:00,-1,0.0005924427421175604,2.5,1.1744924427421175,DC:1:2021-08-11 12:41:00+00:00,1.17314,1.17416,1.1738,1.17446,2021-08-11 12:34:00+00:00,2021-08-11 12:37:00+00:00,2021-08-11 12:41:00+00:00,2021-08-11 12:44:00+00:00,2021-08-11 12:42:00+00:00,2021-08-11 12:49:00+00:00,3.495732856190353,0.9999999999995646,0.35294117647071627,0.6470588235295014,0.0003244274211747736,300.0,1.0,1.8261179649127228,1
2021-08-11 15:15:00+00:00,-1,0.0002731263390942651,2.5,1.1741731263390942,DC:1:2021-08-11 14:55:00+00:00,1.173,1.17399,1.1736799999999998,1.17415,2021-08-11 14:32:00+00:00,2021-08-11 14:52:00+00:00,2021-08-11 14:55:00+00:00,2021-08-11 15:11:00+00:00,2021-08-11 14:57:00+00:00,2021-08-11 15:15:00+00:00,3.930982165178485,0.46919431279740303,0.31313131313155557,0.47474747474764695,0.00023126339094136153,240.0,0.0,1.181018482789255,1
2021-08-11 16:33:00+00:00,-1,0.0001645824914668914,2.5,1.1739645824914668,DC:1:2021-08-11 16:29:00+00:00,1.1735,1.1739,1.1737,1.17395,2021-08-11 16:14:00+00:00,2021-08-11 16:24:00+00:00,2021-08-11 16:29:00+00:00,2021-08-11 16:32:00+00:00,2021-08-11 16:31:00+00:00,2021-08-11 16:33:00+00:00,2.6032738735018777,0.4999999999988898,0.5,0.6250000000002776,0.0001458249146674485,60.0,0.0,1.128630809366282,1
2021-08-11 18:44:00+00:00,1,0.00021662652229470503,2.5,1.1740733734777054,DC:-1:2021-08-11 18:25:00+00:00,1.1747,1.17419,1.17439,1.17409,2021-08-11 18:14:00+00:00,2021-08-11 18:24:00+00:00,2021-08-11 18:25:00+00:00,2021-08-11 18:43:00+00:00,2021-08-11 18:30:00+00:00,2021-08-11 18:44:00+00:00,2.959943815719339,0.7183098591569778,0.3921568627450468,0.5882352941175703,0.00016626522294691938,60.0,0.0,1.302897373576816,-1
2021-08-11 19:21:00+00:00,1,0.00019376234741375065,2.5,1.1736862376525863,DC:-1:2021-08-11 19:01:00+00:00,1.17429,1.17382,1.17404,1.1737,2021-08-11 18:44:00+00:00,2021-08-11 19:00:00+00:00,2021-08-11 19:09:00+00:00,2021-08-11 19:20:00+00:00,2021-08-11 19:16:00+00:00,2021-08-11 19:21:00+00:00,2.9698461710720707,0.4845360824747932,0.4680851063827676,0.7234042553192093,0.00013762347413609754,60.0,1.0,1.4079164083747566,-1
2021-08-11 22:27:00+00:00,-1,0.0003098861964256905,2.5,1.1742098861964256,DC:1:2021-08-11 21:59:00+00:00,1.17363,1.17406,1.17385,1.17419,2021-08-11 21:50:00+00:00,2021-08-11 21:52:00+00:00,2021-08-11 22:01:00+00:00,2021-08-11 22:10:00+00:00,2021-08-11 22:02:00+00:00,2021-08-11 22:27:00+00:00,2.34037248133142,0.9999999999969017,0.48837209302318374,0.7906976744183405,0.0001988619642557112,1020.0,1.0,1.5582979761138043,1
2021-08-12 07:54:00+00:00,-1,0.0002658699150690502,2.5,1.173965869915069,DC:1:2021-08-12 07:51:00+00:00,1.1733,1.1739,1.1736,1.17395,2021-08-12 07:29:00+00:00,2021-08-12 07:40:00+00:00,2021-08-12 07:51:00+00:00,2021-08-12 07:53:00+00:00,2021-08-12 07:52:00+00:00,2021-08-12 07:54:00+00:00,3.1511361948593475,0.666666666668147,0.5,0.5833333333335183,0.00015869915068945182,60.0,1.0,1.6753077374012795,1
2021-08-12 10:04:00+00:00,1,0.00030725932026731684,2.5,1.1737827406797328,DC:-1:2021-08-12 09:59:00+00:00,1.17462,1.1740000000000002,1.17419,1.1738,2021-08-12 09:36:00+00:00,2021-08-12 09:55:00+00:00,2021-08-12 09:59:00+00:00,2021-08-12 10:02:00+00:00,2021-08-12 10:01:00+00:00,2021-08-12 10:04:00+00:00,3.5595843879053874,0.5254237288190802,0.30645161290316225,0.629032258064857,0.00017259320267290086,120.0,1.0,1.7802515713763978,-1
2021-08-12 12:08:00+00:00,-1,0.000288903513471217,2.5,1.1739889035134712,DC:1:2021-08-12 12:01:00+00:00,1.17329,1.17385,1.1736,1.1739700000000002,2021-08-12 11:46:00+00:00,2021-08-12 12:00:00+00:00,2021-08-12 12:01:00+00:00,2021-08-12 12:03:00+00:00,2021-08-12 12:02:00+00:00,2021-08-12 12:08:00+00:00,3.5434462594118195,0.45901639344271844,0.4464285714286281,0.6607142857145123,0.00018903513470937971,300.0,0.0,1.5283059094563225,1
2021-08-12 16:33:00+00:00,-1,0.0002182117049855936,2.5,1.1742582117049856,DC:1:2021-08-12 16:25:00+00:00,1.1733,1.17412,1.17391,1.17424,2021-08-12 16:07:00+00:00,2021-08-12 16:23:00+00:00,2021-08-12 16:25:00+00:00,2021-08-12 16:31:00+00:00,2021-08-12 16:28:00+00:00,2021-08-12 16:33:00+00:00,4.722396114923571,0.49999999999945843,0.2560975609756494,0.40243902439015145,0.00018211704985587039,120.0,1.0,1.1981948156874327,1
2021-08-12 23:14:00+00:00,-1,0.00018021729631856331,2.5,1.1737802172963185,DC:1:2021-08-12 23:03:00+00:00,1.1733,1.17364,1.1735,1.17377,2021-08-12 22:46:00+00:00,2021-08-12 23:01:00+00:00,2021-08-12 23:03:00+00:00,2021-08-12 23:13:00+00:00,2021-08-12 23:06:00+00:00,2021-08-12 23:14:00+00:00,2.955119572297045,0.5862068965523842,0.41176470588242975,0.7941176470587851,0.00010217296318596391,60.0,0.0,1.7638452551341959,1
2021-08-13 12:18:00+00:00,-1,0.0002695862735431209,2.5,1.1764595862735432,DC:1:2021-08-13 11:47:00+00:00,1.1753,1.17625,1.1758,1.17644,2021-08-13 11:25:00+00:00,2021-08-13 11:46:00+00:00,2021-08-13 12:00:00+00:00,2021-08-13 12:15:00+00:00,2021-08-13 12:01:00+00:00,2021-08-13 12:18:00+00:00,5.268761758073529,0.4589371980692569,0.4736842105263773,0.6736842105262838,0.0001958627354334766,180.0,0.0,1.3764041074300424,1
2021-08-13 13:07:00+00:00,-1,0.00025845907525767764,2.5,1.1767184590752577,DC:1:2021-08-13 13:04:00+00:00,1.17618,1.17661,1.17641,1.1767,2021-08-13 12:52:00+00:00,2021-08-13 12:59:00+00:00,2021-08-13 13:04:00+00:00,2021-08-13 13:06:00+00:00,2021-08-13 13:06:00+00:00,2021-08-13 13:07:00+00:00,2.2147657797175073,0.6825396825346195,0.46511627906979147,0.6744186046515591,0.0001845907525770986,60.0,1.0,1.400173473748238,1
2021-08-13 13:28:00+00:00,-1,0.00024970565176118953,2.5,1.1772497056517612,DC:1:2021-08-13 13:22:00+00:00,1.17642,1.17714,1.1769,1.17723,2021-08-13 13:09:00+00:00,2021-08-13 13:19:00+00:00,2021-08-13 13:25:00+00:00,2021-08-13 13:27:00+00:00,2021-08-13 13:27:00+00:00,2021-08-13 13:28:00+00:00,3.8839180005367244,0.7058823529384489,0.3333333333333333,0.4583333333332177,0.00019705651761184768,60.0,1.0,1.2671778370358069,1
2021-08-13 14:53:00+00:00,-1,0.000327889034843043,2.5,1.1791578890348429,DC:1:2021-08-13 14:24:00+00:00,1.1767,1.17907,1.17823,1.17913,2021-08-13 14:04:00+00:00,2021-08-13 14:22:00+00:00,2021-08-13 14:28:00+00:00,2021-08-13 14:50:00+00:00,2021-08-13 14:36:00+00:00,2021-08-13 14:53:00+00:00,8.358228490706134,0.8088737201357501,0.3544303797468177,0.37974683544299886,0.0002788903484291081,180.0,0.0,1.175691581619541,1
2021-08-13 15:42:00+00:00,1,0.0003735350615563515,2.5,1.1793764649384437,DC:-1:2021-08-13 15:38:00+00:00,1.18008,1.17947,1.17977,1.1794,2021-08-13 15:25:00+00:00,2021-08-13 15:32:00+00:00,2021-08-13 15:38:00+00:00,2021-08-13 15:39:00+00:00,2021-08-13 15:39:00+00:00,2021-08-13 15:42:00+00:00,2.383547188053003,0.7349397590388005,0.4918032786884709,0.6065573770491505,0.00023535061556332015,180.0,1.0,1.5871429129780772,-1
2021-08-16 03:24:00+00:00,1,0.00021138675005039076,2.5,1.1789886132499496,DC:-1:2021-08-16 03:14:00+00:00,1.17945,1.1791,1.17924,1.179,2021-08-16 03:03:00+00:00,2021-08-16 03:11:00+00:00,2021-08-16 03:14:00+00:00,2021-08-16 03:23:00+00:00,2021-08-16 03:18:00+00:00,2021-08-16 03:24:00+00:00,2.9319744537173578,0.8974358974373573,0.4,0.6857142857141951,0.00011386750050486201,60.0,0.0,1.8564274188258376,-1
2021-08-16 05:50:00+00:00,1,0.00014134725739922693,2.5,1.1786886527426006,DC:-1:2021-08-16 05:42:00+00:00,1.17907,1.1788,1.1789,1.1787,2021-08-16 05:35:00+00:00,2021-08-16 05:41:00+00:00,2021-08-16 05:42:00+00:00,2021-08-16 05:48:00+00:00,2021-08-16 05:48:00+00:00,2021-08-16 05:50:00+00:00,2.7427508974156645,0.9999999999983552,0.37037037037033993,0.7407407407406799,0.00011347257399542357,120.0,1.0,1.2456512831455429,-1
2021-08-16 06:54:00+00:00,1,0.00029058243550217355,2.5,1.178169417564498,DC:-1:2021-08-16 06:42:00+00:00,1.17924,1.17839,1.17876,1.17819,2021-08-16 06:32:00+00:00,2021-08-16 06:40:00+00:00,2021-08-16 06:46:00+00:00,2021-08-16 06:53:00+00:00,2021-08-16 06:48:00+00:00,2021-08-16 06:54:00+00:00,4.980526403567483,0.8252427184437031,0.4352941176470281,0.6705882352940562,0.00020582435502219387,60.0,0.0,1.4117981104366404,-1
2021-08-16 07:24:00+00:00,-1,0.0003115921065788285,2.5,1.1792615921065788,DC:1:2021-08-16 07:20:00+00:00,1.17829,1.17921,1.1789,1.17924,2021-08-16 06:58:00+00:00,2021-08-16 07:18:00+00:00,2021-08-16 07:20:00+00:00,2021-08-16 07:23:00+00:00,2021-08-16 07:23:00+00:00,2021-08-16 07:24:00+00:00,3.9717026941359617,0.47422680412431195,0.336956521739154,0.3695652173912991,0.0002159210657863107,60.0,1.0,1.443083403854629,1
2021-08-16 11:18:00+00:00,1,0.0002881564733683284,2.5,1.1775818435266316,DC:-1:2021-08-16 10:54:00+00:00,1.17851,1.1778,1.17815,1.1776,2021-08-16 10:41:00+00:00,2021-08-16 10:52:00+00:00,2021-08-16 11:00:00+00:00,2021-08-16 11:15:00+00:00,2021-08-16 11:04:00+00:00,2021-08-16 11:18:00+00:00,3.5279322742419494,0.7473684210529637,0.4929577464789834,0.7746478873240273,0.00018156473368387055,180.0,0.0,1.587072927224121,-1
2021-08-16 11:41:00+00:00,1,0.00024809550749371745,2.5,1.1772819044925062,DC:-1:2021-08-16 11:28:00+00:00,1.17787,1.17737,1.17761,1.1773,2021-08-16 11:18:00+00:00,2021-08-16 11:25:00+00:00,2021-08-16 11:28:00+00:00,2021-08-16 11:31:00+00:00,2021-08-16 11:29:00+00:00,2021-08-16 11:41:00+00:00,2.7566535726317825,0.8064516129013196,0.4800000000000888,0.6200000000001332,0.00018095507493745105,600.0,0.0,1.3710337086676025,-1
2021-08-16 14:05:00+00:00,1,0.00033308408620480456,2.5,1.1771769159137953,DC:-1:2021-08-16 13:58:00+00:00,1.17798,1.1772200000000002,1.17754,1.1772,2021-08-16 13:51:00+00:00,2021-08-16 13:56:00+00:00,2021-08-16 13:58:00+00:00,2021-08-16 14:01:00+00:00,2021-08-16 14:01:00+00:00,2021-08-16 14:05:00+00:00,3.4001934604924355,1.0000000000002922,0.4210526315788551,0.4473684210527161,0.00023084086204812175,240.0,1.0,1.442916489089219,-1
2021-08-16 21:58:00+00:00,-1,0.00018206056531999693,2.5,1.17772206056532,DC:1:2021-08-16 21:45:00+00:00,1.17731,1.17765,1.17748,1.17771,2021-08-16 21:30:00+00:00,2021-08-16 21:42:00+00:00,2021-08-16 21:45:00+00:00,2021-08-16 21:56:00+00:00,2021-08-16 21:47:00+00:00,2021-08-16 21:58:00+00:00,2.739993605981042,0.5000000000058776,0.5,0.6764705882351405,0.00012060565319965981,120.0,0.0,1.509552500151879,1
2021-08-16 22:15:00+00:00,-1,0.00019476104078686163,2.5,1.177844761040787,DC:1:2021-08-16 22:02:00+00:00,1.1774,1.17775,1.1776,1.17783,2021-08-16 22:00:00+00:00,2021-08-16 22:01:00+00:00,2021-08-16 22:02:00+00:00,2021-08-16 22:05:00+00:00,2021-08-16 22:04:00+00:00,2021-08-16 22:15:00+00:00,2.8771982770539553,0.9999999999974624,0.42857142857160985,0.6571428571425852,0.00014761040787021374,600.0,1.0,1.319426208469697,1
2021-08-17 08:31:00+00:00,-1,0.00035296240401594403,2.5,1.178372962404016,DC:1:2021-08-17 08:18:00+00:00,1.17689,1.17819,1.17783,1.17835,2021-08-17 07:57:00+00:00,2021-08-17 08:13:00+00:00,2021-08-17 08:18:00+00:00,2021-08-17 08:30:00+00:00,2021-08-17 08:25:00+00:00,2021-08-17 08:31:00+00:00,5.361388896957217,0.6018518518509153,0.27692307692316626,0.40000000000003416,0.00022962404015944518,60.0,1.0,1.5371317557641428,1
2021-08-17 10:34:00+00:00,1,0.00025698374532767687,2.5,1.1763730162546722,DC:-1:2021-08-17 10:27:00+00:00,1.177,1.1766,1.17678,1.17639,2021-08-17 10:22:00+00:00,2021-08-17 10:26:00+00:00,2021-08-17 10:27:00+00:00,2021-08-17 10:33:00+00:00,2021-08-17 10:31:00+00:00,2021-08-17 10:34:00+00:00,2.5812685006309866,1.0000000000111022,0.44999999999966694,0.9749999999998334,0.0001698374532777584,60.0,1.0,1.513115866777608,-1
2021-08-17 10:54:00+00:00,-1,0.0002891604662778047,2.5,1.1769891604662779,DC:1:2021-08-17 10:39:00+00:00,1.17639,1.17678,1.17659,1.17697,2021-08-17 10:33:00+00:00,2021-08-17 10:38:00+00:00,2021-08-17 10:41:00+00:00,2021-08-17 10:51:00+00:00,2021-08-17 10:45:00+00:00,2021-08-17 10:54:00+00:00,2.194433661670652,0.6000000000028695,0.4871794871793996,0.9743589743593685,0.00019160466277909127,180.0,1.0,1.509151510635153,1
2021-08-17 23:14:00+00:00,-1,0.00020421459014774435,2.5,1.1707042145901478,DC:1:2021-08-17 23:08:00+00:00,1.17029,1.17066,1.17048,1.17069,2021-08-17 22:56:00+00:00,2021-08-17 23:01:00+00:00,2021-08-17 23:08:00+00:00,2021-08-17 23:13:00+00:00,2021-08-17 23:09:00+00:00,2021-08-17 23:14:00+00:00,2.2858018292243663,0.8604651162760555,0.48648648648669734,0.5675675675677135,0.00014214590147740432,60.0,0.0,1.436654789376439,1
2021-08-18 03:33:00+00:00,1,0.00016238284344338716,2.5,1.1716376171565566,DC:-1:2021-08-18 03:28:00+00:00,1.17209,1.17171,1.17183,1.17165,2021-08-18 03:21:00+00:00,2021-08-18 03:25:00+00:00,2021-08-18 03:28:00+00:00,2021-08-18 03:31:00+00:00,2021-08-18 03:31:00+00:00,2021-08-18 03:33:00+00:00,3.2671716722673003,1.0000000000005844,0.315789473683903,0.47368421052585447,0.00012382843443435617,120.0,1.0,1.3113534398229787,-1
2021-08-18 06:38:00+00:00,-1,0.00022403992383979165,2.5,1.1720240399238397,DC:1:2021-08-18 06:33:00+00:00,1.1714,1.17188,1.1717,1.17201,2021-08-18 06:21:00+00:00,2021-08-18 06:30:00+00:00,2021-08-18 06:33:00+00:00,2021-08-18 06:35:00+00:00,2021-08-18 06:34:00+00:00,2021-08-18 06:38:00+00:00,3.229342343724801,0.8275862068924593,0.37500000000011563,0.6458333333333526,0.00014039923839706013,180.0,1.0,1.5957346093729445,1
2021-08-18 07:35:00+00:00,-1,0.00034350168876118303,2.5,1.1729435016887613,DC:1:2021-08-18 07:22:00+00:00,1.1716,1.17267,1.1724,1.17292,2021-08-18 07:00:00+00:00,2021-08-18 07:21:00+00:00,2021-08-18 07:22:00+00:00,2021-08-18 07:29:00+00:00,2021-08-18 07:28:00+00:00,2021-08-18 07:35:00+00:00,5.275609046737566,0.47136563876523957,0.252336448598094,0.485981308411021,0.00023501688761293243,360.0,0.0,1.461604279803597,1
2021-08-18 09:45:00+00:00,-1,0.0003080960216710338,2.5,1.172398096021671,DC:1:2021-08-18 09:42:00+00:00,1.1716,1.17229,1.172,1.17238,2021-08-18 09:23:00+00:00,2021-08-18 09:40:00+00:00,2021-08-18 09:42:00+00:00,2021-08-18 09:44:00+00:00,2021-08-18 09:44:00+00:00,2021-08-18 09:45:00+00:00,3.4766180208650956,0.49640287769892893,0.42028985507259436,0.5507246376811641,0.0001809602167120909,60.0,1.0,1.7025621833843012,1
2021-08-18 10:08:00+00:00,1,0.00029401167029519115,2.5,1.1712859883297047,DC:-1:2021-08-18 10:02:00+00:00,1.17232,1.1714,1.17167,1.17131,2021-08-18 09:53:00+00:00,2021-08-18 10:01:00+00:00,2021-08-18 10:02:00+00:00,2021-08-18 10:07:00+00:00,2021-08-18 10:07:00+00:00,2021-08-18 10:08:00+00:00,3.7725245539877963,0.9019607843133456,0.29347826086954687,0.391304347825982,0.000240116702955242,60.0,1.0,1.2244532207740468,-1
2021-08-18 14:45:00+00:00,1,0.0002829712539560436,2.5,1.170677028746044,DC:-1:2021-08-18 14:38:00+00:00,1.1717,1.17079,1.17116,1.1707,2021-08-18 14:22:00+00:00,2021-08-18 14:33:00+00:00,2021-08-18 14:39:00+00:00,2021-08-18 14:42:00+00:00,2021-08-18 14:41:00+00:00,2021-08-18 14:45:00+00:00,4.138572092792221,0.6642335766433425,0.4065934065934012,0.5054945054944197,0.00022971253956222357,180.0,0.0,1.231849399668465,-1
2021-08-18 16:48:00+00:00,-1,0.00023637041372559509,2.5,1.1700363704137255,DC:1:2021-08-18 16:37:00+00:00,1.1694,1.16996,1.1697,1.17002,2021-08-18 16:27:00+00:00,2021-08-18 16:34:00+00:00,2021-08-18 16:37:00+00:00,2021-08-18 16:45:00+00:00,2021-08-18 16:41:00+00:00,2021-08-18 16:48:00+00:00,3.1390480875869717,0.9999999999936559,0.4642857142858842,0.571428571428628,0.0001637041372544101,180.0,0.0,1.443887843581225,1
2021-08-18 20:28:00+00:00,1,0.00027001050810504523,2.5,1.170679989491895,DC:-1:2021-08-18 20:15:00+00:00,1.1713,1.1708,1.17104,1.1707,2021-08-18 20:02:00+00:00,2021-08-18 20:11:00+00:00,2021-08-18 20:15:00+00:00,2021-08-18 20:26:00+00:00,2021-08-18 20:16:00+00:00,2021-08-18 20:28:00+00:00,2.2101070358608115,0.6756756756752297,0.4800000000000888,0.6800000000000889,0.0002001050810512684,120.0,0.0,1.349343588311316,-1
2021-08-19 03:21:00+00:00,1,0.0009670135741786101,2.5,1.1667129864258212,DC:-1:2021-08-19 03:03:00+00:00,1.17,1.16765,1.1685,1.1668,2021-08-19 03:01:00+00:00,2021-08-19 03:02:00+00:00,2021-08-19 03:03:00+00:00,2021-08-19 03:13:00+00:00,2021-08-19 03:08:00+00:00,2021-08-19 03:21:00+00:00,3.1030535134532045,1.0,0.36170212765960463,0.7234042553192093,0.0008701357417887303,480.0,1.0,1.1113364590572143,-1
2021-08-19 07:31:00+00:00,1,0.00115230754604001,2.5,1.16706769245396,DC:-1:2021-08-19 07:13:00+00:00,1.17,1.1675799999999998,1.16836,1.16714,2021-08-19 07:01:00+00:00,2021-08-19 07:09:00+00:00,2021-08-19 07:13:00+00:00,2021-08-19 07:28:00+00:00,2021-08-19 07:26:00+00:00,2021-08-19 07:31:00+00:00,3.514092633184655,0.6205128205131589,0.322314049586858,0.5041322314049397,0.0007230754604013757,180.0,1.0,1.59362004264447,-1
2021-08-19 17:44:00+00:00,1,0.0007806170034385662,2.5,1.1677193829965615,DC:-1:2021-08-19 17:10:00+00:00,1.17,1.1684,1.16904,1.1677799999999998,2021-08-19 17:01:00+00:00,2021-08-19 17:08:00+00:00,2021-08-19 17:10:00+00:00,2021-08-19 17:34:00+00:00,2021-08-19 17:19:00+00:00,2021-08-19 17:44:00+00:00,2.757253627167287,0.4761904761903251,0.4000000000000278,0.7875000000002498,0.0006061700343820011,600.0,1.0,1.2877855373276843,-1
2021-08-19 18:35:00+00:00,1,0.0007273572843489173,2.5,1.1672226427156511,DC:-1:2021-08-19 18:22:00+00:00,1.17,1.1674,1.16809,1.16728,2021-08-19 18:01:00+00:00,2021-08-19 18:15:00+00:00,2021-08-19 18:22:00+00:00,2021-08-19 18:31:00+00:00,2021-08-19 18:28:00+00:00,2021-08-19 18:35:00+00:00,4.314782284766921,0.5485232067516619,0.2653846153846525,0.31153846153846054,0.0005735728434902184,240.0,0.0,1.268116670104033,-1
2021-08-20 06:14:00+00:00,1,0.0006580222661374258,2.5,1.1682519777338625,DC:-1:2021-08-20 06:05:00+00:00,1.17,1.1684,1.16904,1.16831,2021-08-20 06:01:00+00:00,2021-08-20 06:02:00+00:00,2021-08-20 06:05:00+00:00,2021-08-20 06:12:00+00:00,2021-08-20 06:08:00+00:00,2021-08-20 06:14:00+00:00,3.217659165177471,1.0,0.4000000000000278,0.4562500000001249,0.000580222661374943,120.0,0.0,1.1340857742062718,-1
2021-08-20 07:31:00+00:00,1,0.0006547295890546589,2.5,1.1678452704109454,DC:-1:2021-08-20 07:14:00+00:00,1.17,1.16799,1.16877,1.1679,2021-08-20 07:01:00+00:00,2021-08-20 07:02:00+00:00,2021-08-20 07:15:00+00:00,2021-08-20 07:24:00+00:00,2021-08-20 07:17:00+00:00,2021-08-20 07:31:00+00:00,3.61510252632371,1.0000000000006628,0.38805970149256863,0.43283582089562955,0.0005472958905453981,420.0,0.0,1.1962991141815438,-1
2021-08-23 07:18:00+00:00,-1,0.000741109899457415,2.5,1.1718311098994574,DC:1:2021-08-23 07:06:00+00:00,1.17,1.17151,1.1709,1.1717799999999998,2021-08-23 07:01:00+00:00,2021-08-23 07:05:00+00:00,2021-08-23 07:06:00+00:00,2021-08-23 07:14:00+00:00,2021-08-23 07:11:00+00:00,2021-08-23 07:18:00+00:00,3.015881955432673,0.9999999999979413,0.4039735099337417,0.5827814569534427,0.0005110989945762999,240.0,0.0,1.4500320042143573,1
2021-08-23 08:32:00+00:00,-1,0.0008848066427951107,2.5,1.1733448066427952,DC:1:2021-08-23 08:13:00+00:00,1.17,1.17316,1.1724,1.1733,2021-08-23 08:01:00+00:00,2021-08-23 08:11:00+00:00,2021-08-23 08:21:00+00:00,2021-08-23 08:31:00+00:00,2021-08-23 08:31:00+00:00,2021-08-23 08:32:00+00:00,5.260398252668552,0.7821782178232052,0.2405063291138796,0.2848101265822425,0.0004480664279521036,60.0,1.0,1.9747220224446111,1
2021-08-25 19:19:00+00:00,1,0.0008099069323455055,2.5,1.1766300930676545,DC:-1:2021-08-25 19:07:00+00:00,1.18,1.177,1.17772,1.1767,2021-08-25 19:01:00+00:00,2021-08-25 19:03:00+00:00,2021-08-25 19:07:00+00:00,2021-08-25 19:17:00+00:00,2021-08-25 19:12:00+00:00,2021-08-25 19:19:00+00:00,5.091309347781864,0.999999999999926,0.24000000000002664,0.34000000000001923,0.000699069323455211,120.0,1.0,1.1585502398281045,-1
2021-08-26 02:36:00+00:00,1,0.0007691000561982353,2.5,1.1761208999438018,DC:-1:2021-08-26 02:05:00+00:00,1.18,1.17629,1.17716,1.17619,2021-08-26 02:01:00+00:00,2021-08-26 02:03:00+00:00,2021-08-26 02:05:00+00:00,2021-08-26 02:26:00+00:00,2021-08-26 02:26:00+00:00,2021-08-26 02:36:00+00:00,5.015497780714234,0.9999999999995212,0.23450134770888262,0.26145552560645463,0.0006910005619833211,600.0,1.0,1.1130237781439016,-1
2021-08-26 03:44:00+00:00,1,0.0008135165715779102,2.5,1.176076483428422,DC:-1:2021-08-26 03:16:00+00:00,1.18,1.17629,1.17716,1.17615,2021-08-26 03:01:00+00:00,2021-08-26 03:07:00+00:00,2021-08-26 03:16:00+00:00,2021-08-26 03:35:00+00:00,2021-08-26 03:25:00+00:00,2021-08-26 03:44:00+00:00,4.512329678600622,0.9298245614030792,0.23450134770888262,0.2722371967654954,0.0007351657157793324,540.0,1.0,1.1065757748448863,-1
2021-08-26 07:28:00+00:00,1,0.0009539099965996112,2.5,1.1764860900034004,DC:-1:2021-08-26 07:17:00+00:00,1.18,1.17661,1.1775799999999998,1.17656,2021-08-26 07:01:00+00:00,2021-08-26 07:02:00+00:00,2021-08-26 07:17:00+00:00,2021-08-26 07:22:00+00:00,2021-08-26 07:20:00+00:00,2021-08-26 07:28:00+00:00,4.383534861984094,1.000000000000131,0.2861356932153139,0.3008849557521527,0.000739099965996261,360.0,0.0,1.2906373163118734,-1
2021-08-26 11:36:00+00:00,1,0.0007152154910501363,2.5,1.1771447845089498,DC:-1:2021-08-26 11:19:00+00:00,1.18,1.1774,1.17869,1.1772,2021-08-26 11:01:00+00:00,2021-08-26 11:03:00+00:00,2021-08-26 11:25:00+00:00,2021-08-26 11:33:00+00:00,2021-08-26 11:27:00+00:00,2021-08-26 11:36:00+00:00,4.364980496219767,0.999999999999573,0.49615384615386354,0.5730769230769339,0.0005521549105021424,180.0,0.0,1.2953167262421026,-1
2021-08-26 13:03:00+00:00,1,0.000852024502057569,2.5,1.1754779754979425,DC:-1:2021-08-26 12:48:00+00:00,1.17786,1.17587,1.17661,1.17553,2021-08-26 12:33:00+00:00,2021-08-26 12:42:00+00:00,2021-08-26 12:49:00+00:00,2021-08-26 12:59:00+00:00,2021-08-26 12:53:00+00:00,2021-08-26 13:03:00+00:00,3.3168311530408965,0.8189300411533076,0.37185929648240534,0.5427135678391982,0.0005202450205733672,240.0,1.0,1.6377369669363566,-1
2021-08-26 16:29:00+00:00,1,0.0009566258094324542,2.5,1.1755133741905675,DC:-1:2021-08-26 16:16:00+00:00,1.18,1.1759,1.17675,1.1756,2021-08-26 16:01:00+00:00,2021-08-26 16:15:00+00:00,2021-08-26 16:16:00+00:00,2021-08-26 16:17:00+00:00,2021-08-26 16:17:00+00:00,2021-08-26 16:29:00+00:00,5.414369280619675,0.5452127659577377,0.20731707317073633,0.2804878048780455,0.0008662580943262629,720.0,1.0,1.1043196198662655,-1
2021-08-26 23:50:00+00:00,1,0.0007436689087527704,2.5,1.1754463310912473,DC:-1:2021-08-26 23:23:00+00:00,1.18,1.17557,1.17647,1.17551,2021-08-26 23:01:00+00:00,2021-08-26 23:20:00+00:00,2021-08-26 23:27:00+00:00,2021-08-26 23:45:00+00:00,2021-08-26 23:32:00+00:00,2021-08-26 23:50:00+00:00,5.959410919855621,0.5292712066910458,0.20316027088034183,0.21670428893902124,0.0006366890875278731,300.0,1.0,1.168025215635903,-1
2021-08-27 14:21:00+00:00,-1,0.0009125439975059546,2.5,1.1804325439975059,DC:1:2021-08-27 14:03:00+00:00,1.1736,1.18,1.1782700000000002,1.18036,2021-08-27 13:15:00+00:00,2021-08-27 14:01:00+00:00,2021-08-27 14:05:00+00:00,2021-08-27 14:16:00+00:00,2021-08-27 14:10:00+00:00,2021-08-27 14:21:00+00:00,7.897530970531728,0.45007032348855147,0.27031249999996837,0.3265624999999903,0.0007254399750582146,300.0,0.0,1.257917993053423,1
2021-08-31 10:47:00+00:00,-1,0.0007389432656621508,2.5,1.1837689432656622,DC:1:2021-08-31 10:13:00+00:00,1.18,1.18343,1.1826,1.18371,2021-08-31 10:01:00+00:00,2021-08-31 10:11:00+00:00,2021-08-31 10:19:00+00:00,2021-08-31 10:30:00+00:00,2021-08-31 10:30:00+00:00,2021-08-31 10:47:00+00:00,5.735561481390789,0.602811950791107,0.2419825072885935,0.32361516034983384,0.0005894326566213151,1020.0,1.0,1.2536517231634992,1
2021-09-01 10:31:00+00:00,-1,0.001005701080807997,2.5,1.182805701080808,DC:1:2021-09-01 10:04:00+00:00,1.18,1.18231,1.1814,1.1827299999999998,2021-09-01 10:01:00+00:00,2021-09-01 10:03:00+00:00,2021-09-01 10:10:00+00:00,2021-09-01 10:30:00+00:00,2021-09-01 10:19:00+00:00,2021-09-01 10:31:00+00:00,2.9465009775471542,1.0000000000009612,0.39393939393937355,0.5757575757574942,0.0007570108080811197,60.0,1.0,1.3285161454395351,1
2021-09-01 12:24:00+00:00,-1,0.001087050716202187,2.5,1.1830870507162021,DC:1:2021-09-01 12:12:00+00:00,1.18,1.18231,1.1814,1.18301,2021-09-01 12:01:00+00:00,2021-09-01 12:09:00+00:00,2021-09-01 12:12:00+00:00,2021-09-01 12:21:00+00:00,2021-09-01 12:16:00+00:00,2021-09-01 12:24:00+00:00,3.3958206671306153,0.5144766146996836,0.39393939393937355,0.6969696969696387,0.0007705071620218204,180.0,1.0,1.41082493425467,1
2021-09-02 18:54:00+00:00,1,0.000775646297453747,2.5,1.1867343537025463,DC:-1:2021-09-02 18:07:00+00:00,1.19,1.187,1.18793,1.1868,2021-09-02 18:01:00+00:00,2021-09-02 18:05:00+00:00,2021-09-02 18:23:00+00:00,2021-09-02 18:38:00+00:00,2021-09-02 18:30:00+00:00,2021-09-02 18:54:00+00:00,4.321030345450394,0.7853403141366129,0.30999999999996963,0.3766666666666314,0.0006564629745378489,960.0,0.0,1.1815537624186703,-1
2021-09-03 06:40:00+00:00,1,0.0009429505375591063,2.5,1.187127049462441,DC:-1:2021-09-03 06:04:00+00:00,1.19,1.1878799999999998,1.18864,1.1872,2021-09-03 06:01:00+00:00,2021-09-03 06:03:00+00:00,2021-09-03 06:04:00+00:00,2021-09-03 06:38:00+00:00,2021-09-03 06:05:00+00:00,2021-09-03 06:40:00+00:00,3.4944834409769734,0.9999999999993716,0.3584905660377596,0.6792452830187751,0.0007295053755903139,120.0,1.0,1.2925888816049822,-1
2021-09-03 12:19:00+00:00,1,0.0008575140971511797,2.5,1.1870724859028488,DC:-1:2021-09-03 12:13:00+00:00,1.19,1.18716,1.1880700000000002,1.18714,2021-09-03 12:01:00+00:00,2021-09-03 12:03:00+00:00,2021-09-03 12:13:00+00:00,2021-09-03 12:15:00+00:00,2021-09-03 12:14:00+00:00,2021-09-03 12:19:00+00:00,4.396564767241467,0.9999999999990618,0.3204225352113392,0.327464788732434,0.0006751409715142153,240.0,0.0,1.2701259934320612,-1
2021-09-06 03:42:00+00:00,1,0.000941598022563328,2.5,1.1864284019774367,DC:-1:2021-09-06 03:10:00+00:00,1.19,1.18724,1.18793,1.1865,2021-09-06 03:01:00+00:00,2021-09-06 03:02:00+00:00,2021-09-06 03:10:00+00:00,2021-09-06 03:37:00+00:00,2021-09-06 03:13:00+00:00,2021-09-06 03:42:00+00:00,4.00954197171677,1.0000000000004827,0.24999999999995978,0.5181159420289441,0.000715980225633027,300.0,1.0,1.3151173577885105,-1
2021-09-06 04:50:00+00:00,1,0.0007526881261432639,2.5,1.1867573118738568,DC:-1:2021-09-06 04:11:00+00:00,1.19,1.1868299999999998,1.18779,1.1868,2021-09-06 04:01:00+00:00,2021-09-06 04:07:00+00:00,2021-09-06 04:37:00+00:00,2021-09-06 04:49:00+00:00,2021-09-06 04:48:00+00:00,2021-09-06 04:50:00+00:00,5.2403402143796045,0.706013363028893,0.3028391167192544,0.3123028391166523,0.0004268812614320229,60.0,0.0,1.7632259697188017,-1
2021-09-06 05:30:00+00:00,1,0.000941654105186096,2.5,1.186428345894814,DC:-1:2021-09-06 05:11:00+00:00,1.19,1.1868,1.18779,1.1865,2021-09-06 05:01:00+00:00,2021-09-06 05:09:00+00:00,2021-09-06 05:11:00+00:00,2021-09-06 05:27:00+00:00,2021-09-06 05:18:00+00:00,2021-09-06 05:30:00+00:00,4.776381827695594,0.7729468599034269,0.3093749999999577,0.4031249999999512,0.000716541051862009,180.0,0.0,1.3141663031575186,-1
2021-09-06 10:16:00+00:00,1,0.0009876365138923315,2.5,1.1858123634861077,DC:-1:2021-09-06 10:05:00+00:00,1.19,1.18638,1.1872200000000002,1.1859,2021-09-06 10:01:00+00:00,2021-09-06 10:02:00+00:00,2021-09-06 10:05:00+00:00,2021-09-06 10:12:00+00:00,2021-09-06 10:07:00+00:00,2021-09-06 10:16:00+00:00,5.1279007559704795,0.9999999999995707,0.23204419889507846,0.3646408839779629,0.0008763651389214625,240.0,1.0,1.1269691935804407,-1
2021-09-08 10:34:00+00:00,-1,0.000808756090544982,2.5,1.182648756090545,DC:1:2021-09-08 10:09:00+00:00,1.18,1.1821700000000002,1.1813,1.18259,2021-09-08 10:01:00+00:00,2021-09-08 10:06:00+00:00,2021-09-08 10:18:00+00:00,2021-09-08 10:30:00+00:00,2021-09-08 10:25:00+00:00,2021-09-08 10:34:00+00:00,3.450110249957812,0.9999999999986697,0.4009216589862015,0.5944700460828932,0.0005875609054505859,240.0,0.0,1.3764634151837705,1
2021-09-08 13:32:00+00:00,1,0.0007495798198584591,2.5,1.1811404201801416,DC:-1:2021-09-08 13:05:00+00:00,1.18329,1.1818,1.18245,1.1812,2021-09-08 12:54:00+00:00,2021-09-08 13:03:00+00:00,2021-09-08 13:05:00+00:00,2021-09-08 13:30:00+00:00,2021-09-08 13:09:00+00:00,2021-09-08 13:32:00+00:00,2.5439191501648115,0.45015105740242434,0.43624161073828405,0.8389261744966313,0.0005957981985843462,120.0,1.0,1.2581102488048936,-1
2021-09-08 15:26:00+00:00,-1,0.0007635928594134089,2.5,1.1822335928594134,DC:1:2021-09-08 15:08:00+00:00,1.18,1.18203,1.1811,1.1821700000000002,2021-09-08 15:01:00+00:00,2021-09-08 15:06:00+00:00,2021-09-08 15:08:00+00:00,2021-09-08 15:24:00+00:00,2021-09-08 15:19:00+00:00,2021-09-08 15:26:00+00:00,3.0588583008034345,0.8423236514518762,0.458128078817678,0.5270935960591817,0.0006359285941330544,120.0,0.0,1.200752516018557,1
2021-09-08 21:18:00+00:00,-1,0.0010426993187848677,2.5,1.182652699318785,DC:1:2021-09-08 21:06:00+00:00,1.18,1.1821700000000002,1.1815,1.18259,2021-09-08 21:01:00+00:00,2021-09-08 21:04:00+00:00,2021-09-08 21:06:00+00:00,2021-09-08 21:16:00+00:00,2021-09-08 21:16:00+00:00,2021-09-08 21:18:00+00:00,3.252581354034974,0.9999999999986697,0.30875576036870983,0.5023041474654015,0.0006269931878492778,120.0,1.0,1.6630153867565163,1
2021-09-09 04:09:00+00:00,-1,0.0009198513195669555,2.5,1.182659851319567,DC:1:2021-09-09 04:06:00+00:00,1.18,1.18231,1.1816,1.18259,2021-09-09 04:01:00+00:00,2021-09-09 04:05:00+00:00,2021-09-09 04:06:00+00:00,2021-09-09 04:07:00+00:00,2021-09-09 04:07:00+00:00,2021-09-09 04:09:00+00:00,3.8135833724010526,0.9746835443056452,0.3073593073592978,0.4285714285714423,0.0006985131956694654,120.0,1.0,1.3168703544467135,1
2021-09-09 19:39:00+00:00,-1,0.0007285820658906594,2.5,1.1836285820658907,DC:1:2021-09-09 19:06:00+00:00,1.18,1.18343,1.1826,1.18357,2021-09-09 19:01:00+00:00,2021-09-09 19:05:00+00:00,2021-09-09 19:19:00+00:00,2021-09-09 19:38:00+00:00,2021-09-09 19:38:00+00:00,2021-09-09 19:39:00+00:00,5.35127875671966,0.7472766884531172,0.2419825072885935,0.28279883381921367,0.0005858206589068967,60.0,1.0,1.2436947294589205,1
2021-09-10 00:22:00+00:00,-1,0.0009343806788131293,2.5,1.1836343806788132,DC:1:2021-09-10 00:14:00+00:00,1.18,1.18343,1.1825,1.18357,2021-09-10 00:01:00+00:00,2021-09-10 00:13:00+00:00,2021-09-10 00:15:00+00:00,2021-09-10 00:21:00+00:00,2021-09-10 00:21:00+00:00,2021-09-10 00:22:00+00:00,5.284202790240998,0.6901408450713985,0.27113702623902725,0.3119533527696474,0.0006438067881320593,60.0,1.0,1.4513371030525182,1
2021-09-10 11:56:00+00:00,-1,0.0007584469341677114,2.5,1.1840584469341677,DC:1:2021-09-10 11:11:00+00:00,1.18,1.18385,1.18297,1.18399,2021-09-10 11:01:00+00:00,2021-09-10 11:10:00+00:00,2021-09-10 11:17:00+00:00,2021-09-10 11:29:00+00:00,2021-09-10 11:29:00+00:00,2021-09-10 11:56:00+00:00,4.61018584264135,0.7777777777782213,0.22857142857141868,0.26493506493506136,0.0006844693416756284,1620.0,1.0,1.1080802133678926,1
2021-09-10 15:56:00+00:00,1,0.0008791728201456017,2.5,1.1818508271798542,DC:-1:2021-09-10 15:46:00+00:00,1.18357,1.18219,1.18287,1.1819,2021-09-10 15:37:00+00:00,2021-09-10 15:44:00+00:00,2021-09-10 15:49:00+00:00,2021-09-10 15:53:00+00:00,2021-09-10 15:51:00+00:00,2021-09-10 15:56:00+00:00,2.892356688693594,0.6831683168334843,0.49275362318843846,0.7028985507247695,0.0004917282014568345,180.0,0.0,1.7879243401962546,-1
2021-09-12 21:14:00+00:00,1,7.41833379567236e-05,2.5,1.1812958166620433,DC:-1:2021-09-12 21:06:00+00:00,1.1815,1.18134,1.1814,1.1813,2021-09-12 21:03:00+00:00,2021-09-12 21:05:00+00:00,2021-09-12 21:06:00+00:00,2021-09-12 21:12:00+00:00,2021-09-12 21:07:00+00:00,2021-09-12 21:14:00+00:00,5.178017003723887,0.9999999999930611,0.3749999999998265,0.6250000000001735,4.183337956654569e-05,120.0,0.0,1.7733049236129201,-1
2021-09-13 00:34:00+00:00,1,0.0005050747747279427,2.5,1.180554925225272,DC:-1:2021-09-13 00:23:00+00:00,1.18175,1.1807,1.18119,1.1806,2021-09-13 00:20:00+00:00,2021-09-13 00:22:00+00:00,2021-09-13 00:23:00+00:00,2021-09-13 00:30:00+00:00,2021-09-13 00:29:00+00:00,2021-09-13 00:34:00+00:00,2.707521467138937,1.0000000000006344,0.4666666666665539,0.561904761904639,0.0004507477472797457,240.0,0.0,1.1205264536008435,-1
2021-09-13 20:52:00+00:00,-1,0.0009048691421171817,2.5,1.1818048691421172,DC:1:2021-09-13 20:06:00+00:00,1.18,1.18119,1.1806,1.18175,2021-09-13 20:01:00+00:00,2021-09-13 20:02:00+00:00,2021-09-13 20:06:00+00:00,2021-09-13 20:50:00+00:00,2021-09-13 20:07:00+00:00,2021-09-13 20:52:00+00:00,2.310041419665773,0.9999999999990671,0.49579831932761037,0.9663865546218158,0.0005486914211712778,120.0,0.0,1.649140313120953,1
2021-09-14 03:13:00+00:00,-1,0.0008704960979031284,2.5,1.1823804960979032,DC:1:2021-09-14 03:05:00+00:00,1.18,1.18203,1.1813,1.18231,2021-09-14 03:01:00+00:00,2021-09-14 03:04:00+00:00,2021-09-14 03:05:00+00:00,2021-09-14 03:06:00+00:00,2021-09-14 03:06:00+00:00,2021-09-14 03:13:00+00:00,3.321972645717116,0.9999999999993437,0.3596059113300029,0.49753694581279173,0.0007049609790324585,420.0,1.0,1.234814583777194,1
2021-09-14 18:08:00+00:00,-1,0.0008422258625091494,2.5,1.1832222258625091,DC:1:2021-09-14 18:05:00+00:00,1.18,1.1827299999999998,1.1821,1.18315,2021-09-14 18:01:00+00:00,2021-09-14 18:03:00+00:00,2021-09-14 18:05:00+00:00,2021-09-14 18:07:00+00:00,2021-09-14 18:07:00+00:00,2021-09-14 18:08:00+00:00,4.508947281320447,1.0000000000000813,0.23076923076920575,0.3846153846153971,0.0007222586250921753,60.0,1.0,1.1661001104717355,1
2021-09-15 07:08:00+00:00,-1,0.000560068962839555,2.5,1.1813900689628394,DC:1:2021-09-15 07:03:00+00:00,1.18,1.18106,1.18058,1.18134,2021-09-15 07:01:00+00:00,2021-09-15 07:02:00+00:00,2021-09-15 07:03:00+00:00,2021-09-15 07:07:00+00:00,2021-09-15 07:07:00+00:00,2021-09-15 07:08:00+00:00,2.3491012231767643,1.0000000000010474,0.4528301886792532,0.7169811320755192,0.0005006896283921686,60.0,1.0,1.1185950958042956,1
2021-09-15 13:25:00+00:00,-1,0.0011127536152986117,2.5,1.1825127536152986,DC:1:2021-09-15 13:05:00+00:00,1.18,1.18161,1.1809,1.18245,2021-09-15 13:01:00+00:00,2021-09-15 13:04:00+00:00,2021-09-15 13:06:00+00:00,2021-09-15 13:22:00+00:00,2021-09-15 13:11:00+00:00,2021-09-15 13:25:00+00:00,2.6121369623241857,1.0000000000004137,0.4409937888198381,0.9627329192545547,0.0006275361529866021,180.0,0.0,1.7732103720283492,1
2021-09-15 14:30:00+00:00,-1,0.0008080572612345627,2.5,1.1825080572612345,DC:1:2021-09-15 14:06:00+00:00,1.18,1.18231,1.1815,1.18245,2021-09-15 14:01:00+00:00,2021-09-15 14:04:00+00:00,2021-09-15 14:17:00+00:00,2021-09-15 14:22:00+00:00,2021-09-15 14:22:00+00:00,2021-09-15 14:30:00+00:00,3.7178657511616575,1.0000000000009612,0.35064935064933567,0.41125541125540793,0.0005805726123463101,480.0,1.0,1.391828074646688,1
2021-09-16 00:14:00+00:00,-1,0.0009379702452958494,2.5,1.1826479702452959,DC:1:2021-09-16 00:09:00+00:00,1.18,1.1821700000000002,1.1815,1.18259,2021-09-16 00:01:00+00:00,2021-09-16 00:04:00+00:00,2021-09-16 00:09:00+00:00,2021-09-16 00:12:00+00:00,2021-09-16 00:12:00+00:00,2021-09-16 00:14:00+00:00,3.8647643070561686,0.9475982532743297,0.30875576036870983,0.5023041474654015,0.0005797024529591467,120.0,1.0,1.6180201420709717,1
2021-09-16 05:19:00+00:00,-1,0.0007511210811048663,2.5,1.1818011210811048,DC:1:2021-09-16 05:15:00+00:00,1.18,1.18147,1.1808,1.18175,2021-09-16 05:01:00+00:00,2021-09-16 05:09:00+00:00,2021-09-16 05:16:00+00:00,2021-09-16 05:18:00+00:00,2021-09-16 05:17:00+00:00,2021-09-16 05:19:00+00:00,2.605438177292511,0.7386934673383145,0.45578231292510946,0.6462585034013287,0.0005112108110481939,60.0,0.0,1.4692981151254547,1
2021-09-17 12:57:00+00:00,1,0.0004637081953358102,2.5,1.177396291804664,DC:-1:2021-09-17 12:51:00+00:00,1.17841,1.1775799999999998,1.17799,1.17743,2021-09-17 12:40:00+00:00,2021-09-17 12:48:00+00:00,2021-09-17 12:51:00+00:00,2021-09-17 12:56:00+00:00,2021-09-17 12:55:00+00:00,2021-09-17 12:57:00+00:00,2.2715508919742393,0.5971223021595904,0.4939759036146867,0.6746987951807745,0.0003370819533581645,60.0,1.0,1.3756541716818038,-1
2021-09-17 14:34:00+00:00,1,0.00041252838715011286,2.5,1.1739674716128499,DC:-1:2021-09-17 14:25:00+00:00,1.17606,1.17421,1.17467,1.1740000000000002,2021-09-17 14:11:00+00:00,2021-09-17 14:20:00+00:00,2021-09-17 14:25:00+00:00,2021-09-17 14:29:00+00:00,2021-09-17 14:26:00+00:00,2021-09-17 14:34:00+00:00,5.9186933081318225,0.9296482412064361,0.2486486486486999,0.36216216216210895,0.0003252838715019592,300.0,0.0,1.2682103949553742,-1
2021-09-19 21:05:00+00:00,1,0.0001736737631885532,2.5,1.1725263262368115,DC:-1:2021-09-19 21:03:00+00:00,1.17297,1.1726,1.1727299999999998,1.17253,2021-09-19 21:01:00+00:00,2021-09-19 21:02:00+00:00,2021-09-19 21:03:00+00:00,2021-09-19 21:04:00+00:00,2021-09-19 21:04:00+00:00,2021-09-19 21:05:00+00:00,72.9284762398391,0.9999999999993999,0.35135135135067014,0.540540540539908,3.6737631884513596e-05,60.0,1.0,4.7274076819786455,-1
2021-09-19 22:01:00+00:00,1,0.00018351673847760708,2.5,1.1725364832615224,DC:-1:2021-09-19 21:57:00+00:00,1.17292,1.17261,1.17276,1.17255,2021-09-19 21:51:00+00:00,2021-09-19 21:55:00+00:00,2021-09-19 21:58:00+00:00,2021-09-19 22:00:00+00:00,2021-09-19 21:59:00+00:00,2021-09-19 22:01:00+00:00,2.3702013915662032,1.0000000000035814,0.48387096774218963,0.677419354838779,0.00013516738477690416,60.0,1.0,1.35769985326345,-1
2021-09-20 05:14:00+00:00,-1,0.0009053897170157033,2.5,1.1722653897170157,DC:1:2021-09-20 05:03:00+00:00,1.17,1.17192,1.17131,1.1722,2021-09-20 05:01:00+00:00,2021-09-20 05:02:00+00:00,2021-09-20 05:03:00+00:00,2021-09-20 05:11:00+00:00,2021-09-20 05:11:00+00:00,2021-09-20 05:14:00+00:00,3.200043634892646,0.9999999999990749,0.3177083333333092,0.4635416666665462,0.0006538971701570115,180.0,1.0,1.384605651066366,1
2021-09-20 10:23:00+00:00,-1,0.00019676360259457404,2.5,1.1715967636025946,DC:1:2021-09-20 10:19:00+00:00,1.17065,1.1715,1.1713,1.1715799999999998,2021-09-20 10:00:00+00:00,2021-09-20 10:18:00+00:00,2021-09-20 10:20:00+00:00,2021-09-20 10:22:00+00:00,2021-09-20 10:22:00+00:00,2021-09-20 10:23:00+00:00,4.708093702950031,0.7142857142829154,0.2352941176470281,0.32941176470568256,0.0001676360259467749,60.0,1.0,1.1737548744865096,1
2021-09-20 11:29:00+00:00,1,0.0003115658277879074,2.5,1.170478434172212,DC:-1:2021-09-20 11:20:00+00:00,1.17134,1.1706,1.17084,1.1705,2021-09-20 11:09:00+00:00,2021-09-20 11:19:00+00:00,2021-09-20 11:20:00+00:00,2021-09-20 11:22:00+00:00,2021-09-20 11:21:00+00:00,2021-09-20 11:29:00+00:00,3.5700072890632293,0.7400000000016875,0.32432432432436487,0.4594594594594919,0.00021565827788105207,420.0,0.0,1.4447200026319131,-1
2021-09-20 12:10:00+00:00,-1,0.00018667508215997053,2.5,1.17088667508216,DC:1:2021-09-20 12:05:00+00:00,1.17029,1.1708,1.1706299999999998,1.17087,2021-09-20 11:49:00+00:00,2021-09-20 12:02:00+00:00,2021-09-20 12:05:00+00:00,2021-09-20 12:08:00+00:00,2021-09-20 12:06:00+00:00,2021-09-20 12:10:00+00:00,3.1207726066077535,0.6623376623352468,0.3333333333337687,0.47058823529457866,0.00016675082159956734,120.0,0.0,1.1194852317324648,1
2021-09-20 16:01:00+00:00,1,0.00033765741109426095,2.5,1.172682342588906,DC:-1:2021-09-20 15:50:00+00:00,1.17356,1.1728,1.17306,1.1727,2021-09-20 15:33:00+00:00,2021-09-20 15:47:00+00:00,2021-09-20 15:50:00+00:00,2021-09-20 15:57:00+00:00,2021-09-20 15:51:00+00:00,2021-09-20 16:01:00+00:00,4.492261456189939,0.7037037037047621,0.3421052631578563,0.473684210526285,0.00017657411094095855,240.0,0.0,1.9122702036832804,-1
2021-09-20 17:46:00+00:00,-1,0.00018553981986157986,2.5,1.1729855398198616,DC:1:2021-09-20 17:33:00+00:00,1.1724,1.17293,1.1727,1.17297,2021-09-20 17:15:00+00:00,2021-09-20 17:29:00+00:00,2021-09-20 17:33:00+00:00,2021-09-20 17:41:00+00:00,2021-09-20 17:34:00+00:00,2021-09-20 17:46:00+00:00,2.9407226316212354,0.7066666666665324,0.4339622641509197,0.5094339622642142,0.00015539819861525774,300.0,0.0,1.1939637750946406,1
2021-09-20 19:18:00+00:00,1,0.0002051069324164878,2.5,1.1721748930675835,DC:-1:2021-09-20 19:01:00+00:00,1.17275,1.17229,1.17246,1.17219,2021-09-20 18:47:00+00:00,2021-09-20 19:00:00+00:00,2021-09-20 19:01:00+00:00,2021-09-20 19:16:00+00:00,2021-09-20 19:02:00+00:00,2021-09-20 19:18:00+00:00,3.4614771683429186,0.5000000000014481,0.3695652173913883,0.5869565217392354,0.00015106932416598395,120.0,0.0,1.357700734737724,-1
2021-09-20 19:46:00+00:00,-1,0.0002729190507939627,2.5,1.172872919050794,DC:1:2021-09-20 19:40:00+00:00,1.17219,1.17276,1.1725,1.17286,2021-09-20 19:23:00+00:00,2021-09-20 19:37:00+00:00,2021-09-20 19:43:00+00:00,2021-09-20 19:45:00+00:00,2021-09-20 19:44:00+00:00,2021-09-20 19:46:00+00:00,3.8985552977944873,0.9047619047705818,0.4561403508770973,0.6315789473683185,0.000129190507940766,60.0,0.0,2.11253175751191,1
2021-09-21 15:28:00+00:00,1,0.00021789235315639033,2.5,1.1715821076468436,DC:-1:2021-09-21 15:22:00+00:00,1.17246,1.17175,1.17195,1.1716,2021-09-21 15:10:00+00:00,2021-09-21 15:20:00+00:00,2021-09-21 15:22:00+00:00,2021-09-21 15:24:00+00:00,2021-09-21 15:24:00+00:00,2021-09-21 15:28:00+00:00,3.8987957106638502,0.9999999999978109,0.281690140845044,0.4929577464789834,0.000178923531564736,240.0,1.0,1.2177959559084328,-1
2021-09-21 19:41:00+00:00,-1,0.00024342098963026082,2.5,1.1731434209896303,DC:1:2021-09-21 19:21:00+00:00,1.1724,1.17292,1.1727,1.17313,2021-09-21 19:14:00+00:00,2021-09-21 19:19:00+00:00,2021-09-21 19:21:00+00:00,2021-09-21 19:35:00+00:00,2021-09-21 19:27:00+00:00,2021-09-21 19:41:00+00:00,4.144953295294428,0.999999999996584,0.42307692307682454,0.8269230769231755,0.00013420989630374272,360.0,0.0,1.813733534815886,1
2021-09-22 01:13:00+00:00,-1,0.0007205516368524734,2.5,1.1732105516368525,DC:1:2021-09-22 00:15:00+00:00,1.17,1.1730200000000002,1.17165,1.17316,2021-09-22 00:01:00+00:00,2021-09-22 00:13:00+00:00,2021-09-22 01:07:00+00:00,2021-09-22 01:11:00+00:00,2021-09-22 01:09:00+00:00,2021-09-22 01:13:00+00:00,4.7141042785276515,0.6771300448428484,0.4536423841059544,0.49999999999992645,0.0005055163685245547,120.0,0.0,1.4253774590040273,1
2021-09-22 04:54:00+00:00,-1,0.0006511829180151363,2.5,1.1729311829180151,DC:1:2021-09-22 04:05:00+00:00,1.17,1.17261,1.1716,1.17288,2021-09-22 04:01:00+00:00,2021-09-22 04:03:00+00:00,2021-09-22 04:10:00+00:00,2021-09-22 04:50:00+00:00,2021-09-22 04:49:00+00:00,2021-09-22 04:54:00+00:00,3.9038657168840305,0.9999999999997448,0.3869731800766111,0.4904214559386771,0.0005118291801523126,240.0,0.0,1.2722661060890552,1
2021-09-22 07:42:00+00:00,-1,0.0007534642934614588,2.5,1.1741834642934614,DC:1:2021-09-22 07:19:00+00:00,1.17,1.17371,1.17282,1.17412,2021-09-22 07:01:00+00:00,2021-09-22 07:11:00+00:00,2021-09-22 07:27:00+00:00,2021-09-22 07:38:00+00:00,2021-09-22 07:33:00+00:00,2021-09-22 07:42:00+00:00,5.285624142325797,0.5860979462876847,0.23989218328841858,0.3504043126684752,0.000634642934614807,240.0,1.0,1.187225528507254,1
2021-09-22 18:17:00+00:00,-1,0.001205995981797825,2.5,1.175875995981798,DC:1:2021-09-22 18:11:00+00:00,1.17,1.17519,1.17404,1.1757799999999998,2021-09-22 18:01:00+00:00,2021-09-22 18:09:00+00:00,2021-09-22 18:11:00+00:00,2021-09-22 18:16:00+00:00,2021-09-22 18:15:00+00:00,2021-09-22 18:17:00+00:00,6.109887928484622,0.8199052132698946,0.22157996146435033,0.3352601156069063,0.0009599598179812877,60.0,1.0,1.2562983983370575,1
2021-09-22 19:08:00+00:00,1,0.0011880644545110286,2.5,1.1686719355454889,DC:-1:2021-09-22 18:56:00+00:00,1.17247,1.1695799999999998,1.17055,1.16876,2021-09-22 18:44:00+00:00,2021-09-22 18:52:00+00:00,2021-09-22 18:56:00+00:00,2021-09-22 19:02:00+00:00,2021-09-22 18:59:00+00:00,2021-09-22 19:08:00+00:00,3.2143651177398787,0.6674364896080285,0.33564013840834517,0.6193771626297306,0.0008806445451109799,360.0,0.0,1.349085123057575,-1
2021-09-23 10:19:00+00:00,1,0.0006665893972206405,2.5,1.1712534106027794,DC:-1:2021-09-23 10:16:00+00:00,1.17274,1.17148,1.17206,1.17131,2021-09-23 10:08:00+00:00,2021-09-23 10:13:00+00:00,2021-09-23 10:16:00+00:00,2021-09-23 10:17:00+00:00,2021-09-23 10:17:00+00:00,2021-09-23 10:19:00+00:00,2.207757712293621,0.6363636363625149,0.46031746031754706,0.5952380952382044,0.0005658939722064469,120.0,1.0,1.177940444605864,-1
2021-09-24 10:33:00+00:00,-1,0.0008936641586023697,2.5,1.1741936641586024,DC:1:2021-09-24 10:13:00+00:00,1.17,1.17399,1.173,1.17412,2021-09-24 10:01:00+00:00,2021-09-24 10:10:00+00:00,2021-09-24 10:13:00+00:00,2021-09-24 10:29:00+00:00,2021-09-24 10:29:00+00:00,2021-09-24 10:33:00+00:00,5.123558707829692,0.6661101836397534,0.24812030075188138,0.2807017543859561,0.0007366415860224278,240.0,1.0,1.213160070731007,1
2021-09-24 12:34:00+00:00,1,0.0005995958333209206,2.5,1.1710504041666792,DC:-1:2021-09-24 12:27:00+00:00,1.17247,1.1714,1.17192,1.1711,2021-09-24 12:22:00+00:00,2021-09-24 12:26:00+00:00,2021-09-24 12:27:00+00:00,2021-09-24 12:32:00+00:00,2021-09-24 12:31:00+00:00,2021-09-24 12:34:00+00:00,2.2570514698277653,0.6815286624199047,0.48598130841132936,0.7663551401870244,0.0004959583332096107,120.0,1.0,1.2089641269673126,-1
2021-09-24 15:06:00+00:00,-1,0.0005532353949972979,2.5,1.1719632353949974,DC:1:2021-09-24 15:01:00+00:00,1.1708,1.1717799999999998,1.1713,1.17192,2021-09-24 14:54:00+00:00,2021-09-24 14:59:00+00:00,2021-09-24 15:01:00+00:00,2021-09-24 15:04:00+00:00,2021-09-24 15:04:00+00:00,2021-09-24 15:06:00+00:00,2.4124005866492495,0.5975609756089305,0.4897959183672776,0.6326530612247118,0.00043235394997290233,120.0,1.0,1.2795890844341118,1
2021-09-27 01:29:00+00:00,-1,0.0006454581293000583,2.5,1.1729354581293001,DC:1:2021-09-27 01:15:00+00:00,1.17,1.17247,1.17185,1.17288,2021-09-27 01:01:00+00:00,2021-09-27 01:13:00+00:00,2021-09-27 01:15:00+00:00,2021-09-27 01:27:00+00:00,2021-09-27 01:18:00+00:00,2021-09-27 01:29:00+00:00,4.055396089294243,0.7373134328347942,0.25101214574892705,0.4170040485829457,0.0005545812930016768,120.0,0.0,1.163865672075792,1
2021-09-27 06:19:00+00:00,-1,0.0009942730275613876,2.5,1.1729442730275614,DC:1:2021-09-27 06:06:00+00:00,1.17,1.17261,1.1718,1.17288,2021-09-27 06:01:00+00:00,2021-09-27 06:04:00+00:00,2021-09-27 06:06:00+00:00,2021-09-27 06:18:00+00:00,2021-09-27 06:18:00+00:00,2021-09-27 06:19:00+00:00,4.097356332261156,1.000000000001106,0.3103448275861981,0.41379310344826414,0.0006427302756144063,60.0,1.0,1.546952221304544,1
2021-09-27 08:08:00+00:00,1,0.0004911952996415891,2.5,1.1695088047003583,DC:-1:2021-09-27 07:57:00+00:00,1.17165,1.1696799999999998,1.17027,1.16955,2021-09-27 07:37:00+00:00,2021-09-27 07:54:00+00:00,2021-09-27 07:57:00+00:00,2021-09-27 08:07:00+00:00,2021-09-27 08:06:00+00:00,2021-09-27 08:08:00+00:00,3.5717530649287723,0.7786561264800811,0.29949238578681003,0.3654822335024065,0.00041195299641721115,60.0,0.0,1.19235763282111,-1
2021-09-27 11:36:00+00:00,1,0.0005473519965322193,2.5,1.1694526480034677,DC:-1:2021-09-27 11:34:00+00:00,1.17123,1.16986,1.17041,1.1695,2021-09-27 11:19:00+00:00,2021-09-27 11:32:00+00:00,2021-09-27 11:34:00+00:00,2021-09-27 11:35:00+00:00,2021-09-27 11:35:00+00:00,2021-09-27 11:36:00+00:00,2.516406027825982,0.6618357487935174,0.401459854014608,0.664233576642266,0.00047351996532201855,60.0,1.0,1.1559216857096852,-1
2021-09-28 07:58:00+00:00,-1,0.0007198703992672417,2.5,1.1692298703992672,DC:1:2021-09-28 07:51:00+00:00,1.1673,1.1686299999999998,1.16809,1.16918,2021-09-28 07:35:00+00:00,2021-09-28 07:50:00+00:00,2021-09-28 07:51:00+00:00,2021-09-28 07:57:00+00:00,2021-09-28 07:53:00+00:00,2021-09-28 07:58:00+00:00,2.566416211384187,0.47330960854262655,0.4060150375938582,0.8195488721805817,0.0004987039926713564,60.0,0.0,1.4434823258807012,1
2021-09-28 15:46:00+00:00,-1,0.001112867345050672,2.5,1.1691028673450508,DC:1:2021-09-28 15:33:00+00:00,1.16704,1.1686299999999998,1.1679,1.16904,2021-09-28 15:19:00+00:00,2021-09-28 15:32:00+00:00,2021-09-28 15:33:00+00:00,2021-09-28 15:38:00+00:00,2021-09-28 15:37:00+00:00,2021-09-28 15:46:00+00:00,2.2904874592161066,0.48923076922942843,0.4591194968553512,0.7169811320756693,0.0006286734505074611,480.0,1.0,1.7701834619425598,1
2021-09-29 08:25:00+00:00,1,0.0010288191265865887,2.5,1.1661011808734134,DC:-1:2021-09-29 08:08:00+00:00,1.17,1.1664,1.16754,1.16619,2021-09-29 08:01:00+00:00,2021-09-29 08:05:00+00:00,2021-09-29 08:08:00+00:00,2021-09-29 08:15:00+00:00,2021-09-29 08:15:00+00:00,2021-09-29 08:25:00+00:00,4.191997256110354,1.0000000000003084,0.3166666666666595,0.3750000000000077,0.0008881912658662104,600.0,1.0,1.1583306052702855,-1
2021-09-29 15:19:00+00:00,-1,0.001018416420142998,2.5,1.162188416420143,DC:1:2021-09-29 15:05:00+00:00,1.16,1.16185,1.1611,1.16212,2021-09-29 15:01:00+00:00,2021-09-29 15:02:00+00:00,2021-09-29 15:05:00+00:00,2021-09-29 15:15:00+00:00,2021-09-29 15:12:00+00:00,2021-09-29 15:19:00+00:00,2.761459260418985,1.0000000000014402,0.40540540540539244,0.5513513513513241,0.0006841642014290072,240.0,1.0,1.4885555514536444,1
2021-09-30 13:40:00+00:00,-1,0.0006738244563828655,2.5,1.160013824456383,DC:1:2021-09-30 13:31:00+00:00,1.1578,1.15942,1.15873,1.15996,2021-09-30 13:23:00+00:00,2021-09-30 13:29:00+00:00,2021-09-30 13:31:00+00:00,2021-09-30 13:37:00+00:00,2021-09-30 13:35:00+00:00,2021-09-30 13:40:00+00:00,3.0117580045067367,0.8181818181834086,0.42592592592584977,0.7592592592593201,0.0005382445638278465,180.0,1.0,1.2518927299345344,1
2021-09-30 15:42:00+00:00,1,0.0008818917190325237,2.5,1.1582681082809674,DC:-1:2021-09-30 15:25:00+00:00,1.1605,1.15874,1.15942,1.15833,2021-09-30 15:19:00+00:00,2021-09-30 15:23:00+00:00,2021-09-30 15:25:00+00:00,2021-09-30 15:38:00+00:00,2021-09-30 15:29:00+00:00,2021-09-30 15:42:00+00:00,3.4149393396571472,0.7040000000006338,0.38636363636352167,0.6193181818180815,0.0006189171903275276,240.0,1.0,1.4248945300191638,-1
2021-09-30 23:20:00+00:00,1,0.0007258971928558733,2.5,1.157484102807144,DC:-1:2021-09-30 22:11:00+00:00,1.16,1.1579,1.15888,1.15755,2021-09-30 22:01:00+00:00,2021-09-30 22:08:00+00:00,2021-09-30 22:11:00+00:00,2021-09-30 23:19:00+00:00,2021-09-30 22:12:00+00:00,2021-09-30 23:20:00+00:00,3.3564873953022216,0.7291666666672835,0.4666666666666596,0.6333333333332558,0.000658971928560312,60.0,0.0,1.1015601141641589,-1
2021-10-01 01:36:00+00:00,-1,0.0005469918352438707,2.5,1.157586991835244,DC:1:2021-10-01 01:31:00+00:00,1.1563,1.15741,1.1569,1.15754,2021-10-01 01:16:00+00:00,2021-10-01 01:27:00+00:00,2021-10-01 01:31:00+00:00,2021-10-01 01:33:00+00:00,2021-10-01 01:32:00+00:00,2021-10-01 01:36:00+00:00,2.2033209031727465,0.5811518324600045,0.4594594594594919,0.576576576576582,0.0004699183524388112,180.0,0.0,1.1640146259558897,1
2021-10-01 04:35:00+00:00,1,0.0009265187645515205,2.5,1.1574234812354485,DC:-1:2021-10-01 04:15:00+00:00,1.16,1.1576,1.15861,1.1575,2021-10-01 04:01:00+00:00,2021-10-01 04:05:00+00:00,2021-10-01 04:22:00+00:00,2021-10-01 04:34:00+00:00,2021-10-01 04:23:00+00:00,2021-10-01 04:35:00+00:00,3.160574037559466,0.8955223880579739,0.4208333333333222,0.462499999999985,0.0007651876455148759,60.0,0.0,1.2108386354409693,-1
2021-10-01 09:19:00+00:00,1,0.0007477527529240469,2.5,1.157732247247076,DC:-1:2021-10-01 09:11:00+00:00,1.16,1.15792,1.15888,1.1578,2021-10-01 09:01:00+00:00,2021-10-01 09:02:00+00:00,2021-10-01 09:11:00+00:00,2021-10-01 09:14:00+00:00,2021-10-01 09:14:00+00:00,2021-10-01 09:19:00+00:00,3.073719886021164,1.0000000000002136,0.4615384615384205,0.5192307692307898,0.0006775275292399147,300.0,1.0,1.1036492550537607,-1
2021-10-01 10:44:00+00:00,-1,0.0008389872581180402,2.5,1.159188987258118,DC:1:2021-10-01 10:36:00+00:00,1.1572,1.15875,1.15819,1.15915,2021-10-01 10:09:00+00:00,2021-10-01 10:27:00+00:00,2021-10-01 10:36:00+00:00,2021-10-01 10:43:00+00:00,2021-10-01 10:42:00+00:00,2021-10-01 10:44:00+00:00,3.1560985433443998,0.7013574660616863,0.36129032258059063,0.6193548387096044,0.00038987258118121647,60.0,0.0,2.1519524547638578,1
2021-10-01 12:37:00+00:00,-1,0.0005883702031479476,2.5,1.1612183702031478,DC:1:2021-10-01 12:34:00+00:00,1.1598,1.16104,1.16048,1.16117,2021-10-01 12:25:00+00:00,2021-10-01 12:32:00+00:00,2021-10-01 12:34:00+00:00,2021-10-01 12:36:00+00:00,2021-10-01 12:36:00+00:00,2021-10-01 12:37:00+00:00,2.7378560401163505,0.6666666666665075,0.4516129032258527,0.5564516129032315,0.0004837020314764027,60.0,1.0,1.2163897706860285,1
2021-10-03 23:12:00+00:00,-1,0.0006751489401168875,2.5,1.1614651489401169,DC:1:2021-10-03 23:03:00+00:00,1.16,1.16117,1.1607,1.16144,2021-10-03 23:01:00+00:00,2021-10-03 23:02:00+00:00,2021-10-03 23:03:00+00:00,2021-10-03 23:11:00+00:00,2021-10-03 23:04:00+00:00,2021-10-03 23:12:00+00:00,7.4730813269798215,0.9999999999984818,0.40170940170933683,0.6324786324785384,0.0002514894011684793,60.0,0.0,2.6846019632636033,1
2021-10-04 01:57:00+00:00,1,0.000519844807714831,2.5,1.1595701551922852,DC:-1:2021-10-04 01:46:00+00:00,1.1609,1.1597,1.16023,1.15961,2021-10-04 01:27:00+00:00,2021-10-04 01:45:00+00:00,2021-10-04 01:46:00+00:00,2021-10-04 01:52:00+00:00,2021-10-04 01:49:00+00:00,2021-10-04 01:57:00+00:00,2.49365772898811,0.46153846153831046,0.4416666666667515,0.516666666666682,0.000398448077147786,300.0,0.0,1.3046739023966187,-1
2021-10-04 13:45:00+00:00,-1,0.0010577897618728738,2.5,1.163827789761873,DC:1:2021-10-04 13:13:00+00:00,1.16,1.1636,1.1623,1.16374,2021-10-04 13:01:00+00:00,2021-10-04 13:09:00+00:00,2021-10-04 13:16:00+00:00,2021-10-04 13:41:00+00:00,2021-10-04 13:18:00+00:00,2021-10-04 13:45:00+00:00,4.2495629324985815,0.8071748878920825,0.3611111111110666,0.399999999999963,0.0008778976187285632,240.0,0.0,1.2049124400232956,1
2021-10-04 17:55:00+00:00,-1,0.0008371340046253728,2.5,1.1628471340046254,DC:1:2021-10-04 17:15:00+00:00,1.16,1.16266,1.1617,1.16279,2021-10-04 17:01:00+00:00,2021-10-04 17:14:00+00:00,2021-10-04 17:38:00+00:00,2021-10-04 17:53:00+00:00,2021-10-04 17:45:00+00:00,2021-10-04 17:55:00+00:00,4.086067087074648,0.5473251028813958,0.36090225563911027,0.4097744360902224,0.0005713400462544988,120.0,0.0,1.465211497274389,1
2021-10-04 18:54:00+00:00,-1,0.0009394497851074046,2.5,1.1635394497851075,DC:1:2021-10-04 18:11:00+00:00,1.16,1.16306,1.1617,1.16347,2021-10-04 18:01:00+00:00,2021-10-04 18:10:00+00:00,2021-10-04 18:13:00+00:00,2021-10-04 18:50:00+00:00,2021-10-04 18:26:00+00:00,2021-10-04 18:54:00+00:00,4.322432790225388,0.5625000000007347,0.4444444444444444,0.5784313725490239,0.0006944978510756667,240.0,0.0,1.3527036601370994,1
2021-10-04 21:00:00+00:00,-1,0.0005897811191113433,2.5,1.1628397811191113,DC:1:2021-10-04 20:18:00+00:00,1.16,1.16266,1.1618,1.16279,2021-10-04 20:01:00+00:00,2021-10-04 20:02:00+00:00,2021-10-04 20:38:00+00:00,2021-10-04 20:59:00+00:00,2021-10-04 20:59:00+00:00,2021-10-04 21:00:00+00:00,4.165075118065833,1.000000000000501,0.3233082706767099,0.37218045112782205,0.0004978111911131294,60.0,1.0,1.184748614816322,1
2021-10-04 23:27:00+00:00,-1,0.0008342519267519055,2.5,1.162574251926752,DC:1:2021-10-04 23:06:00+00:00,1.16,1.16239,1.1616,1.16252,2021-10-04 23:01:00+00:00,2021-10-04 23:02:00+00:00,2021-10-04 23:09:00+00:00,2021-10-04 23:24:00+00:00,2021-10-04 23:24:00+00:00,2021-10-04 23:27:00+00:00,4.622800759859799,1.0000000000007432,0.33054393305440616,0.3849372384937188,0.0005425192675185056,180.0,1.0,1.5377369555330103,1
2021-10-05 10:59:00+00:00,1,0.000544871708939354,2.5,1.1591451282910608,DC:-1:2021-10-05 10:52:00+00:00,1.1605,1.1595,1.15996,1.15919,2021-10-05 10:44:00+00:00,2021-10-05 10:49:00+00:00,2021-10-05 10:52:00+00:00,2021-10-05 10:57:00+00:00,2021-10-05 10:54:00+00:00,2021-10-05 10:59:00+00:00,2.267229868719987,0.7812499999993061,0.4600000000000755,0.7700000000000733,0.00044871708939223245,120.0,1.0,1.2142878482238302,-1
2021-10-05 12:11:00+00:00,-1,0.0006798065417310539,2.5,1.161089806541731,DC:1:2021-10-05 12:06:00+00:00,1.15978,1.1609,1.1604,1.16104,2021-10-05 11:58:00+00:00,2021-10-05 12:03:00+00:00,2021-10-05 12:06:00+00:00,2021-10-05 12:09:00+00:00,2021-10-05 12:09:00+00:00,2021-10-05 12:11:00+00:00,2.2976315886966616,0.6086956521734566,0.44642857142851833,0.5714285714285431,0.000498065417309408,120.0,1.0,1.3648940844024608,1
2021-10-05 15:30:00+00:00,-1,0.0008836282108606319,2.5,1.1619036282108608,DC:1:2021-10-05 15:16:00+00:00,1.15938,1.16104,1.16028,1.16185,2021-10-05 15:06:00+00:00,2021-10-05 15:13:00+00:00,2021-10-05 15:19:00+00:00,2021-10-05 15:28:00+00:00,2021-10-05 15:21:00+00:00,2021-10-05 15:30:00+00:00,3.1008447147201292,1.0000000000036116,0.45783132530126286,0.9457831325301664,0.0005362821086073894,120.0,0.0,1.647692877831085,1
2021-10-05 20:17:00+00:00,1,0.0005664362211754703,2.5,1.1593935637788246,DC:-1:2021-10-05 20:05:00+00:00,1.1606299999999998,1.1596,1.16009,1.15944,2021-10-05 20:03:00+00:00,2021-10-05 20:04:00+00:00,2021-10-05 20:05:00+00:00,2021-10-05 20:13:00+00:00,2021-10-05 20:08:00+00:00,2021-10-05 20:17:00+00:00,2.470006532982281,0.9999999999997844,0.475728155339967,0.6310679611651699,0.0004643622117547501,240.0,1.0,1.2198154949667395,-1
2021-10-06 10:25:00+00:00,1,0.0004646904634886262,2.5,1.1530753095365114,DC:-1:2021-10-06 10:19:00+00:00,1.15567,1.1534,1.15434,1.15311,2021-10-06 09:28:00+00:00,2021-10-06 10:09:00+00:00,2021-10-06 10:19:00+00:00,2021-10-06 10:23:00+00:00,2021-10-06 10:20:00+00:00,2021-10-06 10:25:00+00:00,3.5910625703488246,0.46997929606641337,0.4140969162995345,0.5418502202642491,0.00034690463488654865,120.0,0.0,1.339533741428961,-1
2021-10-06 17:22:00+00:00,1,0.0005086515178527318,2.5,1.1543613484821473,DC:-1:2021-10-06 17:19:00+00:00,1.15553,1.1545,1.155,1.1544,2021-10-06 17:06:00+00:00,2021-10-06 17:17:00+00:00,2021-10-06 17:19:00+00:00,2021-10-06 17:20:00+00:00,2021-10-06 17:20:00+00:00,2021-10-06 17:22:00+00:00,2.419335378815013,0.647798742138197,0.48543689320389394,0.5825242718446727,0.00038651517852734236,120.0,1.0,1.3159936429682784,-1
2021-10-06 18:46:00+00:00,1,0.000983756068670294,2.5,1.1548162439313296,DC:-1:2021-10-06 18:14:00+00:00,1.16,1.15509,1.1562,1.1549,2021-10-06 18:01:00+00:00,2021-10-06 18:05:00+00:00,2021-10-06 18:14:00+00:00,2021-10-06 18:34:00+00:00,2021-10-06 18:16:00+00:00,2021-10-06 18:46:00+00:00,6.282222904581715,1.0000000000009497,0.22606924643583526,0.2647657841140254,0.000837560686703294,720.0,0.0,1.1745490019862759,-1
2021-10-06 21:36:00+00:00,1,0.0009473620021127616,2.5,1.1551226379978874,DC:-1:2021-10-06 21:08:00+00:00,1.16,1.15533,1.1566,1.1552,2021-10-06 21:01:00+00:00,2021-10-06 21:07:00+00:00,2021-10-06 21:23:00+00:00,2021-10-06 21:35:00+00:00,2021-10-06 21:35:00+00:00,2021-10-06 21:36:00+00:00,5.623228103173774,0.6353741496596491,0.2719486081370701,0.299785867237705,0.0007736200211270876,60.0,1.0,1.2245830979562151,-1
2021-10-07 08:41:00+00:00,1,0.0007381381227713479,2.5,1.1561318618772287,DC:-1:2021-10-07 08:17:00+00:00,1.16,1.1567,1.15741,1.15619,2021-10-07 08:01:00+00:00,2021-10-07 08:09:00+00:00,2021-10-07 08:17:00+00:00,2021-10-07 08:24:00+00:00,2021-10-07 08:23:00+00:00,2021-10-07 08:41:00+00:00,5.205833819500584,0.8009708737863063,0.21515151515152087,0.3696969696969852,0.0005813812277122588,1020.0,1.0,1.2696284083267173,-1
2021-10-07 12:26:00+00:00,1,0.0010354876230527221,2.5,1.1557045123769474,DC:-1:2021-10-07 12:11:00+00:00,1.16,1.15599,1.15687,1.15578,2021-10-07 12:01:00+00:00,2021-10-07 12:05:00+00:00,2021-10-07 12:11:00+00:00,2021-10-07 12:22:00+00:00,2021-10-07 12:22:00+00:00,2021-10-07 12:26:00+00:00,5.4946721821233995,0.8623655913968614,0.21945137157107866,0.2718204488778247,0.0007548762305260947,240.0,1.0,1.3717316576931577,-1
2021-10-07 16:31:00+00:00,1,0.000733407669927022,2.5,1.1553365923300731,DC:-1:2021-10-07 16:23:00+00:00,1.16,1.15575,1.1566,1.1554,2021-10-07 16:01:00+00:00,2021-10-07 16:10:00+00:00,2021-10-07 16:23:00+00:00,2021-10-07 16:28:00+00:00,2021-10-07 16:25:00+00:00,2021-10-07 16:31:00+00:00,6.233226811112007,0.6651017214401322,0.20000000000001045,0.2823529411765007,0.0006340766992687866,180.0,0.0,1.1566545037418712,-1
2021-10-08 08:39:00+00:00,1,0.0011139518303728835,2.5,1.154286048169627,DC:-1:2021-10-08 07:15:00+00:00,1.16,1.1545,1.1558,1.15438,2021-10-08 07:01:00+00:00,2021-10-08 07:03:00+00:00,2021-10-08 07:24:00+00:00,2021-10-08 08:21:00+00:00,2021-10-08 07:25:00+00:00,2021-10-08 08:39:00+00:00,6.276265781203022,1.0000000000003633,0.2363636363636173,0.25818181818182157,0.0009395183037293447,1080.0,0.0,1.1856627230689796,-1
2021-10-08 14:05:00+00:00,-1,0.0008681431152139929,2.5,1.157468143115214,DC:1:2021-10-08 13:58:00+00:00,1.1556,1.15701,1.15633,1.15741,2021-10-08 13:47:00+00:00,2021-10-08 13:56:00+00:00,2021-10-08 13:59:00+00:00,2021-10-08 14:03:00+00:00,2021-10-08 14:03:00+00:00,2021-10-08 14:05:00+00:00,2.275421166536309,0.5444015444005497,0.48226950354606357,0.7659574468084168,0.0005814311521397988,120.0,1.0,1.4931142096859258,1
2021-10-08 17:03:00+00:00,1,0.0011336050661450159,2.5,1.156006394933855,DC:-1:2021-10-08 16:04:00+00:00,1.16,1.15693,1.1576799999999998,1.15609,2021-10-08 16:01:00+00:00,2021-10-08 16:03:00+00:00,2021-10-08 16:04:00+00:00,2021-10-08 16:36:00+00:00,2021-10-08 16:06:00+00:00,2021-10-08 17:03:00+00:00,4.565537983516191,0.9999999999996384,0.24429967426704538,0.5179153094461911,0.0008360506614506252,1620.0,1.0,1.3559047536402953,-1
2021-10-11 07:33:00+00:00,1,0.000752365221935225,2.5,1.1574576347780647,DC:-1:2021-10-11 07:04:00+00:00,1.16,1.15799,1.15861,1.15752,2021-10-11 07:01:00+00:00,2021-10-11 07:02:00+00:00,2021-10-11 07:04:00+00:00,2021-10-11 07:30:00+00:00,2021-10-11 07:14:00+00:00,2021-10-11 07:33:00+00:00,3.3863309477329504,1.0000000000006628,0.30845771144273165,0.5422885572138793,0.0006236522193536568,180.0,1.0,1.2063858647291663,-1
2021-10-11 08:32:00+00:00,1,0.0007973733917365777,2.5,1.1563426266082635,DC:-1:2021-10-11 08:26:00+00:00,1.15808,1.1567,1.15727,1.1564,2021-10-11 08:17:00+00:00,2021-10-11 08:23:00+00:00,2021-10-11 08:26:00+00:00,2021-10-11 08:28:00+00:00,2021-10-11 08:28:00+00:00,2021-10-11 08:32:00+00:00,2.580119327881197,0.5750000000013138,0.4130434782608591,0.6304347826086711,0.0005737339173668773,240.0,1.0,1.3897965025252166,-1
2021-10-11 09:19:00+00:00,1,0.000693161785387808,2.5,1.1556468382146121,DC:-1:2021-10-11 09:12:00+00:00,1.15781,1.15599,1.1566,1.1557,2021-10-11 08:56:00+00:00,2021-10-11 09:09:00+00:00,2021-10-11 09:12:00+00:00,2021-10-11 09:15:00+00:00,2021-10-11 09:14:00+00:00,2021-10-11 09:19:00+00:00,3.6931084260329214,0.5481927710839521,0.33516483516484724,0.4945054945055803,0.0005316178538785535,240.0,1.0,1.3038722840677182,-1
2021-10-12 19:51:00+00:00,-1,0.0007185041325468156,2.5,1.1539885041325468,DC:1:2021-10-12 19:07:00+00:00,1.15,1.15354,1.1528,1.15393,2021-10-12 19:01:00+00:00,2021-10-12 19:03:00+00:00,2021-10-12 19:07:00+00:00,2021-10-12 19:50:00+00:00,2021-10-12 19:37:00+00:00,2021-10-12 19:51:00+00:00,4.958008543930639,0.9999999999997491,0.20903954802258257,0.31920903954797225,0.0005850413254694767,60.0,1.0,1.2281254353617486,1
2021-10-13 15:41:00+00:00,1,0.0008347608237446735,2.5,1.1567052391762553,DC:-1:2021-10-13 15:08:00+00:00,1.16,1.1574799999999998,1.15808,1.15677,2021-10-13 15:01:00+00:00,2021-10-13 15:02:00+00:00,2021-10-13 15:08:00+00:00,2021-10-13 15:37:00+00:00,2021-10-13 15:12:00+00:00,2021-10-13 15:41:00+00:00,4.2477263110570815,1.0000000000012337,0.23809523809529265,0.519841269841223,0.0006476082374472405,240.0,1.0,1.288990435074075,-1
2021-10-13 18:25:00+00:00,1,0.0006899638854414025,2.5,1.1583300361145588,DC:-1:2021-10-13 18:09:00+00:00,1.16,1.1586,1.15915,1.15838,2021-10-13 18:01:00+00:00,2021-10-13 18:08:00+00:00,2021-10-13 18:09:00+00:00,2021-10-13 18:19:00+00:00,2021-10-13 18:13:00+00:00,2021-10-13 18:25:00+00:00,2.752425049708073,0.7216494845368919,0.3928571428570636,0.5500000000000158,0.0004996388544113309,360.0,0.0,1.3809252009720312,-1
2021-10-15 04:19:00+00:00,-1,0.0006519081845448582,2.5,1.161351908184545,DC:1:2021-10-15 04:08:00+00:00,1.16,1.16117,1.1606,1.16131,2021-10-15 04:01:00+00:00,2021-10-15 04:05:00+00:00,2021-10-15 04:08:00+00:00,2021-10-15 04:18:00+00:00,2021-10-15 04:18:00+00:00,2021-10-15 04:19:00+00:00,2.306209769663041,0.906976744188,0.48717948717940446,0.6068376068375371,0.00041908184544800156,60.0,1.0,1.5555629326962699,1
2021-10-15 12:49:00+00:00,-1,0.0004824179111857507,2.5,1.1606724179111858,DC:1:2021-10-15 12:41:00+00:00,1.1591200000000002,1.16023,1.1598,1.1606299999999998,2021-10-15 12:34:00+00:00,2021-10-15 12:40:00+00:00,2021-10-15 12:41:00+00:00,2021-10-15 12:46:00+00:00,2021-10-15 12:44:00+00:00,2021-10-15 12:49:00+00:00,2.8475392430178443,0.6646706586808983,0.3873873873875442,0.7477477477476828,0.00042417911186055067,180.0,1.0,1.137297659636635,1
2021-10-17 23:25:00+00:00,-1,0.0001840360655798179,2.5,1.1601040360655799,DC:1:2021-10-17 23:11:00+00:00,1.1596,1.15999,1.1598,1.16009,2021-10-17 23:03:00+00:00,2021-10-17 23:07:00+00:00,2021-10-17 23:14:00+00:00,2021-10-17 23:19:00+00:00,2021-10-17 23:15:00+00:00,2021-10-17 23:25:00+00:00,2.9890507368155332,0.9069767441831764,0.48717948717969156,0.7435897435898458,0.0001403606557978249,360.0,0.0,1.3111656149918745,1
2021-10-18 03:17:00+00:00,1,0.0001413613985021822,2.5,1.1585886386014979,DC:-1:2021-10-18 03:08:00+00:00,1.15931,1.1587,1.15885,1.1586,2021-10-18 02:52:00+00:00,2021-10-18 03:07:00+00:00,2021-10-18 03:11:00+00:00,2021-10-18 03:16:00+00:00,2021-10-18 03:15:00+00:00,2021-10-18 03:17:00+00:00,5.142684347434252,0.8591549295627,0.24590163934405343,0.40983606557354374,0.0001136139850232931,60.0,0.0,1.2442253343477068,-1
2021-10-18 03:42:00+00:00,1,0.00020429552726186628,2.5,1.158075704472738,DC:-1:2021-10-18 03:36:00+00:00,1.15857,1.15819,1.15835,1.15809,2021-10-18 03:25:00+00:00,2021-10-18 03:35:00+00:00,2021-10-18 03:36:00+00:00,2021-10-18 03:40:00+00:00,2021-10-18 03:40:00+00:00,2021-10-18 03:42:00+00:00,2.587289965575128,0.6333333333348876,0.4210526315787321,0.6842105263155127,0.00014295527261860564,120.0,1.0,1.4290870390413093,-1
2021-10-18 06:40:00+00:00,1,0.00022518321477882353,2.5,1.1571848167852212,DC:-1:2021-10-18 06:32:00+00:00,1.15799,1.15736,1.1575799999999998,1.1572,2021-10-18 06:14:00+00:00,2021-10-18 06:30:00+00:00,2021-10-18 06:34:00+00:00,2021-10-18 06:39:00+00:00,2021-10-18 06:37:00+00:00,2021-10-18 06:40:00+00:00,4.119835464425754,0.48837209301898066,0.34920634920609744,0.6031746031742004,0.00015183214778759197,60.0,0.0,1.4831062990286301,-1
2021-10-18 07:14:00+00:00,-1,0.00029041933637752315,2.5,1.1582104193363776,DC:1:2021-10-18 07:12:00+00:00,1.1574,1.15818,1.1579,1.15819,2021-10-18 06:59:00+00:00,2021-10-18 07:11:00+00:00,2021-10-18 07:12:00+00:00,2021-10-18 07:13:00+00:00,2021-10-18 07:13:00+00:00,2021-10-18 07:14:00+00:00,4.502176959392091,0.5735294117654454,0.358974358974432,0.37179487179502874,0.00020419336377497792,60.0,1.0,1.4222760769912517,1
2021-10-18 12:19:00+00:00,-1,0.0002742210742443518,2.5,1.1604242210742444,DC:1:2021-10-18 12:08:00+00:00,1.1594,1.16026,1.15992,1.1604,2021-10-18 12:01:00+00:00,2021-10-18 12:05:00+00:00,2021-10-18 12:08:00+00:00,2021-10-18 12:16:00+00:00,2021-10-18 12:14:00+00:00,2021-10-18 12:19:00+00:00,3.7985753385469514,0.8431372549045945,0.39534883720927233,0.5581395348837089,0.00024221074244257988,180.0,0.0,1.1321590094599563,1
2021-10-19 01:51:00+00:00,-1,0.00021625773966560402,2.5,1.1634962577396657,DC:1:2021-10-19 01:45:00+00:00,1.1626,1.1634,1.1632,1.1634799999999998,2021-10-19 01:18:00+00:00,2021-10-19 01:42:00+00:00,2021-10-19 01:45:00+00:00,2021-10-19 01:49:00+00:00,2021-10-19 01:49:00+00:00,2021-10-19 01:51:00+00:00,4.986119049091285,0.4651162790681102,0.25,0.34999999999983344,0.0001625773966584035,120.0,1.0,1.3301833102912206,1
2021-10-19 03:47:00+00:00,-1,0.0001859794051668473,2.5,1.164585979405167,DC:1:2021-10-19 03:42:00+00:00,1.1638,1.16449,1.16429,1.16457,2021-10-19 03:21:00+00:00,2021-10-19 03:40:00+00:00,2021-10-19 03:42:00+00:00,2021-10-19 03:46:00+00:00,2021-10-19 03:43:00+00:00,2021-10-19 03:47:00+00:00,4.4095381969477545,0.49640287769512265,0.28985507246370285,0.4057971014493127,0.00015979405166768293,60.0,0.0,1.1638693882900033,1
2021-10-19 05:48:00+00:00,-1,0.00018476768563679968,2.5,1.1653847676856368,DC:1:2021-10-19 05:46:00+00:00,1.16466,1.1653,1.1651,1.16537,2021-10-19 05:34:00+00:00,2021-10-19 05:45:00+00:00,2021-10-19 05:46:00+00:00,2021-10-19 05:47:00+00:00,2021-10-19 05:47:00+00:00,2021-10-19 05:48:00+00:00,4.884850464323293,0.7804878048737492,0.3124999999999783,0.42187500000000544,0.00014767685636759775,60.0,1.0,1.2511620993398946,1
2021-10-19 10:32:00+00:00,1,0.00022952391032426966,2.5,1.1661304760896758,DC:-1:2021-10-19 10:26:00+00:00,1.1667299999999998,1.16629,1.16648,1.16615,2021-10-19 10:20:00+00:00,2021-10-19 10:24:00+00:00,2021-10-19 10:26:00+00:00,2021-10-19 10:29:00+00:00,2021-10-19 10:28:00+00:00,2021-10-19 10:32:00+00:00,2.345724637893563,1.0000000000050464,0.43181818181820475,0.7500000000002524,0.00019523910324146886,180.0,1.0,1.1756042028138076,-1
2021-10-19 12:40:00+00:00,1,0.0003095640674810607,2.5,1.164580435932519,DC:-1:2021-10-19 12:31:00+00:00,1.16563,1.1648,1.16521,1.1646,2021-10-19 12:13:00+00:00,2021-10-19 12:29:00+00:00,2021-10-19 12:32:00+00:00,2021-10-19 12:38:00+00:00,2021-10-19 12:33:00+00:00,2021-10-19 12:40:00+00:00,4.299623761642615,0.5804195804140763,0.4939759036145513,0.7349397590362445,0.00019564067481121845,120.0,0.0,1.582309342266231,-1
2021-10-19 15:37:00+00:00,1,0.0003395122079901114,2.5,1.1634604877920098,DC:-1:2021-10-19 15:30:00+00:00,1.16432,1.1635,1.16382,1.1634799999999998,2021-10-19 15:06:00+00:00,2021-10-19 15:26:00+00:00,2021-10-19 15:30:00+00:00,2021-10-19 15:35:00+00:00,2021-10-19 15:34:00+00:00,2021-10-19 15:37:00+00:00,3.149726293694439,0.49397590361838367,0.39024390243912344,0.41463414634172097,0.00019512207989962069,120.0,0.0,1.7399989184451667,-1
2021-10-19 21:32:00+00:00,1,0.0002164397968480447,2.5,1.162883560203152,DC:-1:2021-10-19 21:27:00+00:00,1.1634,1.16295,1.16313,1.1629,2021-10-19 21:14:00+00:00,2021-10-19 21:22:00+00:00,2021-10-19 21:27:00+00:00,2021-10-19 21:30:00+00:00,2021-10-19 21:30:00+00:00,2021-10-19 21:32:00+00:00,2.631312941199144,0.6716417910311191,0.40000000000009867,0.5111111111109357,0.00016439796848092522,120.0,1.0,1.3165600454068738,-1
2021-10-20 04:22:00+00:00,-1,0.00016482773720039035,2.5,1.1647648277372005,DC:1:2021-10-20 04:19:00+00:00,1.16419,1.1647,1.1645,1.16475,2021-10-20 04:00:00+00:00,2021-10-20 04:18:00+00:00,2021-10-20 04:19:00+00:00,2021-10-20 04:20:00+00:00,2021-10-20 04:20:00+00:00,2021-10-20 04:22:00+00:00,3.180051736121811,0.49514563106451404,0.3921568627450468,0.4901960784310908,0.00014827737200506381,120.0,1.0,1.111617605380552,1
2021-10-20 04:36:00+00:00,-1,0.00018603388206117621,2.5,1.1649860338820612,DC:1:2021-10-20 04:32:00+00:00,1.1645,1.1649,1.1647,1.16497,2021-10-20 04:25:00+00:00,2021-10-20 04:30:00+00:00,2021-10-20 04:32:00+00:00,2021-10-20 04:34:00+00:00,2021-10-20 04:33:00+00:00,2021-10-20 04:36:00+00:00,2.5249065197006235,0.9999999999844569,0.5,0.6750000000000556,0.00016033882061067747,120.0,1.0,1.1602547739383062,1
2021-10-20 08:37:00+00:00,-1,0.00025588420149635915,2.5,1.1629858842014962,DC:1:2021-10-20 08:31:00+00:00,1.16223,1.16289,1.1627,1.16297,2021-10-20 08:19:00+00:00,2021-10-20 08:30:00+00:00,2021-10-20 08:31:00+00:00,2021-10-20 08:36:00+00:00,2021-10-20 08:35:00+00:00,2021-10-20 08:37:00+00:00,4.00204556460147,0.8249999999944488,0.2878787878787063,0.40909090909097023,0.00015884201496023785,60.0,1.0,1.6109352526182283,1
2021-10-20 18:17:00+00:00,-1,0.0002635529019729965,2.5,1.165663552901973,DC:1:2021-10-20 18:12:00+00:00,1.165,1.16556,1.1653,1.16564,2021-10-20 18:04:00+00:00,2021-10-20 18:09:00+00:00,2021-10-20 18:12:00+00:00,2021-10-20 18:16:00+00:00,2021-10-20 18:14:00+00:00,2021-10-20 18:17:00+00:00,2.652107172398662,0.7777777777763729,0.4642857142856718,0.6071428571429845,0.00023552901972933893,60.0,0.0,1.1189827150635687,1
2021-10-21 00:31:00+00:00,-1,0.0002343133147721943,2.5,1.1656343133147722,DC:1:2021-10-21 00:15:00+00:00,1.1649,1.1655,1.1653,1.16562,2021-10-21 00:02:00+00:00,2021-10-21 00:12:00+00:00,2021-10-21 00:19:00+00:00,2021-10-21 00:24:00+00:00,2021-10-21 00:22:00+00:00,2021-10-21 00:31:00+00:00,3.9540893559677426,0.6122448979512212,0.3333333333333333,0.5333333333335554,0.0001431331477214633,420.0,1.0,1.6370304049217679,1
2021-10-21 02:57:00+00:00,1,0.00018265868532596485,2.5,1.166177341314674,DC:-1:2021-10-21 02:55:00+00:00,1.16659,1.16629,1.16643,1.16619,2021-10-21 02:47:00+00:00,2021-10-21 02:52:00+00:00,2021-10-21 02:55:00+00:00,2021-10-21 02:56:00+00:00,2021-10-21 02:56:00+00:00,2021-10-21 02:57:00+00:00,2.4406778016890813,0.7142857142885087,0.4666666666668147,0.800000000000148,0.00012658685325861511,60.0,1.0,1.442951464736988,-1
2021-10-21 05:43:00+00:00,1,0.0001612694127073322,2.5,1.1646887305872926,DC:-1:2021-10-21 05:33:00+00:00,1.16531,1.1648,1.16497,1.1647,2021-10-21 05:15:00+00:00,2021-10-21 05:31:00+00:00,2021-10-21 05:38:00+00:00,2021-10-21 05:42:00+00:00,2021-10-21 05:41:00+00:00,2021-10-21 05:43:00+00:00,3.816093868121212,0.5999999999951411,0.3333333333333333,0.5294117647058567,0.00011269412707477176,60.0,0.0,1.431036531303278,-1
2021-10-21 07:00:00+00:00,1,0.00021744875698548327,2.5,1.1644825512430146,DC:-1:2021-10-21 06:57:00+00:00,1.16534,1.1646,1.1649,1.1645,2021-10-21 06:42:00+00:00,2021-10-21 06:55:00+00:00,2021-10-21 06:57:00+00:00,2021-10-21 06:58:00+00:00,2021-10-21 06:58:00+00:00,2021-10-21 07:00:00+00:00,4.9028523997305244,0.5781249999993928,0.40540540540538106,0.5405405405405082,0.0001744875698561611,120.0,1.0,1.2462134532834475,-1
2021-10-21 07:44:00+00:00,-1,0.00022982713755892448,2.5,1.164519827137559,DC:1:2021-10-21 07:35:00+00:00,1.16373,1.16436,1.16409,1.1645,2021-10-21 07:16:00+00:00,2021-10-21 07:33:00+00:00,2021-10-21 07:35:00+00:00,2021-10-21 07:43:00+00:00,2021-10-21 07:36:00+00:00,2021-10-21 07:44:00+00:00,2.9224792964570923,0.496062992121276,0.42857142857132785,0.6507936507935501,0.0001982713755889751,60.0,0.0,1.1591544007611356,1
2021-10-21 10:08:00+00:00,1,0.00020554433949659945,2.5,1.1637844556605035,DC:-1:2021-10-21 10:03:00+00:00,1.16442,1.1639,1.16409,1.1638,2021-10-21 09:53:00+00:00,2021-10-21 10:02:00+00:00,2021-10-21 10:03:00+00:00,2021-10-21 10:07:00+00:00,2021-10-21 10:07:00+00:00,2021-10-21 10:08:00+00:00,3.4057631180036063,0.7878787878663195,0.3653846153848207,0.5576923076924637,0.00015544339496536243,60.0,1.0,1.3223098964250044,-1
2021-10-21 14:17:00+00:00,-1,0.00029379373053317615,2.5,1.1648937937305333,DC:1:2021-10-21 14:14:00+00:00,1.1639,1.16476,1.16445,1.16487,2021-10-21 14:04:00+00:00,2021-10-21 14:09:00+00:00,2021-10-21 14:14:00+00:00,2021-10-21 14:16:00+00:00,2021-10-21 14:15:00+00:00,2021-10-21 14:17:00+00:00,3.9363849788631056,0.7049180327849011,0.3604651162790728,0.48837209302330986,0.00023793730533125208,60.0,1.0,1.2347527014486515,1
2021-10-21 16:34:00+00:00,1,0.000185289017095025,2.5,1.163484710982905,DC:-1:2021-10-21 16:14:00+00:00,1.16441,1.1636,1.16385,1.1635,2021-10-21 15:51:00+00:00,2021-10-21 16:10:00+00:00,2021-10-21 16:18:00+00:00,2021-10-21 16:33:00+00:00,2021-10-21 16:23:00+00:00,2021-10-21 16:34:00+00:00,4.6988137583481455,0.5294117647050116,0.30864197530875365,0.43209876543220027,0.00015289017095077332,60.0,0.0,1.2119092806475,-1
2021-10-21 16:39:00+00:00,1,0.0001941250001455952,2.5,1.1633858749998542,DC:-1:2021-10-21 16:34:00+00:00,1.16385,1.1635,1.16367,1.1634,2021-10-21 16:18:00+00:00,2021-10-21 16:33:00+00:00,2021-10-21 16:34:00+00:00,2021-10-21 16:38:00+00:00,2021-10-21 16:38:00+00:00,2021-10-21 16:39:00+00:00,2.2892249895695613,0.5072463768178437,0.48571428571419506,0.7714285714283902,0.00014125000145820123,60.0,1.0,1.374336270028576,-1
2021-10-21 18:45:00+00:00,1,0.00022787091517839642,2.5,1.1621721290848217,DC:-1:2021-10-21 18:38:00+00:00,1.16275,1.16223,1.16245,1.16219,2021-10-21 18:20:00+00:00,2021-10-21 18:30:00+00:00,2021-10-21 18:38:00+00:00,2021-10-21 18:44:00+00:00,2021-10-21 18:44:00+00:00,2021-10-21 18:45:00+00:00,2.727616973157333,0.6842105263223094,0.42307692307682454,0.5,0.00017870915178354806,60.0,1.0,1.2750937089914283,-1
2021-10-22 01:36:00+00:00,-1,0.00021662965710533832,2.5,1.1631166296571054,DC:1:2021-10-22 01:15:00+00:00,1.16209,1.16297,1.1627,1.1631,2021-10-22 00:56:00+00:00,2021-10-22 01:13:00+00:00,2021-10-22 01:16:00+00:00,2021-10-22 01:35:00+00:00,2021-10-22 01:28:00+00:00,2021-10-22 01:36:00+00:00,5.391504732063485,0.5500000000037193,0.3068181818181761,0.4545454545454087,0.00016629657105273087,60.0,0.0,1.302670618726392,1
2021-10-22 06:08:00+00:00,1,0.0002145441539316284,2.5,1.1622854558460685,DC:-1:2021-10-22 05:58:00+00:00,1.16285,1.1624,1.1626,1.1623,2021-10-22 05:49:00+00:00,2021-10-22 05:57:00+00:00,2021-10-22 05:59:00+00:00,2021-10-22 06:07:00+00:00,2021-10-22 06:02:00+00:00,2021-10-22 06:08:00+00:00,3.536353061550453,0.7894736842056876,0.4444444444445541,0.6666666666668312,0.00014544153931579448,60.0,0.0,1.475122959650425,-1
2021-10-22 07:07:00+00:00,-1,0.0002566429611861043,2.5,1.1638666429611861,DC:1:2021-10-22 07:02:00+00:00,1.1632,1.16374,1.1635,1.16385,2021-10-22 06:43:00+00:00,2021-10-22 06:54:00+00:00,2021-10-22 07:02:00+00:00,2021-10-22 07:03:00+00:00,2021-10-22 07:03:00+00:00,2021-10-22 07:07:00+00:00,3.013360154823612,0.5869565217296022,0.4444444444444901,0.6481481481483005,0.00016642961186095652,240.0,1.0,1.542051070818554,1
2021-10-22 07:44:00+00:00,-1,0.00023940584472259552,2.5,1.1646194058447226,DC:1:2021-10-22 07:37:00+00:00,1.1639,1.16452,1.16426,1.1646,2021-10-22 07:27:00+00:00,2021-10-22 07:34:00+00:00,2021-10-22 07:37:00+00:00,2021-10-22 07:41:00+00:00,2021-10-22 07:39:00+00:00,2021-10-22 07:44:00+00:00,3.8801799693597223,0.7209302325557257,0.4193548387095157,0.5483870967741473,0.00019405844722596995,180.0,0.0,1.2336790701196383,1
2021-10-22 11:24:00+00:00,-1,0.00021879506680444472,2.5,1.1643787950668045,DC:1:2021-10-22 11:14:00+00:00,1.1638,1.16429,1.16409,1.16436,2021-10-22 11:09:00+00:00,2021-10-22 11:13:00+00:00,2021-10-22 11:14:00+00:00,2021-10-22 11:22:00+00:00,2021-10-22 11:16:00+00:00,2021-10-22 11:24:00+00:00,3.0484234599038995,1.0000000000018126,0.40816326530599295,0.5510204081631358,0.00018795066804525766,120.0,0.0,1.1641090137107672,1
2021-10-22 12:16:00+00:00,1,0.00021856626328164985,2.5,1.1627814337367184,DC:-1:2021-10-22 12:03:00+00:00,1.16389,1.16282,1.1631,1.1628,2021-10-22 11:53:00+00:00,2021-10-22 12:02:00+00:00,2021-10-22 12:14:00+00:00,2021-10-22 12:15:00+00:00,2021-10-22 12:15:00+00:00,2021-10-22 12:16:00+00:00,5.670821254734221,0.7697841726655262,0.2616822429906775,0.28037383177563696,0.00018566263281718026,60.0,1.0,1.1772226859287802,-1
2021-10-22 12:52:00+00:00,-1,0.00039143586384882134,2.5,1.1636914358638488,DC:1:2021-10-22 12:41:00+00:00,1.1625,1.16341,1.1631,1.16367,2021-10-22 12:20:00+00:00,2021-10-22 12:40:00+00:00,2021-10-22 12:41:00+00:00,2021-10-22 12:49:00+00:00,2021-10-22 12:42:00+00:00,2021-10-22 12:52:00+00:00,4.123953142519699,0.4972677595633063,0.3406593406593889,0.6263736263736049,0.00021435863848940007,180.0,0.0,1.8260792595404438,1
2021-10-22 15:36:00+00:00,1,0.000338179055948018,2.5,1.162731820944052,DC:-1:2021-10-22 15:24:00+00:00,1.16538,1.16277,1.16353,1.16276,2021-10-22 15:12:00+00:00,2021-10-22 15:23:00+00:00,2021-10-22 15:30:00+00:00,2021-10-22 15:34:00+00:00,2021-10-22 15:34:00+00:00,2021-10-22 15:36:00+00:00,11.573288129283702,0.8907849829353939,0.2911877394635523,0.2950191570880985,0.0002817905594795025,120.0,1.0,1.2001078267940242,-1
2021-10-22 19:37:00+00:00,-1,0.00019320186211535528,2.5,1.1640932018621153,DC:1:2021-10-22 19:29:00+00:00,1.1636,1.16394,1.1638,1.16408,2021-10-22 19:20:00+00:00,2021-10-22 19:28:00+00:00,2021-10-22 19:29:00+00:00,2021-10-22 19:36:00+00:00,2021-10-22 19:31:00+00:00,2021-10-22 19:37:00+00:00,2.831648680151839,0.5483870967635419,0.41176470588242975,0.8235294117648595,0.00013201862115311242,60.0,1.0,1.4634440234857764,1
2021-10-24 23:24:00+00:00,1,0.0001610069282302895,2.5,1.1637889930717698,DC:-1:2021-10-24 23:21:00+00:00,1.16438,1.1639,1.1640700000000002,1.1638,2021-10-24 23:06:00+00:00,2021-10-24 23:20:00+00:00,2021-10-24 23:21:00+00:00,2021-10-24 23:23:00+00:00,2021-10-24 23:22:00+00:00,2021-10-24 23:24:00+00:00,4.842299017060441,0.6315789473628546,0.35416666666711,0.5625000000004048,0.00011006928230160734,60.0,0.0,1.462778032740369,-1
2021-10-25 00:04:00+00:00,-1,0.00031628702081043514,2.5,1.1643062870208105,DC:1:2021-10-25 00:02:00+00:00,1.1635,1.16405,1.1638,1.16429,2021-10-24 23:45:00+00:00,2021-10-25 00:01:00+00:00,2021-10-25 00:02:00+00:00,2021-10-25 00:03:00+00:00,2021-10-25 00:03:00+00:00,2021-10-25 00:04:00+00:00,3.4562806064805285,0.5339805825205923,0.45454545454556466,0.8909090909091937,0.00016287020810399974,60.0,1.0,1.9419574917499465,1
2021-10-25 12:51:00+00:00,1,0.00040011373383119775,2.5,1.1591798862661686,DC:-1:2021-10-25 12:37:00+00:00,1.16038,1.15946,1.15965,1.1592,2021-10-25 12:34:00+00:00,2021-10-25 12:36:00+00:00,2021-10-25 12:37:00+00:00,2021-10-25 12:49:00+00:00,2021-10-25 12:47:00+00:00,2021-10-25 12:51:00+00:00,5.431012713114823,0.9999999999992759,0.2065217391305738,0.48913043478265855,0.00020113733831358127,120.0,1.0,1.9892563816639763,-1
2021-10-25 14:20:00+00:00,-1,0.0002615918710286991,2.5,1.1612615918710287,DC:1:2021-10-25 14:01:00+00:00,1.16046,1.16117,1.16084,1.16124,2021-10-25 13:47:00+00:00,2021-10-25 14:00:00+00:00,2021-10-25 14:04:00+00:00,2021-10-25 14:19:00+00:00,2021-10-25 14:08:00+00:00,2021-10-25 14:20:00+00:00,2.8364452457797973,0.5419847328228891,0.4647887323942913,0.563380281690088,0.00021591871028732855,60.0,0.0,1.2115294254981057,1
2021-10-25 17:29:00+00:00,-1,0.0001756162099495473,2.5,1.1611756162099496,DC:1:2021-10-25 17:25:00+00:00,1.1605,1.1611,1.1609,1.16116,2021-10-25 17:02:00+00:00,2021-10-25 17:20:00+00:00,2021-10-25 17:25:00+00:00,2021-10-25 17:27:00+00:00,2021-10-25 17:27:00+00:00,2021-10-25 17:29:00+00:00,3.4287624883008747,0.4545454545381448,0.3333333333333333,0.4333333333332593,0.00015616209949617446,120.0,1.0,1.1245763889966747,1
2021-10-26 01:10:00+00:00,-1,0.0001749478873431798,2.5,1.1604749478873433,DC:1:2021-10-26 01:01:00+00:00,1.1598,1.1604,1.16019,1.16046,2021-10-26 00:32:00+00:00,2021-10-26 00:50:00+00:00,2021-10-26 01:01:00+00:00,2021-10-26 01:05:00+00:00,2021-10-26 01:04:00+00:00,2021-10-26 01:10:00+00:00,3.6783720379297375,0.45454545454320655,0.3499999999999815,0.44999999999987045,0.0001494788734313315,300.0,0.0,1.170385375051334,1
2021-10-26 03:21:00+00:00,1,0.0002325651372268034,2.5,1.1595874348627733,DC:-1:2021-10-26 03:15:00+00:00,1.16013,1.1597,1.15985,1.1596,2021-10-26 03:00:00+00:00,2021-10-26 03:14:00+00:00,2021-10-26 03:15:00+00:00,2021-10-26 03:20:00+00:00,2021-10-26 03:20:00+00:00,2021-10-26 03:21:00+00:00,2.978468029664821,0.6056338028006478,0.3488372093024217,0.5813953488371973,0.00012565137226769262,60.0,1.0,1.8508762222774415,-1
2021-10-26 03:43:00+00:00,-1,0.00015377977918662467,2.5,1.1600537797791866,DC:1:2021-10-26 03:31:00+00:00,1.1596,1.15995,1.1598,1.16004,2021-10-26 03:20:00+00:00,2021-10-26 03:30:00+00:00,2021-10-26 03:31:00+00:00,2021-10-26 03:38:00+00:00,2021-10-26 03:33:00+00:00,2021-10-26 03:43:00+00:00,2.637941819175831,0.5555555555547723,0.42857142857160985,0.6857142857141951,0.0001377977918660145,300.0,1.0,1.1159814471929275,1
2021-10-26 11:11:00+00:00,-1,0.0003190304042184344,2.5,1.1624090304042185,DC:1:2021-10-26 10:51:00+00:00,1.1616,1.1623,1.16195,1.16239,2021-10-26 10:41:00+00:00,2021-10-26 10:48:00+00:00,2021-10-26 10:52:00+00:00,2021-10-26 11:01:00+00:00,2021-10-26 10:54:00+00:00,2021-10-26 11:11:00+00:00,4.041352690294764,0.8974358974373573,0.5,0.6285714285712927,0.00019030404218442647,600.0,0.0,1.6764247388358537,1
2021-10-26 14:15:00+00:00,1,0.0003007211258461151,2.5,1.1602792788741538,DC:-1:2021-10-26 14:08:00+00:00,1.16113,1.16055,1.1608,1.1603,2021-10-26 14:00:00+00:00,2021-10-26 14:07:00+00:00,2021-10-26 14:08:00+00:00,2021-10-26 14:12:00+00:00,2021-10-26 14:09:00+00:00,2021-10-26 14:15:00+00:00,2.8592510512291422,0.9062499999941019,0.4310344827587461,0.8620689655171093,0.00020721125846383462,180.0,1.0,1.4512779280214696,-1
2021-10-27 00:17:00+00:00,-1,0.0001630220052679654,2.5,1.160063022005268,DC:1:2021-10-27 00:12:00+00:00,1.1594,1.1599700000000002,1.1598,1.16005,2021-10-26 23:58:00+00:00,2021-10-27 00:09:00+00:00,2021-10-27 00:12:00+00:00,2021-10-27 00:16:00+00:00,2021-10-27 00:15:00+00:00,2021-10-27 00:17:00+00:00,4.918925510031012,0.5643564356353321,0.2982456140353884,0.43859649122807703,0.0001302200526777328,60.0,1.0,1.251896324073916,1
2021-10-27 04:39:00+00:00,-1,0.00014192527988310388,2.5,1.1604419252798832,DC:1:2021-10-27 04:34:00+00:00,1.1599,1.16039,1.16019,1.16043,2021-10-27 04:05:00+00:00,2021-10-27 04:27:00+00:00,2021-10-27 04:34:00+00:00,2021-10-27 04:38:00+00:00,2021-10-27 04:37:00+00:00,2021-10-27 04:39:00+00:00,3.1639566530758607,0.5505617977495909,0.40816326530599295,0.4897959183672822,0.00011925279883146649,60.0,0.0,1.1901211650695023,1
2021-10-27 07:49:00+00:00,-1,0.0002596353913542071,2.5,1.1611296353913543,DC:1:2021-10-27 07:43:00+00:00,1.16026,1.16107,1.1607,1.16111,2021-10-27 07:29:00+00:00,2021-10-27 07:41:00+00:00,2021-10-27 07:44:00+00:00,2021-10-27 07:46:00+00:00,2021-10-27 07:46:00+00:00,2021-10-27 07:49:00+00:00,4.594130395307834,0.7297297297223012,0.45679012345678,0.5061728395062135,0.0001963539135420924,180.0,1.0,1.3222827427809278,1
2021-10-27 15:32:00+00:00,1,0.0004067531895084464,2.5,1.1588632468104916,DC:-1:2021-10-27 15:18:00+00:00,1.16013,1.159,1.1594799999999998,1.1589,2021-10-27 15:09:00+00:00,2021-10-27 15:17:00+00:00,2021-10-27 15:20:00+00:00,2021-10-27 15:25:00+00:00,2021-10-27 15:25:00+00:00,2021-10-27 15:32:00+00:00,3.0833634574181135,0.7483443708593759,0.4247787610617539,0.5132743362829771,0.00036753189508442237,420.0,1.0,1.106715348922343,-1
2021-10-27 19:52:00+00:00,-1,0.0002065519333900312,2.5,1.1605065519333901,DC:1:2021-10-27 19:46:00+00:00,1.15999,1.16036,1.16019,1.16049,2021-10-27 19:38:00+00:00,2021-10-27 19:45:00+00:00,2021-10-27 19:46:00+00:00,2021-10-27 19:47:00+00:00,2021-10-27 19:47:00+00:00,2021-10-27 19:52:00+00:00,2.4548727098492527,0.5362318840533958,0.4594594594594919,0.8108108108107621,0.00016551933390164528,300.0,1.0,1.247902154516694,1
2021-10-28 00:39:00+00:00,1,0.00015153701576320344,2.5,1.1589884629842369,DC:-1:2021-10-28 00:36:00+00:00,1.1596,1.1591,1.15927,1.159,2021-10-28 00:21:00+00:00,2021-10-28 00:34:00+00:00,2021-10-28 00:36:00+00:00,2021-10-28 00:38:00+00:00,2021-10-28 00:38:00+00:00,2021-10-28 00:39:00+00:00,4.413048572453254,0.8064516129059407,0.34000000000004443,0.5400000000000444,0.00011537015763131314,60.0,1.0,1.3134853836940072,-1
2021-10-28 02:17:00+00:00,-1,0.0002611326966102112,2.5,1.1608611326966103,DC:1:2021-10-28 02:10:00+00:00,1.16019,1.16077,1.1605,1.16084,2021-10-28 02:01:00+00:00,2021-10-28 02:09:00+00:00,2021-10-28 02:10:00+00:00,2021-10-28 02:15:00+00:00,2021-10-28 02:13:00+00:00,2021-10-28 02:17:00+00:00,3.0958177454511504,0.5918367346905622,0.46551724137927736,0.586206896551711,0.00021132696610205308,120.0,0.0,1.235680904462075,1
2021-10-28 03:02:00+00:00,-1,0.00024026944676647233,2.5,1.1609402694467665,DC:1:2021-10-28 02:42:00+00:00,1.16019,1.1608,1.1606,1.1609200000000002,2021-10-28 02:28:00+00:00,2021-10-28 02:41:00+00:00,2021-10-28 02:42:00+00:00,2021-10-28 02:51:00+00:00,2021-10-28 02:44:00+00:00,2021-10-28 03:02:00+00:00,3.1635368308382636,0.4728682170526304,0.32786885245898056,0.5245901639345874,0.00020269446766381214,660.0,1.0,1.1853774280854168,1
2021-10-28 05:35:00+00:00,1,0.00015101163549591234,2.5,1.1601789883645042,DC:-1:2021-10-28 05:23:00+00:00,1.16072,1.1603,1.16045,1.16019,2021-10-28 05:02:00+00:00,2021-10-28 05:22:00+00:00,2021-10-28 05:23:00+00:00,2021-10-28 05:34:00+00:00,2021-10-28 05:26:00+00:00,2021-10-28 05:35:00+00:00,3.146048164625759,0.49999999998493266,0.3571428571426683,0.6190476190476443,0.00011011635495933366,60.0,0.0,1.3713824395266394,-1
2021-10-28 06:26:00+00:00,1,0.00018689174598063296,2.5,1.1597831082540195,DC:-1:2021-10-28 06:24:00+00:00,1.16028,1.15981,1.16002,1.1598,2021-10-28 06:10:00+00:00,2021-10-28 06:21:00+00:00,2021-10-28 06:24:00+00:00,2021-10-28 06:25:00+00:00,2021-10-28 06:25:00+00:00,2021-10-28 06:26:00+00:00,2.5844407410255124,0.7460317460304928,0.4468085106384185,0.4680851063832401,0.0001689174598049126,60.0,1.0,1.1064086933137602,-1
2021-10-28 08:11:00+00:00,-1,0.00039073567058189873,2.5,1.161390735670582,DC:1:2021-10-28 07:45:00+00:00,1.1596,1.16134,1.16086,1.16137,2021-10-28 07:25:00+00:00,2021-10-28 07:41:00+00:00,2021-10-28 08:00:00+00:00,2021-10-28 08:09:00+00:00,2021-10-28 08:02:00+00:00,2021-10-28 08:11:00+00:00,8.734985125612706,0.7981651376111102,0.27586206896552606,0.2931034482758555,0.00020735670581904995,120.0,0.0,1.8843647666879635,1
2021-10-28 13:03:00+00:00,-1,0.0006230850863098158,2.5,1.1637830850863098,DC:1:2021-10-28 12:48:00+00:00,1.15906,1.16356,1.16196,1.16373,2021-10-28 12:35:00+00:00,2021-10-28 12:47:00+00:00,2021-10-28 12:50:00+00:00,2021-10-28 13:02:00+00:00,2021-10-28 12:57:00+00:00,2021-10-28 13:03:00+00:00,11.454337808264262,0.9297520661154018,0.3555555555555205,0.39333333333329945,0.0005308508630993898,60.0,0.0,1.173747901005404,1
2021-10-28 13:25:00+00:00,-1,0.0006370876333496867,2.5,1.1646270876333498,DC:1:2021-10-28 13:17:00+00:00,1.16266,1.16424,1.16357,1.16457,2021-10-28 13:05:00+00:00,2021-10-28 13:11:00+00:00,2021-10-28 13:17:00+00:00,2021-10-28 13:23:00+00:00,2021-10-28 13:20:00+00:00,2021-10-28 13:25:00+00:00,2.6735046733302434,0.7247706421961618,0.4240506329113826,0.6329113924051682,0.0005708763334972815,120.0,0.0,1.1159818615124293,1
2021-10-28 14:44:00+00:00,1,0.0005243062043387425,2.5,1.1668656937956612,DC:-1:2021-10-28 14:36:00+00:00,1.1681700000000002,1.16721,1.1675799999999998,1.1669,2021-10-28 14:21:00+00:00,2021-10-28 14:35:00+00:00,2021-10-28 14:36:00+00:00,2021-10-28 14:43:00+00:00,2021-10-28 14:40:00+00:00,2021-10-28 14:44:00+00:00,2.623796107556958,0.47058823529229926,0.3854166666663872,0.7083333333330635,0.00034306204338879775,60.0,0.0,1.5283130688536646,-1
2021-10-28 17:42:00+00:00,-1,0.00028214219812006114,2.5,1.1684721421981201,DC:1:2021-10-28 17:31:00+00:00,1.16721,1.16829,1.1679700000000002,1.16845,2021-10-28 17:08:00+00:00,2021-10-28 17:28:00+00:00,2021-10-28 17:31:00+00:00,2021-10-28 17:40:00+00:00,2021-10-28 17:33:00+00:00,2021-10-28 17:42:00+00:00,4.5406388997886085,0.4695652173902097,0.2962962962961897,0.44444444444428455,0.0002214219812024333,120.0,0.0,1.2742284961406558,1
2021-10-28 20:22:00+00:00,-1,0.00022707270335331486,2.5,1.1682470727033534,DC:1:2021-10-28 20:15:00+00:00,1.1678,1.16818,1.16799,1.16823,2021-10-28 20:05:00+00:00,2021-10-28 20:13:00+00:00,2021-10-28 20:15:00+00:00,2021-10-28 20:20:00+00:00,2021-10-28 20:18:00+00:00,2021-10-28 20:22:00+00:00,2.264735497647934,0.6333333333198873,0.49999999999970784,0.6315789473683903,0.0001707270335334823,120.0,0.0,1.330033672193937,1
2021-10-29 08:16:00+00:00,1,0.0002623714025007384,2.5,1.166267628597499,DC:-1:2021-10-29 08:12:00+00:00,1.16719,1.16632,1.1666299999999998,1.16629,2021-10-29 07:58:00+00:00,2021-10-29 08:11:00+00:00,2021-10-29 08:12:00+00:00,2021-10-29 08:14:00+00:00,2021-10-29 08:14:00+00:00,2021-10-29 08:16:00+00:00,3.990797238277513,0.7699115044175517,0.35632183908027204,0.3908045977009353,0.00022371402500914186,120.0,1.0,1.1727981850490459,-1
2021-10-29 09:02:00+00:00,1,0.0003040280121038297,2.5,1.1648759719878963,DC:-1:2021-10-29 08:41:00+00:00,1.16641,1.16511,1.16575,1.1649,2021-10-29 08:27:00+00:00,2021-10-29 08:37:00+00:00,2021-10-29 08:43:00+00:00,2021-10-29 09:00:00+00:00,2021-10-29 08:45:00+00:00,2021-10-29 09:02:00+00:00,6.172631845853,0.8125000000018041,0.4923076923077265,0.6538461538462392,0.00024028012103753223,120.0,0.0,1.2653065546622557,-1
2021-10-29 10:45:00+00:00,-1,0.00018435032338448565,2.5,1.1656643503233843,DC:1:2021-10-29 10:41:00+00:00,1.16513,1.1655799999999998,1.16536,1.16565,2021-10-29 10:25:00+00:00,2021-10-29 10:38:00+00:00,2021-10-29 10:41:00+00:00,2021-10-29 10:44:00+00:00,2021-10-29 10:43:00+00:00,2021-10-29 10:45:00+00:00,3.088825881045981,0.4945054945066636,0.48888888888881216,0.6444444444449489,0.0001435032338422499,60.0,0.0,1.284642293058971,1
2021-10-29 12:09:00+00:00,1,0.0004954585892480434,2.5,1.164274541410752,DC:-1:2021-10-29 11:52:00+00:00,1.16537,1.1646,1.16489,1.16429,2021-10-29 11:31:00+00:00,2021-10-29 11:43:00+00:00,2021-10-29 11:53:00+00:00,2021-10-29 12:08:00+00:00,2021-10-29 11:55:00+00:00,2021-10-29 12:09:00+00:00,5.058187068157711,0.7064220183453775,0.37662337662327927,0.7792207792207567,0.00015458589248037622,60.0,0.0,3.205069888967643,-1
2021-10-29 14:41:00+00:00,1,0.0006119768432630845,2.5,1.159208023156737,DC:-1:2021-10-29 14:21:00+00:00,1.1610200000000002,1.15975,1.16023,1.15924,2021-10-29 14:11:00+00:00,2021-10-29 14:19:00+00:00,2021-10-29 14:21:00+00:00,2021-10-29 14:38:00+00:00,2021-10-29 14:29:00+00:00,2021-10-29 14:41:00+00:00,4.447369751256118,0.6018957345946562,0.37795275590550903,0.7795275590550905,0.00031976843263169,180.0,1.0,1.9138125618796173,-1
2021-10-29 18:07:00+00:00,-1,0.0002282866407705697,2.5,1.1557282866407705,DC:1:2021-10-29 17:54:00+00:00,1.1551,1.15564,1.1554,1.15571,2021-10-29 17:49:00+00:00,2021-10-29 17:53:00+00:00,2021-10-29 17:54:00+00:00,2021-10-29 18:05:00+00:00,2021-10-29 18:04:00+00:00,2021-10-29 18:07:00+00:00,2.9166043046193924,0.8999999999914142,0.4444444444444901,0.5740740740741502,0.00018286640770565012,120.0,1.0,1.2483793149041895,1
2021-10-31 22:09:00+00:00,1,0.00019168032765870535,2.5,1.1557883196723413,DC:-1:2021-10-31 22:02:00+00:00,1.15626,1.1559,1.15602,1.1558,2021-10-31 21:56:00+00:00,2021-10-31 22:01:00+00:00,2021-10-31 22:02:00+00:00,2021-10-31 22:04:00+00:00,2021-10-31 22:03:00+00:00,2021-10-31 22:09:00+00:00,3.719624312769929,0.9473684210357168,0.33333333333353893,0.6111111111111797,0.00011680327658653487,300.0,1.0,1.6410526593121475,-1
2021-11-01 01:18:00+00:00,-1,0.00023779758207642665,2.5,1.1559377975820764,DC:1:2021-11-01 01:10:00+00:00,1.1551,1.1558,1.1555,1.15592,2021-11-01 00:58:00+00:00,2021-11-01 01:07:00+00:00,2021-11-01 01:10:00+00:00,2021-11-01 01:11:00+00:00,2021-11-01 01:11:00+00:00,2021-11-01 01:18:00+00:00,4.181589406406783,0.7608695652167302,0.42857142857142855,0.6000000000001903,0.00017797582076213824,420.0,1.0,1.3361229691657903,1
2021-11-01 21:07:00+00:00,1,0.00037936906139290905,2.5,1.160070630938607,DC:-1:2021-11-01 21:04:00+00:00,1.16091,1.16019,1.1605,1.16009,2021-11-01 20:50:00+00:00,2021-11-01 21:03:00+00:00,2021-11-01 21:04:00+00:00,2021-11-01 21:06:00+00:00,2021-11-01 21:05:00+00:00,2021-11-01 21:07:00+00:00,4.191025540139246,0.5806451612890575,0.4305555555555684,0.5694444444444315,0.0001936906139300171,60.0,0.0,1.9586342037718976,-1
2021-11-02 08:36:00+00:00,-1,0.0002738155938151188,2.5,1.1605338155938152,DC:1:2021-11-02 08:25:00+00:00,1.1595799999999998,1.16038,1.16005,1.16051,2021-11-02 08:13:00+00:00,2021-11-02 08:24:00+00:00,2021-11-02 08:25:00+00:00,2021-11-02 08:32:00+00:00,2021-11-02 08:29:00+00:00,2021-11-02 08:36:00+00:00,3.3488314315988275,0.5970149253705103,0.41249999999985776,0.5749999999997849,0.00023815593815246613,240.0,0.0,1.1497323809739464,1
2021-11-02 11:43:00+00:00,-1,0.0002582165451370244,2.5,1.159658216545137,DC:1:2021-11-02 11:35:00+00:00,1.1591,1.1595799999999998,1.15938,1.15964,2021-11-02 11:24:00+00:00,2021-11-02 11:31:00+00:00,2021-11-02 11:35:00+00:00,2021-11-02 11:39:00+00:00,2021-11-02 11:37:00+00:00,2021-11-02 11:43:00+00:00,2.428153997758323,0.9999999999930611,0.41666666666631974,0.5416666666667245,0.00018216545136978614,240.0,1.0,1.4174836292797288,1
2021-11-02 14:54:00+00:00,-1,0.00031354633649716135,2.5,1.159843546336497,DC:1:2021-11-02 14:47:00+00:00,1.15836,1.15967,1.1593,1.15982,2021-11-02 14:31:00+00:00,2021-11-02 14:45:00+00:00,2021-11-02 14:49:00+00:00,2021-11-02 14:53:00+00:00,2021-11-02 14:52:00+00:00,2021-11-02 14:54:00+00:00,5.982687820023551,0.7237569060748722,0.28244274809160563,0.3969465648855777,0.00023546336497144916,60.0,1.0,1.3316140985888827,1
2021-11-02 16:55:00+00:00,1,0.000333940983115788,2.5,1.1574760590168842,DC:-1:2021-11-02 16:38:00+00:00,1.1584299999999998,1.1576,1.15789,1.1575,2021-11-02 16:24:00+00:00,2021-11-02 16:36:00+00:00,2021-11-02 16:38:00+00:00,2021-11-02 16:50:00+00:00,2021-11-02 16:40:00+00:00,2021-11-02 16:55:00+00:00,3.5352502804743646,0.7094017093961571,0.3493975903616424,0.469879518072489,0.0002394098311566156,300.0,0.0,1.394850752379223,-1
2021-11-02 17:50:00+00:00,1,0.00023761097436136858,2.5,1.1575823890256387,DC:-1:2021-11-02 17:43:00+00:00,1.15832,1.1577,1.15792,1.1576,2021-11-02 17:28:00+00:00,2021-11-02 17:38:00+00:00,2021-11-02 17:43:00+00:00,2021-11-02 17:46:00+00:00,2021-11-02 17:46:00+00:00,2021-11-02 17:50:00+00:00,3.2234561872992114,0.7560975609781063,0.354838709677558,0.5161290322581685,0.00017610974361296195,240.0,1.0,1.3492210566359601,-1
2021-11-02 18:34:00+00:00,1,0.00033557831491703993,2.5,1.157584421685083,DC:-1:2021-11-02 18:21:00+00:00,1.15833,1.1578,1.15796,1.1576,2021-11-02 18:00:00+00:00,2021-11-02 18:15:00+00:00,2021-11-02 18:21:00+00:00,2021-11-02 18:31:00+00:00,2021-11-02 18:23:00+00:00,2021-11-02 18:34:00+00:00,3.358971069808297,0.47747747748192704,0.3018867924530515,0.6792452830189469,0.00015578314916836968,180.0,1.0,2.1541374449578528,-1
2021-11-03 01:15:00+00:00,-1,0.00016343089661186028,2.5,1.158153430896612,DC:1:2021-11-03 01:07:00+00:00,1.15767,1.15812,1.1579,1.15814,2021-11-03 00:51:00+00:00,2021-11-03 01:03:00+00:00,2021-11-03 01:07:00+00:00,2021-11-03 01:11:00+00:00,2021-11-03 01:08:00+00:00,2021-11-03 01:15:00+00:00,3.354068200468062,0.5696202531580212,0.48888888888906434,0.5333333333333005,0.00013430896612046225,240.0,0.0,1.2168278956542518,1
2021-11-03 01:49:00+00:00,-1,0.00017364658398544286,2.5,1.1583136465839854,DC:1:2021-11-03 01:41:00+00:00,1.15771,1.15815,1.15799,1.1583,2021-11-03 01:29:00+00:00,2021-11-03 01:40:00+00:00,2021-11-03 01:41:00+00:00,2021-11-03 01:46:00+00:00,2021-11-03 01:43:00+00:00,2021-11-03 01:49:00+00:00,3.0177012839364226,0.7096774193491663,0.363636363636226,0.7045454545455349,0.0001364658398534677,180.0,1.0,1.2724545876968079,1
2021-11-03 05:43:00+00:00,1,0.0002220848135370268,2.5,1.157887915186463,DC:-1:2021-11-03 05:37:00+00:00,1.15841,1.15809,1.15821,1.1579,2021-11-03 05:29:00+00:00,2021-11-03 05:36:00+00:00,2021-11-03 05:37:00+00:00,2021-11-03 05:40:00+00:00,2021-11-03 05:40:00+00:00,2021-11-03 05:43:00+00:00,2.7620157005157897,0.7999999999873435,0.3749999999998265,0.9687500000004771,0.00012084813537043054,180.0,1.0,1.8377181646723788,-1
2021-11-03 10:09:00+00:00,1,0.00035430369389199967,2.5,1.158065696306108,DC:-1:2021-11-03 10:04:00+00:00,1.15918,1.15836,1.15859,1.15809,2021-11-03 09:58:00+00:00,2021-11-03 10:03:00+00:00,2021-11-03 10:04:00+00:00,2021-11-03 10:07:00+00:00,2021-11-03 10:06:00+00:00,2021-11-03 10:09:00+00:00,3.928916458876174,1.0000000000032494,0.28048780487797614,0.6097560975608766,0.0002430369389205871,120.0,1.0,1.4578182866587586,-1
2021-11-03 11:40:00+00:00,-1,0.00025973132873335913,2.5,1.1594197313287333,DC:1:2021-11-03 11:33:00+00:00,1.15832,1.1592,1.159,1.1594,2021-11-03 11:20:00+00:00,2021-11-03 11:32:00+00:00,2021-11-03 11:33:00+00:00,2021-11-03 11:39:00+00:00,2021-11-03 11:37:00+00:00,2021-11-03 11:40:00+00:00,5.121551947763225,0.6769230769227984,0.22727272727270434,0.4545454545454087,0.00019731328733403223,60.0,0.0,1.3163397774304941,1
2021-11-03 12:17:00+00:00,1,0.00027010845065400524,2.5,1.158229891549346,DC:-1:2021-11-03 12:12:00+00:00,1.15889,1.1584,1.15859,1.15825,2021-11-03 12:09:00+00:00,2021-11-03 12:11:00+00:00,2021-11-03 12:12:00+00:00,2021-11-03 12:16:00+00:00,2021-11-03 12:16:00+00:00,2021-11-03 12:17:00+00:00,2.629018160277456,1.0000000000013594,0.3877551020407331,0.6938775510205931,0.00020108450653836418,60.0,1.0,1.3432583907327154,-1
2021-11-03 12:55:00+00:00,1,0.0003226189626051035,2.5,1.1581573810373949,DC:-1:2021-11-03 12:46:00+00:00,1.1589,1.1584,1.15865,1.15818,2021-11-03 12:39:00+00:00,2021-11-03 12:45:00+00:00,2021-11-03 12:46:00+00:00,2021-11-03 12:51:00+00:00,2021-11-03 12:49:00+00:00,2021-11-03 12:55:00+00:00,2.348096528673228,0.9999999999809042,0.49999999999977796,0.9400000000000444,0.00022618962605128006,240.0,1.0,1.4263207744636426,-1
2021-11-03 14:59:00+00:00,-1,0.00031863172681800833,2.5,1.157918631726818,DC:1:2021-11-03 14:45:00+00:00,1.1567,1.15777,1.1574799999999998,1.1579,2021-11-03 14:29:00+00:00,2021-11-03 14:38:00+00:00,2021-11-03 14:54:00+00:00,2021-11-03 14:57:00+00:00,2021-11-03 14:56:00+00:00,2021-11-03 14:59:00+00:00,5.026933145168012,0.7925925925870686,0.2710280373833172,0.39252336448609765,0.0001863172681798942,120.0,0.0,1.7101567124221737,1
2021-11-03 18:23:00+00:00,1,0.0006426650708024617,2.5,1.1580273349291976,DC:-1:2021-11-03 18:14:00+00:00,1.15955,1.15811,1.15872,1.15808,2021-11-03 18:05:00+00:00,2021-11-03 18:13:00+00:00,2021-11-03 18:14:00+00:00,2021-11-03 18:16:00+00:00,2021-11-03 18:16:00+00:00,2021-11-03 18:23:00+00:00,2.8199827921915257,0.6792452830173147,0.42361111111107896,0.44444444444439307,0.0005266507080235487,420.0,1.0,1.2202871106246107,-1
2021-11-03 19:32:00+00:00,1,0.0005167481327801315,2.5,1.1596232518672198,DC:-1:2021-11-03 19:09:00+00:00,1.1614,1.15971,1.16043,1.15967,2021-11-03 18:54:00+00:00,2021-11-03 19:05:00+00:00,2021-11-03 19:10:00+00:00,2021-11-03 19:28:00+00:00,2021-11-03 19:20:00+00:00,2021-11-03 19:32:00+00:00,2.881272954598528,0.6679841897213942,0.4260355029586195,0.44970414201189807,0.00046748132780142566,240.0,0.0,1.105387749304146,-1
2021-11-04 02:11:00+00:00,1,0.0002059960404898753,2.5,1.1598840039595102,DC:-1:2021-11-04 02:08:00+00:00,1.1604,1.15999,1.16018,1.1599,2021-11-04 02:01:00+00:00,2021-11-04 02:06:00+00:00,2021-11-04 02:08:00+00:00,2021-11-04 02:10:00+00:00,2021-11-04 02:10:00+00:00,2021-11-04 02:11:00+00:00,2.6061714476213607,0.9999999999945843,0.4634146341461037,0.6829268292683983,0.0001599604048963709,60.0,1.0,1.2877939426530474,-1
2021-11-04 06:26:00+00:00,1,0.0002387912629719935,2.5,1.158071208737028,DC:-1:2021-11-04 06:13:00+00:00,1.15897,1.15819,1.1584299999999998,1.15809,2021-11-04 05:58:00+00:00,2021-11-04 06:11:00+00:00,2021-11-04 06:13:00+00:00,2021-11-04 06:15:00+00:00,2021-11-04 06:15:00+00:00,2021-11-04 06:26:00+00:00,4.604166575900749,0.6093749999993928,0.3076923076920449,0.4358974358971585,0.0001879126297212544,660.0,1.0,1.2707568582601998,-1
2021-11-04 09:04:00+00:00,1,0.0003755445182160866,2.5,1.154874455481784,DC:-1:2021-11-04 09:00:00+00:00,1.1555799999999998,1.155,1.15526,1.1549,2021-11-04 08:49:00+00:00,2021-11-04 08:55:00+00:00,2021-11-04 09:00:00+00:00,2021-11-04 09:02:00+00:00,2021-11-04 09:02:00+00:00,2021-11-04 09:04:00+00:00,2.5356926411225684,0.724999999995004,0.4482758620689919,0.6206896551724798,0.0002554451821602277,120.0,1.0,1.4701569825675034,-1
2021-11-04 10:33:00+00:00,1,0.00031868005465951477,2.5,1.1542813199453406,DC:-1:2021-11-04 10:21:00+00:00,1.15529,1.1544,1.15477,1.1543,2021-11-04 09:59:00+00:00,2021-11-04 10:19:00+00:00,2021-11-04 10:23:00+00:00,2021-11-04 10:31:00+00:00,2021-11-04 10:25:00+00:00,2021-11-04 10:33:00+00:00,4.270772180516648,0.5597484276602741,0.41573033707870777,0.5280898876405139,0.00018680054659467516,120.0,0.0,1.7059910180616082,-1
2021-11-04 12:20:00+00:00,1,0.0004308801497563408,2.5,1.1545691198502437,DC:-1:2021-11-04 12:13:00+00:00,1.15563,1.1548,1.15519,1.1546,2021-11-04 12:08:00+00:00,2021-11-04 12:12:00+00:00,2021-11-04 12:13:00+00:00,2021-11-04 12:18:00+00:00,2021-11-04 12:14:00+00:00,2021-11-04 12:20:00+00:00,3.136323796871983,0.9999999999906367,0.46987951807222145,0.7108433734939147,0.0003088014975639353,120.0,1.0,1.3953305056985028,-1
2021-11-04 14:21:00+00:00,1,0.0002830534283098096,2.5,1.1545769465716902,DC:-1:2021-11-04 14:08:00+00:00,1.1565,1.1548,1.15514,1.1546,2021-11-04 13:46:00+00:00,2021-11-04 14:06:00+00:00,2021-11-04 14:14:00+00:00,2021-11-04 14:20:00+00:00,2021-11-04 14:19:00+00:00,2021-11-04 14:21:00+00:00,6.6660562090318995,0.6028368794311554,0.2,0.3176470588235141,0.00023053428309893233,60.0,0.0,1.2278149024296705,-1
2021-11-04 20:10:00+00:00,-1,0.00033887374801144787,2.5,1.1557388737480114,DC:1:2021-11-04 19:25:00+00:00,1.155,1.15555,1.1553,1.15572,2021-11-04 19:17:00+00:00,2021-11-04 19:24:00+00:00,2021-11-04 19:25:00+00:00,2021-11-04 20:01:00+00:00,2021-11-04 19:28:00+00:00,2021-11-04 20:10:00+00:00,3.1594826849807305,0.7142857142831601,0.45454545454556466,0.7636363636364517,0.00018873748011378593,540.0,0.0,1.7954767002672065,1
2021-11-05 02:54:00+00:00,1,0.0001851178279617116,2.5,1.1540748821720384,DC:-1:2021-11-05 02:47:00+00:00,1.1546,1.15419,1.15438,1.15409,2021-11-05 02:39:00+00:00,2021-11-05 02:46:00+00:00,2021-11-05 02:48:00+00:00,2021-11-05 02:52:00+00:00,2021-11-05 02:52:00+00:00,2021-11-05 02:54:00+00:00,2.9023240137306474,0.5774647887282803,0.4634146341461037,0.7073170731704543,0.00015117827961764856,120.0,1.0,1.224500162522692,-1
2021-11-05 08:30:00+00:00,1,0.0003197700161092776,2.5,1.1551202299838907,DC:-1:2021-11-05 08:18:00+00:00,1.15599,1.15531,1.15564,1.15514,2021-11-05 08:10:00+00:00,2021-11-05 08:16:00+00:00,2021-11-05 08:24:00+00:00,2021-11-05 08:26:00+00:00,2021-11-05 08:25:00+00:00,2021-11-05 08:30:00+00:00,3.4059688446672984,0.7727272727253459,0.4852941176469628,0.7352941176469627,0.00019770016109400476,240.0,0.0,1.617449446372629,-1
2021-11-05 11:25:00+00:00,1,0.00030371027438036435,2.5,1.1529762897256197,DC:-1:2021-11-05 11:18:00+00:00,1.15375,1.1531,1.15341,1.153,2021-11-05 11:07:00+00:00,2021-11-05 11:17:00+00:00,2021-11-05 11:18:00+00:00,2021-11-05 11:21:00+00:00,2021-11-05 11:21:00+00:00,2021-11-05 11:25:00+00:00,2.8020534201431175,0.7142857142709694,0.47692307692309793,0.6307692307692255,0.00023710274380195386,240.0,1.0,1.2809226477532716,-1
2021-11-05 15:56:00+00:00,-1,0.0002749124861212149,2.5,1.1556249124861213,DC:1:2021-11-05 15:45:00+00:00,1.1532,1.15552,1.15484,1.1556,2021-11-05 15:17:00+00:00,2021-11-05 15:42:00+00:00,2021-11-05 15:46:00+00:00,2021-11-05 15:55:00+00:00,2021-11-05 15:52:00+00:00,2021-11-05 15:56:00+00:00,9.968337946078147,0.6338797814214082,0.2931034482758555,0.32758620689648243,0.0002491248612139348,60.0,0.0,1.103512852075952,1
2021-11-05 20:19:00+00:00,-1,0.0002253782528878201,2.5,1.1569253782528879,DC:1:2021-11-05 20:01:00+00:00,1.15619,1.1568,1.15658,1.15691,2021-11-05 19:51:00+00:00,2021-11-05 20:00:00+00:00,2021-11-05 20:01:00+00:00,2021-11-05 20:17:00+00:00,2021-11-05 20:11:00+00:00,2021-11-05 20:19:00+00:00,3.6464457840881157,0.9682539682414814,0.36065573770509707,0.5409836065576455,0.00015378252887746137,120.0,0.0,1.4655647460928958,1
2021-11-08 02:18:00+00:00,1,0.00026517497311706606,2.5,1.155284825026883,DC:-1:2021-11-08 01:41:00+00:00,1.15616,1.1555,1.15575,1.1553,2021-11-08 01:22:00+00:00,2021-11-08 01:36:00+00:00,2021-11-08 01:46:00+00:00,2021-11-08 02:13:00+00:00,2021-11-08 01:49:00+00:00,2021-11-08 02:18:00+00:00,3.736756109770453,0.659999999992264,0.37878787878794506,0.6818181818181666,0.00015174973117080038,300.0,0.0,1.7474493764908292,-1
2021-11-08 08:27:00+00:00,1,0.0002916516988964446,2.5,1.1550783483011036,DC:-1:2021-11-08 08:17:00+00:00,1.15624,1.1553,1.15555,1.1551,2021-11-08 08:10:00+00:00,2021-11-08 08:14:00+00:00,2021-11-08 08:21:00+00:00,2021-11-08 08:23:00+00:00,2021-11-08 08:22:00+00:00,2021-11-08 08:27:00+00:00,4.561067984819938,1.0,0.26595744680861616,0.47872340425541465,0.0002165169889640887,240.0,1.0,1.3470153094767898,-1
2021-11-08 11:07:00+00:00,-1,0.00025948516784812803,2.5,1.1573594851678481,DC:1:2021-11-08 11:04:00+00:00,1.1567,1.15721,1.157,1.15734,2021-11-08 10:54:00+00:00,2021-11-08 11:01:00+00:00,2021-11-08 11:04:00+00:00,2021-11-08 11:06:00+00:00,2021-11-08 11:05:00+00:00,2021-11-08 11:07:00+00:00,2.954715380700032,0.6986301369821638,0.41176470588242975,0.6666666666666666,0.00019485167848011636,60.0,1.0,1.3317060949752464,1
2021-11-08 17:14:00+00:00,1,0.0004323396348679953,2.5,1.158677660365132,DC:-1:2021-11-08 16:54:00+00:00,1.15944,1.1589,1.15916,1.1587,2021-11-08 16:50:00+00:00,2021-11-08 16:53:00+00:00,2021-11-08 16:54:00+00:00,2021-11-08 17:11:00+00:00,2021-11-08 17:01:00+00:00,2021-11-08 17:14:00+00:00,2.514885934516405,0.9999999999983552,0.48148148148135966,0.8518518518516995,0.00022339634868071372,180.0,0.0,1.935303049585251,-1
2021-11-08 18:06:00+00:00,1,0.0002273766553337886,2.5,1.1583326233446662,DC:-1:2021-11-08 17:57:00+00:00,1.15906,1.1584,1.1587,1.15835,2021-11-08 17:37:00+00:00,2021-11-08 17:56:00+00:00,2021-11-08 18:01:00+00:00,2021-11-08 18:03:00+00:00,2021-11-08 18:03:00+00:00,2021-11-08 18:06:00+00:00,3.5950282737540467,0.5500000000044409,0.4545454545454851,0.5303030303032342,0.0001737665533383467,180.0,1.0,1.3085179567960692,-1
2021-11-08 19:23:00+00:00,1,0.0001723471511552166,2.5,1.1584876528488448,DC:-1:2021-11-08 19:18:00+00:00,1.15894,1.1586,1.15873,1.1585,2021-11-08 19:09:00+00:00,2021-11-08 19:15:00+00:00,2021-11-08 19:18:00+00:00,2021-11-08 19:22:00+00:00,2021-11-08 19:22:00+00:00,2021-11-08 19:23:00+00:00,2.636367355918405,0.9999999999960816,0.3823529411763553,0.6764705882351405,0.00012347151155214645,60.0,1.0,1.3958454787558683,-1
2021-11-08 23:35:00+00:00,1,0.00016015417599390958,2.5,1.158389845824006,DC:-1:2021-11-08 23:32:00+00:00,1.1587,1.15846,1.15857,1.1584,2021-11-08 23:18:00+00:00,2021-11-08 23:30:00+00:00,2021-11-08 23:32:00+00:00,2021-11-08 23:33:00+00:00,2021-11-08 23:33:00+00:00,2021-11-08 23:35:00+00:00,2.4541791874437298,0.5217391304303963,0.4583333333335261,0.7083333333332947,0.00010154175994105154,120.0,1.0,1.5772247407065285,-1
2021-11-09 02:33:00+00:00,1,0.00020513058911264537,2.5,1.1580748694108873,DC:-1:2021-11-09 02:24:00+00:00,1.15875,1.15826,1.1585,1.15809,2021-11-09 02:05:00+00:00,2021-11-09 02:20:00+00:00,2021-11-09 02:24:00+00:00,2021-11-09 02:32:00+00:00,2021-11-09 02:27:00+00:00,2021-11-09 02:33:00+00:00,2.9516927157345454,0.4851485148407214,0.48979591836750414,0.8367346938778008,0.00015130589112641074,60.0,0.0,1.3557343179801638,-1
2021-11-09 06:19:00+00:00,-1,0.0002156246224171987,2.5,1.1606156246224173,DC:1:2021-11-09 06:11:00+00:00,1.15994,1.16048,1.1603,1.1606,2021-11-09 06:00:00+00:00,2021-11-09 06:10:00+00:00,2021-11-09 06:11:00+00:00,2021-11-09 06:15:00+00:00,2021-11-09 06:14:00+00:00,2021-11-09 06:19:00+00:00,3.3446389616856167,0.7714285714186021,0.3333333333330592,0.5555555555555098,0.00015624622417322625,240.0,1.0,1.380030932319626,1
2021-11-09 07:53:00+00:00,-1,0.00015346211442657243,2.5,1.1595934621144266,DC:1:2021-11-09 07:48:00+00:00,1.1591200000000002,1.1595,1.15933,1.1595799999999998,2021-11-09 07:39:00+00:00,2021-11-09 07:42:00+00:00,2021-11-09 07:48:00+00:00,2021-11-09 07:52:00+00:00,2021-11-09 07:52:00+00:00,2021-11-09 07:53:00+00:00,2.6820540162560778,1.0,0.44736842105284685,0.6578947368420438,0.0001346211442682604,60.0,1.0,1.1399555044693983,1
2021-11-09 09:15:00+00:00,1,0.00024771741466889097,2.5,1.158382282585331,DC:-1:2021-11-09 09:04:00+00:00,1.1590200000000002,1.1586,1.15877,1.1584,2021-11-09 08:56:00+00:00,2021-11-09 09:02:00+00:00,2021-11-09 09:04:00+00:00,2021-11-09 09:10:00+00:00,2021-11-09 09:05:00+00:00,2021-11-09 09:15:00+00:00,2.54408684307739,0.6999999999934867,0.4047619047618292,0.8809523809521543,0.00017717414669174195,300.0,1.0,1.398157797254045,-1
2021-11-09 12:10:00+00:00,1,0.00020854047047436097,2.5,1.1578814595295257,DC:-1:2021-11-09 12:03:00+00:00,1.15924,1.15791,1.15819,1.1579,2021-11-09 11:43:00+00:00,2021-11-09 11:59:00+00:00,2021-11-09 12:04:00+00:00,2021-11-09 12:07:00+00:00,2021-11-09 12:07:00+00:00,2021-11-09 12:10:00+00:00,7.122673949592362,0.7348066298318134,0.21052631578950884,0.218045112782039,0.0001854047047432237,180.0,1.0,1.124785213855167,-1
2021-11-09 13:51:00+00:00,-1,0.00032253191841191686,2.5,1.158622531918412,DC:1:2021-11-09 13:47:00+00:00,1.1576799999999998,1.15849,1.15819,1.1586,2021-11-09 13:41:00+00:00,2021-11-09 13:46:00+00:00,2021-11-09 13:47:00+00:00,2021-11-09 13:50:00+00:00,2021-11-09 13:50:00+00:00,2021-11-09 13:51:00+00:00,4.157318446171096,0.9999999999986293,0.3703703703702384,0.5061728395060747,0.00022531918411886623,60.0,1.0,1.4314445513071201,1
2021-11-09 14:41:00+00:00,-1,0.0004462529406221716,2.5,1.1599462529406221,DC:1:2021-11-09 14:35:00+00:00,1.1587,1.15973,1.1593,1.15992,2021-11-09 14:16:00+00:00,2021-11-09 14:33:00+00:00,2021-11-09 14:35:00+00:00,2021-11-09 14:39:00+00:00,2021-11-09 14:37:00+00:00,2021-11-09 14:41:00+00:00,3.8697984252798023,0.5628415300507468,0.41747572815532724,0.6019417475729578,0.0002625294062211597,120.0,0.0,1.699820782157408,1
2021-11-09 16:03:00+00:00,-1,0.00043000336820608887,2.5,1.1585900033682062,DC:1:2021-11-09 15:53:00+00:00,1.1576,1.1584299999999998,1.15813,1.15856,2021-11-09 15:48:00+00:00,2021-11-09 15:51:00+00:00,2021-11-09 15:53:00+00:00,2021-11-09 16:01:00+00:00,2021-11-09 15:58:00+00:00,2021-11-09 16:03:00+00:00,2.7994176970216094,0.9764705882353956,0.36144578313227227,0.5180722891566136,0.00030003368206202676,120.0,1.0,1.4331836520847454,1
2021-11-09 16:19:00+00:00,1,0.00034920149217954055,2.5,1.1573407985078206,DC:-1:2021-11-09 16:11:00+00:00,1.15856,1.1575,1.15781,1.15737,2021-11-09 16:01:00+00:00,2021-11-09 16:09:00+00:00,2021-11-09 16:11:00+00:00,2021-11-09 16:15:00+00:00,2021-11-09 16:14:00+00:00,2021-11-09 16:19:00+00:00,3.468887875200258,0.8833333333354427,0.29245283018869306,0.41509433962261383,0.000292014921793987,240.0,1.0,1.195834411591809,-1
2021-11-09 18:48:00+00:00,1,0.0002874363514953071,2.5,1.1586825636485047,DC:-1:2021-11-09 18:37:00+00:00,1.15938,1.1589,1.15911,1.1587,2021-11-09 18:25:00+00:00,2021-11-09 18:36:00+00:00,2021-11-09 18:37:00+00:00,2021-11-09 18:45:00+00:00,2021-11-09 18:41:00+00:00,2021-11-09 18:48:00+00:00,2.7424696519771024,0.479999999997744,0.43750000000005784,0.8541666666666474,0.00017436351495210412,180.0,0.0,1.6484890865744646,-1
2021-11-09 20:34:00+00:00,1,0.0002156177008423299,2.5,1.1591843822991577,DC:-1:2021-11-09 20:26:00+00:00,1.15975,1.1593,1.1594799999999998,1.1592,2021-11-09 20:19:00+00:00,2021-11-09 20:25:00+00:00,2021-11-09 20:26:00+00:00,2021-11-09 20:30:00+00:00,2021-11-09 20:30:00+00:00,2021-11-09 20:34:00+00:00,2.9893016675045034,0.9999999999985197,0.3999999999996052,0.6222222222217727,0.00015617700842278904,240.0,1.0,1.3805982264599928,-1
2021-11-10 00:11:00+00:00,1,0.00017411697047386987,2.5,1.158985883029526,DC:-1:2021-11-10 00:09:00+00:00,1.1595,1.1591,1.15926,1.159,2021-11-10 00:03:00+00:00,2021-11-10 00:08:00+00:00,2021-11-10 00:09:00+00:00,2021-11-10 00:10:00+00:00,2021-11-10 00:10:00+00:00,2021-11-10 00:11:00+00:00,3.387376257177824,0.8695652173838329,0.399999999999889,0.649999999999889,0.0001411697047395229,60.0,1.0,1.2333876506658359,-1
2021-11-10 02:56:00+00:00,1,0.00020474900187306133,2.5,1.158285250998127,DC:-1:2021-11-10 02:50:00+00:00,1.1588,1.1584,1.15855,1.1583,2021-11-10 02:38:00+00:00,2021-11-10 02:46:00+00:00,2021-11-10 02:50:00+00:00,2021-11-10 02:52:00+00:00,2021-11-10 02:52:00+00:00,2021-11-10 02:56:00+00:00,2.8112844644457793,0.7407407407394615,0.37499999999972244,0.6249999999997224,0.00014749001873162182,240.0,1.0,1.388222766759763,-1
2021-11-10 05:47:00+00:00,1,0.00015202262338220862,2.5,1.1577879773766178,DC:-1:2021-11-10 05:25:00+00:00,1.15845,1.15792,1.15815,1.1578,2021-11-10 05:06:00+00:00,2021-11-10 05:22:00+00:00,2021-11-10 05:30:00+00:00,2021-11-10 05:44:00+00:00,2021-11-10 05:31:00+00:00,2021-11-10 05:47:00+00:00,4.411758033411669,0.5047619047553189,0.4339622641509197,0.6603773584908031,0.0001202262338215782,180.0,0.0,1.2644713100455087,-1
2021-11-10 07:48:00+00:00,1,0.0004553820779094053,2.5,1.1558746179220907,DC:-1:2021-11-10 07:44:00+00:00,1.1574,1.15609,1.1565,1.1559,2021-11-10 07:23:00+00:00,2021-11-10 07:43:00+00:00,2021-11-10 07:45:00+00:00,2021-11-10 07:47:00+00:00,2021-11-10 07:47:00+00:00,2021-11-10 07:48:00+00:00,6.581406154886005,0.4763636363625644,0.31297709923667616,0.4580152671757187,0.00025382077909273497,60.0,1.0,1.7941087389974038,-1
2021-11-10 09:24:00+00:00,1,0.00022685673591604782,2.5,1.155883143264084,DC:-1:2021-11-10 09:17:00+00:00,1.1569,1.15599,1.15632,1.1559,2021-11-10 08:55:00+00:00,2021-11-10 09:06:00+00:00,2021-11-10 09:19:00+00:00,2021-11-10 09:23:00+00:00,2021-11-10 09:22:00+00:00,2021-11-10 09:24:00+00:00,4.522030752076395,0.8834951456187717,0.36263736263731167,0.46153846153857414,0.00016856735915961652,60.0,0.0,1.345792786023521,-1
2021-11-10 12:42:00+00:00,1,0.00021994601047103934,2.5,1.154480053989529,DC:-1:2021-11-10 12:39:00+00:00,1.1553,1.1546,1.1548200000000002,1.1545,2021-11-10 12:25:00+00:00,2021-11-10 12:35:00+00:00,2021-11-10 12:39:00+00:00,2021-11-10 12:41:00+00:00,2021-11-10 12:41:00+00:00,2021-11-10 12:42:00+00:00,3.2549326496016353,0.7777777777764345,0.3142857142859046,0.4571428571430475,0.000199460104711565,60.0,1.0,1.1027067833394482,-1
2021-11-10 13:01:00+00:00,-1,0.0004624886634516656,2.5,1.1558624886634516,DC:1:2021-11-10 12:53:00+00:00,1.1545,1.15554,1.15528,1.15584,2021-11-10 12:41:00+00:00,2021-11-10 12:52:00+00:00,2021-11-10 12:55:00+00:00,2021-11-10 13:00:00+00:00,2021-11-10 12:56:00+00:00,2021-11-10 13:01:00+00:00,4.984229369531947,0.7428571428588241,0.24999999999994663,0.5384615384614728,0.00022488663451582618,60.0,1.0,2.056541352256834,1
2021-11-10 13:30:00+00:00,-1,0.00030324239926016183,2.5,1.1560032423992601,DC:1:2021-11-10 13:22:00+00:00,1.1552,1.1558,1.1555,1.15598,2021-11-10 13:07:00+00:00,2021-11-10 13:10:00+00:00,2021-11-10 13:22:00+00:00,2021-11-10 13:29:00+00:00,2021-11-10 13:26:00+00:00,2021-11-10 13:30:00+00:00,2.366270466793097,1.0000000000022204,0.5,0.800000000000148,0.00023242399260197505,60.0,0.0,1.304694906344987,1
2021-11-10 14:40:00+00:00,-1,0.0007120616013611691,2.5,1.157342061601361,DC:1:2021-11-10 14:33:00+00:00,1.15585,1.15683,1.15642,1.1573,2021-11-10 14:22:00+00:00,2021-11-10 14:32:00+00:00,2021-11-10 14:33:00+00:00,2021-11-10 14:36:00+00:00,2021-11-10 14:35:00+00:00,2021-11-10 14:40:00+00:00,2.542518577199545,0.7313432835826164,0.41836734693880556,0.8979591836734786,0.0004206160136108718,240.0,1.0,1.692901787662143,1
2021-11-10 16:26:00+00:00,-1,0.0005333361953550053,2.5,1.153503336195355,DC:1:2021-11-10 16:16:00+00:00,1.1513,1.15319,1.15269,1.15347,2021-11-10 15:49:00+00:00,2021-11-10 16:12:00+00:00,2021-11-10 16:16:00+00:00,2021-11-10 16:25:00+00:00,2021-11-10 16:18:00+00:00,2021-11-10 16:26:00+00:00,5.489398839714572,0.6774193548375955,0.2645502645502428,0.4126984126984258,0.00033336195355045773,60.0,0.0,1.5998712200799468,1
2021-11-11 03:54:00+00:00,-1,0.0003660485401784097,2.5,1.1478660485401784,DC:1:2021-11-11 03:41:00+00:00,1.1468,1.14755,1.1473,1.14785,2021-11-11 03:15:00+00:00,2021-11-11 03:37:00+00:00,2021-11-11 03:41:00+00:00,2021-11-11 03:48:00+00:00,2021-11-11 03:43:00+00:00,2021-11-11 03:54:00+00:00,4.257959228542783,0.5395683453179856,0.333333333333432,0.7333333333333728,0.00016048540178394385,360.0,0.0,2.2808837196993696,1
2021-11-11 11:03:00+00:00,1,0.00029421730573564453,2.5,1.1458657826942644,DC:-1:2021-11-11 10:57:00+00:00,1.14734,1.14599,1.1464299999999998,1.14589,2021-11-11 10:34:00+00:00,2021-11-11 10:53:00+00:00,2021-11-11 10:59:00+00:00,2021-11-11 11:02:00+00:00,2021-11-11 11:00:00+00:00,2021-11-11 11:03:00+00:00,5.145386713927206,0.7068062827216427,0.3259259259257675,0.39999999999983554,0.00024217305735750637,60.0,0.0,1.2149051960859056,-1
2021-11-11 15:48:00+00:00,-1,0.0004063196448835793,2.5,1.1475063196448836,DC:1:2021-11-11 15:41:00+00:00,1.14609,1.14742,1.147,1.1474799999999998,2021-11-11 15:27:00+00:00,2021-11-11 15:39:00+00:00,2021-11-11 15:41:00+00:00,2021-11-11 15:45:00+00:00,2021-11-11 15:43:00+00:00,2021-11-11 15:48:00+00:00,5.468998012441005,0.8159509202425314,0.31578947368426324,0.36090225563894335,0.0002631964488378184,180.0,0.0,1.5437884769256647,1
2021-11-12 05:54:00+00:00,-1,0.00016072588229576468,2.5,1.1443607258822959,DC:1:2021-11-12 05:41:00+00:00,1.1438,1.14429,1.14416,1.14435,2021-11-12 05:14:00+00:00,2021-11-12 05:40:00+00:00,2021-11-12 05:41:00+00:00,2021-11-12 05:53:00+00:00,2021-11-12 05:42:00+00:00,2021-11-12 05:54:00+00:00,3.794062620151149,0.45794392522522775,0.2653061224488501,0.3877551020405574,0.00010725882295925761,60.0,1.0,1.49848635162458,1
2021-11-12 07:56:00+00:00,-1,0.00033080369263949194,2.5,1.1456108036926396,DC:1:2021-11-12 07:51:00+00:00,1.1444,1.14541,1.14511,1.14559,2021-11-12 07:29:00+00:00,2021-11-12 07:46:00+00:00,2021-11-12 07:51:00+00:00,2021-11-12 07:55:00+00:00,2021-11-12 07:53:00+00:00,2021-11-12 07:56:00+00:00,5.152103508235302,0.49753694581159447,0.2970297029702774,0.47524752475253185,0.0002080369263954026,60.0,0.0,1.590120073254468,1
2021-11-12 08:52:00+00:00,-1,0.0003861438644239268,2.5,1.145446143864424,DC:1:2021-11-12 08:46:00+00:00,1.1444,1.14519,1.14491,1.14542,2021-11-12 08:40:00+00:00,2021-11-12 08:44:00+00:00,2021-11-12 08:46:00+00:00,2021-11-12 08:49:00+00:00,2021-11-12 08:48:00+00:00,2021-11-12 08:52:00+00:00,3.3728247582093633,1.0000000000061835,0.35443037974669667,0.6455696202533033,0.00026143864423832893,180.0,0.0,1.4769961248418801,1
2021-11-12 13:57:00+00:00,1,0.00021822858716324944,2.5,1.1444817714128368,DC:-1:2021-11-12 13:50:00+00:00,1.14526,1.14456,1.14481,1.1445,2021-11-12 13:28:00+00:00,2021-11-12 13:41:00+00:00,2021-11-12 13:50:00+00:00,2021-11-12 13:56:00+00:00,2021-11-12 13:56:00+00:00,2021-11-12 13:57:00+00:00,3.2131942824670747,0.5147058823508571,0.35714285714301575,0.44285714285723804,0.00018228587163244989,60.0,1.0,1.1971777363155838,-1
2021-11-12 15:13:00+00:00,-1,0.0003284438492223707,2.5,1.1452684438492224,DC:1:2021-11-12 15:05:00+00:00,1.14362,1.14501,1.1445,1.14524,2021-11-12 15:00:00+00:00,2021-11-12 15:03:00+00:00,2021-11-12 15:06:00+00:00,2021-11-12 15:12:00+00:00,2021-11-12 15:12:00+00:00,2021-11-12 15:13:00+00:00,5.500357095754146,0.9999999999995207,0.36690647482015076,0.5323741007193968,0.0002844384922230591,60.0,1.0,1.1547095706188817,1
2021-11-12 15:22:00+00:00,-1,0.000646477437734827,2.5,1.1460264774377347,DC:1:2021-11-12 15:18:00+00:00,1.14481,1.14569,1.14536,1.14599,2021-11-12 15:14:00+00:00,2021-11-12 15:17:00+00:00,2021-11-12 15:18:00+00:00,2021-11-12 15:20:00+00:00,2021-11-12 15:20:00+00:00,2021-11-12 15:22:00+00:00,2.8213135386518586,0.7857142857091312,0.37500000000018924,0.7159090909092457,0.00036477437734602455,120.0,1.0,1.7722665786955187,1
2021-11-14 22:08:00+00:00,1,8.247197606769952e-05,2.5,1.1444975280239322,DC:-1:2021-11-14 22:03:00+00:00,1.1452,1.1445299999999998,1.14467,1.1445,2021-11-14 19:31:00+00:00,2021-11-14 22:02:00+00:00,2021-11-14 22:04:00+00:00,2021-11-14 22:07:00+00:00,2021-11-14 22:06:00+00:00,2021-11-14 22:08:00+00:00,23.4605014136769,0.9999999999903891,0.20895522388091853,0.25373134328352276,2.471976067819684e-05,60.0,0.0,3.336277286067778,-1
2021-11-14 22:12:00+00:00,1,0.00013626027225921433,2.5,1.1442537397277408,DC:-1:2021-11-14 22:10:00+00:00,1.14458,1.14429,1.14442,1.14426,2021-11-14 22:08:00+00:00,2021-11-14 22:09:00+00:00,2021-11-14 22:10:00+00:00,2021-11-14 22:11:00+00:00,2021-11-14 22:11:00+00:00,2021-11-14 22:12:00+00:00,7.602455449252591,1.0000000000007656,0.4482758620689919,0.551724137931008,6.260272259266376e-05,60.0,1.0,2.1765870015880475,-1
2021-11-14 23:55:00+00:00,1,0.00013893949030086006,2.5,1.1439810605096992,DC:-1:2021-11-14 23:52:00+00:00,1.14429,1.14409,1.14418,1.14399,2021-11-14 23:45:00+00:00,2021-11-14 23:50:00+00:00,2021-11-14 23:52:00+00:00,2021-11-14 23:54:00+00:00,2021-11-14 23:54:00+00:00,2021-11-14 23:55:00+00:00,2.231421725475801,0.9999999999666933,0.44999999999966694,0.9499999999996669,8.939490300998594e-05,60.0,1.0,1.5542216124485273,-1
2021-11-15 02:25:00+00:00,1,0.00023743006955911916,2.5,1.145482569930441,DC:-1:2021-11-15 02:11:00+00:00,1.14639,1.1456,1.14582,1.1455,2021-11-15 02:01:00+00:00,2021-11-15 02:09:00+00:00,2021-11-15 02:11:00+00:00,2021-11-15 02:21:00+00:00,2021-11-15 02:20:00+00:00,2021-11-15 02:25:00+00:00,4.510161585836379,0.699115044258929,0.2784810126583417,0.40506329113932943,0.0001743006955911227,240.0,0.0,1.3621865865417218,-1
2021-11-15 08:04:00+00:00,1,0.0003988399756584826,2.5,1.1446011600243415,DC:-1:2021-11-15 08:00:00+00:00,1.14559,1.1448,1.14501,1.14462,2021-11-15 07:46:00+00:00,2021-11-15 07:57:00+00:00,2021-11-15 08:00:00+00:00,2021-11-15 08:01:00+00:00,2021-11-15 08:01:00+00:00,2021-11-15 08:04:00+00:00,4.260737743558622,0.6991150442457409,0.2658227848101586,0.493670886076049,0.00018839975658364384,180.0,1.0,2.116987743991111,-1
2021-11-15 09:10:00+00:00,-1,0.000406147218685593,2.5,1.1451061472186856,DC:1:2021-11-15 09:02:00+00:00,1.14369,1.14487,1.14456,1.14508,2021-11-15 08:45:00+00:00,2021-11-15 08:59:00+00:00,2021-11-15 09:02:00+00:00,2021-11-15 09:06:00+00:00,2021-11-15 09:05:00+00:00,2021-11-15 09:10:00+00:00,4.964313826981138,0.6020408163296588,0.2627118644068163,0.4406779661017747,0.000261472186854921,240.0,1.0,1.5533094497387043,1
2021-11-15 17:47:00+00:00,1,0.0004719104605088731,2.5,1.1381680895394912,DC:-1:2021-11-15 17:26:00+00:00,1.14049,1.13828,1.13904,1.13821,2021-11-15 17:24:00+00:00,2021-11-15 17:25:00+00:00,2021-11-15 17:36:00+00:00,2021-11-15 17:43:00+00:00,2021-11-15 17:40:00+00:00,2021-11-15 17:47:00+00:00,8.009138228772082,1.0000000000009042,0.3438914027149676,0.37556561085976986,0.00041910460508750403,240.0,0.0,1.1259968389284194,-1
2021-11-15 20:17:00+00:00,1,0.0002771657370870262,2.5,1.137972834262913,DC:-1:2021-11-15 20:07:00+00:00,1.1388200000000002,1.13809,1.13828,1.13799,2021-11-15 19:56:00+00:00,2021-11-15 20:06:00+00:00,2021-11-15 20:08:00+00:00,2021-11-15 20:15:00+00:00,2021-11-15 20:09:00+00:00,2021-11-15 20:17:00+00:00,4.69694669932998,0.784946236556,0.26027397260257723,0.3972602739724027,0.00017165737087019943,120.0,0.0,1.6146451252396732,-1
2021-11-16 00:59:00+00:00,-1,0.0004768856631602869,2.5,1.1377768856631603,DC:1:2021-11-16 00:24:00+00:00,1.13666,1.13737,1.13716,1.13776,2021-11-16 00:11:00+00:00,2021-11-16 00:22:00+00:00,2021-11-16 00:24:00+00:00,2021-11-16 00:50:00+00:00,2021-11-16 00:35:00+00:00,2021-11-16 00:59:00+00:00,3.381348151050575,0.8160919540105471,0.29577464788739,0.8450704225354447,0.00016885663160169108,540.0,1.0,2.8242045256782853,1
2021-11-16 01:37:00+00:00,1,0.00020501682792595233,2.5,1.137124983172074,DC:-1:2021-11-16 01:25:00+00:00,1.13779,1.1373,1.13745,1.13714,2021-11-16 01:11:00+00:00,2021-11-16 01:24:00+00:00,2021-11-16 01:25:00+00:00,2021-11-16 01:35:00+00:00,2021-11-16 01:28:00+00:00,2021-11-16 01:37:00+00:00,3.465744832787479,0.5632183908007371,0.3061224489797213,0.6326530612244251,0.00015016827926032494,120.0,0.0,1.3652472342081274,-1
2021-11-16 04:50:00+00:00,1,0.0001730806031123855,2.5,1.1377769193968876,DC:-1:2021-11-16 04:44:00+00:00,1.13822,1.13789,1.13802,1.13779,2021-11-16 04:39:00+00:00,2021-11-16 04:43:00+00:00,2021-11-16 04:44:00+00:00,2021-11-16 04:49:00+00:00,2021-11-16 04:49:00+00:00,2021-11-16 04:50:00+00:00,2.5901334868098536,0.8048780487898927,0.3939393939393532,0.6969696969696766,0.00013080603112492785,60.0,1.0,1.323185189733972,-1
2021-11-16 07:24:00+00:00,1,0.00021698469569986223,2.5,1.1369830153043001,DC:-1:2021-11-16 07:16:00+00:00,1.13781,1.13716,1.1374,1.137,2021-11-16 07:04:00+00:00,2021-11-16 07:14:00+00:00,2021-11-16 07:16:00+00:00,2021-11-16 07:22:00+00:00,2021-11-16 07:20:00+00:00,2021-11-16 07:24:00+00:00,4.366185034170685,0.5371900826381841,0.36923076923077447,0.6153846153845103,0.00016984695699953108,120.0,0.0,1.2775306636813122,-1
2021-11-16 08:23:00+00:00,1,0.0003334908105288026,2.5,1.1367765091894713,DC:-1:2021-11-16 08:16:00+00:00,1.13782,1.1369,1.1372,1.1368,2021-11-16 08:05:00+00:00,2021-11-16 08:12:00+00:00,2021-11-16 08:16:00+00:00,2021-11-16 08:22:00+00:00,2021-11-16 08:21:00+00:00,2021-11-16 08:23:00+00:00,4.172744278269946,0.8846153846126419,0.3260869565216919,0.4347826086955892,0.0002349081052882034,60.0,0.0,1.4196649797147285,-1
2021-11-16 11:13:00+00:00,-1,0.00034207129542651593,2.5,1.1364720712954266,DC:1:2021-11-16 11:03:00+00:00,1.1355,1.13621,1.13599,1.13645,2021-11-16 10:55:00+00:00,2021-11-16 11:01:00+00:00,2021-11-16 11:03:00+00:00,2021-11-16 11:08:00+00:00,2021-11-16 11:06:00+00:00,2021-11-16 11:13:00+00:00,3.498372352057782,0.7802197802157984,0.3098591549294233,0.6478873239435387,0.00022071295426687147,300.0,1.0,1.5498469338274816,1
2021-11-16 11:33:00+00:00,-1,0.00036815797080946844,2.5,1.1372381579708095,DC:1:2021-11-16 11:21:00+00:00,1.13589,1.13694,1.13645,1.13721,2021-11-16 11:19:00+00:00,2021-11-16 11:20:00+00:00,2021-11-16 11:23:00+00:00,2021-11-16 11:30:00+00:00,2021-11-16 11:29:00+00:00,2021-11-16 11:33:00+00:00,4.473223571598303,1.0000000000006344,0.4666666666667654,0.7238095238096165,0.0002815797080951136,180.0,1.0,1.3074733733480182,1
2021-11-16 12:09:00+00:00,1,0.00023093145137575988,2.5,1.1364790685486243,DC:-1:2021-11-16 12:01:00+00:00,1.13711,1.1366,1.13683,1.1365,2021-11-16 11:57:00+00:00,2021-11-16 12:00:00+00:00,2021-11-16 12:01:00+00:00,2021-11-16 12:05:00+00:00,2021-11-16 12:05:00+00:00,2021-11-16 12:09:00+00:00,2.513876787406733,0.9999999999891155,0.4509803921567603,0.6470588235292837,0.00020931451375734282,240.0,1.0,1.1032749102313921,-1
2021-11-16 16:16:00+00:00,1,0.0004198816602283273,2.5,1.1343701183397716,DC:-1:2021-11-16 16:08:00+00:00,1.13533,1.1347,1.135,1.1344,2021-11-16 16:04:00+00:00,2021-11-16 16:07:00+00:00,2021-11-16 16:08:00+00:00,2021-11-16 16:15:00+00:00,2021-11-16 16:12:00+00:00,2021-11-16 16:16:00+00:00,2.245112983566944,0.9999999999982377,0.476190476190493,0.952380952380986,0.00029881660228343166,60.0,1.0,1.405148365317613,-1
2021-11-16 21:14:00+00:00,1,0.0003164783792650727,2.5,1.130983521620735,DC:-1:2021-11-16 21:03:00+00:00,1.13174,1.13109,1.1314,1.131,2021-11-16 20:52:00+00:00,2021-11-16 21:02:00+00:00,2021-11-16 21:05:00+00:00,2021-11-16 21:13:00+00:00,2021-11-16 21:07:00+00:00,2021-11-16 21:14:00+00:00,4.113467342659774,0.802469135794181,0.47692307692309793,0.6153846153845103,0.0001647837926517954,60.0,0.0,1.9205673942328971,-1
2021-11-17 01:17:00+00:00,-1,0.00028928731917576833,2.5,1.1324892873191759,DC:1:2021-11-17 01:03:00+00:00,1.1316,1.1323,1.13205,1.13247,2021-11-17 00:49:00+00:00,2021-11-17 01:02:00+00:00,2021-11-17 01:04:00+00:00,2021-11-17 01:14:00+00:00,2021-11-17 01:07:00+00:00,2021-11-17 01:17:00+00:00,3.886832259232979,0.5384615384584903,0.35714285714290245,0.6,0.00019287319175713866,180.0,0.0,1.4998835065685647,1
2021-11-17 04:10:00+00:00,-1,0.0005627680822521963,2.5,1.1295627680822522,DC:1:2021-11-17 03:56:00+00:00,1.12698,1.12927,1.1286,1.12952,2021-11-17 03:43:00+00:00,2021-11-17 03:55:00+00:00,2021-11-17 03:56:00+00:00,2021-11-17 04:02:00+00:00,2021-11-17 04:01:00+00:00,2021-11-17 04:10:00+00:00,5.531540143015577,0.74592833876021,0.29257641921396366,0.4017467248908606,0.00042768082252137187,480.0,1.0,1.315859988611189,1
2021-11-17 06:36:00+00:00,-1,0.00021833434381535177,2.5,1.1304183343438154,DC:1:2021-11-17 06:28:00+00:00,1.1295,1.1303,1.13008,1.1304,2021-11-17 06:13:00+00:00,2021-11-17 06:24:00+00:00,2021-11-17 06:28:00+00:00,2021-11-17 06:34:00+00:00,2021-11-17 06:32:00+00:00,2021-11-17 06:36:00+00:00,3.73365813888034,0.9999999999936162,0.27500000000009023,0.40000000000005553,0.00018334343815342596,120.0,0.0,1.1908489663679407,1
2021-11-17 08:08:00+00:00,1,0.00033264732722693147,2.5,1.1299673526727732,DC:-1:2021-11-17 08:03:00+00:00,1.13135,1.13016,1.13054,1.12999,2021-11-17 07:38:00+00:00,2021-11-17 07:58:00+00:00,2021-11-17 08:03:00+00:00,2021-11-17 08:07:00+00:00,2021-11-17 08:04:00+00:00,2021-11-17 08:08:00+00:00,4.805850447812445,0.6363636363599339,0.3193277310924699,0.4621848739496128,0.00022647327226957845,60.0,0.0,1.4688149462112712,-1
2021-11-17 12:51:00+00:00,1,0.0002582471856540369,2.5,1.131841752814346,DC:-1:2021-11-17 12:45:00+00:00,1.13311,1.13199,1.13231,1.13186,2021-11-17 12:19:00+00:00,2021-11-17 12:42:00+00:00,2021-11-17 12:46:00+00:00,2021-11-17 12:49:00+00:00,2021-11-17 12:48:00+00:00,2021-11-17 12:51:00+00:00,5.743232077886406,0.5333333333300696,0.2857142857141724,0.40178571428556736,0.00018247185653975698,120.0,0.0,1.4152713221162958,-1
2021-11-17 13:23:00+00:00,1,0.0002579962500239841,2.5,1.131382003749976,DC:-1:2021-11-17 13:20:00+00:00,1.1321,1.1315,1.13176,1.1314,2021-11-17 13:07:00+00:00,2021-11-17 13:14:00+00:00,2021-11-17 13:20:00+00:00,2021-11-17 13:22:00+00:00,2021-11-17 13:21:00+00:00,2021-11-17 13:23:00+00:00,3.0096494411311188,1.0000000000025906,0.433333333333469,0.600000000000074,0.0001799625002386874,60.0,1.0,1.4336111672253895,-1
2021-11-17 14:47:00+00:00,-1,0.00037970370921058816,2.5,1.1317997037092107,DC:1:2021-11-17 14:28:00+00:00,1.12979,1.13145,1.13071,1.1317700000000002,2021-11-17 14:10:00+00:00,2021-11-17 14:27:00+00:00,2021-11-17 14:34:00+00:00,2021-11-17 14:45:00+00:00,2021-11-17 14:41:00+00:00,2021-11-17 14:47:00+00:00,5.2524718703082325,0.6014492753603122,0.44578313253009955,0.6385542168675086,0.0002970370921042252,120.0,0.0,1.2783040209582872,1
2021-11-17 14:54:00+00:00,-1,0.00038046445511175087,2.5,1.1320804644551117,DC:1:2021-11-17 14:47:00+00:00,1.13071,1.1317700000000002,1.13142,1.13205,2021-11-17 14:34:00+00:00,2021-11-17 14:45:00+00:00,2021-11-17 14:47:00+00:00,2021-11-17 14:51:00+00:00,2021-11-17 14:48:00+00:00,2021-11-17 14:54:00+00:00,3.568577892043615,0.9137931034437412,0.3301886792453324,0.5943396226413888,0.00030464455111580503,180.0,1.0,1.2488798953345608,1
2021-11-17 20:44:00+00:00,1,0.0002075601318798359,2.5,1.1315824398681202,DC:-1:2021-11-17 20:26:00+00:00,1.13218,1.1317,1.13194,1.1316,2021-11-17 20:20:00+00:00,2021-11-17 20:24:00+00:00,2021-11-17 20:27:00+00:00,2021-11-17 20:43:00+00:00,2021-11-17 20:29:00+00:00,2021-11-17 20:44:00+00:00,2.8742737320856278,0.9999999999935237,0.5,0.7083333333332947,0.00017560131879647693,60.0,0.0,1.1819964297671333,-1
2021-11-17 21:21:00+00:00,1,0.0002566579687992565,2.5,1.1317633420312008,DC:-1:2021-11-17 21:07:00+00:00,1.13227,1.13189,1.13206,1.13178,2021-11-17 21:00:00+00:00,2021-11-17 21:04:00+00:00,2021-11-17 21:07:00+00:00,2021-11-17 21:20:00+00:00,2021-11-17 21:09:00+00:00,2021-11-17 21:21:00+00:00,2.26288582613491,0.8260869565148343,0.44736842105258545,0.7368421052632194,0.00016657968799194172,60.0,0.0,1.5407518881394011,-1
2021-11-17 23:38:00+00:00,1,0.00021348311756952398,2.5,1.1313865168824304,DC:-1:2021-11-17 23:35:00+00:00,1.13195,1.1315,1.13164,1.1314,2021-11-17 23:28:00+00:00,2021-11-17 23:33:00+00:00,2021-11-17 23:35:00+00:00,2021-11-17 23:36:00+00:00,2021-11-17 23:36:00+00:00,2021-11-17 23:38:00+00:00,3.6642416558886595,0.9999999999985197,0.31111111111113304,0.5333333333333005,0.00013483117569578027,120.0,1.0,1.5833364684975098,-1
2021-11-18 01:16:00+00:00,1,0.00018424786365178747,2.5,1.1317757521363483,DC:-1:2021-11-18 01:10:00+00:00,1.1325,1.13189,1.1321,1.13179,2021-11-18 00:57:00+00:00,2021-11-18 01:07:00+00:00,2021-11-18 01:11:00+00:00,2021-11-18 01:14:00+00:00,2021-11-18 01:13:00+00:00,2021-11-18 01:16:00+00:00,4.107859257555097,0.7721518987321564,0.3442622950820388,0.5081967213115292,0.00014247863651879386,120.0,0.0,1.2931613338922145,-1
2021-11-18 01:46:00+00:00,1,0.00023594048126174272,2.5,1.1322840595187382,DC:-1:2021-11-18 01:36:00+00:00,1.13281,1.1324,1.13257,1.1323,2021-11-18 01:29:00+00:00,2021-11-18 01:35:00+00:00,2021-11-18 01:36:00+00:00,2021-11-18 01:45:00+00:00,2021-11-18 01:45:00+00:00,2021-11-18 01:46:00+00:00,2.5006612012254608,0.5466666666692641,0.4146341463414502,0.6585365853658008,0.0001594048126178951,60.0,1.0,1.4801339896011119,-1
2021-11-18 07:58:00+00:00,-1,0.0002701842628507478,2.5,1.1338801842628508,DC:1:2021-11-18 07:46:00+00:00,1.1326,1.13364,1.1333,1.13386,2021-11-18 07:32:00+00:00,2021-11-18 07:45:00+00:00,2021-11-18 07:49:00+00:00,2021-11-18 07:55:00+00:00,2021-11-18 07:50:00+00:00,2021-11-18 07:58:00+00:00,5.69681002418516,0.7878787878788746,0.3269230769231057,0.5384615384616863,0.00020184262850722357,180.0,0.0,1.3385887057107881,1
2021-11-18 11:06:00+00:00,-1,0.00023073315466137778,2.5,1.1338307331546613,DC:1:2021-11-18 10:52:00+00:00,1.1329,1.13378,1.1334,1.13381,2021-11-18 10:30:00+00:00,2021-11-18 10:49:00+00:00,2021-11-18 10:52:00+00:00,2021-11-18 11:01:00+00:00,2021-11-18 10:53:00+00:00,2021-11-18 11:06:00+00:00,3.7920239019327444,0.4999999999967198,0.43181818181823917,0.4659090909091196,0.00020733154661247053,300.0,0.0,1.1128704648726124,1
2021-11-18 17:37:00+00:00,-1,0.0002918946930567934,2.5,1.1373918946930568,DC:1:2021-11-18 17:28:00+00:00,1.1367,1.13727,1.137,1.13737,2021-11-18 17:20:00+00:00,2021-11-18 17:25:00+00:00,2021-11-18 17:28:00+00:00,2021-11-18 17:35:00+00:00,2021-11-18 17:30:00+00:00,2021-11-18 17:37:00+00:00,2.8306904069837633,0.9999999999941567,0.4736842105263363,0.6491228070175575,0.00021894693056734378,120.0,1.0,1.333175543043351,1
2021-11-18 17:48:00+00:00,1,0.00021992382590529935,2.5,1.1367800761740947,DC:-1:2021-11-18 17:45:00+00:00,1.13737,1.1369,1.1371,1.1368,2021-11-18 17:35:00+00:00,2021-11-18 17:43:00+00:00,2021-11-18 17:45:00+00:00,2021-11-18 17:47:00+00:00,2021-11-18 17:47:00+00:00,2021-11-18 17:48:00+00:00,2.4381515209096407,0.5949367088645166,0.42553191489359693,0.6382978723403954,0.00019923825905227954,60.0,1.0,1.1038232664319356,-1
2021-11-18 18:35:00+00:00,1,0.00020853795843200906,2.5,1.136681462041568,DC:-1:2021-11-18 18:28:00+00:00,1.1374,1.1368,1.137,1.1367,2021-11-18 18:11:00+00:00,2021-11-18 18:27:00+00:00,2021-11-18 18:28:00+00:00,2021-11-18 18:33:00+00:00,2021-11-18 18:30:00+00:00,2021-11-18 18:35:00+00:00,3.461906202483249,0.5454545454504716,0.3333333333333333,0.5,0.00018537958432187355,120.0,0.0,1.1249240804743943,-1
2021-11-18 22:19:00+00:00,-1,0.00026653304609358663,2.5,1.1372265330460936,DC:1:2021-11-18 22:07:00+00:00,1.13676,1.1371,1.13694,1.13721,2021-11-18 22:01:00+00:00,2021-11-18 22:06:00+00:00,2021-11-18 22:07:00+00:00,2021-11-18 22:18:00+00:00,2021-11-18 22:10:00+00:00,2021-11-18 22:19:00+00:00,2.3208026168425193,0.6296296296203397,0.47058823529392557,0.7941176470587851,0.00016533046093609023,60.0,1.0,1.612123044867195,1
2021-11-19 05:43:00+00:00,-1,0.00022498734858378278,2.5,1.1358249873485837,DC:1:2021-11-19 05:35:00+00:00,1.1353,1.13569,1.1355,1.13581,2021-11-19 05:24:00+00:00,2021-11-19 05:29:00+00:00,2021-11-19 05:35:00+00:00,2021-11-19 05:42:00+00:00,2021-11-19 05:37:00+00:00,2021-11-19 05:43:00+00:00,2.740361150065986,0.7358490565874503,0.48717948717969156,0.7948717948716489,0.00014987348583729245,60.0,0.0,1.5011817956115092,1
2021-11-19 07:51:00+00:00,1,0.00022359403503280362,2.5,1.1352864059649672,DC:-1:2021-11-19 07:48:00+00:00,1.13571,1.1354,1.13555,1.1353,2021-11-19 07:39:00+00:00,2021-11-19 07:46:00+00:00,2021-11-19 07:48:00+00:00,2021-11-19 07:49:00+00:00,2021-11-19 07:49:00+00:00,2021-11-19 07:51:00+00:00,2.3173754749392574,0.6595744680852169,0.48387096774218963,0.8064516129034106,0.00013594035032812656,120.0,1.0,1.6447951950477002,-1
2021-11-19 13:05:00+00:00,1,0.00043891839934651067,2.5,1.1250610816006534,DC:-1:2021-11-19 13:00:00+00:00,1.12893,1.12527,1.12609,1.1251,2021-11-19 12:38:00+00:00,2021-11-19 12:59:00+00:00,2021-11-19 13:01:00+00:00,2021-11-19 13:04:00+00:00,2021-11-19 13:02:00+00:00,2021-11-19 13:05:00+00:00,15.953586524749836,0.7922077922061045,0.22404371584700647,0.2704918032787015,0.00038918399346591465,60.0,0.0,1.1277914989197824,-1
2021-11-19 15:10:00+00:00,1,0.0006878686694342662,2.5,1.1301421313305657,DC:-1:2021-11-19 14:59:00+00:00,1.13157,1.13065,1.13106,1.13018,2021-11-19 14:49:00+00:00,2021-11-19 14:55:00+00:00,2021-11-19 14:59:00+00:00,2021-11-19 15:04:00+00:00,2021-11-19 15:02:00+00:00,2021-11-19 15:10:00+00:00,2.467999769485822,0.6301369862976469,0.44565217391305134,0.9565217391303928,0.00037868669434295486,360.0,1.0,1.81645851230068,-1
2021-11-22 05:37:00+00:00,1,0.00020641734519810662,2.5,1.127043582654802,DC:-1:2021-11-22 05:32:00+00:00,1.12748,1.1271,1.1272799999999998,1.12706,2021-11-22 05:28:00+00:00,2021-11-22 05:29:00+00:00,2021-11-22 05:34:00+00:00,2021-11-22 05:36:00+00:00,2021-11-22 05:35:00+00:00,2021-11-22 05:37:00+00:00,2.351590074541551,1.0000000000005844,0.47368421052585447,0.5789473684206836,0.00016417345197985934,60.0,0.0,1.2573125722143537,-1
2021-11-22 05:49:00+00:00,-1,0.00018617534563314386,2.5,1.127566175345633,DC:1:2021-11-22 05:44:00+00:00,1.12706,1.12747,1.1273,1.12755,2021-11-22 05:36:00+00:00,2021-11-22 05:39:00+00:00,2021-11-22 05:44:00+00:00,2021-11-22 05:48:00+00:00,2021-11-22 05:48:00+00:00,2021-11-22 05:49:00+00:00,2.4459548434545706,0.9999999999945843,0.4146341463414502,0.6097560975611473,0.00016175345632879988,60.0,1.0,1.1509821790435257,1
2021-11-22 07:10:00+00:00,1,0.00046171035295206053,2.5,1.126178289647048,DC:-1:2021-11-22 07:03:00+00:00,1.12734,1.12657,1.12691,1.1262,2021-11-22 06:54:00+00:00,2021-11-22 07:01:00+00:00,2021-11-22 07:04:00+00:00,2021-11-22 07:09:00+00:00,2021-11-22 07:08:00+00:00,2021-11-22 07:10:00+00:00,3.573654596194774,0.9277108433648591,0.4415584415584865,0.922077922077982,0.00021710352952092175,60.0,1.0,2.1266828502093356,-1
2021-11-22 10:31:00+00:00,-1,0.0003220199532296686,2.5,1.1287220199532297,DC:1:2021-11-22 10:11:00+00:00,1.12779,1.12857,1.1282,1.1287,2021-11-22 09:59:00+00:00,2021-11-22 10:08:00+00:00,2021-11-22 10:18:00+00:00,2021-11-22 10:26:00+00:00,2021-11-22 10:20:00+00:00,2021-11-22 10:31:00+00:00,3.155793650658883,0.6610169491536874,0.4743589743589488,0.641025641025568,0.00022019953229640834,300.0,0.0,1.462400713895254,1
2021-11-22 11:59:00+00:00,1,0.0005511713242078997,2.5,1.126628828675792,DC:-1:2021-11-22 11:55:00+00:00,1.12826,1.12694,1.12725,1.12666,2021-11-22 11:51:00+00:00,2021-11-22 11:54:00+00:00,2021-11-22 11:55:00+00:00,2021-11-22 11:57:00+00:00,2021-11-22 11:56:00+00:00,2021-11-22 11:59:00+00:00,5.501814761868135,1.0000000000001683,0.23484848484851162,0.4469696969697696,0.000311713242080032,120.0,1.0,1.768199902352519,-1
2021-11-22 15:54:00+00:00,1,0.0005040209113775784,2.5,1.1242559790886224,DC:-1:2021-11-22 15:43:00+00:00,1.12565,1.12447,1.12494,1.12429,2021-11-22 15:26:00+00:00,2021-11-22 15:41:00+00:00,2021-11-22 15:48:00+00:00,2021-11-22 15:53:00+00:00,2021-11-22 15:52:00+00:00,2021-11-22 15:54:00+00:00,2.991057582957638,0.5086206896588324,0.39830508474575155,0.5508474576271712,0.0003402091137769945,60.0,0.0,1.4815032606914869,-1
2021-11-22 19:31:00+00:00,1,0.00026256825619364044,2.5,1.1235774317438063,DC:-1:2021-11-22 18:53:00+00:00,1.1246,1.12369,1.12406,1.1236,2021-11-22 18:37:00+00:00,2021-11-22 18:52:00+00:00,2021-11-22 18:56:00+00:00,2021-11-22 19:25:00+00:00,2021-11-22 19:04:00+00:00,2021-11-22 19:31:00+00:00,4.197033731167606,0.5384615384558686,0.4065934065934012,0.5054945054946637,0.0002256825619353442,360.0,0.0,1.163440604103314,-1
2021-11-23 07:37:00+00:00,-1,0.00041086970843196013,2.5,1.125910869708432,DC:1:2021-11-23 07:24:00+00:00,1.12342,1.12571,1.125,1.12588,2021-11-23 07:08:00+00:00,2021-11-23 07:23:00+00:00,2021-11-23 07:25:00+00:00,2021-11-23 07:31:00+00:00,2021-11-23 07:29:00+00:00,2021-11-23 07:37:00+00:00,11.413772445417942,0.7459283387619365,0.3100436681222788,0.38427947598254547,0.0003086970843185906,360.0,0.0,1.330980204555228,1
2021-11-23 11:34:00+00:00,1,0.00032617218432351436,2.5,1.1244438278156765,DC:-1:2021-11-23 11:21:00+00:00,1.12589,1.12474,1.1251799999999998,1.12447,2021-11-23 11:08:00+00:00,2021-11-23 11:20:00+00:00,2021-11-23 11:23:00+00:00,2021-11-23 11:32:00+00:00,2021-11-23 11:26:00+00:00,2021-11-23 11:34:00+00:00,5.172786781943463,0.6084656084623289,0.3826086956519825,0.6173913043476313,0.00026172184323617015,120.0,0.0,1.246255109204569,-1
2021-11-23 12:03:00+00:00,1,0.00036625950732860346,2.5,1.1241337404926715,DC:-1:2021-11-23 11:51:00+00:00,1.12506,1.1244,1.12473,1.12416,2021-11-23 11:41:00+00:00,2021-11-23 11:48:00+00:00,2021-11-23 11:52:00+00:00,2021-11-23 12:02:00+00:00,2021-11-23 11:55:00+00:00,2021-11-23 12:03:00+00:00,2.3979670769749535,0.6226415094282076,0.5,0.8636363636364554,0.0002625950732866326,60.0,1.0,1.3947691506337485,-1
2021-11-23 15:03:00+00:00,-1,0.0005069794514653836,2.5,1.1256069794514654,DC:1:2021-11-23 14:59:00+00:00,1.12405,1.12516,1.1249,1.12558,2021-11-23 14:47:00+00:00,2021-11-23 14:58:00+00:00,2021-11-23 14:59:00+00:00,2021-11-23 15:02:00+00:00,2021-11-23 15:02:00+00:00,2021-11-23 15:03:00+00:00,4.662420229452861,0.5935828876992947,0.23423423423418016,0.6126126126126559,0.0002697945146527832,60.0,1.0,1.8791317982051998,1
2021-11-23 15:21:00+00:00,1,0.0004313949727234867,2.5,1.1242586050272765,DC:-1:2021-11-23 15:13:00+00:00,1.12558,1.12445,1.12493,1.12429,2021-11-23 15:02:00+00:00,2021-11-23 15:07:00+00:00,2021-11-23 15:13:00+00:00,2021-11-23 15:19:00+00:00,2021-11-23 15:14:00+00:00,2021-11-23 15:21:00+00:00,3.8642492296409228,0.7483443708628972,0.4247787610619504,0.5663716814158684,0.000313949727234502,120.0,0.0,1.3740893375621888,-1
2021-11-24 03:42:00+00:00,1,0.00023646939942234546,2.5,1.1232835306005777,DC:-1:2021-11-24 03:37:00+00:00,1.1237700000000002,1.1234,1.12358,1.1233,2021-11-24 03:24:00+00:00,2021-11-24 03:30:00+00:00,2021-11-24 03:37:00+00:00,2021-11-24 03:40:00+00:00,2021-11-24 03:40:00+00:00,2021-11-24 03:42:00+00:00,2.1610196593455764,0.7551020408179542,0.4864864864864054,0.7567567567564972,0.00016469399422140287,120.0,1.0,1.4358107017821964,-1
2021-11-24 08:08:00+00:00,-1,0.0002629917584384689,2.5,1.1246329917584386,DC:1:2021-11-24 08:01:00+00:00,1.124,1.12457,1.1243,1.12461,2021-11-24 07:52:00+00:00,2021-11-24 07:58:00+00:00,2021-11-24 08:04:00+00:00,2021-11-24 08:07:00+00:00,2021-11-24 08:07:00+00:00,2021-11-24 08:08:00+00:00,2.7635258237922633,0.6129032258085388,0.4736842105263363,0.5438596491229027,0.00022991758438542037,60.0,1.0,1.143852303169665,1
2021-11-24 08:38:00+00:00,1,0.0004581047561103002,2.5,1.1233718952438898,DC:-1:2021-11-24 08:26:00+00:00,1.12541,1.1235700000000002,1.12412,1.1234,2021-11-24 08:15:00+00:00,2021-11-24 08:25:00+00:00,2021-11-24 08:33:00+00:00,2021-11-24 08:37:00+00:00,2021-11-24 08:35:00+00:00,2021-11-24 08:38:00+00:00,6.809113088350261,0.9999999999991552,0.2989130434781933,0.3913043478261499,0.0002810475611010076,60.0,0.0,1.629990149409832,-1
2021-11-24 11:48:00+00:00,-1,0.0002922702863359383,2.5,1.121902270286336,DC:1:2021-11-24 11:42:00+00:00,1.1212,1.12175,1.12155,1.12188,2021-11-24 11:31:00+00:00,2021-11-24 11:39:00+00:00,2021-11-24 11:42:00+00:00,2021-11-24 11:46:00+00:00,2021-11-24 11:45:00+00:00,2021-11-24 11:48:00+00:00,2.815457866845374,0.5555555555507209,0.36363636363629026,0.5999999999998386,0.00022270286336000038,120.0,1.0,1.3123777661694536,1
2021-11-24 13:10:00+00:00,1,0.00031458942484730024,2.5,1.1201554105751528,DC:-1:2021-11-24 13:06:00+00:00,1.12113,1.12036,1.12059,1.12018,2021-11-24 12:57:00+00:00,2021-11-24 13:05:00+00:00,2021-11-24 13:06:00+00:00,2021-11-24 13:09:00+00:00,2021-11-24 13:07:00+00:00,2021-11-24 13:10:00+00:00,3.5248511639640205,0.6159999999970086,0.2987012987012613,0.5324675324676036,0.0002458942484709341,60.0,1.0,1.2793687806995868,-1
2021-11-24 15:24:00+00:00,1,0.00047997250216647025,2.5,1.1198200274978336,DC:-1:2021-11-24 15:13:00+00:00,1.12116,1.12001,1.12054,1.11986,2021-11-24 15:01:00+00:00,2021-11-24 15:10:00+00:00,2021-11-24 15:15:00+00:00,2021-11-24 15:21:00+00:00,2021-11-24 15:17:00+00:00,2021-11-24 15:24:00+00:00,2.7975355436323515,0.6149732620354966,0.4608695652175206,0.5913043478261071,0.000399725021664502,180.0,0.0,1.2007567106202368,-1
2021-11-24 18:31:00+00:00,-1,0.0002914917815022289,2.5,1.1197114917815023,DC:1:2021-11-24 18:02:00+00:00,1.1189,1.1195700000000002,1.1192799999999998,1.11969,2021-11-24 17:50:00+00:00,2021-11-24 18:00:00+00:00,2021-11-24 18:02:00+00:00,2021-11-24 18:14:00+00:00,2021-11-24 18:03:00+00:00,2021-11-24 18:31:00+00:00,2.999983822467215,0.6907216494779731,0.432835820895928,0.6119402985076704,0.0002149178150215035,1020.0,0.0,1.3562941791170908,1
2021-11-24 19:47:00+00:00,-1,0.00021622654849307033,2.5,1.1199062265484931,DC:1:2021-11-24 19:39:00+00:00,1.11927,1.11984,1.1196,1.11989,2021-11-24 19:25:00+00:00,2021-11-24 19:37:00+00:00,2021-11-24 19:41:00+00:00,2021-11-24 19:46:00+00:00,2021-11-24 19:42:00+00:00,2021-11-24 19:47:00+00:00,3.5920249218682714,0.5533980582485237,0.42105263157900885,0.5087719298248142,0.00016226548492995836,60.0,0.0,1.3325480066596058,1
2021-11-25 00:29:00+00:00,-1,0.00015056286115333606,2.5,1.1209405628611533,DC:1:2021-11-25 00:26:00+00:00,1.12035,1.1209,1.12078,1.12093,2021-11-25 00:08:00+00:00,2021-11-25 00:25:00+00:00,2021-11-25 00:26:00+00:00,2021-11-25 00:28:00+00:00,2021-11-25 00:28:00+00:00,2021-11-25 00:29:00+00:00,4.675139028319042,0.846153846135084,0.21818181818161264,0.2727272727270158,0.00010562861153393663,60.0,1.0,1.4253984689078567,1
2021-11-25 00:54:00+00:00,-1,0.00013193723343585262,2.5,1.1211219372334358,DC:1:2021-11-25 00:46:00+00:00,1.1207,1.12101,1.1209,1.12111,2021-11-25 00:40:00+00:00,2021-11-25 00:45:00+00:00,2021-11-25 00:46:00+00:00,2021-11-25 00:49:00+00:00,2021-11-25 00:49:00+00:00,2021-11-25 00:54:00+00:00,2.862828824036491,1.0000000000035814,0.354838709677558,0.677419354838779,0.00011937233435771774,300.0,1.0,1.1052580494948034,1
2021-11-25 08:01:00+00:00,1,0.00022931723961039374,2.5,1.1214806827603896,DC:-1:2021-11-25 07:57:00+00:00,1.12198,1.12155,1.12175,1.1215,2021-11-25 07:47:00+00:00,2021-11-25 07:55:00+00:00,2021-11-25 07:57:00+00:00,2021-11-25 07:58:00+00:00,2021-11-25 07:58:00+00:00,2021-11-25 08:01:00+00:00,2.2988586613829316,0.7288135593275643,0.46511627906979147,0.5813953488374975,0.00019317239610239546,180.0,1.0,1.1871118453634488,-1
2021-11-25 10:47:00+00:00,1,0.0002500004595253902,2.5,1.1217699995404746,DC:-1:2021-11-25 10:32:00+00:00,1.12284,1.12189,1.12222,1.12179,2021-11-25 10:17:00+00:00,2021-11-25 10:31:00+00:00,2021-11-25 10:33:00+00:00,2021-11-25 10:42:00+00:00,2021-11-25 10:35:00+00:00,2021-11-25 10:47:00+00:00,4.860038276562297,0.7142857142803242,0.3473684210525676,0.45263157894729217,0.00020000459525408855,300.0,0.0,1.2499735778959788,-1
2021-11-25 13:25:00+00:00,-1,0.00024147808894081635,2.5,1.122441478088941,DC:1:2021-11-25 13:13:00+00:00,1.1214,1.12225,1.122,1.12242,2021-11-25 12:59:00+00:00,2021-11-25 13:12:00+00:00,2021-11-25 13:14:00+00:00,2021-11-25 13:21:00+00:00,2021-11-25 13:19:00+00:00,2021-11-25 13:25:00+00:00,3.597543925314272,0.5629139072835753,0.2941176470586545,0.4941176470586545,0.00021478088940891387,240.0,1.0,1.124299697265312,1
2021-11-25 23:25:00+00:00,-1,0.00014999270974569434,2.5,1.1210499927097457,DC:1:2021-11-25 23:18:00+00:00,1.12066,1.12094,1.1208,1.12104,2021-11-25 23:06:00+00:00,2021-11-25 23:17:00+00:00,2021-11-25 23:18:00+00:00,2021-11-25 23:24:00+00:00,2021-11-25 23:21:00+00:00,2021-11-25 23:25:00+00:00,2.5623726098320927,0.9999999999365586,0.5,0.8571428571427439,9.992709745738179e-05,60.0,1.0,1.5010213802083583,1
2021-11-26 01:03:00+00:00,1,0.00037266634306609703,2.5,1.121377333656934,DC:-1:2021-11-26 01:00:00+00:00,1.1223,1.1215,1.1217700000000002,1.1214,2021-11-26 00:53:00+00:00,2021-11-26 00:57:00+00:00,2021-11-26 01:00:00+00:00,2021-11-26 01:02:00+00:00,2021-11-26 01:01:00+00:00,2021-11-26 01:03:00+00:00,4.1903963135407585,0.85106382978743,0.33750000000021163,0.46250000000017694,0.00022666343066059952,60.0,1.0,1.6441396919652154,-1
2021-11-26 01:25:00+00:00,-1,0.00036256220573172016,2.5,1.1224225622057318,DC:1:2021-11-26 01:20:00+00:00,1.1214,1.12238,1.122,1.1224,2021-11-26 01:02:00+00:00,2021-11-26 01:17:00+00:00,2021-11-26 01:20:00+00:00,2021-11-26 01:23:00+00:00,2021-11-26 01:21:00+00:00,2021-11-26 01:25:00+00:00,4.157753308565906,0.6124999999986955,0.3877551020406452,0.40816326530608543,0.00022562205731718496,120.0,0.0,1.6069448618759,1
2021-11-26 03:58:00+00:00,-1,0.0002438464542804386,2.5,1.1222638464542805,DC:1:2021-11-26 03:55:00+00:00,1.12169,1.12206,1.12189,1.12225,2021-11-26 03:40:00+00:00,2021-11-26 03:54:00+00:00,2021-11-26 03:55:00+00:00,2021-11-26 03:56:00+00:00,2021-11-26 03:56:00+00:00,2021-11-26 03:58:00+00:00,2.2775209156146268,0.5692307692242892,0.4594594594594919,0.9729729729727946,0.00013846454280464865,120.0,1.0,1.761075069048305,1
2021-11-26 06:57:00+00:00,-1,0.0002769747661868216,2.5,1.1230769747661868,DC:1:2021-11-26 06:47:00+00:00,1.1221,1.12284,1.1226,1.12306,2021-11-26 06:33:00+00:00,2021-11-26 06:46:00+00:00,2021-11-26 06:47:00+00:00,2021-11-26 06:53:00+00:00,2021-11-26 06:51:00+00:00,2021-11-26 06:57:00+00:00,4.50363816768916,0.7399999999964295,0.32432432432436487,0.6216216216215243,0.00016974766186940324,240.0,1.0,1.6316853094560702,1
2021-11-26 09:47:00+00:00,1,0.0005339539848643327,2.5,1.1254760460151356,DC:-1:2021-11-26 09:40:00+00:00,1.12704,1.12593,1.12635,1.12551,2021-11-26 09:30:00+00:00,2021-11-26 09:35:00+00:00,2021-11-26 09:40:00+00:00,2021-11-26 09:44:00+00:00,2021-11-26 09:42:00+00:00,2021-11-26 09:47:00+00:00,3.371541034131679,1.0000000000026006,0.37837837837827565,0.7567567567567514,0.0003395398486447202,180.0,0.0,1.5725812065818496,-1
2021-11-26 16:08:00+00:00,-1,0.0003884827091753529,2.5,1.1319784827091754,DC:1:2021-11-26 15:57:00+00:00,1.12979,1.13189,1.13132,1.13195,2021-11-26 15:31:00+00:00,2021-11-26 15:54:00+00:00,2021-11-26 16:04:00+00:00,2021-11-26 16:06:00+00:00,2021-11-26 16:06:00+00:00,2021-11-26 16:08:00+00:00,6.778983743771911,0.7499999999998413,0.2714285714285533,0.2999999999999577,0.0002848270917543575,120.0,1.0,1.3639247122966476,1
2021-11-29 02:41:00+00:00,1,0.00029995071366739623,2.5,1.1275800492863326,DC:-1:2021-11-29 02:28:00+00:00,1.12832,1.12769,1.12799,1.1276,2021-11-29 02:21:00+00:00,2021-11-29 02:26:00+00:00,2021-11-29 02:29:00+00:00,2021-11-29 02:32:00+00:00,2021-11-29 02:32:00+00:00,2021-11-29 02:41:00+00:00,3.3302130010703648,0.8400000000038251,0.476190476190493,0.6190476190478876,0.00019950713667274213,540.0,1.0,1.5034585662938709,-1
2021-11-29 05:48:00+00:00,-1,0.00018529053394455985,2.5,1.1282852905339447,DC:1:2021-11-29 05:32:00+00:00,1.1272,1.12818,1.12769,1.12827,2021-11-29 05:01:00+00:00,2021-11-29 05:30:00+00:00,2021-11-29 05:37:00+00:00,2021-11-29 05:47:00+00:00,2021-11-29 05:38:00+00:00,2021-11-29 05:48:00+00:00,6.179597923571097,0.5000000000044182,0.4999999999998867,0.5918367346939145,0.00015290533944466186,60.0,0.0,1.2117989771810327,1
2021-11-29 06:11:00+00:00,-1,0.00024014199461275254,2.5,1.1284401419946128,DC:1:2021-11-29 06:06:00+00:00,1.1276,1.12835,1.1281,1.12842,2021-11-29 05:59:00+00:00,2021-11-29 06:05:00+00:00,2021-11-29 06:06:00+00:00,2021-11-29 06:10:00+00:00,2021-11-29 06:08:00+00:00,2021-11-29 06:11:00+00:00,4.2150470039185075,0.9999999999857891,0.333333333333136,0.42666666666648506,0.00020141994612915822,60.0,0.0,1.1922453521994503,1
2021-11-29 09:43:00+00:00,1,0.0004883027434967602,2.5,1.1277616972565032,DC:-1:2021-11-29 09:36:00+00:00,1.12893,1.12799,1.1284,1.12779,2021-11-29 09:26:00+00:00,2021-11-29 09:34:00+00:00,2021-11-29 09:37:00+00:00,2021-11-29 09:39:00+00:00,2021-11-29 09:38:00+00:00,2021-11-29 09:43:00+00:00,3.4879501369574366,0.701492537310188,0.4361702127660077,0.6489361702128061,0.00028302743496937057,240.0,0.0,1.7252841356160566,-1
2021-11-29 11:00:00+00:00,1,0.00036135591807839873,2.5,1.1281386440819217,DC:-1:2021-11-29 10:51:00+00:00,1.1292799999999998,1.1284,1.12867,1.12816,2021-11-29 10:41:00+00:00,2021-11-29 10:50:00+00:00,2021-11-29 10:53:00+00:00,2021-11-29 10:59:00+00:00,2021-11-29 10:57:00+00:00,2021-11-29 11:00:00+00:00,4.612929525219491,0.814814814818645,0.3068181818182535,0.579545454545618,0.00021355918078416424,60.0,0.0,1.6920645450668157,-1
2021-11-29 17:02:00+00:00,1,0.00046224150021667576,2.5,1.1258377584997834,DC:-1:2021-11-29 16:55:00+00:00,1.12706,1.12599,1.1263299999999998,1.12586,2021-11-29 16:25:00+00:00,2021-11-29 16:51:00+00:00,2021-11-29 16:55:00+00:00,2021-11-29 17:01:00+00:00,2021-11-29 16:57:00+00:00,2021-11-29 17:02:00+00:00,3.909766174973549,0.4930875576021277,0.3177570093456218,0.4392523364484022,0.0002224150021657564,60.0,0.0,2.0782838195068645,-1
2021-11-29 18:47:00+00:00,1,0.0002282162151832079,2.5,1.1267817837848169,DC:-1:2021-11-29 18:41:00+00:00,1.12745,1.127,1.1271799999999998,1.1268,2021-11-29 18:35:00+00:00,2021-11-29 18:40:00+00:00,2021-11-29 18:41:00+00:00,2021-11-29 18:46:00+00:00,2021-11-29 18:43:00+00:00,2021-11-29 18:47:00+00:00,2.607486002353881,0.9999999999985197,0.3999999999996052,0.8444444444439401,0.0001821621518312929,60.0,0.0,1.25281905647759,-1
2021-11-29 20:04:00+00:00,-1,0.00021916279756029056,2.5,1.1276191627975602,DC:1:2021-11-29 20:00:00+00:00,1.1268,1.12755,1.12734,1.1276,2021-11-29 19:43:00+00:00,2021-11-29 19:59:00+00:00,2021-11-29 20:00:00+00:00,2021-11-29 20:03:00+00:00,2021-11-29 20:03:00+00:00,2021-11-29 20:04:00+00:00,3.8668472066818786,0.5244755244706425,0.2800000000000474,0.34666666666655616,0.00019162797560392055,60.0,1.0,1.143688946614362,1
2021-11-29 23:03:00+00:00,-1,0.0002227990660477186,2.5,1.1291227990660477,DC:1:2021-11-29 22:33:00+00:00,1.12848,1.1291,1.12884,1.12911,2021-11-29 22:17:00+00:00,2021-11-29 22:31:00+00:00,2021-11-29 22:59:00+00:00,2021-11-29 23:02:00+00:00,2021-11-29 23:02:00+00:00,2021-11-29 23:03:00+00:00,3.4894519582702714,0.5254237288176864,0.4193548387095157,0.43548387096768415,0.00012799066047577178,60.0,1.0,1.7407447169935788,1
2021-11-30 03:02:00+00:00,-1,0.00027554423964293306,2.5,1.130465544239643,DC:1:2021-11-30 02:46:00+00:00,1.12989,1.13037,1.13015,1.13045,2021-11-30 02:38:00+00:00,2021-11-30 02:45:00+00:00,2021-11-30 02:46:00+00:00,2021-11-30 02:59:00+00:00,2021-11-30 02:57:00+00:00,2021-11-30 03:02:00+00:00,3.0382631335453936,0.8000000000019244,0.4583333333335261,0.6249999999998843,0.0001554423964302978,180.0,1.0,1.7726453398220117,1
2021-11-30 03:50:00+00:00,1,0.00020610913865803937,2.5,1.129873890861342,DC:-1:2021-11-30 03:48:00+00:00,1.1304,1.12999,1.13016,1.12989,2021-11-30 03:38:00+00:00,2021-11-30 03:47:00+00:00,2021-11-30 03:48:00+00:00,2021-11-30 03:49:00+00:00,2021-11-30 03:49:00+00:00,2021-11-30 03:50:00+00:00,2.698765297863124,0.6721311475234039,0.4146341463414502,0.6585365853658008,0.00016109138658028775,60.0,1.0,1.279454743257268,-1
2021-11-30 07:59:00+00:00,-1,0.00056354465498476,2.5,1.1332635446549848,DC:1:2021-11-30 07:56:00+00:00,1.1314,1.13294,1.13257,1.13324,2021-11-30 07:32:00+00:00,2021-11-30 07:54:00+00:00,2021-11-30 07:56:00+00:00,2021-11-30 07:58:00+00:00,2021-11-30 07:58:00+00:00,2021-11-30 07:59:00+00:00,6.379996602742777,0.6416666666644031,0.2402597402597131,0.4350649350648742,0.00023544654984818092,60.0,1.0,2.393514176988965,1
2021-11-30 14:43:00+00:00,-1,0.000404320241093048,2.5,1.137344320241093,DC:1:2021-11-30 14:37:00+00:00,1.1365,1.13725,1.13691,1.13732,2021-11-30 14:32:00+00:00,2021-11-30 14:35:00+00:00,2021-11-30 14:37:00+00:00,2021-11-30 14:41:00+00:00,2021-11-30 14:40:00+00:00,2021-11-30 14:43:00+00:00,3.3985393367109475,0.999999999995263,0.45333333333332543,0.5466666666666745,0.00024320241092996793,120.0,0.0,1.662484510523521,1
2021-11-30 14:53:00+00:00,-1,0.00035010880915731235,2.5,1.1381901088091573,DC:1:2021-11-30 14:49:00+00:00,1.13694,1.13814,1.1377,1.13816,2021-11-30 14:43:00+00:00,2021-11-30 14:47:00+00:00,2021-11-30 14:50:00+00:00,2021-11-30 14:52:00+00:00,2021-11-30 14:52:00+00:00,2021-11-30 14:53:00+00:00,4.689310465526533,1.0000000000022204,0.36666666666670367,0.38333333333348135,0.0003010880915720151,60.0,1.0,1.1628118778439709,1
2021-11-30 16:43:00+00:00,-1,0.0009989221575696927,2.5,1.1282789221575695,DC:1:2021-11-30 16:20:00+00:00,1.1243,1.12795,1.1269,1.1282,2021-11-30 16:02:00+00:00,2021-11-30 16:15:00+00:00,2021-11-30 16:20:00+00:00,2021-11-30 16:39:00+00:00,2021-11-30 16:35:00+00:00,2021-11-30 16:43:00+00:00,3.5418037968824616,0.5251798561153823,0.2876712328767165,0.3561643835616722,0.0007892215756951199,240.0,1.0,1.2657055867864173,1
2021-11-30 18:15:00+00:00,-1,0.0005486853520393353,2.5,1.1317886853520394,DC:1:2021-11-30 17:59:00+00:00,1.1283,1.1317,1.131,1.13175,2021-11-30 17:19:00+00:00,2021-11-30 17:55:00+00:00,2021-11-30 18:02:00+00:00,2021-11-30 18:09:00+00:00,2021-11-30 18:05:00+00:00,2021-11-30 18:15:00+00:00,5.960951161191859,0.492753623188771,0.20588235294116303,0.2205882352941359,0.0003868535203933888,360.0,0.0,1.4183284450439557,1
2021-11-30 19:50:00+00:00,-1,0.00031206507096359637,2.5,1.1321020650709637,DC:1:2021-11-30 19:46:00+00:00,1.1308,1.13204,1.1317,1.13208,2021-11-30 19:18:00+00:00,2021-11-30 19:39:00+00:00,2021-11-30 19:46:00+00:00,2021-11-30 19:49:00+00:00,2021-11-30 19:47:00+00:00,2021-11-30 19:50:00+00:00,4.797340953420406,0.6458333333290543,0.2741935483871228,0.3064516129032865,0.0002206507096363614,60.0,0.0,1.4142944361152903,1
2021-11-30 21:51:00+00:00,-1,0.00022644554778383785,2.5,1.1339664455477838,DC:1:2021-11-30 21:43:00+00:00,1.13345,1.1338700000000002,1.1337,1.13395,2021-11-30 21:36:00+00:00,2021-11-30 21:41:00+00:00,2021-11-30 21:43:00+00:00,2021-11-30 21:45:00+00:00,2021-11-30 21:45:00+00:00,2021-11-30 21:51:00+00:00,2.688294265916723,0.9999999999873117,0.4047619047623579,0.5952380952381707,0.00016445547783896833,360.0,1.0,1.376941350689267,1
2021-11-30 22:21:00+00:00,-1,0.00028840806661190044,2.5,1.134078408066612,DC:1:2021-11-30 22:17:00+00:00,1.13333,1.13389,1.13369,1.13406,2021-11-30 22:06:00+00:00,2021-11-30 22:16:00+00:00,2021-11-30 22:17:00+00:00,2021-11-30 22:20:00+00:00,2021-11-30 22:18:00+00:00,2021-11-30 22:21:00+00:00,3.5117203685687834,0.5490196078372639,0.35714285714274385,0.6607142857141158,0.00018408066611888866,60.0,1.0,1.5667482777666168,1
2021-12-01 03:14:00+00:00,-1,0.00021761417548926687,2.5,1.1326176141754893,DC:1:2021-12-01 03:06:00+00:00,1.13199,1.1325,1.1323,1.1326,2021-12-01 02:55:00+00:00,2021-12-01 03:04:00+00:00,2021-12-01 03:06:00+00:00,2021-12-01 03:10:00+00:00,2021-12-01 03:07:00+00:00,2021-12-01 03:14:00+00:00,2.8498593952716758,0.7611940298593975,0.3921568627450468,0.5882352941175703,0.00017614175489303813,240.0,0.0,1.2354491166584143,1
2021-12-01 11:21:00+00:00,-1,0.000366092904467763,2.5,1.1334060929044678,DC:1:2021-12-01 11:14:00+00:00,1.1317,1.13311,1.1328,1.1333799999999998,2021-12-01 10:51:00+00:00,2021-12-01 11:10:00+00:00,2021-12-01 11:14:00+00:00,2021-12-01 11:19:00+00:00,2021-12-01 11:17:00+00:00,2021-12-01 11:21:00+00:00,4.690343175463945,0.638009049768226,0.21985815602837103,0.41134751773031775,0.0002609290446790155,120.0,1.0,1.4030362350734693,1
2021-12-02 02:04:00+00:00,-1,0.00022685532651012252,2.5,1.1330268553265102,DC:1:2021-12-02 02:01:00+00:00,1.1322,1.1328200000000002,1.13265,1.13301,2021-12-02 01:47:00+00:00,2021-12-02 01:59:00+00:00,2021-12-02 02:01:00+00:00,2021-12-02 02:02:00+00:00,2021-12-02 02:02:00+00:00,2021-12-02 02:04:00+00:00,4.062460099845467,0.49206349205997313,0.2741935483874318,0.5806451612904843,0.00016855326510093006,120.0,1.0,1.345896956515681,1
2021-12-02 06:06:00+00:00,-1,0.00016069389757999986,2.5,1.13205069389758,DC:1:2021-12-02 05:57:00+00:00,1.1316,1.13196,1.13179,1.13204,2021-12-02 05:38:00+00:00,2021-12-02 05:55:00+00:00,2021-12-02 05:58:00+00:00,2021-12-02 06:04:00+00:00,2021-12-02 06:03:00+00:00,2021-12-02 06:06:00+00:00,3.2924506704381122,0.5624999999840405,0.4722222222220509,0.6944444444437934,0.00010693897580076336,120.0,1.0,1.5026691286008442,1
2021-12-02 06:38:00+00:00,-1,0.00021414430989796784,2.5,1.132514144309898,DC:1:2021-12-02 06:21:00+00:00,1.13199,1.1323299999999998,1.1322,1.1325,2021-12-02 06:16:00+00:00,2021-12-02 06:19:00+00:00,2021-12-02 06:21:00+00:00,2021-12-02 06:35:00+00:00,2021-12-02 06:22:00+00:00,2021-12-02 06:38:00+00:00,2.6405948658346015,0.9999999999954285,0.382352941175952,0.8823529411769315,0.00014144309897978476,180.0,1.0,1.5139961683713792,1
2021-12-02 09:01:00+00:00,-1,0.0004051384337691033,2.5,1.132655138433769,DC:1:2021-12-02 08:41:00+00:00,1.13137,1.1323,1.13199,1.13263,2021-12-02 08:30:00+00:00,2021-12-02 08:40:00+00:00,2021-12-02 08:41:00+00:00,2021-12-02 08:55:00+00:00,2021-12-02 08:42:00+00:00,2021-12-02 09:01:00+00:00,3.964486752443712,0.7948717948609384,0.3333333333333333,0.6881720430106526,0.000251384337691594,360.0,0.0,1.6116295768041824,1
2021-12-02 09:48:00+00:00,1,0.0004892200526560586,2.5,1.131280779947344,DC:-1:2021-12-02 09:43:00+00:00,1.13213,1.13155,1.13179,1.1313,2021-12-02 09:27:00+00:00,2021-12-02 09:39:00+00:00,2021-12-02 09:43:00+00:00,2021-12-02 09:47:00+00:00,2021-12-02 09:47:00+00:00,2021-12-02 09:48:00+00:00,2.4867538844402075,0.5799999999931343,0.41379310344828907,0.8448275862070351,0.00019220052655785123,60.0,1.0,2.545362707467954,-1
2021-12-02 10:14:00+00:00,-1,0.0004328985720134515,2.5,1.1329328985720135,DC:1:2021-12-02 10:05:00+00:00,1.1313,1.13276,1.1324,1.13291,2021-12-02 09:47:00+00:00,2021-12-02 10:03:00+00:00,2021-12-02 10:05:00+00:00,2021-12-02 10:09:00+00:00,2021-12-02 10:07:00+00:00,2021-12-02 10:14:00+00:00,6.903966380492216,0.7934782608628441,0.24657534246569301,0.3493150684931538,0.00022898572013489523,300.0,0.0,1.8905046644761578,1
2021-12-02 11:20:00+00:00,-1,0.0002855857283976526,2.5,1.1338955857283977,DC:1:2021-12-02 11:14:00+00:00,1.1324,1.13378,1.1335,1.1338700000000002,2021-12-02 10:54:00+00:00,2021-12-02 11:11:00+00:00,2021-12-02 11:14:00+00:00,2021-12-02 11:16:00+00:00,2021-12-02 11:16:00+00:00,2021-12-02 11:20:00+00:00,5.412257361584076,0.5847457627110878,0.202898550724689,0.26811594202914524,0.0002558572839743948,240.0,1.0,1.116191510991858,1
2021-12-02 19:14:00+00:00,-1,0.0003310762267445533,2.5,1.1308310762267446,DC:1:2021-12-02 19:04:00+00:00,1.12999,1.13065,1.1304,1.13081,2021-12-02 18:48:00+00:00,2021-12-02 19:03:00+00:00,2021-12-02 19:04:00+00:00,2021-12-02 19:11:00+00:00,2021-12-02 19:05:00+00:00,2021-12-02 19:14:00+00:00,3.0977670029661595,0.5076923076864636,0.37878787878773607,0.621212121212264,0.00021076226744444083,180.0,1.0,1.5708515132189327,1
2021-12-02 23:42:00+00:00,-1,0.00018537596222456543,2.5,1.1304853759622246,DC:1:2021-12-02 23:35:00+00:00,1.12969,1.13039,1.1302,1.13047,2021-12-02 23:13:00+00:00,2021-12-02 23:34:00+00:00,2021-12-02 23:35:00+00:00,2021-12-02 23:40:00+00:00,2021-12-02 23:36:00+00:00,2021-12-02 23:42:00+00:00,4.589476330524508,0.5384615384642056,0.27142857142847626,0.38571428571431743,0.00015375962224527996,120.0,0.0,1.2056218629937223,1
2021-12-03 07:02:00+00:00,1,0.0002404008915795064,2.5,1.1282495991084205,DC:-1:2021-12-03 06:55:00+00:00,1.12952,1.1284,1.12863,1.12827,2021-12-03 06:41:00+00:00,2021-12-03 06:53:00+00:00,2021-12-03 06:55:00+00:00,2021-12-03 07:00:00+00:00,2021-12-03 06:56:00+00:00,2021-12-03 07:02:00+00:00,6.302945790824327,0.7567567567563472,0.2053571428570986,0.32142857142849357,0.0002040089157962501,120.0,1.0,1.178384241890693,-1
2021-12-03 08:27:00+00:00,-1,0.0002840688566054794,2.5,1.1298940688566055,DC:1:2021-12-03 08:19:00+00:00,1.1289,1.1296700000000002,1.1293,1.1298700000000002,2021-12-03 08:09:00+00:00,2021-12-03 08:15:00+00:00,2021-12-03 08:19:00+00:00,2021-12-03 08:25:00+00:00,2021-12-03 08:21:00+00:00,2021-12-03 08:27:00+00:00,3.4066731398997496,0.9746835442926828,0.4805194805196453,0.7402597402598227,0.00024068856605319143,120.0,0.0,1.18023411441448,1
2021-12-03 09:37:00+00:00,1,0.0002521520189344706,2.5,1.1285478479810656,DC:-1:2021-12-03 09:28:00+00:00,1.1295,1.1287,1.12904,1.12857,2021-12-03 09:17:00+00:00,2021-12-03 09:27:00+00:00,2021-12-03 09:31:00+00:00,2021-12-03 09:36:00+00:00,2021-12-03 09:32:00+00:00,2021-12-03 09:37:00+00:00,3.6816797748436505,0.8695652173905488,0.4250000000000555,0.5875000000000278,0.00022152018934535033,60.0,0.0,1.1382800803829451,-1
2021-12-03 10:05:00+00:00,-1,0.0003707091596747425,2.5,1.1299707091596747,DC:1:2021-12-03 10:01:00+00:00,1.12857,1.12975,1.1295,1.12995,2021-12-03 09:36:00+00:00,2021-12-03 10:00:00+00:00,2021-12-03 10:01:00+00:00,2021-12-03 10:03:00+00:00,2021-12-03 10:03:00+00:00,2021-12-03 10:05:00+00:00,5.474722673187072,0.536363636361403,0.21186440677973917,0.3813559322034552,0.00020709159674612952,120.0,1.0,1.7900734047127431,1
2021-12-03 11:24:00+00:00,-1,0.0003440603924200758,2.5,1.13161406039242,DC:1:2021-12-03 11:05:00+00:00,1.1304299999999998,1.1312799999999998,1.13093,1.13159,2021-12-03 10:59:00+00:00,2021-12-03 11:04:00+00:00,2021-12-03 11:06:00+00:00,2021-12-03 11:21:00+00:00,2021-12-03 11:12:00+00:00,2021-12-03 11:24:00+00:00,3.8245200860227255,0.8762886597917023,0.41176470588216857,0.7764705882354017,0.00024060392419887242,180.0,1.0,1.4299866203998024,1
2021-12-03 16:46:00+00:00,-1,0.0005361878143610443,2.5,1.1304061878143612,DC:1:2021-12-03 16:34:00+00:00,1.1286,1.13012,1.12961,1.13037,2021-12-03 16:23:00+00:00,2021-12-03 16:33:00+00:00,2021-12-03 16:37:00+00:00,2021-12-03 16:42:00+00:00,2021-12-03 16:41:00+00:00,2021-12-03 16:46:00+00:00,4.7746677938953415,0.6846846846842927,0.3355263157894881,0.500000000000073,0.0003618781436114006,240.0,1.0,1.481680570730529,1
2021-12-03 18:55:00+00:00,-1,0.0004183221311049312,2.5,1.132618322131105,DC:1:2021-12-03 18:45:00+00:00,1.1308,1.13231,1.13199,1.1326,2021-12-03 18:13:00+00:00,2021-12-03 18:42:00+00:00,2021-12-03 18:46:00+00:00,2021-12-03 18:53:00+00:00,2021-12-03 18:48:00+00:00,2021-12-03 18:55:00+00:00,7.379914112325548,0.5830115830072252,0.21192052980125634,0.4039735099338011,0.00018322131105033904,120.0,0.0,2.2831521546639273,1
2021-12-06 00:35:00+00:00,1,0.0002147444959119671,2.5,1.129775255504088,DC:-1:2021-12-06 00:29:00+00:00,1.13032,1.12989,1.13008,1.12979,2021-12-06 00:17:00+00:00,2021-12-06 00:26:00+00:00,2021-12-06 00:29:00+00:00,2021-12-06 00:34:00+00:00,2021-12-06 00:34:00+00:00,2021-12-06 00:35:00+00:00,2.6158455417525954,0.6825396825461665,0.44186046511614696,0.6744186046510428,0.00014744495911881117,60.0,1.0,1.4564383699203032,-1
2021-12-06 00:58:00+00:00,1,0.00023777437271355062,2.5,1.1290822256272866,DC:-1:2021-12-06 00:49:00+00:00,1.12999,1.1292,1.12942,1.1291,2021-12-06 00:35:00+00:00,2021-12-06 00:48:00+00:00,2021-12-06 00:49:00+00:00,2021-12-06 00:56:00+00:00,2021-12-06 00:50:00+00:00,2021-12-06 00:58:00+00:00,4.824885548106972,0.6869565217376076,0.2784810126583417,0.40506329113932943,0.0001777437271343447,120.0,0.0,1.3377370698085607,-1
2021-12-06 01:58:00+00:00,-1,0.00026523655197729923,2.5,1.1294652365519773,DC:1:2021-12-06 01:47:00+00:00,1.1288,1.12934,1.1291,1.12945,2021-12-06 01:36:00+00:00,2021-12-06 01:42:00+00:00,2021-12-06 01:47:00+00:00,2021-12-06 01:54:00+00:00,2021-12-06 01:52:00+00:00,2021-12-06 01:58:00+00:00,3.627798091189731,0.9999999999851971,0.4444444444444901,0.6481481481483005,0.00015236551977117305,240.0,0.0,1.7407911735912374,1
2021-12-06 04:52:00+00:00,1,0.00017490565733013774,2.5,1.1287850943426698,DC:-1:2021-12-06 04:45:00+00:00,1.12923,1.1289,1.12906,1.1288,2021-12-06 04:34:00+00:00,2021-12-06 04:42:00+00:00,2021-12-06 04:45:00+00:00,2021-12-06 04:51:00+00:00,2021-12-06 04:48:00+00:00,2021-12-06 04:52:00+00:00,2.16383347746182,0.5238095238026762,0.4848484848483829,0.7878787878787064,0.0001490565733018391,60.0,0.0,1.1734179409582584,-1
2021-12-06 07:07:00+00:00,1,0.0002193102949383796,2.5,1.1278606897050616,DC:-1:2021-12-06 06:53:00+00:00,1.12854,1.12799,1.12818,1.12788,2021-12-06 06:47:00+00:00,2021-12-06 06:52:00+00:00,2021-12-06 06:53:00+00:00,2021-12-06 07:05:00+00:00,2021-12-06 06:54:00+00:00,2021-12-06 07:07:00+00:00,3.377917996750591,0.6962025316500738,0.3454545454543546,0.5454545454544354,0.00019310294938330503,120.0,0.0,1.1357169615418643,-1
2021-12-06 11:06:00+00:00,1,0.0002876493877415065,2.5,1.1296723506122586,DC:-1:2021-12-06 10:49:00+00:00,1.13099,1.12979,1.13019,1.12969,2021-12-06 10:29:00+00:00,2021-12-06 10:46:00+00:00,2021-12-06 10:51:00+00:00,2021-12-06 11:04:00+00:00,2021-12-06 10:56:00+00:00,2021-12-06 11:06:00+00:00,5.756480784976772,0.8333333333360061,0.3333333333333333,0.4166666666666667,0.0001764938774142054,120.0,0.0,1.629798109463227,-1
2021-12-06 12:16:00+00:00,-1,0.00024988402761039197,2.5,1.1296898840276104,DC:1:2021-12-06 12:11:00+00:00,1.129,1.12951,1.1293,1.1296700000000002,2021-12-06 12:01:00+00:00,2021-12-06 12:10:00+00:00,2021-12-06 12:11:00+00:00,2021-12-06 12:14:00+00:00,2021-12-06 12:13:00+00:00,2021-12-06 12:16:00+00:00,2.5542327666742053,0.6986301369821638,0.41176470588242975,0.7254901960788155,0.00019884027610276388,120.0,0.0,1.2567073055221862,1
2021-12-06 13:58:00+00:00,-1,0.0002955641714856849,2.5,1.1297455641714857,DC:1:2021-12-06 13:46:00+00:00,1.1285,1.12969,1.1294,1.12972,2021-12-06 13:31:00+00:00,2021-12-06 13:44:00+00:00,2021-12-06 13:46:00+00:00,2021-12-06 13:53:00+00:00,2021-12-06 13:52:00+00:00,2021-12-06 13:58:00+00:00,4.906183890899594,0.704142011835827,0.24369747899169542,0.2689075630252869,0.000255641714857762,300.0,0.0,1.1561656580583322,1
2021-12-06 14:50:00+00:00,1,0.000389402896828539,2.5,1.1284405971031715,DC:-1:2021-12-06 14:41:00+00:00,1.12965,1.1285,1.12894,1.12847,2021-12-06 14:27:00+00:00,2021-12-06 14:39:00+00:00,2021-12-06 14:41:00+00:00,2021-12-06 14:46:00+00:00,2021-12-06 14:42:00+00:00,2021-12-06 14:50:00+00:00,4.238047844555846,0.6725146198819444,0.3826086956521756,0.4086956521738929,0.0002940289682860276,240.0,0.0,1.324369156884341,-1
2021-12-06 16:22:00+00:00,-1,0.00033966778443783596,2.5,1.127859667784438,DC:1:2021-12-06 16:12:00+00:00,1.1268,1.12764,1.1273,1.12783,2021-12-06 16:02:00+00:00,2021-12-06 16:10:00+00:00,2021-12-06 16:12:00+00:00,2021-12-06 16:18:00+00:00,2021-12-06 16:14:00+00:00,2021-12-06 16:22:00+00:00,2.886398426287252,0.7118644067808506,0.40476190476193624,0.6309523809525855,0.0002966778443770818,240.0,0.0,1.1449044506542705,1
2021-12-07 02:50:00+00:00,-1,0.00019640312024660211,2.5,1.1291964031202466,DC:1:2021-12-07 02:40:00+00:00,1.1283,1.12901,1.1288,1.12918,2021-12-07 02:29:00+00:00,2021-12-07 02:38:00+00:00,2021-12-07 02:40:00+00:00,2021-12-07 02:45:00+00:00,2021-12-07 02:42:00+00:00,2021-12-07 02:50:00+00:00,4.463199377899526,0.9466666666621311,0.29577464788739,0.5352112676057087,0.00016403120246463095,300.0,1.0,1.1973521945554921,1
2021-12-07 03:01:00+00:00,-1,0.0001753923213863029,2.5,1.1292553923213864,DC:1:2021-12-07 02:50:00+00:00,1.1288,1.12918,1.129,1.12924,2021-12-07 02:40:00+00:00,2021-12-07 02:45:00+00:00,2021-12-07 02:50:00+00:00,2021-12-07 02:58:00+00:00,2021-12-07 02:51:00+00:00,2021-12-07 03:01:00+00:00,2.316632410726758,0.8636363636273259,0.47368421052643883,0.6315789473683903,0.0001539232138634959,180.0,0.0,1.1394793350783754,1
2021-12-07 06:32:00+00:00,-1,0.00022822603355732163,2.5,1.1296282260335573,DC:1:2021-12-07 06:30:00+00:00,1.1289,1.12958,1.1293,1.12961,2021-12-07 06:20:00+00:00,2021-12-07 06:29:00+00:00,2021-12-07 06:30:00+00:00,2021-12-07 06:31:00+00:00,2021-12-07 06:31:00+00:00,2021-12-07 06:32:00+00:00,4.333405660635947,0.7234042553192093,0.41176470588242975,0.4558823529412149,0.0001822603355726292,60.0,1.0,1.2521980322283313,1
2021-12-07 11:58:00+00:00,1,0.00032495861854475727,2.5,1.1252750413814552,DC:-1:2021-12-07 11:54:00+00:00,1.1263,1.1254,1.1257700000000002,1.1253,2021-12-07 11:44:00+00:00,2021-12-07 11:52:00+00:00,2021-12-07 11:54:00+00:00,2021-12-07 11:56:00+00:00,2021-12-07 11:56:00+00:00,2021-12-07 11:58:00+00:00,4.282812358368663,0.8490566037660042,0.41111111111128107,0.5222222222223648,0.00024958618544886817,120.0,1.0,1.3019896031518554,-1
2021-12-07 15:00:00+00:00,-1,0.0003953060133481401,2.5,1.1247953060133482,DC:1:2021-12-07 14:50:00+00:00,1.1236,1.1244299999999998,1.1241,1.12477,2021-12-07 14:40:00+00:00,2021-12-07 14:47:00+00:00,2021-12-07 14:50:00+00:00,2021-12-07 14:59:00+00:00,2021-12-07 14:58:00+00:00,2021-12-07 15:00:00+00:00,3.3599597225861757,0.6434108527108686,0.3975903614454995,0.8072289156626989,0.00025306013348099415,60.0,1.0,1.5621030776775007,1
2021-12-07 15:32:00+00:00,-1,0.00032747822051915065,2.5,1.1254274782205191,DC:1:2021-12-07 15:26:00+00:00,1.12435,1.1252799999999998,1.1249,1.1254,2021-12-07 15:13:00+00:00,2021-12-07 15:25:00+00:00,2021-12-07 15:29:00+00:00,2021-12-07 15:31:00+00:00,2021-12-07 15:30:00+00:00,2021-12-07 15:32:00+00:00,3.3274559134351183,0.5776397515529167,0.40860215053750093,0.5376344086021634,0.0002747822051910199,60.0,1.0,1.1917737551145213,1
2021-12-07 22:07:00+00:00,1,0.00024617439774576866,2.5,1.1265538256022543,DC:-1:2021-12-07 21:52:00+00:00,1.1273,1.1267,1.1269,1.12657,2021-12-07 21:32:00+00:00,2021-12-07 21:46:00+00:00,2021-12-07 21:52:00+00:00,2021-12-07 22:04:00+00:00,2021-12-07 21:56:00+00:00,2021-12-07 22:07:00+00:00,3.5729965547930407,0.612244897946782,0.3333333333333333,0.549999999999963,0.00016174397745893828,180.0,0.0,1.522000396016381,-1
2021-12-08 01:03:00+00:00,1,0.00023605043583918572,2.5,1.127183949564161,DC:-1:2021-12-08 00:56:00+00:00,1.12768,1.1273,1.12748,1.1272,2021-12-08 00:50:00+00:00,2021-12-08 00:55:00+00:00,2021-12-08 00:56:00+00:00,2021-12-08 01:00:00+00:00,2021-12-08 00:58:00+00:00,2021-12-08 01:03:00+00:00,2.5946650252354853,0.7916666666615781,0.47368421052643883,0.7368421052632194,0.00016050435838993037,180.0,0.0,1.4706792900023513,-1
2021-12-08 12:20:00+00:00,1,0.0006269932245044352,2.5,1.1265730067754955,DC:-1:2021-12-08 12:18:00+00:00,1.1282,1.1269,1.12726,1.1266,2021-12-08 11:52:00+00:00,2021-12-08 12:14:00+00:00,2021-12-08 12:18:00+00:00,2021-12-08 12:19:00+00:00,2021-12-08 12:19:00+00:00,2021-12-08 12:20:00+00:00,3.89479633154557,0.5652173913013341,0.27692307692299545,0.5076923076921868,0.000269932245046005,60.0,1.0,2.3227800161391454,-1
2021-12-08 13:32:00+00:00,-1,0.0008784279346343293,2.5,1.1306984279346344,DC:1:2021-12-08 13:12:00+00:00,1.12867,1.1301,1.1295,1.13066,2021-12-08 12:57:00+00:00,2021-12-08 13:07:00+00:00,2021-12-08 13:12:00+00:00,2021-12-08 13:24:00+00:00,2021-12-08 13:13:00+00:00,2021-12-08 13:32:00+00:00,3.8056776284163614,0.6908212560375508,0.41958041958051623,0.811188811188822,0.0003842793463442962,480.0,0.0,2.2859098283343577,1
2021-12-08 14:26:00+00:00,1,0.0004143769735074354,2.5,1.1304656230264927,DC:-1:2021-12-08 14:11:00+00:00,1.13154,1.1307,1.1311,1.1305,2021-12-08 14:02:00+00:00,2021-12-08 14:10:00+00:00,2021-12-08 14:13:00+00:00,2021-12-08 14:24:00+00:00,2021-12-08 14:23:00+00:00,2021-12-08 14:26:00+00:00,2.243841422961928,0.49411764706097944,0.476190476190451,0.7142857142856766,0.00034376973507419884,120.0,1.0,1.2053910837089739,-1
2021-12-08 16:05:00+00:00,-1,0.0004838878031863114,2.5,1.1334838878031863,DC:1:2021-12-08 15:58:00+00:00,1.1321,1.1333799999999998,1.13294,1.13345,2021-12-08 15:49:00+00:00,2021-12-08 15:56:00+00:00,2021-12-08 15:59:00+00:00,2021-12-08 16:01:00+00:00,2021-12-08 16:01:00+00:00,2021-12-08 16:05:00+00:00,4.672053870838164,0.7191011235938699,0.343749999999897,0.39843750000009354,0.00033887803186194616,240.0,1.0,1.4279113949276006,1
2021-12-08 20:57:00+00:00,1,0.00019537799619717688,2.5,1.134884622003803,DC:-1:2021-12-08 20:48:00+00:00,1.13547,1.13499,1.13518,1.1349,2021-12-08 20:30:00+00:00,2021-12-08 20:43:00+00:00,2021-12-08 20:48:00+00:00,2021-12-08 20:53:00+00:00,2021-12-08 20:52:00+00:00,2021-12-08 20:57:00+00:00,2.688474487110736,0.5853658536503074,0.3958333333335839,0.5833333333334104,0.0001537799619710095,240.0,0.0,1.2705036058859829,-1
2021-12-08 21:41:00+00:00,1,0.00018318030390895856,2.5,1.1342168196960911,DC:-1:2021-12-08 21:31:00+00:00,1.13494,1.13438,1.13454,1.1342299999999998,2021-12-08 21:06:00+00:00,2021-12-08 21:25:00+00:00,2021-12-08 21:32:00+00:00,2021-12-08 21:40:00+00:00,2021-12-08 21:37:00+00:00,2021-12-08 21:41:00+00:00,3.794322456221797,0.5283018867913145,0.2857142857145123,0.5535714285717684,0.00013180303908760194,60.0,1.0,1.389803339718207,-1
2021-12-09 03:18:00+00:00,1,0.00022390595278687364,2.5,1.1327860940472132,DC:-1:2021-12-09 03:11:00+00:00,1.13357,1.1329,1.13311,1.1328,2021-12-09 02:56:00+00:00,2021-12-09 03:10:00+00:00,2021-12-09 03:11:00+00:00,2021-12-09 03:16:00+00:00,2021-12-09 03:15:00+00:00,2021-12-09 03:18:00+00:00,5.468569524638135,0.6261682242998529,0.3134328358209846,0.4626865671642632,0.00013905952786924988,120.0,0.0,1.6101446353061133,-1
2021-12-09 07:55:00+00:00,1,0.000411495031409137,2.5,1.131578504968591,DC:-1:2021-12-09 07:45:00+00:00,1.133,1.13189,1.13227,1.1316,2021-12-09 07:27:00+00:00,2021-12-09 07:44:00+00:00,2021-12-09 07:46:00+00:00,2021-12-09 07:52:00+00:00,2021-12-09 07:47:00+00:00,2021-12-09 07:55:00+00:00,4.585949035287692,0.8345864661546094,0.3423423423424018,0.6036036036037874,0.0002149503140911276,180.0,0.0,1.9143727849343117,-1
2021-12-09 08:06:00+00:00,-1,0.00032264383181224154,2.5,1.1324226438318123,DC:1:2021-12-09 07:59:00+00:00,1.1316,1.1323,1.13198,1.1324,2021-12-09 07:52:00+00:00,2021-12-09 07:56:00+00:00,2021-12-09 07:59:00+00:00,2021-12-09 08:05:00+00:00,2021-12-09 08:02:00+00:00,2021-12-09 08:06:00+00:00,3.149676643351823,0.9999999999974624,0.4571428571429025,0.6,0.0002264383181233005,60.0,0.0,1.4248641064210479,1
2021-12-09 11:46:00+00:00,-1,0.0005221022365033967,2.5,1.1322221022365033,DC:1:2021-12-09 11:21:00+00:00,1.1312,1.13194,1.13158,1.1322,2021-12-09 11:14:00+00:00,2021-12-09 11:20:00+00:00,2021-12-09 11:31:00+00:00,2021-12-09 11:42:00+00:00,2021-12-09 11:32:00+00:00,2021-12-09 11:46:00+00:00,3.5098208048944466,0.755102040817501,0.4864864864863973,0.8378378378379676,0.0002210223650315784,240.0,0.0,2.3622145045312575,1
2021-12-09 12:46:00+00:00,-1,0.00024830023069011276,2.5,1.1314283002306902,DC:1:2021-12-09 12:39:00+00:00,1.1308,1.1313,1.13106,1.13141,2021-12-09 12:20:00+00:00,2021-12-09 12:27:00+00:00,2021-12-09 12:39:00+00:00,2021-12-09 12:43:00+00:00,2021-12-09 12:41:00+00:00,2021-12-09 12:46:00+00:00,2.174213384689705,0.6756756756687419,0.4800000000000888,0.700000000000222,0.00018300230690209123,180.0,0.0,1.3568147576574365,1
2021-12-09 15:46:00+00:00,1,0.00028567508577781453,2.5,1.1281043249142222,DC:-1:2021-12-09 15:44:00+00:00,1.1291,1.1283,1.1286,1.12813,2021-12-09 15:35:00+00:00,2021-12-09 15:43:00+00:00,2021-12-09 15:44:00+00:00,2021-12-09 15:45:00+00:00,2021-12-09 15:45:00+00:00,2021-12-09 15:46:00+00:00,3.5602495304481807,0.8510638297871939,0.375,0.5875000000000278,0.00025675085777947324,60.0,1.0,1.1126548446556104,-1
2021-12-10 01:41:00+00:00,-1,0.0002171884637711674,2.5,1.1295171884637711,DC:1:2021-12-10 01:36:00+00:00,1.12883,1.12945,1.12921,1.1295,2021-12-10 01:19:00+00:00,2021-12-10 01:31:00+00:00,2021-12-10 01:36:00+00:00,2021-12-10 01:40:00+00:00,2021-12-10 01:39:00+00:00,2021-12-10 01:41:00+00:00,3.492145210075402,0.5849056603760384,0.38709677419353683,0.467741935483663,0.00017188463771202945,60.0,0.0,1.2635711175948061,1
2021-12-10 03:15:00+00:00,1,0.00016395629890575414,2.5,1.1296760437010942,DC:-1:2021-12-10 03:08:00+00:00,1.13011,1.12979,1.12995,1.12969,2021-12-10 03:02:00+00:00,2021-12-10 03:07:00+00:00,2021-12-10 03:08:00+00:00,2021-12-10 03:14:00+00:00,2021-12-10 03:12:00+00:00,2021-12-10 03:15:00+00:00,2.291690249703249,0.8000000000015544,0.5,0.8125000000000867,0.00013956298905979379,60.0,0.0,1.1747835153882336,-1
2021-12-10 07:22:00+00:00,1,0.0002904422039395893,2.5,1.1284795577960605,DC:-1:2021-12-10 07:14:00+00:00,1.12974,1.1287,1.12911,1.1285,2021-12-10 07:01:00+00:00,2021-12-10 07:13:00+00:00,2021-12-10 07:16:00+00:00,2021-12-10 07:21:00+00:00,2021-12-10 07:18:00+00:00,2021-12-10 07:22:00+00:00,5.491060343079041,0.8813559321995467,0.39423076923081646,0.5865384615385005,0.00020442203939609368,60.0,0.0,1.420796919929072,-1
2021-12-10 09:06:00+00:00,1,0.0003245991256817238,2.5,1.1282754008743183,DC:-1:2021-12-10 08:45:00+00:00,1.1292799999999998,1.1285,1.12887,1.1283,2021-12-10 08:35:00+00:00,2021-12-10 08:43:00+00:00,2021-12-10 08:45:00+00:00,2021-12-10 09:01:00+00:00,2021-12-10 08:48:00+00:00,2021-12-10 09:06:00+00:00,3.529866563811091,0.6610169491455385,0.47435897435908386,0.730769230769384,0.0002459912568167441,300.0,0.0,1.319555539827743,-1
2021-12-12 22:18:00+00:00,1,0.00020737709216045452,2.5,1.1307926229078396,DC:-1:2021-12-12 22:15:00+00:00,1.13145,1.13091,1.1311,1.1308,2021-12-12 22:09:00+00:00,2021-12-12 22:14:00+00:00,2021-12-12 22:15:00+00:00,2021-12-12 22:17:00+00:00,2021-12-12 22:17:00+00:00,2021-12-12 22:18:00+00:00,13.535325386943484,0.9999999999983552,0.35185185185169954,0.5555555555555098,7.37709216058049e-05,60.0,1.0,2.8110953156932825,-1
2021-12-13 06:30:00+00:00,1,0.00017267350116911828,2.5,1.1288873264988308,DC:-1:2021-12-13 06:26:00+00:00,1.12972,1.129,1.12916,1.1289,2021-12-13 06:01:00+00:00,2021-12-13 06:24:00+00:00,2021-12-13 06:26:00+00:00,2021-12-13 06:29:00+00:00,2021-12-13 06:28:00+00:00,2021-12-13 06:30:00+00:00,5.213788863968445,0.5714285714244679,0.22222222222211943,0.3611111111109826,0.00012673501169095455,60.0,0.0,1.362476705254784,-1
2021-12-13 14:00:00+00:00,1,0.0003537107137796536,2.5,1.1280762892862202,DC:-1:2021-12-13 13:58:00+00:00,1.12917,1.1282299999999998,1.1285,1.1281,2021-12-13 13:45:00+00:00,2021-12-13 13:54:00+00:00,2021-12-13 13:58:00+00:00,2021-12-13 13:59:00+00:00,2021-12-13 13:59:00+00:00,2021-12-13 14:00:00+00:00,3.777661114747399,0.7833333333352948,0.28723404255336993,0.4255319148934964,0.0002371071378003766,60.0,1.0,1.491775899540599,-1
2021-12-13 15:00:00+00:00,-1,0.0004430926023057946,2.5,1.1291430926023058,DC:1:2021-12-13 14:54:00+00:00,1.12801,1.12897,1.12857,1.12911,2021-12-13 14:50:00+00:00,2021-12-13 14:52:00+00:00,2021-12-13 14:54:00+00:00,2021-12-13 14:57:00+00:00,2021-12-13 14:56:00+00:00,2021-12-13 15:00:00+00:00,3.5254833467039948,1.0000000000009253,0.4166666666665896,0.5624999999999422,0.00033092602305673073,180.0,0.0,1.3389475938247235,1
2021-12-13 15:45:00+00:00,-1,0.00043238753104812844,2.5,1.1290323875310482,DC:1:2021-12-13 15:33:00+00:00,1.12754,1.12888,1.1283,1.129,2021-12-13 15:17:00+00:00,2021-12-13 15:32:00+00:00,2021-12-13 15:33:00+00:00,2021-12-13 15:44:00+00:00,2021-12-13 15:34:00+00:00,2021-12-13 15:45:00+00:00,4.673389867451244,0.5677966101688138,0.4328358208955026,0.5223880597013887,0.00032387531048084925,60.0,0.0,1.3350432004408546,1
2021-12-13 15:53:00+00:00,1,0.0003935792059517329,2.5,1.1275664207940483,DC:-1:2021-12-13 15:50:00+00:00,1.129,1.12768,1.12816,1.1276,2021-12-13 15:44:00+00:00,2021-12-13 15:49:00+00:00,2021-12-13 15:51:00+00:00,2021-12-13 15:52:00+00:00,2021-12-13 15:52:00+00:00,2021-12-13 15:53:00+00:00,4.550032774629068,1.0000000000001683,0.36363636363639423,0.424242424242516,0.0003357920595161089,60.0,1.0,1.1720920575635345,-1
2021-12-14 02:26:00+00:00,1,0.00021699381238882154,2.5,1.1277730061876112,DC:-1:2021-12-14 02:19:00+00:00,1.1283299999999998,1.12789,1.12806,1.12779,2021-12-14 02:04:00+00:00,2021-12-14 02:13:00+00:00,2021-12-14 02:19:00+00:00,2021-12-14 02:23:00+00:00,2021-12-14 02:21:00+00:00,2021-12-14 02:26:00+00:00,2.6196648185786677,0.5238095238024999,0.3863636363638428,0.6136363636366619,0.000169938123889424,180.0,0.0,1.2768989525270735,-1
2021-12-14 03:33:00+00:00,1,0.00020615141729907194,2.5,1.127483848582701,DC:-1:2021-12-14 03:24:00+00:00,1.12826,1.1276,1.12779,1.1275,2021-12-14 03:07:00+00:00,2021-12-14 03:18:00+00:00,2021-12-14 03:24:00+00:00,2021-12-14 03:31:00+00:00,2021-12-14 03:26:00+00:00,2021-12-14 03:33:00+00:00,4.049846785542685,0.5593220338926248,0.2878787878789459,0.43939393939405663,0.00016151417298856092,120.0,0.0,1.2763673520692973,-1
2021-12-14 09:05:00+00:00,-1,0.00039509905364965014,2.5,1.1285250990536497,DC:1:2021-12-14 09:01:00+00:00,1.12769,1.12822,1.12799,1.1285,2021-12-14 08:56:00+00:00,2021-12-14 09:00:00+00:00,2021-12-14 09:01:00+00:00,2021-12-14 09:03:00+00:00,2021-12-14 09:03:00+00:00,2021-12-14 09:05:00+00:00,2.494782284750689,0.6385542168724142,0.4339622641509197,0.9622641509435622,0.000250990536497327,120.0,1.0,1.5741591661718204,1
2021-12-15 01:41:00+00:00,1,0.0007901866693265092,2.5,1.1262298133306734,DC:-1:2021-12-15 01:11:00+00:00,1.13,1.1264,1.12714,1.1263,2021-12-15 01:01:00+00:00,2021-12-15 01:07:00+00:00,2021-12-15 01:11:00+00:00,2021-12-15 01:25:00+00:00,2021-12-15 01:25:00+00:00,2021-12-15 01:41:00+00:00,5.526772631365266,0.7792207792202805,0.2055555555555552,0.23333333333333128,0.0007018666932665378,960.0,1.0,1.125835827383294,-1
2021-12-15 03:31:00+00:00,1,0.000607700889495133,2.5,1.1256422991105048,DC:-1:2021-12-15 03:18:00+00:00,1.12689,1.12589,1.12638,1.12569,2021-12-15 03:14:00+00:00,2021-12-15 03:15:00+00:00,2021-12-15 03:18:00+00:00,2021-12-15 03:28:00+00:00,2021-12-15 03:20:00+00:00,2021-12-15 03:31:00+00:00,2.183972003804199,1.0000000000022204,0.4899999999999334,0.6899999999999333,0.0004770088949534655,180.0,1.0,1.2739823008005273,-1
2021-12-15 16:04:00+00:00,1,0.00093846885996407,2.5,1.1249315311400359,DC:-1:2021-12-15 15:43:00+00:00,1.13,1.1253,1.12651,1.12499,2021-12-15 15:01:00+00:00,2021-12-15 15:31:00+00:00,2021-12-15 15:48:00+00:00,2021-12-15 15:58:00+00:00,2021-12-15 15:51:00+00:00,2021-12-15 16:04:00+00:00,5.843473606282556,0.4616895874270404,0.2574468085106281,0.32340425531914674,0.0005846885996417401,360.0,0.0,1.605074668018333,-1
2021-12-15 16:30:00+00:00,-1,0.0009523243786411228,2.5,1.1269423243786412,DC:1:2021-12-15 16:15:00+00:00,1.12499,1.12638,1.12569,1.12689,2021-12-15 15:58:00+00:00,2021-12-15 16:12:00+00:00,2021-12-15 16:15:00+00:00,2021-12-15 16:27:00+00:00,2021-12-15 16:17:00+00:00,2021-12-15 16:30:00+00:00,2.7913697592113365,0.46488294314318457,0.4964028776977383,0.8633093525178891,0.0005232437864126848,180.0,0.0,1.8200395367715274,1
2021-12-15 19:16:00+00:00,-1,0.001467599344426418,2.5,1.1255675993444265,DC:1:2021-12-15 19:07:00+00:00,1.1224299999999998,1.12461,1.1236,1.12549,2021-12-15 19:03:00+00:00,2021-12-15 19:06:00+00:00,2021-12-15 19:07:00+00:00,2021-12-15 19:14:00+00:00,2021-12-15 19:09:00+00:00,2021-12-15 19:16:00+00:00,3.294024938389097,1.000000000002139,0.46330275229359713,0.8669724770641815,0.0007759934442643374,120.0,0.0,1.8912522461033694,1
2021-12-16 15:47:00+00:00,1,0.000913320859380784,2.5,1.1297966791406193,DC:-1:2021-12-16 15:41:00+00:00,1.13225,1.13022,1.13097,1.12986,2021-12-16 15:27:00+00:00,2021-12-16 15:39:00+00:00,2021-12-16 15:41:00+00:00,2021-12-16 15:44:00+00:00,2021-12-16 15:43:00+00:00,2021-12-16 15:47:00+00:00,3.4975030713603372,0.4799054373522704,0.36945812807883605,0.5467980295566293,0.0006332085938077934,180.0,0.0,1.442369652452975,-1
2021-12-16 17:55:00+00:00,-1,0.0005219745233822071,2.5,1.1322919745233824,DC:1:2021-12-16 17:41:00+00:00,1.1304,1.13186,1.13117,1.13225,2021-12-16 17:22:00+00:00,2021-12-16 17:36:00+00:00,2021-12-16 17:41:00+00:00,2021-12-16 17:53:00+00:00,2021-12-16 17:49:00+00:00,2021-12-16 17:55:00+00:00,2.7810486254050018,0.5251798561135191,0.47260273972607636,0.7397260273972311,0.0004197452338238594,120.0,0.0,1.2435508049181254,1
2021-12-16 22:26:00+00:00,-1,0.0009409158309869881,2.5,1.133870915830987,DC:1:2021-12-16 22:05:00+00:00,1.13,1.1334,1.13236,1.13379,2021-12-16 22:01:00+00:00,2021-12-16 22:02:00+00:00,2021-12-16 22:06:00+00:00,2021-12-16 22:17:00+00:00,2021-12-16 22:08:00+00:00,2021-12-16 22:26:00+00:00,5.377241033930419,1.0000000000002611,0.30588235294114957,0.4205882352941215,0.0008091583098697889,540.0,0.0,1.1628328097358374,1
2021-12-17 04:08:00+00:00,-1,0.0005061393428147376,2.5,1.1333061393428148,DC:1:2021-12-17 04:00:00+00:00,1.1322,1.13314,1.13267,1.13327,2021-12-17 03:56:00+00:00,2021-12-17 03:59:00+00:00,2021-12-17 04:01:00+00:00,2021-12-17 04:07:00+00:00,2021-12-17 04:07:00+00:00,2021-12-17 04:08:00+00:00,2.5558025871256818,1.000000000007559,0.5,0.6382978723403954,0.00036139342814782676,60.0,1.0,1.4005217123309255,1
2021-12-17 15:51:00+00:00,1,0.0005255396879368934,2.5,1.1282744603120631,DC:-1:2021-12-17 15:30:00+00:00,1.13097,1.1286,1.12931,1.12832,2021-12-17 15:08:00+00:00,2021-12-17 15:29:00+00:00,2021-12-17 15:33:00+00:00,2021-12-17 15:45:00+00:00,2021-12-17 15:36:00+00:00,2021-12-17 15:51:00+00:00,5.052082574158173,0.4730538922163661,0.2995780590717272,0.4177215189873643,0.0004553968793687237,360.0,0.0,1.1540256680401555,-1
2021-12-17 16:07:00+00:00,1,0.0005346012147970924,2.5,1.127115398785203,DC:-1:2021-12-17 16:03:00+00:00,1.1288,1.12734,1.12778,1.12716,2021-12-17 15:51:00+00:00,2021-12-17 16:02:00+00:00,2021-12-17 16:03:00+00:00,2021-12-17 16:06:00+00:00,2021-12-17 16:05:00+00:00,2021-12-17 16:07:00+00:00,3.912940810885785,0.4866666666666538,0.3013698630136924,0.42465753424661495,0.00044601214796969994,60.0,1.0,1.1986247846177742,-1
2021-12-17 19:04:00+00:00,1,0.00037289824227748625,2.5,1.1252471017577226,DC:-1:2021-12-17 18:48:00+00:00,1.12663,1.12549,1.126,1.1252799999999998,2021-12-17 18:35:00+00:00,2021-12-17 18:39:00+00:00,2021-12-17 18:48:00+00:00,2021-12-17 19:03:00+00:00,2021-12-17 18:54:00+00:00,2021-12-17 19:04:00+00:00,3.243866557259974,1.0000000000003895,0.4473684210524778,0.6315789473685133,0.0003289824227717101,60.0,0.0,1.1334898659198291,-1
2021-12-17 20:13:00+00:00,1,0.0005139167677070677,2.5,1.124856083232293,DC:-1:2021-12-17 19:59:00+00:00,1.126,1.125,1.12549,1.1249,2021-12-17 19:52:00+00:00,2021-12-17 19:58:00+00:00,2021-12-17 19:59:00+00:00,2021-12-17 20:07:00+00:00,2021-12-17 20:03:00+00:00,2021-12-17 20:13:00+00:00,2.4973580782402927,0.5617977528077693,0.4900000000001554,0.5900000000001554,0.0004391676770705121,360.0,0.0,1.1702062663973196,-1
2021-12-19 23:57:00+00:00,-1,0.00021668485756332068,2.5,1.1243166848575634,DC:1:2021-12-19 23:47:00+00:00,1.1234,1.12426,1.124,1.1243,2021-12-19 23:23:00+00:00,2021-12-19 23:40:00+00:00,2021-12-19 23:47:00+00:00,2021-12-19 23:56:00+00:00,2021-12-19 23:50:00+00:00,2021-12-19 23:57:00+00:00,4.889214835408983,0.5584415584395642,0.30232558139523474,0.34883720930225354,0.0001668485756342475,60.0,0.0,1.2986916833999256,1
2021-12-20 19:02:00+00:00,1,0.000537546394768107,2.5,1.127752453605232,DC:-1:2021-12-20 18:59:00+00:00,1.12892,1.12799,1.12841,1.12779,2021-12-20 18:51:00+00:00,2021-12-20 18:58:00+00:00,2021-12-20 18:59:00+00:00,2021-12-20 19:01:00+00:00,2021-12-20 19:01:00+00:00,2021-12-20 19:02:00+00:00,2.522987832196581,0.6595744680883833,0.45161290322572173,0.666666666666587,0.0003754639476825719,60.0,1.0,1.431685779915584,-1
2021-12-21 07:04:00+00:00,1,0.0005925273804046061,2.5,1.1274974726195954,DC:-1:2021-12-21 06:12:00+00:00,1.13,1.12779,1.12854,1.12755,2021-12-21 06:01:00+00:00,2021-12-21 06:05:00+00:00,2021-12-21 06:12:00+00:00,2021-12-21 06:42:00+00:00,2021-12-21 06:16:00+00:00,2021-12-21 07:04:00+00:00,4.016607651908322,1.0000000000008038,0.33936651583714406,0.4479638009050342,0.0005252738040472445,1320.0,0.0,1.128035275772695,-1
2021-12-21 07:55:00+00:00,-1,0.0002412281160795171,2.5,1.1295212281160794,DC:1:2021-12-21 07:46:00+00:00,1.12764,1.1294,1.12884,1.1295,2021-12-21 07:15:00+00:00,2021-12-21 07:43:00+00:00,2021-12-21 07:48:00+00:00,2021-12-21 07:52:00+00:00,2021-12-21 07:51:00+00:00,2021-12-21 07:55:00+00:00,7.608720471953353,0.6153846153849737,0.31818181818176083,0.37499999999993694,0.00021228116079301,180.0,0.0,1.1363613953229348,1
2021-12-21 08:19:00+00:00,-1,0.0002842198057171341,2.5,1.1292642198057172,DC:1:2021-12-21 08:14:00+00:00,1.12849,1.12915,1.12889,1.12924,2021-12-21 08:02:00+00:00,2021-12-21 08:12:00+00:00,2021-12-21 08:14:00+00:00,2021-12-21 08:17:00+00:00,2021-12-21 08:17:00+00:00,2021-12-21 08:19:00+00:00,2.736889765438118,0.4925373134306668,0.39393939393955707,0.5303030303030558,0.00024219805717197503,120.0,1.0,1.173501592192051,1
2021-12-21 13:55:00+00:00,-1,0.0003649315524512087,2.5,1.129644931552451,DC:1:2021-12-21 13:48:00+00:00,1.1288,1.12952,1.1292,1.12962,2021-12-21 13:34:00+00:00,2021-12-21 13:45:00+00:00,2021-12-21 13:48:00+00:00,2021-12-21 13:53:00+00:00,2021-12-21 13:51:00+00:00,2021-12-21 13:55:00+00:00,2.4308709995846347,0.7659574468028263,0.4444444444445472,0.5833333333334104,0.0002493155245104001,120.0,0.0,1.4637337693585368,1
2021-12-21 14:51:00+00:00,1,0.0003639512887176899,2.5,1.1272160487112823,DC:-1:2021-12-21 14:39:00+00:00,1.1284,1.1274,1.12769,1.12724,2021-12-21 14:28:00+00:00,2021-12-21 14:36:00+00:00,2021-12-21 14:40:00+00:00,2021-12-21 14:46:00+00:00,2021-12-21 14:44:00+00:00,2021-12-21 14:51:00+00:00,3.955934831537312,0.8196721311500205,0.290000000000091,0.4500000000000111,0.0002395128871757456,300.0,1.0,1.5195478331428407,-1
2021-12-21 17:12:00+00:00,-1,0.0005301693140458141,2.5,1.1272301693140458,DC:1:2021-12-21 17:01:00+00:00,1.1261,1.12705,1.1266,1.1272,2021-12-21 16:55:00+00:00,2021-12-21 17:00:00+00:00,2021-12-21 17:02:00+00:00,2021-12-21 17:08:00+00:00,2021-12-21 17:03:00+00:00,2021-12-21 17:12:00+00:00,3.5084775143989932,0.9999999999892484,0.4736842105263773,0.6315789473683472,0.0003016931404595195,240.0,0.0,1.7573131203390786,1
2021-12-21 23:06:00+00:00,-1,0.0003083382088258091,2.5,1.1282483382088258,DC:1:2021-12-21 22:59:00+00:00,1.12751,1.1281,1.12792,1.1282299999999998,2021-12-21 22:52:00+00:00,2021-12-21 22:58:00+00:00,2021-12-21 22:59:00+00:00,2021-12-21 23:01:00+00:00,2021-12-21 23:00:00+00:00,2021-12-21 23:06:00+00:00,3.368369322343537,0.9999999999958602,0.30508474576278205,0.5254237288131575,0.00018338208825991492,300.0,1.0,1.6813976313149448,1
2021-12-22 00:46:00+00:00,1,0.0002556861616072048,2.5,1.128184313838393,DC:-1:2021-12-22 00:31:00+00:00,1.12891,1.1284,1.1286,1.1282,2021-12-22 00:24:00+00:00,2021-12-22 00:30:00+00:00,2021-12-22 00:31:00+00:00,2021-12-22 00:43:00+00:00,2021-12-22 00:32:00+00:00,2021-12-22 00:46:00+00:00,3.780237069715877,0.8095238095225172,0.3921568627450468,0.7843137254900936,0.0001568616160728067,180.0,0.0,1.6300110123086395,-1
2021-12-22 05:58:00+00:00,-1,0.0001920608095256071,2.5,1.1272920608095256,DC:1:2021-12-22 05:53:00+00:00,1.1267,1.12721,1.127,1.1272799999999998,2021-12-22 05:33:00+00:00,2021-12-22 05:47:00+00:00,2021-12-22 05:53:00+00:00,2021-12-22 05:54:00+00:00,2021-12-22 05:54:00+00:00,2021-12-22 05:58:00+00:00,3.866379217344191,0.6799999999967671,0.41176470588242975,0.5490196078428043,0.00012060809525702855,240.0,1.0,1.5924371338118333,1
2021-12-22 07:22:00+00:00,1,0.0002876793447632586,2.5,1.1264823206552368,DC:-1:2021-12-22 07:19:00+00:00,1.127,1.1266,1.1268,1.1265,2021-12-22 07:12:00+00:00,2021-12-22 07:14:00+00:00,2021-12-22 07:19:00+00:00,2021-12-22 07:20:00+00:00,2021-12-22 07:20:00+00:00,2021-12-22 07:22:00+00:00,2.382058464834201,1.0000000000022204,0.5,0.75,0.0001767934476330161,120.0,1.0,1.6272059208914633,-1
2021-12-22 14:57:00+00:00,1,0.00041312389263237215,2.5,1.1305768761073676,DC:-1:2021-12-22 14:50:00+00:00,1.13182,1.1307200000000002,1.13107,1.1306,2021-12-22 14:35:00+00:00,2021-12-22 14:48:00+00:00,2021-12-22 14:50:00+00:00,2021-12-22 14:53:00+00:00,2021-12-22 14:51:00+00:00,2021-12-22 14:57:00+00:00,5.008352377846994,0.7971014492726176,0.31818181818171726,0.42727272727274745,0.00023123892632455546,240.0,1.0,1.7865672497221856,-1
2021-12-22 17:26:00+00:00,-1,0.0002302391493624878,2.5,1.1327602391493625,DC:1:2021-12-22 17:07:00+00:00,1.13193,1.13273,1.13237,1.13274,2021-12-22 16:55:00+00:00,2021-12-22 17:05:00+00:00,2021-12-22 17:14:00+00:00,2021-12-22 17:25:00+00:00,2021-12-22 17:23:00+00:00,2021-12-22 17:26:00+00:00,2.9955235718085844,0.6896551724102552,0.4499999999999445,0.4625000000000278,0.00020239149362367862,60.0,0.0,1.1375930146085504,1
2021-12-23 12:46:00+00:00,1,0.00025079636557046037,2.5,1.1301792036344294,DC:-1:2021-12-23 12:36:00+00:00,1.13254,1.1304,1.13084,1.1302,2021-12-23 12:02:00+00:00,2021-12-23 12:32:00+00:00,2021-12-23 12:40:00+00:00,2021-12-23 12:45:00+00:00,2021-12-23 12:42:00+00:00,2021-12-23 12:46:00+00:00,8.532131986125878,0.6220930232562448,0.20560747663550916,0.29906542056073115,0.00020796365570818556,60.0,0.0,1.2059624779936435,-1
2021-12-23 13:40:00+00:00,-1,0.0004726028104966584,2.5,1.1312726028104967,DC:1:2021-12-23 13:23:00+00:00,1.1301,1.13118,1.13067,1.13125,2021-12-23 13:02:00+00:00,2021-12-23 13:22:00+00:00,2021-12-23 13:31:00+00:00,2021-12-23 13:39:00+00:00,2021-12-23 13:34:00+00:00,2021-12-23 13:40:00+00:00,3.9682777958858777,0.5567010309305442,0.4722222222222451,0.5370370370370751,0.00022602810496498776,60.0,0.0,2.0909028572790342,1
2021-12-23 22:17:00+00:00,-1,0.00040689638604729517,2.5,1.1328868963860472,DC:1:2021-12-23 22:09:00+00:00,1.13189,1.1328,1.13237,1.13286,2021-12-23 22:05:00+00:00,2021-12-23 22:06:00+00:00,2021-12-23 22:09:00+00:00,2021-12-23 22:15:00+00:00,2021-12-23 22:10:00+00:00,2021-12-23 22:17:00+00:00,4.504701225611674,1.000000000002684,0.47252747252741356,0.5384615384614259,0.0002689638604717275,120.0,0.0,1.5128292155446164,1
2021-12-24 12:09:00+00:00,1,0.0004570010073379205,2.5,1.132562998992662,DC:-1:2021-12-24 11:57:00+00:00,1.13353,1.13277,1.13314,1.1326,2021-12-24 11:55:00+00:00,2021-12-24 11:56:00+00:00,2021-12-24 11:57:00+00:00,2021-12-24 12:08:00+00:00,2021-12-24 12:00:00+00:00,2021-12-24 12:09:00+00:00,2.3754435295864718,1.0000000000002922,0.4868421052632156,0.7105263157895736,0.0003700100733807044,60.0,1.0,1.2351042315210454,-1
2021-12-27 08:38:00+00:00,1,0.0008439138475617725,2.5,1.1316560861524383,DC:-1:2021-12-27 08:10:00+00:00,1.13404,1.1324,1.13289,1.1317,2021-12-27 08:02:00+00:00,2021-12-27 08:09:00+00:00,2021-12-27 08:10:00+00:00,2021-12-27 08:33:00+00:00,2021-12-27 08:19:00+00:00,2021-12-27 08:38:00+00:00,3.4591733236017017,0.7192982456098235,0.29878048780482935,0.7256097560976361,0.00043913847561644775,300.0,1.0,1.9217488205220796,-1
2021-12-27 08:50:00+00:00,1,0.0004999567500818536,2.5,1.1311100432499182,DC:-1:2021-12-27 08:48:00+00:00,1.1325,1.1313,1.13173,1.13115,2021-12-27 08:38:00+00:00,2021-12-27 08:46:00+00:00,2021-12-27 08:48:00+00:00,2021-12-27 08:49:00+00:00,2021-12-27 08:49:00+00:00,2021-12-27 08:50:00+00:00,2.8947694655010383,0.8450704225292097,0.3583333333332485,0.4833333333331329,0.00039956750081859767,60.0,1.0,1.2512447810634937,-1
2021-12-27 16:30:00+00:00,-1,0.0008117236837683617,2.5,1.1335817236837684,DC:1:2021-12-27 16:24:00+00:00,1.13,1.13289,1.1322,1.13353,2021-12-27 16:01:00+00:00,2021-12-27 16:16:00+00:00,2021-12-27 16:24:00+00:00,2021-12-27 16:29:00+00:00,2021-12-27 16:25:00+00:00,2021-12-27 16:30:00+00:00,4.839184860913469,0.5862068965523842,0.23875432525946133,0.4602076124566796,0.0005172368376857512,60.0,1.0,1.569346234889648,1
2021-12-28 02:17:00+00:00,-1,0.0006799578291076802,2.5,1.1326899578291076,DC:1:2021-12-28 02:09:00+00:00,1.13,1.13237,1.1317,1.13263,2021-12-28 02:01:00+00:00,2021-12-28 02:07:00+00:00,2021-12-28 02:09:00+00:00,2021-12-28 02:14:00+00:00,2021-12-28 02:14:00+00:00,2021-12-28 02:17:00+00:00,4.541085428752506,0.7523809523814982,0.2827004219409757,0.3924050632911464,0.0005995782910771929,180.0,1.0,1.1340601206325844,1
2021-12-28 11:39:00+00:00,-1,0.0008641494013583717,2.5,1.1338641494013584,DC:1:2021-12-28 11:04:00+00:00,1.13,1.13366,1.1325,1.13379,2021-12-28 11:01:00+00:00,2021-12-28 11:02:00+00:00,2021-12-28 11:05:00+00:00,2021-12-28 11:36:00+00:00,2021-12-28 11:16:00+00:00,2021-12-28 11:39:00+00:00,5.523820559991583,0.9999999999990293,0.3169398907103358,0.3524590163934466,0.0007414940135827701,180.0,0.0,1.1654165583656597,1
2021-12-28 13:27:00+00:00,-1,0.0006906993966584452,2.5,1.1335906993966585,DC:1:2021-12-28 13:05:00+00:00,1.13,1.13314,1.1324,1.13353,2021-12-28 13:01:00+00:00,2021-12-28 13:02:00+00:00,2021-12-28 13:05:00+00:00,2021-12-28 13:25:00+00:00,2021-12-28 13:18:00+00:00,2021-12-28 13:27:00+00:00,5.0947622178572995,0.9999999999994342,0.23566878980889466,0.35987261146490507,0.0006069939665859319,120.0,1.0,1.1379015849915588,1
2021-12-29 00:12:00+00:00,-1,0.0007401450304032053,2.5,1.1319201450304033,DC:1:2021-12-29 00:08:00+00:00,1.13,1.13173,1.13116,1.13186,2021-12-29 00:01:00+00:00,2021-12-29 00:02:00+00:00,2021-12-29 00:08:00+00:00,2021-12-29 00:11:00+00:00,2021-12-29 00:11:00+00:00,2021-12-29 00:12:00+00:00,3.0945932626551986,0.9999999999988448,0.32947976878610197,0.404624277456729,0.0006014503040326701,60.0,1.0,1.2306004759505473,1
2021-12-29 09:39:00+00:00,1,0.0008489140458911582,2.5,1.1274410859541089,DC:-1:2021-12-29 09:11:00+00:00,1.13,1.1276700000000002,1.12854,1.1275,2021-12-29 09:01:00+00:00,2021-12-29 09:07:00+00:00,2021-12-29 09:11:00+00:00,2021-12-29 09:25:00+00:00,2021-12-29 09:13:00+00:00,2021-12-29 09:39:00+00:00,4.722322500471744,0.7792642140456753,0.37339055793992726,0.4463519313305907,0.000589140458909881,840.0,0.0,1.4409365933922627,-1
2021-12-29 11:38:00+00:00,-1,0.000854412394271753,2.5,1.1310144123942718,DC:1:2021-12-29 11:27:00+00:00,1.1286,1.13045,1.12969,1.13097,2021-12-29 11:19:00+00:00,2021-12-29 11:25:00+00:00,2021-12-29 11:29:00+00:00,2021-12-29 11:37:00+00:00,2021-12-29 11:36:00+00:00,2021-12-29 11:38:00+00:00,4.583253111295395,1.0000000000013203,0.41081081081076215,0.6918918918918984,0.0004441239427168737,60.0,0.0,1.9238152058296836,1
2021-12-29 12:10:00+00:00,1,0.000482318023861561,2.5,1.1294576819761384,DC:-1:2021-12-29 12:07:00+00:00,1.13071,1.12978,1.1302,1.1295,2021-12-29 12:05:00+00:00,2021-12-29 12:06:00+00:00,2021-12-29 12:07:00+00:00,2021-12-29 12:09:00+00:00,2021-12-29 12:08:00+00:00,2021-12-29 12:10:00+00:00,2.58429501400091,1.0000000000035814,0.4516129032258527,0.7526881720430878,0.00042318023861615206,60.0,1.0,1.1397460936238333,-1
2021-12-29 14:18:00+00:00,-1,0.0009140770992150937,2.5,1.1327040770992152,DC:1:2021-12-29 14:04:00+00:00,1.13,1.13225,1.13135,1.13263,2021-12-29 14:01:00+00:00,2021-12-29 14:02:00+00:00,2021-12-29 14:06:00+00:00,2021-12-29 14:17:00+00:00,2021-12-29 14:17:00+00:00,2021-12-29 14:18:00+00:00,3.223930595292246,0.999999999998421,0.3999999999999408,0.5688888888888441,0.0007407709921506134,60.0,1.0,1.2339536900079422,1
2021-12-30 06:18:00+00:00,1,0.0006341737178063855,2.5,1.1322558262821936,DC:-1:2021-12-30 06:14:00+00:00,1.13366,1.1324,1.13302,1.1323,2021-12-30 05:51:00+00:00,2021-12-30 06:05:00+00:00,2021-12-30 06:14:00+00:00,2021-12-30 06:17:00+00:00,2021-12-30 06:16:00+00:00,2021-12-30 06:18:00+00:00,2.1269405139589077,0.8630136986248828,0.4920634920634389,0.5714285714285211,0.00044173717806412875,60.0,0.0,1.4356358244184735,-1
2021-12-30 10:27:00+00:00,-1,0.0004947601933851242,2.5,1.1313947601933851,DC:1:2021-12-30 10:06:00+00:00,1.12999,1.13109,1.13057,1.13135,2021-12-30 10:01:00+00:00,2021-12-30 10:05:00+00:00,2021-12-30 10:06:00+00:00,2021-12-30 10:23:00+00:00,2021-12-30 10:19:00+00:00,2021-12-30 10:27:00+00:00,2.378391042909819,0.9999999999989907,0.472727272727192,0.7090909090909898,0.0004476019338505636,240.0,0.0,1.1053575866593661,1
2021-12-30 12:08:00+00:00,-1,0.0009092412682865092,2.5,1.1334492412682866,DC:1:2021-12-30 12:04:00+00:00,1.13176,1.13314,1.1325,1.1334,2021-12-30 11:47:00+00:00,2021-12-30 12:03:00+00:00,2021-12-30 12:04:00+00:00,2021-12-30 12:05:00+00:00,2021-12-30 12:05:00+00:00,2021-12-30 12:08:00+00:00,2.7511475637240883,0.4893617021264349,0.4637681159420313,0.6521739130434363,0.0004924126828674428,180.0,1.0,1.8465025372453219,1
2021-12-30 14:49:00+00:00,-1,0.0007354075578014374,2.5,1.1333254075578014,DC:1:2021-12-30 14:36:00+00:00,1.13081,1.13314,1.1322299999999998,1.13327,2021-12-30 14:17:00+00:00,2021-12-30 14:35:00+00:00,2021-12-30 14:37:00+00:00,2021-12-30 14:47:00+00:00,2021-12-30 14:45:00+00:00,2021-12-30 14:49:00+00:00,3.8887927237767395,0.492600422834228,0.39055793991425347,0.4463519313305482,0.000554075578013271,120.0,0.0,1.3272693960603028,1
2021-12-30 17:36:00+00:00,1,0.0007948434134852356,2.5,1.1309351565865147,DC:-1:2021-12-30 17:20:00+00:00,1.13276,1.13124,1.13199,1.131,2021-12-30 17:10:00+00:00,2021-12-30 17:19:00+00:00,2021-12-30 17:20:00+00:00,2021-12-30 17:25:00+00:00,2021-12-30 17:21:00+00:00,2021-12-30 17:36:00+00:00,2.3072734217032638,0.8539325842644755,0.49342105263160874,0.6513157894737294,0.0006484341348532773,660.0,0.0,1.2257889749513058,-1
2021-12-31 05:16:00+00:00,-1,0.0001820093460880301,2.5,1.132172009346088,DC:1:2021-12-31 05:10:00+00:00,1.1317,1.13203,1.13189,1.13216,2021-12-31 05:06:00+00:00,2021-12-31 05:09:00+00:00,2021-12-31 05:10:00+00:00,2021-12-31 05:15:00+00:00,2021-12-31 05:11:00+00:00,2021-12-31 05:16:00+00:00,3.172661975162023,1.0000000000060558,0.4242424242423019,0.81818181818139,0.00012009346087959885,60.0,1.0,1.515564167731878,1
2021-12-31 11:27:00+00:00,-1,0.00033680980624439805,2.5,1.1334268098062443,DC:1:2021-12-31 11:18:00+00:00,1.13191,1.13331,1.133,1.1334,2021-12-31 10:53:00+00:00,2021-12-31 11:17:00+00:00,2021-12-31 11:18:00+00:00,2021-12-31 11:25:00+00:00,2021-12-31 11:20:00+00:00,2021-12-31 11:27:00+00:00,5.439017637355522,0.47945205479402786,0.22142857142858388,0.2857142857142404,0.00026809806244450175,120.0,1.0,1.2562933248132673,1
2021-12-31 12:13:00+00:00,1,0.0005692914828148155,2.5,1.1311507085171852,DC:-1:2021-12-31 12:03:00+00:00,1.13229,1.1314,1.13174,1.13118,2021-12-31 11:56:00+00:00,2021-12-31 12:02:00+00:00,2021-12-31 12:07:00+00:00,2021-12-31 12:09:00+00:00,2021-12-31 12:09:00+00:00,2021-12-31 12:13:00+00:00,3.160373870916364,0.7478991596676664,0.38202247191009553,0.6292134831459076,0.00029291482814899255,240.0,1.0,1.943539309403765,-1
2021-12-31 13:06:00+00:00,1,0.00034431373419030464,2.5,1.1325156862658097,DC:-1:2021-12-31 12:57:00+00:00,1.13344,1.1327,1.13294,1.13254,2021-12-31 12:49:00+00:00,2021-12-31 12:54:00+00:00,2021-12-31 12:57:00+00:00,2021-12-31 13:00:00+00:00,2021-12-31 12:58:00+00:00,2021-12-31 13:06:00+00:00,3.1941225992923514,1.000000000009002,0.32432432432436487,0.5405405405405082,0.00024313734190476067,360.0,1.0,1.4161285613016852,-1
2021-12-31 14:05:00+00:00,-1,0.0005044829072644585,2.5,1.1352744829072645,DC:1:2021-12-31 14:00:00+00:00,1.13327,1.13518,1.1347,1.13524,2021-12-31 13:45:00+00:00,2021-12-31 13:55:00+00:00,2021-12-31 14:00:00+00:00,2021-12-31 14:02:00+00:00,2021-12-31 14:02:00+00:00,2021-12-31 14:05:00+00:00,7.000662115101111,0.7991631799145307,0.25130890052356875,0.28272251308898577,0.0003448290726454316,180.0,1.0,1.4629941245794842,1
2021-12-31 14:43:00+00:00,-1,0.0004790869561124289,2.5,1.1351290869561124,DC:1:2021-12-31 14:32:00+00:00,1.13391,1.13508,1.1345,1.1351,2021-12-31 14:24:00+00:00,2021-12-31 14:31:00+00:00,2021-12-31 14:40:00+00:00,2021-12-31 14:42:00+00:00,2021-12-31 14:41:00+00:00,2021-12-31 14:43:00+00:00,3.590049839139259,1.0000000000045548,0.49572649572646815,0.5128205128204057,0.0002908695611237844,60.0,0.0,1.647085223567087,1
2021-12-31 15:47:00+00:00,-1,0.0003736932711453367,2.5,1.1371136932711454,DC:1:2021-12-31 15:37:00+00:00,1.13401,1.13687,1.13619,1.13708,2021-12-31 15:08:00+00:00,2021-12-31 15:34:00+00:00,2021-12-31 15:40:00+00:00,2021-12-31 15:45:00+00:00,2021-12-31 15:41:00+00:00,2021-12-31 15:47:00+00:00,8.471558303457014,0.6163793103445834,0.2377622377622356,0.311188811188822,0.0003369327114540236,120.0,0.0,1.1091035641290925,1
2021-12-31 15:52:00+00:00,1,0.0004703332995839027,2.5,1.1354896667004162,DC:-1:2021-12-31 15:49:00+00:00,1.13708,1.1358700000000002,1.13626,1.13553,2021-12-31 15:45:00+00:00,2021-12-31 15:48:00+00:00,2021-12-31 15:49:00+00:00,2021-12-31 15:51:00+00:00,2021-12-31 15:50:00+00:00,2021-12-31 15:52:00+00:00,3.521244149525098,1.0000000000055052,0.32231404958670407,0.6033057851240989,0.0004033329958378141,60.0,1.0,1.1661165945694916,-1
2021-12-31 16:24:00+00:00,-1,0.0007243904924538747,2.5,1.137524390492454,DC:1:2021-12-31 16:11:00+00:00,1.13579,1.13697,1.13639,1.13747,2021-12-31 16:06:00+00:00,2021-12-31 16:09:00+00:00,2021-12-31 16:11:00+00:00,2021-12-31 16:18:00+00:00,2021-12-31 16:14:00+00:00,2021-12-31 16:24:00+00:00,2.134389701539644,1.0000000000016935,0.49152542372885183,0.9152542372881419,0.0005439049245383077,360.0,1.0,1.3318329358182805,1
